0,1,2,3,4,5,6,7,8,9,10,11,12,13,14,15,16,17,18,19,20,21,22,23,24,25,26,27,28,29,30,31,32,33,34,35,36,37,38,39,40,41,42,43,44,45,46,47,48,49,50,51,52,53,54,55,56,57,58,59,60,61,62,63,64,65,66,67,68,69,70,71,72,73,74,75,76,77,78,79,80,81,82,83,84,85,86,87,88,89,90,91,92,93,94,95,96,97,98,99
17,8,2,0,3,4,1,2,1,0,2,0,1,1,0,0,0,0,0,0,0,0,0,0,0,0,0,0,0,0,0,0,0,0,0,0,0,0,0,0,0,0,0,0,0,0,0,0,0,0,0,0,0,0,0,0,0,1,0,0,0,0,0,0,0,0,0,0,0,0,0,0,0,0,0,1,0,0,0,0,0,0,0,0,0,0,0,0,0,0,0,0,0,0,0,0,0,0,0,1
1,0,0,0,0,0,0,0,0,0,0,0,0,0,0,0,0,0,0,0,0,0,0,0,0,0,0,0,0,0,0,0,0,0,0,0,0,0,0,0,0,0,0,0,0,0,0,0,0,0,0,0,0,0,0,0,0,0,0,0,0,0,0,0,0,0,0,0,0,0,0,0,0,0,0,0,0,0,0,0,0,0,0,0,0,0,0,0,0,0,0,0,0,0,0,0,0,0,0,1
463,93,58,18,16,5,3,2,1,3,0,1,4,0,0,0,0,0,0,2,0,0,0,0,0,0,0,0,0,0,0,1,1,0,1,0,0,0,0,0,0,0,0,0,0,0,0,0,0,0,0,1,0,0,0,1,1,0,0,1,0,0,0,1,1,1,0,0,0,1,0,0,1,0,0,0,0,0,0,0,0,0,0,0,1,0,1,1,0,0,0,1,0,0,0,0,0,0,0,1
9,0,0,0,1,0,3,1,2,2,5,8,2,7,6,3,0,2,2,2,2,0,4,2,2,2,5,0,0,1,1,2,2,2,0,2,2,1,2,2,0,0,2,0,2,1,1,0,1,1,1,1,0,1,1,0,0,3,1,0,1,0,0,0,1,0,1,3,1,2,1,1,1,0,1,1,0,0,0,2,0,2,2,0,0,1,0,0,1,1,2,2,1,0,0,0,1,0,1,1
1,0,0,0,0,0,0,0,0,0,0,0,1,0,0,1,0,0,0,0,0,0,0,0,0,0,0,0,0,0,0,0,0,0,0,0,0,0,0,1,1,0,1,0,0,0,0,2,0,0,0,0,0,0,0,0,0,0,0,0,0,1,1,0,1,0,0,0,0,0,0,0,1,0,0,0,0,0,0,1,0,0,0,0,0,0,0,0,0,0,0,0,1,1,1,0,0,0,0,1
86,57,44,39,42,24,32,25,19,17,16,9,11,2,11,7,5,4,5,1,5,4,3,4,1,5,1,1,1,0,2,1,2,3,4,1,1,2,0,1,3,1,5,1,2,0,0,0,0,2,0,2,1,0,0,2,1,0,0,0,2,4,0,1,2,0,1,3,0,2,1,0,0,1,0,3,2,0,1,0,2,0,0,2,0,0,0,1,0,5,1,0,1,0,1,1,2,1,3,2
1,1,0,0,0,0,0,0,0,0,0,0,1,0,0,0,1,0,0,0,0,0,0,0,0,0,0,0,0,0,0,0,0,0,0,0,1,0,0,0,0,0,0,0,0,0,0,0,0,0,0,0,0,0,1,0,0,0,0,0,0,2,0,0,0,0,0,0,0,0,0,0,0,0,0,0,0,0,0,0,0,0,0,0,0,0,0,0,0,0,0,1,0,0,0,0,0,0,0,1
634,78,9,6,2,3,5,2,0,2,2,1,4,1,0,0,2,3,0,0,2,1,0,2,3,2,2,2,3,2,1,5,5,5,4,5,5,4,4,4,6,6,2,7,6,8,3,13,6,8,3,7,9,8,6,7,8,6,5,7,10,7,2,3,6,5,6,6,3,3,0,3,5,4,7,3,1,0,3,5,7,5,2,4,3,3,2,0,2,3,2,0,2,1,1,3,1,4,2,3
177,167,88,71,61,51,66,43,44,31,26,31,26,19,19,10,22,16,14,9,12,13,13,7,9,10,10,8,12,6,4,7,12,5,7,3,10,7,4,4,5,7,2,4,4,5,3,5,7,3,3,2,3,4,3,2,0,6,1,3,5,2,5,0,1,2,1,5,1,1,2,1,4,2,0,1,1,0,1,1,0,0,0,1,0,1,0,0,0,0,1,0,0,0,0,0,0,1,0,4
13,6,8,10,8,5,8,8,7,3,3,6,13,4,3,4,1,1,1,5,2,3,3,2,3,2,2,1,2,1,3,1,0,3,0,2,2,0,2,2,2,0,0,0,4,1,1,2,3,2,4,2,1,0,0,3,0,0,2,0,1,1,1,2,0,2,0,2,3,2,2,1,1,1,0,2,1,1,1,0,1,2,1,1,0,0,3,0,1,1,3,0,1,0,1,2,1,0,0,1
2,5,3,10,7,8,6,2,4,6,7,0,6,5,3,1,9,4,4,1,6,3,6,4,5,3,2,1,1,2,0,3,0,4,0,2,4,4,4,4,2,2,2,2,4,1,5,3,2,3,6,2,2,3,1,2,2,0,2,2,1,0,3,2,2,3,5,2,3,1,3,0,0,2,5,1,1,1,4,3,2,1,1,3,2,1,2,3,3,2,1,0,1,2,3,2,1,1,2,3
5,8,13,24,14,12,17,13,15,11,12,5,9,7,7,7,9,8,12,6,7,4,7,3,5,4,6,3,8,0,4,4,4,1,2,1,2,0,0,2,0,1,1,0,1,2,0,2,0,0,1,0,1,0,0,0,0,0,0,0,0,0,0,0,0,0,0,0,0,0,0,0,0,0,0,0,0,0,0,0,0,0,0,0,0,0,0,0,0,0,0,0,0,0,0,0,0,0,0,1
107,28,13,15,15,17,18,24,23,20,25,20,12,12,18,8,10,6,7,7,8,3,5,6,4,7,5,6,8,5,3,8,3,5,5,3,8,1,10,7,4,2,2,1,3,4,2,3,2,4,1,5,2,0,3,5,1,8,1,1,2,0,2,1,0,1,1,2,1,1,1,1,0,0,0,1,1,0,1,1,0,1,0,3,0,0,0,0,0,2,0,0,0,1,0,1,1,1,1,1
173,22,11,16,11,16,17,26,32,25,27,19,16,13,20,8,13,6,6,9,11,3,7,7,4,8,6,8,10,5,3,7,5,4,3,3,7,3,9,9,2,3,2,1,4,4,2,3,2,4,0,4,1,1,2,3,1,6,1,1,4,1,2,2,0,1,1,2,1,2,1,0,0,0,0,2,2,0,1,1,1,1,0,1,0,1,0,1,0,2,0,0,0,0,0,0,1,1,1,3
3,0,1,0,1,1,5,1,2,0,1,1,1,4,3,1,0,2,0,2,6,0,3,2,2,3,1,1,1,2,6,1,2,1,0,0,5,1,1,3,0,1,1,1,1,0,2,1,1,1,1,1,3,0,0,1,0,2,3,1,0,0,0,0,1,2,5,1,0,1,2,0,1,0,3,0,0,1,0,0,1,0,2,0,1,1,0,0,0,1,0,0,1,0,0,0,1,2,0,1
496,91,52,18,8,3,4,1,0,2,0,1,1,0,0,0,0,0,0,1,0,0,0,0,0,0,0,0,0,0,0,0,0,0,0,0,0,0,0,0,0,0,0,0,0,0,0,0,0,0,0,0,0,0,0,0,0,0,0,0,0,0,0,0,1,0,0,0,0,0,0,0,0,0,0,0,0,0,0,0,0,0,0,0,0,0,0,0,0,0,0,0,0,0,0,0,0,0,0,1
80,11,9,7,5,5,10,9,6,2,3,2,1,1,1,4,3,1,0,0,2,1,0,1,0,0,1,0,0,0,0,0,1,0,0,0,0,1,0,0,0,0,0,1,0,2,0,0,0,0,1,1,0,0,1,0,0,0,1,0,1,0,0,0,0,0,0,0,1,0,1,0,2,1,1,0,1,0,0,0,1,0,0,1,0,0,2,1,2,0,0,1,1,1,1,1,0,4,0,1
19,1,0,0,2,2,2,6,8,10,13,15,15,13,6,11,10,10,8,4,10,5,6,8,4,5,4,7,6,6,5,5,2,3,3,4,3,3,5,4,1,1,2,5,3,3,4,2,1,3,1,2,0,3,3,0,1,2,3,1,2,2,0,1,1,0,2,0,2,2,1,2,1,0,1,0,3,1,0,2,1,0,1,3,0,1,0,2,1,0,2,0,0,0,0,0,1,0,1,1
3,0,0,2,0,0,0,1,1,1,0,1,0,0,0,1,1,0,0,0,0,0,0,0,0,0,0,0,0,0,0,0,0,0,0,0,0,0,1,0,0,0,0,0,0,0,0,0,1,0,0,1,0,1,0,0,2,0,0,0,2,0,1,0,0,0,0,2,0,1,1,0,0,1,0,0,0,0,0,0,1,1,1,0,1,0,1,0,0,1,0,1,0,0,0,2,0,0,1,1
25,284,383,201,135,82,59,58,48,22,25,28,17,9,20,13,12,11,18,17,16,18,16,21,25,27,19,22,33,36,28,22,27,27,15,28,17,25,21,14,11,16,10,10,8,8,8,4,3,4,4,4,4,3,2,3,1,1,2,1,1,1,0,0,1,0,0,2,0,1,1,0,0,0,0,2,0,0,1,2,0,0,0,0,0,1,0,0,0,0,1,0,0,0,0,0,0,0,0,1
430,417,362,319,277,250,215,210,185,171,165,142,133,102,116,87,96,76,64,47,62,63,37,46,37,39,39,21,32,28,33,16,19,20,12,14,16,17,12,10,8,6,3,5,8,7,2,5,5,4,1,2,1,3,4,1,1,1,0,2,2,2,0,0,0,0,1,0,0,0,0,0,1,0,1,1,1,0,0,0,0,0,0,0,0,0,0,0,0,0,0,0,0,0,0,0,0,0,0,1
20,3,0,0,1,2,2,5,9,9,13,11,18,13,7,12,6,14,7,4,9,5,8,9,4,4,4,8,4,5,8,4,2,4,3,1,6,3,3,5,1,2,1,5,4,3,3,3,1,3,1,2,1,2,4,0,1,2,3,1,1,3,0,1,1,0,2,0,2,2,1,2,1,0,1,0,3,1,0,2,1,0,1,3,0,1,0,2,1,0,2,0,0,0,0,0,1,0,1,1
23,7,4,12,46,70,50,50,28,21,28,21,12,7,6,4,0,3,4,3,3,1,0,0,1,1,2,0,1,0,0,0,1,0,0,0,0,0,0,0,0,0,0,0,1,0,0,0,1,1,0,0,0,0,0,0,0,0,0,0,1,0,0,0,0,0,0,0,0,1,1,0,0,0,0,0,1,0,0,0,0,0,0,0,1,0,1,0,0,2,0,0,0,0,0,0,0,0,1,2
204,14,20,21,24,17,14,15,9,7,4,1,2,1,1,1,1,2,0,1,1,1,0,0,3,1,0,1,2,1,0,0,0,0,0,0,0,0,0,0,1,0,1,0,1,0,3,0,1,4,2,0,1,6,3,1,4,2,3,4,5,2,3,3,3,2,2,1,2,0,2,4,3,2,4,3,2,3,2,1,2,2,1,0,1,0,1,4,1,4,0,2,2,3,1,1,1,0,0,1
18,11,14,5,5,2,4,2,1,8,5,5,9,8,7,5,5,1,3,6,1,4,4,3,3,1,2,3,8,2,2,0,1,4,0,2,2,1,1,2,0,1,0,0,0,2,0,1,0,1,1,0,1,0,0,0,0,1,1,0,0,2,1,1,0,0,0,1,2,0,0,1,1,0,0,0,0,0,1,0,0,0,0,0,1,0,0,0,0,0,1,2,2,0,1,0,0,0,2,2
1,0,0,1,0,0,0,0,0,0,0,0,0,0,0,0,1,0,0,0,0,0,0,0,0,0,0,0,0,0,0,0,1,0,0,0,0,0,0,0,0,0,0,0,0,0,0,0,0,0,0,0,0,0,0,0,0,0,0,0,0,0,0,0,0,0,0,0,0,0,0,0,0,0,0,0,0,0,0,0,0,0,0,0,0,0,0,0,0,0,0,0,0,0,0,0,0,0,0,1
96,27,14,13,24,25,32,20,21,13,6,7,6,9,4,4,6,1,4,1,1,3,0,1,0,1,1,2,1,2,3,2,5,0,1,0,1,1,1,3,0,3,0,0,3,3,1,1,0,0,0,0,2,0,0,0,0,0,0,2,2,2,1,1,0,1,0,0,1,1,0,0,1,1,0,0,1,0,0,0,0,0,1,0,0,0,0,2,0,0,1,0,2,2,1,1,0,0,1,1
455,359,388,362,363,314,251,230,224,194,196,202,150,141,146,118,132,103,101,89,89,53,71,57,57,53,42,37,47,32,28,34,33,22,26,23,24,15,11,18,17,17,10,7,11,3,7,6,4,4,6,7,8,2,8,5,4,3,5,2,2,6,3,2,1,0,0,3,0,1,0,0,0,2,0,1,1,2,1,0,1,0,0,0,0,1,0,1,1,0,0,0,0,0,1,0,0,0,0,1
1,3,2,2,0,0,0,1,0,1,0,0,0,0,0,0,0,0,0,1,0,0,0,0,0,0,0,0,0,0,0,0,0,0,0,0,0,0,0,0,0,0,0,0,0,0,0,0,0,0,0,0,0,0,0,0,0,0,1,0,0,0,0,1,0,0,0,1,0,0,0,0,0,0,0,0,0,0,0,0,0,0,0,0,1,0,0,0,0,0,0,0,0,0,0,0,0,0,0,1
74,18,7,10,16,26,31,48,55,56,72,49,48,42,37,30,25,22,17,11,21,12,8,11,14,9,13,9,11,7,13,4,5,4,8,3,2,2,6,5,1,5,7,1,0,4,0,5,3,1,0,1,3,2,1,0,1,2,1,0,0,0,0,2,0,2,0,4,0,1,1,0,0,0,0,0,1,1,0,3,0,1,1,1,0,0,0,1,0,0,1,0,2,0,0,0,0,0,0,1
77,24,19,16,11,18,23,28,25,26,30,40,32,20,26,20,25,25,19,20,16,12,23,16,11,13,9,18,7,10,12,16,12,7,7,7,6,14,9,7,3,6,5,6,3,6,5,2,3,5,6,3,3,5,2,1,3,2,2,3,3,4,5,3,0,4,2,1,4,2,1,3,0,1,1,1,0,0,0,2,0,0,1,0,1,2,0,0,2,0,0,1,2,0,0,1,1,0,0,1
144,32,14,6,9,4,4,4,8,1,1,5,4,0,0,1,3,5,1,1,2,1,1,0,1,0,2,2,0,1,0,0,0,0,0,1,0,0,0,0,1,0,0,0,0,0,0,0,0,0,0,0,0,0,0,0,0,0,0,1,0,0,0,0,0,0,1,0,0,0,0,0,0,1,1,1,0,1,0,0,0,0,0,1,0,1,0,0,0,0,0,0,0,0,0,0,0,0,0,2
181,60,37,46,43,59,39,35,28,30,13,16,15,6,3,10,9,5,7,6,9,2,2,3,6,2,1,3,5,3,4,5,4,3,1,1,2,3,2,0,0,1,4,1,0,0,2,2,1,2,0,3,1,1,0,0,1,3,0,1,1,0,1,2,0,1,3,3,0,0,3,0,0,2,0,0,1,1,0,1,2,2,2,1,0,0,0,0,0,0,2,0,3,1,0,0,0,0,1,2
9,1312,773,607,409,289,181,167,106,90,70,45,39,27,23,36,27,11,26,20,17,12,12,13,7,11,7,9,7,7,10,7,5,6,8,8,7,10,13,7,6,11,10,13,13,18,17,29,19,15,27,25,34,25,41,59,37,50,49,55,56,54,44,65,65,68,64,59,60,51,51,55,48,49,33,37,32,25,28,23,16,17,10,7,8,4,3,3,3,1,1,1,0,0,0,2,0,0,0,2
8,5,6,9,20,27,39,42,56,55,47,43,55,51,41,64,55,44,50,65,58,55,49,47,53,54,32,62,50,53,50,46,62,59,65,58,48,52,58,68,47,55,49,44,38,48,39,40,41,25,39,42,28,31,19,23,16,12,13,15,10,16,14,7,9,14,7,8,8,6,3,2,3,3,4,3,2,4,0,1,1,0,0,1,0,0,0,1,1,0,0,1,0,0,0,1,1,0,1,1
20,10,11,5,6,1,6,2,1,10,5,7,9,8,7,6,7,1,3,7,2,4,4,2,4,0,3,3,6,2,2,0,1,4,1,2,4,1,1,2,1,1,1,0,1,2,0,1,0,1,2,0,1,0,0,0,0,3,1,0,0,1,1,0,0,0,2,2,1,0,0,1,0,0,0,1,0,0,1,1,0,0,1,1,1,0,0,0,1,0,1,1,2,1,0,0,1,0,2,2
8,2,383,664,32,10,7,1,5,4,5,5,4,4,4,0,1,1,4,2,3,0,3,2,2,5,1,0,3,1,4,4,2,6,3,6,2,8,0,4,3,4,9,6,8,9,13,15,11,19,15,17,15,16,20,18,21,28,34,38,33,29,43,43,61,40,43,39,48,42,24,28,27,21,18,12,17,14,11,15,7,6,7,4,1,1,5,2,1,1,1,1,1,0,0,0,1,0,1,2
86,15,9,14,14,15,20,23,30,27,26,18,17,20,15,10,10,6,10,9,8,4,6,6,6,9,8,6,11,4,4,6,4,3,5,2,8,3,9,7,3,4,1,2,4,4,3,1,2,4,1,3,1,0,4,1,2,5,1,1,3,2,2,1,0,1,3,1,0,1,1,0,0,0,0,3,1,1,0,2,0,1,1,0,0,1,0,0,0,2,0,0,0,0,0,0,1,1,1,3
193,154,77,46,36,33,30,30,18,20,16,24,24,17,17,15,8,19,17,15,12,17,10,17,6,14,14,11,13,8,9,5,10,12,12,14,8,9,7,12,9,9,4,6,4,6,5,7,6,9,3,9,6,11,5,9,6,3,4,3,3,8,2,2,5,5,0,1,4,0,1,3,4,1,1,3,3,0,2,4,0,1,1,0,2,2,0,1,0,0,0,0,0,0,0,0,0,1,0,1
84,11,12,3,1,1,1,1,1,2,2,1,0,1,0,0,0,0,1,0,0,0,0,0,0,0,0,0,0,1,0,1,0,0,1,0,0,0,0,0,0,0,0,1,0,1,0,0,0,1,1,0,0,0,0,0,0,0,0,0,0,1,1,0,0,0,0,1,0,0,0,0,0,0,1,2,2,1,1,2,1,0,0,2,0,1,0,1,1,1,0,0,0,0,0,0,0,0,0,1
237,89,32,26,32,27,26,36,28,27,29,38,38,34,26,18,28,23,20,27,20,22,23,15,13,17,21,22,21,15,15,23,15,19,17,8,10,3,14,7,7,8,8,4,5,8,8,11,3,6,3,5,4,3,7,2,3,2,0,5,0,1,1,4,2,3,2,3,2,1,2,1,4,2,0,1,1,2,1,0,1,1,1,0,0,1,2,1,0,0,2,0,1,0,0,0,0,0,0,1
15,13,13,7,6,7,6,8,5,9,5,4,5,5,3,3,5,1,0,3,2,2,2,3,0,1,1,1,1,0,1,0,0,1,0,1,0,0,3,0,0,1,1,2,3,1,0,2,0,0,1,0,1,2,0,0,3,2,2,1,0,2,0,0,1,2,0,1,3,1,1,1,0,2,3,0,0,1,0,2,0,0,1,0,1,3,2,1,1,2,0,1,1,0,0,0,1,1,0,3
1,0,0,1,6,11,21,19,20,26,27,34,17,20,18,12,16,11,11,2,12,6,4,5,5,4,1,1,4,0,2,3,3,1,2,2,0,0,0,3,0,0,2,2,1,0,1,0,1,3,1,0,0,0,0,0,1,0,0,0,1,0,0,1,0,0,0,1,0,0,1,0,0,0,0,0,0,0,0,0,0,0,0,0,0,0,0,0,1,0,0,0,0,0,0,0,0,0,0,1
47,27,21,30,29,43,35,40,31,46,38,36,34,34,34,29,23,15,22,22,14,19,17,22,20,11,7,18,13,12,13,14,16,10,15,14,10,17,5,11,8,16,11,11,14,12,12,6,10,11,14,9,7,5,12,10,11,11,7,3,12,5,11,9,3,5,3,2,7,5,2,6,3,2,1,1,2,0,1,0,0,0,1,0,0,1,0,1,0,0,0,0,0,0,1,0,0,0,0,1
1,3,2,2,2,3,2,3,1,2,1,2,0,0,5,1,1,1,1,2,0,1,0,0,1,1,0,1,2,1,0,3,0,0,0,0,0,0,0,1,1,1,0,0,1,0,0,1,0,1,0,0,0,0,0,0,2,1,0,0,1,0,0,0,0,0,0,1,0,0,0,1,0,0,0,0,0,0,0,0,0,1,0,0,0,0,0,0,0,0,0,0,0,0,0,0,0,0,0,1
17,6,4,2,5,14,16,19,19,30,14,12,14,5,7,11,4,5,5,5,3,3,4,3,2,2,1,0,2,2,0,4,1,1,0,1,0,1,0,2,2,0,3,1,0,1,0,0,1,0,2,0,0,0,0,0,0,3,0,1,0,0,1,0,0,1,0,0,1,1,1,0,1,0,0,0,0,0,0,0,0,1,0,0,0,0,0,0,0,0,0,0,0,0,0,0,2,0,0,1
24,27,21,13,12,11,4,9,9,21,33,43,67,90,125,134,144,152,155,169,151,154,137,113,84,78,77,64,49,30,26,21,17,31,17,24,25,21,21,12,13,20,18,19,10,11,8,10,5,5,9,4,4,2,5,5,2,2,6,5,2,2,0,0,0,3,2,0,0,1,1,0,0,0,1,0,0,1,0,0,0,1,2,0,0,0,0,1,0,0,0,0,1,0,0,0,0,0,0,1
71,20,10,5,3,0,1,1,0,0,0,0,0,0,0,0,0,0,0,0,0,0,0,0,0,0,0,2,1,0,0,0,0,1,0,2,1,1,0,1,1,2,3,1,0,2,2,3,2,1,1,1,1,0,4,2,3,3,4,3,4,3,5,5,3,4,2,5,4,1,1,3,1,3,3,2,1,2,2,1,4,0,4,3,2,2,1,3,1,0,5,1,1,1,2,3,0,0,2,2
17,6,4,1,5,14,18,17,22,27,15,13,12,6,6,12,3,5,5,5,3,3,4,3,2,2,1,0,2,2,0,4,1,1,0,1,0,1,0,2,2,0,4,0,0,1,0,0,1,0,2,0,0,0,0,0,0,3,0,1,0,0,1,0,0,1,0,0,1,1,1,0,1,0,0,0,0,0,0,0,0,1,0,0,0,0,0,0,0,0,0,0,0,0,0,0,2,0,0,1
378,334,105,54,43,23,23,18,18,23,19,26,15,26,18,16,21,29,26,18,13,30,28,15,20,27,18,22,18,22,16,21,21,16,14,14,17,10,12,8,2,5,5,5,2,4,3,4,5,3,2,1,3,0,3,1,2,0,1,0,2,0,3,1,0,0,2,2,2,1,0,0,2,1,1,0,1,1,2,1,1,1,0,1,0,0,0,0,1,0,0,0,0,0,3,0,0,0,0,2
183,107,88,116,129,167,121,133,110,72,66,59,50,46,38,37,31,24,28,27,21,23,14,18,17,23,15,15,9,18,19,18,15,22,21,13,12,16,16,7,11,12,9,11,7,9,8,4,10,7,5,4,5,5,0,7,0,3,5,1,0,2,5,2,1,0,5,2,1,1,1,0,2,1,0,0,0,0,1,0,0,1,0,0,0,1,0,0,0,0,0,0,0,0,0,0,0,0,0,1
732,132,60,40,73,99,157,177,148,124,80,58,56,26,20,18,11,17,5,10,6,10,1,7,7,7,6,3,9,4,5,2,5,2,8,4,2,4,0,3,2,1,3,2,2,2,2,0,0,1,1,2,0,0,0,0,1,0,0,1,2,2,0,0,1,0,0,0,0,0,0,0,1,0,0,0,0,0,0,0,0,0,0,0,1,0,1,0,0,1,2,0,0,1,0,0,0,1,1,1
12,5,1,2,2,0,1,1,1,0,2,0,0,1,0,0,0,1,2,0,0,0,0,1,0,0,0,0,0,0,0,0,0,0,0,0,1,0,0,1,0,0,0,0,0,0,0,0,0,0,1,0,0,0,0,0,0,1,0,0,0,0,0,0,0,0,0,0,0,0,0,0,0,0,1,0,0,0,0,0,0,0,0,0,1,0,0,0,0,0,0,0,0,0,0,0,0,0,0,1
36,8,3,6,5,7,13,15,17,9,11,11,6,2,10,7,1,1,8,7,4,2,2,5,5,5,3,2,6,2,3,4,1,6,3,1,6,5,1,6,2,2,1,1,3,6,4,2,2,5,2,4,1,2,1,2,3,5,3,1,2,2,2,1,0,2,3,0,0,1,0,1,1,1,0,3,0,1,1,2,0,1,1,1,1,0,0,0,0,1,1,0,0,0,1,0,0,0,0,1
25,3,1,1,3,6,9,4,9,10,11,4,9,8,9,5,2,2,8,1,4,3,2,1,2,3,3,2,1,4,6,2,2,1,1,2,1,2,4,3,1,1,2,2,1,0,0,4,2,3,1,4,1,0,0,1,1,0,0,2,0,2,2,0,1,0,0,1,1,0,0,0,1,0,0,0,1,0,0,0,0,0,1,2,1,0,2,0,0,1,0,0,1,1,1,0,0,2,1,3
227,227,212,190,160,128,88,94,78,69,60,57,41,44,42,31,33,33,19,18,13,19,18,13,6,10,11,14,8,10,6,3,7,7,6,1,6,5,6,5,1,3,5,2,1,3,6,2,5,2,2,2,2,2,3,0,0,1,1,3,0,0,1,4,0,1,0,1,1,1,2,1,0,1,0,0,1,0,0,2,2,1,0,0,0,0,0,0,0,0,0,2,0,0,1,0,0,0,0,1
616,512,418,332,292,245,192,157,117,107,64,58,61,45,30,38,24,33,21,25,14,8,14,9,9,16,12,6,10,10,11,9,1,3,7,6,7,3,0,0,6,4,4,1,3,1,3,1,2,3,1,2,1,2,0,0,0,0,0,0,1,0,0,1,0,0,1,0,0,1,0,0,0,0,0,0,0,0,0,1,0,0,1,0,0,0,0,0,0,0,1,0,1,0,0,0,0,0,0,1
161,31,11,34,59,85,67,41,32,18,26,11,12,4,5,3,2,1,3,1,3,2,1,0,2,1,1,3,0,0,0,2,1,1,0,0,0,1,0,0,0,0,0,0,1,0,0,0,0,2,1,0,0,0,0,1,0,0,0,2,0,0,0,0,1,0,0,0,1,0,1,0,0,0,0,1,0,0,0,0,0,1,0,0,1,1,1,0,1,1,2,0,0,0,0,0,0,0,2,3
632,403,181,86,42,19,7,4,5,0,0,0,0,0,0,0,0,0,0,1,1,1,3,1,1,2,2,4,3,2,5,3,5,3,7,2,5,1,3,3,4,2,3,12,4,7,7,6,5,3,5,2,4,4,8,10,4,10,5,1,6,3,5,5,3,5,6,6,5,4,2,2,3,0,7,5,3,1,3,3,2,2,4,1,2,2,4,0,1,1,2,0,0,4,0,1,3,1,1,2
176,209,160,72,28,25,3,4,0,1,3,2,1,2,3,2,3,1,1,1,0,4,2,1,4,3,1,4,1,3,2,4,1,0,2,3,4,6,4,3,1,1,3,1,5,4,2,4,4,5,3,5,4,1,3,2,2,4,6,2,4,3,3,3,7,2,5,4,1,5,2,5,6,3,5,4,1,4,4,6,6,3,3,2,2,2,3,3,2,0,0,3,1,3,1,1,3,1,2,1
1,0,0,1,0,0,2,0,0,0,0,1,0,1,2,0,0,0,0,0,0,0,0,2,0,0,0,0,1,1,0,0,0,0,0,1,0,0,0,0,0,0,0,1,0,0,0,0,1,0,0,1,0,1,0,0,0,0,0,0,0,0,2,2,0,0,0,1,0,0,0,0,2,0,0,0,0,0,0,2,0,0,0,0,0,0,0,0,1,0,1,0,0,0,0,1,1,0,1,1
44,28,28,13,9,15,8,6,9,6,7,10,2,6,0,4,4,2,2,1,2,3,1,1,0,2,1,1,1,2,1,0,2,0,2,1,0,4,3,1,1,4,2,2,1,2,0,3,2,1,0,1,0,2,1,2,1,1,1,1,2,2,2,1,1,2,0,2,1,2,0,0,2,1,0,0,1,0,3,0,1,0,2,0,4,0,1,0,0,0,0,0,1,0,0,0,2,0,3,2
22,513,445,249,127,91,69,59,48,34,30,30,28,34,14,23,22,22,12,13,20,13,8,14,6,6,8,6,10,7,6,10,9,4,7,10,12,9,9,10,11,10,8,8,9,8,7,16,11,8,11,16,14,17,13,20,18,15,25,25,13,28,22,25,29,16,16,23,14,11,12,7,19,17,13,8,7,7,9,3,6,5,2,11,2,4,1,2,0,2,3,1,2,1,0,1,0,0,0,1
2,0,12,74,143,123,121,101,88,82,57,66,59,49,45,43,30,23,27,27,19,17,18,21,10,14,10,10,16,23,15,20,12,13,23,20,13,25,21,28,27,25,30,21,35,25,21,24,27,18,20,20,11,17,15,18,15,9,13,13,4,9,4,7,7,2,6,4,3,6,10,3,1,4,2,1,1,4,1,3,0,1,3,0,2,1,0,1,0,1,1,0,1,0,1,0,1,0,0,1
739,44,16,15,17,12,8,13,6,11,6,7,7,4,12,8,6,6,6,6,5,6,7,4,3,5,7,12,6,4,5,6,6,6,9,6,5,7,10,7,6,6,7,7,8,9,8,9,4,8,9,6,7,7,8,11,6,3,9,5,5,8,1,5,2,8,3,6,7,4,3,3,8,4,3,1,1,1,2,1,3,2,1,2,3,0,3,0,2,2,0,1,2,1,2,0,1,1,1,1
303,52,8,10,14,16,7,1,1,5,8,4,4,1,1,5,6,2,3,0,1,3,2,6,2,2,2,2,2,3,2,1,1,0,4,1,1,2,1,4,3,1,4,1,3,1,3,2,1,0,0,2,0,4,0,1,2,0,0,0,0,0,2,2,2,1,3,1,1,1,3,0,1,0,1,1,2,0,2,0,1,3,1,1,0,0,2,3,2,0,3,0,1,1,1,2,0,2,1,2
10,5,3,4,6,4,5,4,3,6,5,3,6,5,3,8,10,13,27,59,138,168,258,349,390,342,370,316,280,207,124,141,71,41,36,21,17,8,3,6,3,2,5,1,7,3,9,13,17,13,13,12,15,16,18,13,9,2,3,5,3,6,0,1,1,2,0,2,0,0,1,2,1,0,0,0,2,0,0,1,0,1,1,0,2,0,0,0,0,0,0,0,0,0,0,0,0,0,0,2
417,70,24,8,7,10,1,3,3,1,4,2,1,4,2,1,3,3,7,6,2,2,5,10,6,3,1,3,6,7,13,4,7,6,4,11,6,8,5,9,4,5,7,3,3,6,1,9,2,10,5,3,6,2,8,7,4,9,6,5,3,2,5,9,5,7,3,5,2,6,5,4,5,6,5,1,2,2,4,8,0,5,0,1,3,2,2,1,6,1,0,1,1,0,0,1,0,4,0,2
5,7,2,6,1,1,1,2,2,1,0,0,2,0,0,1,1,0,0,0,2,0,1,0,0,0,1,0,1,0,1,0,0,0,0,0,0,0,0,0,1,1,0,1,1,0,1,0,0,0,0,0,2,0,0,1,0,0,0,0,0,0,0,0,0,1,0,0,0,0,1,0,0,0,0,2,0,1,0,1,0,1,0,0,1,0,0,0,0,0,0,0,0,0,1,0,0,0,0,2
3233,609,25,3,6,3,4,0,6,3,3,1,3,3,1,4,2,6,4,4,2,2,3,7,6,4,4,2,1,3,2,3,3,4,6,2,3,3,5,2,5,3,5,2,3,8,8,3,6,9,1,11,4,5,6,4,3,4,1,7,5,3,7,4,7,5,4,3,5,5,5,3,4,6,5,4,4,6,3,4,1,2,3,4,5,2,4,4,2,3,1,3,4,2,3,4,1,2,1,3
104,435,358,174,104,72,41,38,26,16,18,14,10,4,4,3,7,8,3,7,4,6,9,9,8,3,6,6,2,3,7,4,2,7,9,2,3,4,5,3,3,3,6,1,4,4,4,6,2,2,5,3,3,3,4,0,3,3,6,2,8,2,5,4,0,5,4,6,5,2,4,2,4,6,1,3,3,1,5,2,0,0,2,4,2,2,1,4,2,0,2,2,1,3,3,2,0,2,1,2
80,32,27,26,14,19,6,9,8,12,8,5,4,7,5,7,6,4,5,1,4,0,1,4,1,2,1,0,1,3,0,1,0,1,0,1,1,1,0,0,0,1,1,0,1,0,3,2,0,0,1,0,0,0,0,0,0,2,1,0,1,1,1,1,1,3,1,2,1,0,0,0,0,1,0,0,0,0,1,0,0,1,0,1,0,0,1,1,0,0,0,0,1,0,0,1,0,0,0,1
119,77,57,45,50,26,26,28,29,25,19,18,19,14,15,19,17,19,18,17,23,17,16,14,10,16,27,22,13,11,13,12,6,12,13,15,11,6,5,10,15,8,11,7,11,8,6,5,5,3,3,7,8,4,4,4,7,6,6,6,3,2,5,3,4,4,3,5,5,4,5,2,2,1,0,2,0,6,4,1,5,4,3,0,2,2,0,1,2,3,1,1,0,0,2,3,0,1,2,1
153,154,90,39,29,18,10,11,3,5,2,0,5,0,0,2,2,1,1,0,2,1,0,3,0,0,2,0,1,2,1,1,1,2,2,2,1,2,0,3,1,0,3,3,0,2,3,1,4,2,1,1,3,1,2,2,2,0,1,3,3,5,1,3,1,3,5,2,3,1,2,3,5,1,3,2,3,3,0,0,4,0,2,4,1,3,1,2,2,1,0,2,2,3,1,2,1,2,0,4
124,82,66,39,24,9,5,3,2,2,1,1,0,1,1,0,0,0,3,13,17,24,20,15,29,17,6,15,8,2,5,6,5,3,0,4,1,5,2,2,0,3,3,2,2,4,1,3,5,2,3,3,3,4,3,4,2,1,1,1,0,0,0,0,0,1,3,3,0,0,2,1,2,0,3,0,1,1,2,0,1,0,0,0,0,0,0,0,1,0,0,2,2,0,1,0,0,0,1,1
144,25,6,6,8,8,9,12,18,15,20,10,10,9,12,6,6,8,6,6,12,7,10,12,3,10,9,7,13,9,14,5,5,11,5,8,9,6,5,8,7,4,7,2,7,5,5,6,4,4,7,1,3,4,2,5,6,2,2,2,3,4,3,4,3,4,6,8,4,4,3,4,8,1,5,3,4,4,1,2,1,4,3,1,1,0,4,1,3,1,1,3,3,2,4,4,3,3,1,2
117,54,16,2,2,3,6,2,1,0,2,0,0,2,0,1,0,1,0,1,2,0,0,0,1,1,0,1,0,0,0,0,1,2,0,1,0,1,0,3,1,0,0,0,0,0,0,3,1,0,1,0,1,1,3,1,1,1,0,1,1,0,1,1,2,0,2,0,3,2,1,0,1,1,0,0,1,1,0,3,0,2,0,3,0,1,0,1,1,1,1,1,1,2,0,0,0,0,0,2
153,273,42,23,14,8,6,6,7,4,7,5,8,4,9,9,7,6,5,6,10,10,8,8,13,8,6,9,5,10,13,15,10,18,16,11,14,10,17,12,11,11,17,9,5,6,11,6,7,14,5,10,5,6,6,4,5,1,10,7,4,7,2,4,3,9,3,3,5,6,3,2,7,4,3,3,1,3,0,6,3,3,2,3,2,3,1,3,2,0,3,0,1,0,1,2,1,0,1,1
96,57,17,10,11,4,3,4,6,4,0,2,3,0,1,2,0,1,4,2,5,3,3,5,2,1,2,1,1,2,4,1,4,2,2,3,2,2,0,0,3,3,1,1,3,1,0,2,2,1,1,3,1,2,3,2,0,3,2,3,4,2,2,2,1,2,1,1,0,1,1,3,2,4,2,0,1,2,3,1,1,1,1,0,1,2,0,0,4,1,1,2,3,2,2,0,2,1,0,3
1,0,0,0,0,0,0,0,0,0,0,0,0,0,0,0,0,0,0,0,0,0,0,0,0,0,0,0,0,0,0,0,0,0,0,0,0,0,0,0,0,0,0,0,0,0,0,0,0,0,0,0,0,0,0,0,0,0,0,0,0,0,0,0,0,0,0,0,1,0,0,0,0,0,0,0,0,0,0,0,0,0,0,0,0,0,0,0,0,0,0,0,0,0,0,0,0,0,0,1
78,323,252,191,135,112,75,79,41,48,26,24,27,15,20,17,17,12,13,8,9,18,10,5,9,9,7,3,10,9,5,9,6,7,9,6,8,9,9,12,9,7,11,5,4,11,4,8,10,6,3,3,4,7,0,6,6,5,2,3,4,4,9,1,1,0,0,1,3,1,1,3,1,3,4,6,5,3,1,2,4,3,3,0,2,0,3,3,1,1,2,1,2,2,1,5,0,1,0,2
848,456,161,79,50,35,12,6,6,9,7,8,7,6,4,11,5,10,12,8,11,9,12,7,5,10,5,8,17,5,15,14,11,13,14,19,8,12,13,12,15,13,10,8,5,8,6,15,10,14,12,12,8,11,12,4,9,7,6,6,11,13,3,8,3,9,5,8,3,4,4,4,1,5,8,4,5,4,1,4,2,1,3,1,2,1,2,0,1,1,3,3,1,2,1,0,0,1,0,1
243,107,39,65,59,35,16,15,5,8,6,4,1,3,1,2,1,3,2,1,1,0,0,0,1,1,1,0,1,0,0,0,0,1,0,0,0,0,0,1,0,0,1,0,1,0,0,1,2,0,0,1,0,0,1,0,1,2,2,0,1,3,0,0,0,0,1,1,1,0,1,0,0,2,0,1,2,0,1,2,2,3,0,1,1,1,0,2,2,2,0,1,1,1,0,0,0,2,1,3
1753,842,91,24,10,7,7,2,1,5,1,2,3,1,4,2,1,1,0,0,3,1,2,0,1,0,1,2,1,1,1,0,0,0,0,0,1,0,1,0,1,0,0,0,2,0,1,2,0,0,0,0,2,1,0,1,0,0,0,1,2,0,1,0,1,1,0,0,0,0,0,1,0,1,0,0,1,0,1,1,1,0,1,1,0,0,0,2,1,0,2,1,1,0,1,0,1,0,0,1
720,319,158,144,117,101,74,68,69,61,43,67,59,45,46,48,28,43,43,28,28,23,30,22,26,16,17,21,19,24,13,10,18,16,15,17,10,9,2,6,4,9,17,5,10,5,8,2,7,6,5,8,3,4,0,6,5,4,5,4,5,2,0,4,1,2,1,3,2,0,2,2,1,0,0,1,2,2,0,1,0,1,1,3,1,0,1,0,0,0,0,0,0,1,1,0,0,0,1,2
255,58,45,28,43,28,20,16,14,16,10,18,11,5,12,4,11,5,7,3,5,4,9,2,4,1,2,1,1,4,3,2,3,2,3,3,3,5,2,3,1,0,2,1,1,0,0,1,1,0,1,1,1,0,2,0,3,0,0,3,0,1,0,0,2,2,0,0,0,1,1,1,2,1,0,1,1,1,1,1,1,3,2,1,0,1,0,1,1,0,0,1,1,0,0,1,0,0,1,1
878,17,1,0,0,0,0,0,0,0,0,0,0,0,0,0,0,0,0,0,0,0,0,1,0,0,0,0,0,0,1,0,1,0,1,0,0,0,2,0,2,0,0,3,2,3,4,2,3,5,2,2,2,3,3,1,5,2,2,1,3,4,5,3,3,5,4,2,2,0,1,3,0,0,1,1,2,3,0,2,0,1,0,1,1,0,1,0,3,1,1,0,1,0,1,1,2,0,0,1
53,20,12,7,7,3,3,4,3,3,1,2,2,5,0,2,1,3,0,2,4,0,3,2,4,4,3,4,3,2,1,2,1,3,2,2,1,3,1,3,3,1,2,2,3,5,2,4,3,2,1,2,2,2,3,2,3,6,3,0,2,2,1,3,1,3,3,5,2,0,2,0,5,4,4,2,2,3,2,2,0,0,0,2,4,3,1,1,3,0,0,1,3,1,2,1,0,0,3,4
847,420,270,194,127,109,94,69,66,32,41,40,34,40,23,23,30,26,31,23,15,19,20,26,16,15,16,18,18,14,16,11,11,10,13,15,9,10,8,6,6,11,9,7,13,1,8,1,8,2,7,4,2,1,3,4,2,3,2,5,2,4,3,3,1,2,6,0,2,3,2,5,4,1,2,2,1,1,1,2,0,4,1,2,1,0,1,1,1,1,2,1,0,0,3,0,0,1,3,2
35,272,277,184,107,81,52,44,37,27,17,15,12,10,8,11,10,16,11,10,10,13,5,6,6,8,12,5,8,5,8,5,10,7,6,5,7,8,7,12,5,5,4,3,8,10,6,9,7,9,4,6,6,2,7,3,3,2,8,3,4,9,4,9,6,4,9,4,5,5,2,8,4,3,5,6,11,3,5,7,4,3,4,3,1,3,4,5,1,3,0,4,3,2,0,0,2,2,2,2
0,0,0,0,0,0,0,0,0,0,0,0,0,0,0,0,0,0,0,0,0,0,0,0,0,0,0,0,0,0,0,0,0,0,0,0,0,0,0,0,0,0,0,0,0,0,0,0,0,0,0,0,0,0,0,0,0,0,0,0,0,0,0,0,0,0,0,0,0,0,0,0,0,0,0,0,0,0,0,0,0,0,0,0,0,0,0,0,0,0,0,0,0,0,0,0,0,0,0,0
478,167,39,20,4,3,0,0,0,1,0,0,2,0,0,0,0,0,1,0,2,1,1,0,0,0,0,0,0,1,0,1,0,0,1,0,0,2,1,0,0,2,0,1,1,0,0,2,0,0,1,1,0,1,1,2,0,0,1,2,2,0,0,2,1,1,2,2,2,0,1,3,1,1,4,2,1,1,3,1,1,1,0,1,1,1,1,3,0,3,0,2,2,0,2,1,2,1,2,1
669,237,78,28,26,12,9,9,13,7,6,9,2,9,12,11,6,2,9,5,7,9,6,7,8,10,3,3,5,5,11,6,4,6,1,9,1,2,3,3,5,3,8,3,2,7,1,3,2,2,6,2,3,2,8,4,3,3,5,5,4,4,3,7,3,5,5,1,1,3,3,2,3,5,3,2,3,1,3,2,4,2,4,5,3,0,6,4,1,2,1,1,5,3,2,0,1,2,1,3
550,357,144,22,7,1,1,0,0,1,0,0,0,0,0,0,0,0,0,0,0,0,0,0,0,0,1,0,0,0,0,0,0,0,0,0,0,1,0,0,1,1,1,3,1,1,1,1,1,1,0,4,1,0,0,3,3,0,0,0,0,1,2,0,0,0,0,0,1,1,1,0,0,1,1,1,0,0,1,0,0,0,0,0,0,1,0,1,0,1,0,0,1,0,0,0,1,1,0,1
309,234,124,64,46,43,29,29,27,17,12,15,10,19,16,25,18,17,10,22,18,12,14,19,16,14,13,12,20,9,8,15,11,12,7,4,7,13,4,5,2,7,4,10,6,6,9,7,6,6,7,3,7,6,5,8,5,2,3,4,2,10,6,1,3,2,4,1,1,5,3,2,3,2,5,1,1,5,3,0,0,2,2,1,1,1,1,1,1,3,4,1,0,1,2,1,0,2,4,3
28,26,9,8,0,3,1,1,1,2,1,4,7,5,4,5,5,3,3,2,8,9,4,8,11,12,8,7,3,7,7,10,9,5,8,7,10,8,2,7,6,3,4,2,4,3,4,5,4,0,5,3,4,1,3,6,3,3,1,6,0,4,3,3,2,3,1,4,2,2,3,2,1,2,3,2,8,1,0,2,3,1,0,1,0,1,0,0,3,2,1,1,1,0,1,2,0,1,0,3
986,78,10,7,7,11,7,4,3,4,4,5,1,7,3,5,4,5,4,5,4,6,5,3,5,2,7,1,5,5,2,3,4,2,0,7,5,4,2,2,4,2,7,1,3,4,6,5,1,0,4,0,2,3,2,2,2,0,3,3,0,0,0,1,4,1,1,0,0,1,1,2,1,0,1,1,1,0,2,1,0,3,2,1,0,1,0,1,2,2,0,4,0,3,1,0,1,2,2,1
486,144,37,17,17,20,11,13,7,11,10,11,10,6,9,16,3,9,8,8,8,12,5,7,11,11,12,13,13,17,18,15,17,9,11,16,21,17,16,14,16,21,10,13,15,10,11,15,8,8,6,7,1,5,11,7,9,3,1,6,8,7,4,6,3,4,5,3,1,1,1,3,1,2,2,4,5,3,5,0,1,2,0,2,2,3,1,1,3,4,1,5,2,2,2,1,1,2,0,2
52,30,20,9,5,7,4,4,3,2,3,3,0,7,2,0,4,4,4,0,3,0,3,2,1,0,2,1,2,0,1,0,0,2,3,2,3,1,3,2,1,0,1,1,0,1,2,2,2,0,2,1,2,1,3,1,0,3,0,2,3,1,0,4,2,0,2,2,2,3,1,2,1,3,1,3,2,2,1,0,0,1,4,2,2,0,1,2,0,2,0,0,3,2,0,2,2,0,0,3
34,31,29,30,20,13,15,11,13,8,5,2,2,4,5,2,6,2,1,2,4,1,4,1,4,1,1,2,1,3,1,0,1,0,1,0,1,0,0,2,1,1,1,0,0,0,0,0,1,1,0,3,0,1,1,0,0,1,0,1,2,1,0,0,1,0,3,0,1,0,1,0,0,0,0,2,1,1,0,2,0,1,0,0,0,2,1,0,0,0,0,0,1,0,0,0,0,1,0,1
7,8,7,2,4,4,4,5,6,3,7,6,3,4,5,1,2,2,3,3,2,5,5,6,3,1,6,3,6,1,6,3,1,3,4,4,5,4,6,2,5,4,3,6,8,3,10,8,1,6,7,7,5,3,5,3,4,1,3,3,2,3,4,2,0,4,2,5,1,3,3,3,0,5,4,2,5,1,1,0,2,2,0,0,1,0,2,1,0,1,2,1,1,2,0,2,0,2,2,5
1,0,0,0,1,1,1,0,0,1,1,1,0,0,0,0,0,0,1,0,1,0,0,2,3,0,2,1,0,2,2,1,0,0,0,0,0,1,2,1,0,1,1,0,1,0,0,3,0,1,0,1,0,0,1,1,2,0,0,2,1,0,0,0,1,1,0,0,1,1,0,0,0,0,0,0,1,0,0,1,0,0,0,0,0,0,1,0,3,0,1,0,1,1,0,0,1,2,0,1
203,83,29,14,5,13,6,4,10,8,4,6,6,7,5,4,9,7,10,4,5,5,7,6,5,5,3,5,8,3,3,2,6,9,4,4,1,8,4,4,6,2,3,1,0,4,4,7,4,5,4,3,2,5,4,3,3,2,1,4,2,3,1,3,1,2,1,5,5,2,1,1,2,3,1,2,5,3,1,4,3,5,4,3,1,1,0,1,1,1,0,2,1,1,2,0,1,4,1,4
11,20,21,13,18,15,14,10,5,9,9,10,7,9,5,7,5,12,11,5,10,7,3,3,4,4,4,3,4,6,1,2,2,6,2,2,4,2,3,2,1,4,3,3,1,0,0,1,0,2,1,1,1,0,3,0,3,1,0,1,1,2,4,0,1,6,2,1,0,2,2,0,2,2,2,5,4,1,3,1,5,4,1,3,1,3,1,2,0,4,0,1,3,3,2,2,1,0,3,1
128,175,78,33,17,9,4,5,2,6,2,3,3,2,2,1,1,1,2,0,0,1,1,1,1,1,2,1,0,0,1,0,2,1,1,1,1,0,0,0,2,4,2,0,1,1,1,3,0,0,0,1,3,0,1,1,1,0,0,2,0,1,0,1,1,0,0,1,1,1,3,1,0,3,1,1,2,1,1,0,1,0,2,2,2,2,1,1,1,0,2,0,2,0,2,2,0,0,0,2
651,345,225,129,105,86,61,57,45,34,21,17,18,16,23,15,22,18,10,11,8,13,15,8,21,12,14,11,7,14,8,7,6,12,11,10,4,10,7,4,7,6,3,4,6,1,9,2,7,5,5,4,5,5,5,6,6,5,4,7,3,10,5,2,1,5,0,3,0,9,0,1,2,1,2,2,3,7,3,2,4,3,3,1,1,3,4,0,3,1,2,1,0,1,1,4,1,2,1,3
19,10,1,1,2,1,0,1,0,0,0,0,0,0,0,0,0,0,0,0,1,0,0,1,0,0,0,0,0,0,1,0,0,0,0,0,0,0,0,0,0,0,0,1,0,0,0,1,0,1,1,0,0,0,0,0,0,1,1,1,0,0,0,1,0,0,0,1,0,0,1,1,0,1,0,0,0,1,1,0,0,0,0,0,0,0,0,0,0,0,0,0,0,1,0,0,1,1,0,1
436,183,29,15,10,10,2,2,8,6,7,7,3,3,5,12,2,10,7,4,3,4,3,4,2,5,6,3,2,5,4,5,5,1,4,3,3,4,4,3,4,0,3,2,7,4,8,2,3,4,4,0,4,3,1,4,4,2,3,1,6,3,2,4,0,1,2,1,2,3,1,1,0,1,3,5,0,1,2,5,2,3,2,2,2,1,1,3,2,1,1,3,0,1,2,0,2,2,1,2
1195,97,29,7,3,1,2,4,2,1,0,0,1,0,1,1,2,0,0,0,1,0,0,0,0,1,0,0,0,1,1,0,0,0,0,1,0,0,0,0,1,2,0,0,2,0,0,0,0,0,0,0,1,0,1,0,1,1,3,0,1,1,0,0,0,2,1,1,0,1,1,0,1,1,1,0,4,3,2,3,2,6,5,3,1,5,2,2,2,2,1,5,5,3,0,3,2,3,3,4
31,11,17,16,19,17,17,23,34,32,23,25,22,23,21,20,23,12,15,12,19,12,14,8,9,9,8,5,4,13,4,8,3,3,3,4,2,5,1,2,3,5,0,4,2,2,3,4,2,1,1,0,2,2,3,1,1,4,1,1,0,2,1,1,2,0,0,0,3,3,3,1,5,1,2,2,0,1,1,0,2,1,1,1,1,2,4,0,0,3,0,1,1,1,0,0,0,0,0,2
388,109,28,16,2,4,5,8,1,2,4,2,3,5,5,9,2,3,3,1,2,8,2,2,8,13,14,7,6,9,16,11,11,11,13,17,12,10,15,13,21,17,12,16,16,5,13,14,10,11,6,9,7,8,7,8,9,5,2,4,11,6,5,5,4,7,5,0,3,3,4,4,0,1,4,4,4,3,3,2,1,0,1,3,0,3,1,3,3,1,4,4,1,4,1,1,2,1,2,3
1410,175,72,56,31,20,17,8,11,5,4,3,1,1,4,3,0,3,1,0,1,0,0,1,1,0,1,2,3,2,3,0,2,1,3,2,1,2,2,1,5,2,3,6,1,2,4,2,4,4,2,3,3,1,4,3,6,3,7,1,5,3,1,3,2,5,4,5,2,0,0,1,1,0,1,2,2,4,0,2,0,0,1,1,1,0,1,0,1,1,1,1,1,0,3,1,2,1,1,1
1332,825,320,109,44,11,7,5,7,6,1,4,4,2,4,8,4,1,8,26,65,83,84,59,41,29,31,22,17,9,15,6,13,9,6,10,1,3,4,4,2,2,2,1,0,1,1,1,2,0,2,0,1,2,1,3,0,0,1,0,0,0,0,1,0,1,0,0,1,0,1,1,0,0,0,1,0,0,0,1,2,1,0,0,1,1,0,0,0,0,0,1,0,1,1,0,1,0,0,2
675,11,2,0,3,2,1,1,1,2,4,8,7,7,7,12,7,8,5,21,16,20,11,13,7,12,15,7,14,11,11,3,3,6,9,6,7,4,11,8,7,5,7,6,7,2,6,6,6,4,8,5,6,7,3,5,5,2,1,2,4,5,7,2,7,5,3,5,4,9,5,4,5,6,5,2,1,2,1,4,1,2,4,2,2,1,2,1,5,4,3,2,1,1,3,2,0,2,0,4
1,0,0,0,0,0,1,0,0,0,1,1,1,1,1,0,0,0,0,0,0,1,0,1,0,0,0,0,0,0,0,0,0,1,1,2,1,0,0,0,2,0,0,0,0,0,0,0,0,0,0,0,0,0,1,0,0,0,0,2,1,0,1,0,0,0,0,0,0,0,0,0,0,1,0,1,0,0,0,0,0,0,1,0,0,0,0,0,0,0,0,0,0,0,0,0,0,0,0,1
973,550,246,113,86,71,46,32,46,32,24,25,22,19,17,12,16,12,16,17,15,2,6,7,5,4,12,9,9,5,6,4,7,5,4,5,5,8,10,6,2,4,6,9,8,6,5,6,8,2,7,6,8,5,5,4,4,3,5,5,3,5,7,4,4,2,3,2,2,4,3,3,2,2,3,2,1,3,3,0,2,3,3,4,0,2,1,2,1,0,0,3,2,2,0,2,0,0,1,3
259,8,8,3,4,2,2,1,10,4,3,5,5,2,4,4,5,0,5,4,1,5,3,4,1,4,3,5,9,3,2,2,1,1,4,5,4,7,5,4,6,5,4,2,4,3,1,2,5,3,9,9,4,1,6,3,2,6,3,3,4,7,3,5,2,4,2,4,3,6,3,2,4,3,1,2,7,4,4,1,1,2,4,2,5,1,1,1,1,2,5,3,0,1,4,1,1,1,1,5
19,23,4,2,1,0,0,0,0,0,0,0,0,0,0,0,0,0,0,0,0,0,0,0,0,0,0,0,0,0,0,0,0,0,0,0,0,0,0,0,0,0,0,0,0,0,0,0,0,0,0,0,0,0,0,0,0,0,0,0,0,0,0,0,0,0,0,0,0,0,0,0,0,0,0,0,0,0,0,0,0,0,1,0,0,0,0,0,0,0,0,0,0,0,0,0,0,0,0,1
81,35,15,16,13,12,11,21,22,6,13,4,8,4,4,2,1,2,0,0,2,0,3,0,1,2,0,0,0,1,2,0,1,1,0,0,1,2,3,1,1,0,0,1,2,1,0,4,0,1,1,3,0,2,1,1,0,0,0,2,0,0,2,0,0,3,0,1,1,1,0,1,1,1,0,1,1,0,0,1,2,2,1,0,2,0,0,2,0,1,1,1,2,3,1,1,1,1,0,2
38,12,10,16,11,9,19,19,17,13,18,22,16,24,16,18,15,9,9,9,11,5,9,6,8,7,5,5,4,5,3,1,3,3,3,3,3,0,2,3,3,0,1,2,2,2,1,1,0,2,1,2,1,2,3,2,1,2,2,5,2,2,3,1,3,2,3,2,3,0,2,3,0,2,1,2,3,0,1,1,2,5,2,1,1,0,2,1,3,0,5,3,5,5,3,2,4,1,3,2
575,18,5,4,3,0,1,1,1,2,0,0,2,1,0,0,3,2,1,1,3,0,0,2,2,0,0,2,2,2,2,3,4,4,2,5,3,2,3,0,5,2,3,3,4,8,5,5,6,5,5,7,3,5,4,4,10,2,3,4,8,4,2,4,6,11,2,7,3,8,2,7,4,4,2,5,6,6,7,6,4,4,4,2,1,3,3,3,3,3,3,4,4,6,2,3,4,1,8,2
48,27,21,27,20,12,15,8,5,6,6,4,4,0,2,2,0,0,3,2,0,1,0,0,1,0,0,0,0,4,1,0,1,0,0,1,0,1,1,0,0,1,3,0,0,1,1,0,1,1,1,2,1,1,0,0,1,0,0,1,3,1,0,0,2,1,1,3,1,1,1,0,2,0,0,1,1,1,2,0,1,0,3,4,2,0,1,2,2,0,1,0,0,1,1,2,0,1,1,2
17,12,12,12,7,22,12,16,4,4,14,8,5,8,7,5,11,7,8,9,10,7,6,10,6,6,3,2,8,7,4,2,7,7,5,5,6,1,5,8,4,3,5,8,9,1,3,5,5,7,6,3,5,2,4,4,2,2,6,3,4,1,1,3,1,6,4,1,2,5,7,2,1,1,1,1,1,5,3,0,6,1,1,1,3,3,1,1,3,2,1,1,2,0,0,2,0,1,2,1
1,0,2,0,0,0,0,0,4,4,3,9,8,22,12,29,27,31,28,47,45,44,39,41,22,38,33,39,40,39,41,44,36,30,49,16,21,19,20,23,15,18,15,21,10,12,5,11,7,4,3,8,3,3,2,3,6,3,4,1,5,3,0,1,1,2,0,0,2,0,2,1,1,0,1,0,0,0,0,1,0,1,0,0,0,0,0,1,1,0,0,0,0,0,0,0,0,0,0,1
69,51,26,15,14,17,17,15,13,11,8,6,10,4,12,6,6,5,3,7,5,5,6,5,5,8,6,6,4,9,4,4,3,3,3,2,4,4,3,3,5,2,6,4,5,4,4,3,6,8,8,5,3,5,5,5,3,0,5,9,3,2,2,3,6,2,6,3,4,0,0,4,5,3,0,3,2,1,0,2,3,4,3,0,2,1,7,4,2,1,2,3,2,1,3,2,1,2,3,2
899,485,358,278,196,171,138,130,114,97,79,86,74,48,55,34,45,45,42,48,26,27,32,22,16,21,18,13,12,24,10,16,13,9,7,11,6,13,6,5,6,5,7,6,2,6,4,3,4,8,7,1,2,1,3,2,2,4,0,0,1,3,1,2,2,4,2,2,0,0,0,1,1,1,0,0,0,1,0,0,0,1,0,0,1,0,0,0,0,0,1,0,0,0,0,0,1,0,1,1
422,428,398,383,362,315,289,270,283,246,220,214,188,183,176,162,152,142,127,132,101,79,79,83,72,67,60,67,61,34,34,44,56,43,32,40,35,35,20,25,25,20,24,18,10,10,12,7,8,11,10,13,12,11,11,6,5,7,7,5,3,5,0,2,4,6,2,5,1,1,2,1,2,3,2,0,0,0,0,1,1,0,4,0,1,0,0,0,0,0,1,1,1,0,1,0,0,1,1,1
39,27,12,10,4,7,6,1,8,6,3,3,3,1,1,3,4,3,1,1,1,5,3,5,2,3,1,0,2,0,2,2,4,5,1,5,1,4,2,2,1,1,1,5,0,1,3,0,1,3,4,4,4,0,2,4,1,1,3,1,1,4,0,2,0,0,2,1,1,3,2,1,4,0,1,2,2,2,1,0,2,2,1,1,2,2,1,2,1,1,3,0,0,1,3,0,0,0,4,3
230,104,40,62,60,35,16,15,3,8,6,4,0,2,2,2,0,4,2,0,0,0,0,0,1,0,0,1,0,0,0,0,0,1,0,0,0,0,0,1,1,0,1,0,0,0,0,0,1,0,0,1,0,0,1,0,1,1,1,0,0,1,0,0,0,1,0,0,1,1,1,0,0,2,0,1,1,1,1,1,1,3,1,0,1,1,0,1,1,2,0,0,2,1,0,0,0,0,0,3
146,140,115,83,55,37,23,23,11,13,11,7,8,5,7,10,2,1,5,2,5,4,3,2,4,3,4,3,2,4,6,2,2,4,5,2,3,3,3,3,3,3,2,2,4,1,3,3,3,3,4,2,0,0,2,3,3,1,0,1,2,2,2,5,1,1,2,1,3,1,1,4,2,2,4,1,4,1,2,4,0,0,1,1,2,2,1,0,2,2,5,0,3,1,5,3,2,0,2,3
3651,291,8,1,0,0,0,0,0,0,0,0,0,0,0,0,1,0,1,1,1,0,0,1,1,4,1,1,1,3,0,1,1,1,1,0,3,1,3,2,3,2,5,1,1,6,5,5,5,7,2,7,2,4,6,3,3,1,4,4,4,4,4,3,8,3,3,2,5,5,3,5,0,3,6,3,3,7,2,4,3,2,5,2,6,2,4,1,4,4,2,4,5,2,2,5,1,1,1,3
358,220,186,163,140,118,95,92,89,63,85,61,65,60,65,62,54,39,35,25,33,30,33,29,18,26,23,21,23,20,13,16,16,17,10,15,12,7,7,14,4,11,6,9,6,2,4,5,3,4,5,0,1,3,5,0,2,6,3,1,0,1,3,2,1,1,0,4,1,3,0,1,1,0,1,1,0,1,0,0,3,1,0,0,1,0,0,0,0,0,0,0,1,1,0,1,0,0,1,1
83,14,4,4,6,10,9,13,18,15,20,8,9,10,9,5,7,8,3,7,11,8,10,9,3,8,7,6,12,10,11,4,6,11,2,8,9,7,5,7,6,3,7,4,7,5,6,6,4,4,7,1,3,5,2,5,6,2,0,2,1,3,3,6,3,4,6,8,4,5,3,4,6,2,5,3,2,4,1,3,1,4,2,1,2,0,5,3,3,1,0,4,3,1,4,3,3,4,1,2
471,171,37,21,4,5,1,1,1,0,0,0,1,0,0,0,0,0,0,0,1,1,0,0,1,0,0,0,0,1,1,0,0,1,1,0,0,0,1,1,0,2,0,1,1,0,0,1,1,0,1,1,0,1,1,2,0,0,0,1,1,0,1,2,1,1,2,2,2,0,1,4,3,1,2,1,2,0,2,1,1,2,0,0,1,1,0,2,0,2,0,2,2,0,2,1,1,2,3,1
435,481,152,75,50,39,21,22,10,12,15,10,4,5,6,5,6,6,0,2,3,2,1,3,0,3,2,1,2,2,3,4,0,3,4,3,2,3,0,2,2,2,2,4,3,4,0,3,5,3,1,1,3,0,1,0,2,2,1,1,1,0,1,2,0,0,3,1,0,2,1,0,0,0,2,5,0,0,2,0,2,1,2,2,1,3,1,1,2,2,2,0,1,1,2,0,1,1,3,3
757,263,169,136,80,63,45,30,35,26,15,19,8,14,8,9,5,4,3,3,2,1,1,0,0,1,1,2,2,1,1,0,0,0,1,3,0,0,0,0,1,2,2,0,3,1,1,1,2,0,3,2,1,0,3,2,2,3,1,0,6,1,2,1,3,0,4,2,3,6,1,1,6,0,0,1,1,1,3,3,4,4,4,2,3,4,2,2,2,0,3,4,4,2,1,2,2,1,5,5
85,35,22,37,19,20,24,13,9,10,3,10,9,4,6,7,1,6,5,3,3,1,3,3,1,2,4,0,2,2,1,0,0,5,1,2,0,1,0,1,0,2,3,0,1,2,1,1,0,0,2,1,0,1,0,0,2,2,1,3,3,2,2,2,0,0,1,0,1,3,1,1,1,0,1,0,1,2,0,1,0,1,1,1,3,2,0,0,1,1,1,0,0,1,2,1,1,0,1,1
1775,364,146,89,58,55,63,48,45,47,49,45,37,49,37,39,29,30,29,21,23,22,21,25,19,22,12,29,23,9,19,16,16,13,16,14,9,12,8,10,11,9,11,4,7,6,7,8,2,7,5,6,5,5,1,3,3,2,6,1,2,2,2,3,2,1,5,5,2,2,2,2,0,4,0,2,1,3,1,0,0,3,1,0,1,2,3,2,0,0,3,0,0,0,1,0,1,0,2,2
990,279,42,18,10,6,5,3,3,4,4,4,5,2,5,5,3,2,0,1,3,3,2,5,2,4,3,3,2,0,1,3,3,1,2,3,3,3,2,1,0,6,2,3,3,4,0,2,0,5,2,3,0,1,2,3,5,3,3,2,6,1,1,2,4,2,3,1,3,5,1,4,3,1,1,4,2,3,1,3,3,2,2,5,2,1,1,2,0,3,3,1,1,1,2,5,4,1,2,2
103,180,102,46,18,11,11,10,8,6,6,3,1,3,1,4,1,1,0,0,0,2,2,1,1,2,1,1,0,1,1,2,2,0,2,1,1,1,2,1,0,6,2,3,3,2,0,1,4,3,2,2,3,3,0,1,2,4,2,1,1,4,2,3,0,5,2,2,3,1,5,0,3,3,0,3,2,1,2,3,1,1,4,2,0,3,1,5,3,3,2,3,4,1,3,2,3,3,3,3
261,336,246,92,35,14,5,1,3,1,0,0,0,0,0,0,0,0,1,0,0,0,0,0,0,0,0,0,0,0,0,0,0,0,0,0,0,0,0,0,0,0,0,0,0,0,0,0,1,0,0,0,0,0,0,0,1,0,0,0,0,0,0,0,0,0,0,0,0,0,0,0,0,0,0,0,0,0,0,0,0,0,0,0,0,0,0,0,1,0,1,0,0,0,0,0,0,0,0,1
208,14,11,4,7,6,5,6,1,3,1,0,0,0,0,0,0,0,0,0,0,0,0,0,0,0,0,0,1,0,0,1,0,1,0,0,0,0,1,0,1,0,0,2,1,1,0,1,1,1,0,1,1,0,0,2,1,2,4,4,3,3,3,1,0,1,4,1,3,4,4,6,4,7,2,4,2,6,3,4,1,3,2,6,2,2,3,0,2,4,9,1,2,1,5,3,2,5,5,3
20,23,34,43,35,24,18,21,21,10,13,9,2,7,6,3,5,4,3,3,1,4,3,1,0,2,3,0,0,1,0,1,0,0,1,0,0,0,0,0,1,0,0,0,0,1,0,0,0,0,0,0,0,0,0,0,0,0,0,0,0,0,0,0,0,0,0,0,0,0,0,0,0,0,0,1,0,0,0,0,0,0,0,0,0,0,2,0,0,0,0,0,0,0,0,0,0,0,0,1
130,23,5,4,6,12,15,15,20,18,21,12,15,8,16,13,4,6,5,2,1,2,3,4,5,3,1,2,7,1,3,3,0,2,2,1,1,0,0,1,2,0,1,0,1,1,0,0,3,2,1,0,0,0,0,0,1,1,2,2,2,0,1,0,2,0,1,0,2,0,1,1,3,0,0,1,2,1,1,0,0,0,0,0,1,0,0,0,0,0,0,1,1,0,0,1,1,1,0,2
837,253,164,117,76,58,49,21,33,21,12,17,11,9,4,8,4,2,3,1,1,0,0,0,0,0,0,0,0,1,0,0,0,0,0,0,0,0,0,0,0,0,0,0,0,1,0,0,0,0,0,0,0,0,1,1,0,0,0,1,2,1,0,1,2,0,4,1,2,3,2,2,3,0,0,1,2,3,2,4,4,3,3,2,2,3,2,2,1,1,3,4,3,1,2,2,1,5,3,2
183,19,18,17,11,7,3,1,3,1,1,0,1,0,1,0,0,0,0,0,1,0,0,0,1,1,1,0,0,0,0,1,0,0,0,0,0,0,1,2,1,0,0,0,0,0,0,0,0,0,0,0,1,0,0,1,0,0,0,0,1,0,0,0,1,0,1,0,0,0,0,0,0,1,1,1,0,0,0,0,0,0,2,0,1,0,0,0,0,0,0,2,2,1,0,0,0,0,1,1
9,7,13,27,27,28,18,22,13,13,10,13,15,10,11,10,4,6,11,2,8,7,8,5,3,6,3,6,6,1,4,1,4,3,4,4,1,9,2,7,2,3,3,2,1,1,2,5,4,2,2,3,1,2,2,3,3,1,2,2,3,0,3,2,1,1,3,2,4,1,2,0,1,3,0,2,1,1,1,2,2,0,3,0,1,1,1,1,0,1,1,2,0,1,1,3,2,0,1,1
13,27,26,14,6,6,5,9,7,3,2,4,4,1,3,3,3,1,3,1,2,2,1,4,4,2,3,1,1,2,4,1,3,1,3,3,1,2,0,9,3,4,1,3,0,5,2,3,4,4,1,3,3,3,1,1,0,2,2,1,0,7,3,2,1,2,4,3,1,0,3,3,3,2,2,1,0,3,1,3,1,1,0,2,3,1,2,0,2,3,1,0,0,2,1,3,0,2,0,3
1071,825,163,101,63,58,36,24,15,12,15,15,11,10,6,4,8,5,6,4,3,4,0,2,3,7,3,1,2,0,2,2,2,1,1,3,1,3,4,2,1,0,3,0,2,0,1,1,1,0,3,0,0,1,0,0,2,1,0,1,0,1,0,2,1,0,0,0,1,0,0,0,1,1,0,1,0,0,0,0,1,0,0,0,0,0,1,1,1,0,2,1,0,1,0,1,0,0,1,1
563,124,91,63,37,32,16,14,13,8,10,16,4,7,10,8,7,10,5,7,10,4,7,6,8,4,5,5,4,5,5,7,5,5,4,4,3,2,4,1,4,4,3,4,2,3,3,10,2,2,3,2,5,7,2,3,4,3,2,2,6,6,4,3,1,3,3,1,4,5,2,1,2,2,1,2,5,1,0,3,1,3,2,1,1,3,3,3,1,2,1,2,1,2,0,1,1,2,3,2
232,200,148,73,24,5,10,5,4,3,2,1,3,1,5,0,0,2,5,19,30,37,31,41,32,20,21,16,14,11,6,7,6,5,5,3,2,3,0,3,4,0,4,3,1,1,8,5,5,1,3,1,1,0,1,1,2,0,5,1,2,3,1,1,0,2,1,3,1,1,0,0,1,1,0,2,1,1,0,0,1,0,1,1,1,0,1,0,3,1,0,0,1,0,1,1,0,0,0,1
154,48,43,42,30,17,12,12,10,9,6,5,6,3,7,4,3,1,2,4,1,5,2,3,2,0,3,1,6,4,3,0,3,0,4,2,5,2,2,4,2,3,0,3,0,0,1,1,3,1,3,2,0,0,2,3,4,1,2,1,1,0,4,0,2,3,0,1,1,1,3,0,4,3,0,2,0,0,1,1,0,0,2,0,2,0,1,0,3,1,0,0,1,0,1,1,0,0,0,5
303,84,63,22,11,10,3,3,2,1,2,1,1,2,1,1,0,1,0,1,1,1,0,0,0,0,0,0,0,0,1,0,1,0,0,0,0,1,0,0,0,0,0,2,0,0,1,0,0,0,0,0,0,0,0,0,0,0,0,0,0,0,1,1,0,0,0,0,0,0,0,0,0,1,0,0,0,0,0,0,1,0,0,0,0,0,0,1,0,1,0,1,0,0,0,0,1,0,1,1
182,43,17,8,4,1,3,1,0,3,1,2,0,0,0,0,0,0,0,1,0,1,0,0,0,0,0,0,3,0,0,1,0,0,1,0,0,0,0,0,0,1,0,0,1,0,0,1,0,0,0,0,0,0,0,1,0,0,1,0,0,1,1,0,0,0,0,0,0,0,0,1,0,0,1,0,0,0,0,1,1,0,0,0,1,0,0,0,0,1,1,0,0,0,0,0,0,1,0,2
24,68,36,21,16,12,10,8,8,5,3,3,1,2,1,0,2,0,1,2,0,0,2,0,0,0,1,2,3,1,1,0,0,2,1,2,0,0,1,0,3,1,2,0,1,2,0,3,0,1,2,1,0,1,1,0,2,0,1,0,1,1,1,0,1,0,1,2,3,1,2,2,3,3,1,0,1,1,1,0,0,2,0,0,3,1,1,2,0,2,1,1,0,0,1,1,1,3,1,3
617,75,15,11,7,4,6,4,1,4,5,5,3,3,2,3,3,1,0,1,2,3,2,0,2,2,4,0,2,3,7,3,3,3,3,5,7,4,1,5,7,2,7,6,7,1,2,6,4,5,3,5,4,3,6,4,3,4,2,1,3,4,2,2,6,5,1,1,4,0,2,4,3,4,3,4,1,4,2,3,3,2,2,1,5,2,3,1,1,2,4,2,1,3,2,6,1,4,3,1
122,103,61,32,21,15,8,3,5,3,4,6,5,5,3,0,1,4,2,4,2,2,3,3,4,2,3,1,1,4,1,3,3,4,4,5,1,2,1,1,5,5,5,1,3,3,7,5,1,6,2,5,5,4,1,2,6,5,0,3,4,3,6,4,2,2,4,1,4,1,1,3,3,1,1,0,3,7,3,0,2,0,2,3,1,1,2,2,1,2,0,3,2,2,1,0,2,0,1,3
1695,827,109,24,14,9,5,1,2,3,2,3,1,4,1,2,2,2,2,2,3,2,1,0,2,0,1,2,0,2,1,1,5,2,1,1,1,1,2,0,1,1,0,2,0,1,2,0,1,1,1,0,0,0,0,1,1,0,0,3,1,2,1,2,0,2,0,0,2,2,0,0,1,0,0,0,1,2,0,0,1,1,2,0,1,1,2,0,0,0,3,0,0,1,0,1,0,0,1,1
16,9,8,12,15,17,8,13,8,5,8,13,9,9,6,3,10,9,6,6,3,8,9,7,5,3,4,3,3,5,6,3,7,8,8,0,5,1,1,5,2,4,2,3,4,4,4,4,4,5,1,3,3,5,2,2,6,0,2,2,1,4,6,1,1,3,3,3,2,4,1,2,1,1,3,2,1,5,5,0,1,2,1,0,0,1,4,0,0,0,1,0,0,2,0,5,0,1,0,3
4,5,1,7,9,6,6,1,3,7,8,5,15,12,13,21,26,20,27,26,27,17,33,37,25,33,38,28,22,25,26,30,31,32,12,7,16,20,11,22,11,4,15,10,7,10,10,11,7,8,6,7,10,3,3,7,3,3,7,5,3,2,6,5,4,4,4,3,2,3,1,2,2,4,3,0,0,1,0,0,3,1,0,1,2,0,4,3,0,1,0,0,1,1,0,2,2,1,0,2
36,16,11,12,4,5,8,3,6,8,9,4,3,9,8,6,9,9,10,3,7,3,6,5,3,6,8,10,2,4,4,5,4,10,4,9,6,6,6,9,8,4,7,6,3,5,3,7,3,4,5,11,9,7,11,6,3,4,6,4,6,1,2,5,8,3,11,0,4,5,6,2,3,4,5,2,3,1,4,4,5,5,1,4,1,2,1,3,4,1,2,2,1,1,3,2,4,6,1,2
24,5,7,8,3,5,8,2,3,4,7,3,5,6,2,3,3,1,3,4,3,4,3,4,7,4,6,7,2,2,4,3,3,4,3,5,1,3,7,2,2,3,5,4,2,3,2,6,7,0,3,3,3,4,2,1,2,4,3,2,4,5,2,4,4,7,3,4,7,2,1,2,2,3,1,3,2,2,2,0,0,4,3,2,1,1,3,3,4,3,0,1,1,1,3,3,2,4,2,2
115,23,9,13,8,12,11,14,5,4,2,0,7,1,3,0,3,2,1,3,0,1,2,0,0,0,1,1,0,1,3,0,3,3,1,1,3,1,0,0,0,1,1,0,0,1,1,1,1,3,1,1,1,0,1,0,0,0,2,2,1,0,1,1,3,1,2,2,0,1,2,1,2,0,1,0,1,1,1,2,0,1,3,0,2,0,2,0,1,1,1,1,3,1,0,1,0,1,1,2
115,87,51,38,31,32,19,9,17,12,10,12,6,15,9,4,5,6,8,4,10,7,4,5,6,7,4,5,5,2,3,3,5,5,5,2,2,2,1,3,3,4,3,11,2,5,3,6,7,4,5,5,2,4,2,4,3,2,3,3,1,5,3,6,3,3,7,1,9,5,2,5,2,0,1,3,4,4,2,2,2,0,0,4,1,2,2,3,3,0,4,0,1,4,5,1,1,1,1,4
24,37,33,30,27,22,14,9,12,11,4,4,6,3,1,0,0,3,2,0,0,0,0,2,1,0,0,0,0,0,0,0,0,0,0,2,0,0,0,1,0,0,0,1,0,0,2,0,2,0,1,1,3,0,1,3,2,0,2,0,2,0,1,1,2,0,1,1,0,0,1,3,1,0,0,1,0,0,1,2,1,3,1,1,1,1,4,0,1,2,0,3,0,1,1,0,0,0,1,3
30,153,91,46,19,7,2,2,2,0,0,0,0,0,0,0,0,0,0,1,0,0,0,0,0,0,0,0,0,0,0,0,0,0,0,0,0,0,0,0,0,0,0,0,0,0,0,1,0,1,0,0,0,0,1,0,0,0,1,1,0,1,0,0,1,2,0,0,0,1,0,0,0,1,0,0,0,1,0,0,0,0,1,0,0,0,0,0,0,0,0,0,0,0,0,0,1,0,0,1
16,31,21,9,8,13,5,6,3,1,4,3,1,5,5,6,6,6,6,10,14,14,17,14,15,13,15,18,27,22,14,18,16,19,16,17,11,15,14,17,16,9,12,18,15,10,11,7,8,9,6,9,9,8,8,5,4,5,4,6,6,10,4,7,2,4,4,3,6,2,0,5,2,3,3,3,5,3,1,0,3,0,5,3,1,2,1,1,3,2,0,2,2,0,2,1,0,1,0,1
2,2,1,0,2,1,0,1,2,0,0,0,0,0,0,0,0,1,0,0,0,0,0,0,0,0,0,0,0,0,0,0,0,0,0,0,0,0,0,0,0,0,0,0,1,0,0,0,0,0,0,0,0,0,0,0,0,0,0,0,1,0,0,0,0,0,0,0,0,0,0,0,0,0,0,0,0,0,0,0,0,0,0,0,0,0,1,0,0,0,0,0,0,0,0,0,0,0,0,1
7,10,8,10,8,9,9,10,12,12,10,11,4,7,11,7,10,8,9,6,5,4,6,1,3,5,4,3,3,3,5,5,3,3,4,1,4,2,5,3,2,2,7,3,4,6,2,4,2,0,2,4,2,1,1,2,1,3,1,5,4,4,3,2,3,1,3,1,3,3,4,0,3,2,2,4,2,3,3,1,5,3,3,2,3,3,1,1,0,0,2,1,1,2,3,2,2,1,1,3
181,96,46,18,13,5,13,7,11,4,7,2,5,5,2,1,3,2,2,2,1,2,5,4,0,1,1,3,2,3,2,1,1,8,1,2,0,2,0,1,3,6,0,0,4,2,2,1,4,3,4,3,5,1,3,2,4,3,2,2,4,2,0,3,5,2,1,5,1,6,3,5,2,6,3,3,7,2,6,2,5,0,3,6,2,0,0,4,2,1,1,2,2,4,6,3,5,0,2,3
131,80,28,12,6,8,5,6,2,0,4,5,2,1,2,1,1,2,0,3,1,2,0,3,0,2,1,1,1,2,1,1,2,1,1,3,3,1,4,2,1,1,3,3,1,4,2,2,2,0,3,0,1,2,2,2,0,1,3,1,1,3,2,2,2,0,0,2,2,4,1,3,1,0,0,2,3,0,1,1,1,1,4,2,1,3,1,1,0,3,0,2,1,2,0,2,2,1,0,3
53,64,33,18,10,9,14,10,13,3,2,4,1,1,1,1,0,1,0,3,0,2,2,3,1,4,3,1,1,3,1,2,1,0,0,1,0,0,2,1,0,0,1,1,1,2,0,1,1,1,0,0,0,0,0,1,1,2,1,1,1,1,0,0,1,1,0,1,1,0,1,1,0,0,2,0,0,1,0,0,0,1,1,3,0,0,0,0,0,1,1,2,0,0,1,0,0,2,0,1
56,39,25,8,11,12,7,11,4,5,3,11,13,5,3,4,5,1,3,4,7,3,3,2,2,5,2,2,0,1,1,1,3,3,2,0,2,2,1,2,2,0,3,1,0,1,0,1,1,0,4,0,0,3,0,0,1,0,0,4,0,0,2,0,1,2,1,1,0,0,3,1,2,2,2,2,0,1,3,1,1,1,2,2,0,1,0,1,2,0,2,3,2,1,1,0,1,2,0,1
239,211,47,24,7,5,0,1,1,1,1,1,0,0,0,0,0,0,1,1,1,0,1,0,0,0,0,0,0,0,0,0,0,0,1,0,0,0,1,0,1,2,0,0,1,0,0,1,0,0,0,2,0,1,2,3,0,0,0,1,0,1,0,2,0,1,2,2,2,1,2,1,2,1,2,2,0,1,2,1,1,0,0,0,2,1,0,1,1,4,0,2,2,0,0,1,2,0,4,1
90,14,7,6,8,3,2,8,4,6,1,1,0,0,0,0,2,2,0,1,2,0,2,0,0,2,1,1,1,1,0,1,1,0,1,1,0,2,2,0,1,2,1,5,1,2,0,0,0,2,1,0,0,0,0,1,3,0,5,3,4,4,3,0,1,2,1,2,3,4,0,4,2,4,4,3,4,3,4,2,2,3,3,5,4,0,1,1,3,1,6,0,2,1,2,3,2,4,4,1
433,135,15,2,0,3,3,2,3,1,4,2,1,1,2,3,3,3,1,2,1,2,9,4,6,6,1,5,6,6,4,3,7,5,1,4,4,4,1,2,5,1,3,2,1,2,0,1,0,0,2,1,0,0,2,0,2,0,1,0,0,3,1,1,1,2,1,2,0,1,1,0,0,0,0,1,1,0,2,0,1,0,2,2,1,1,1,1,0,3,0,1,3,1,1,2,3,0,0,3
40,27,21,11,6,12,4,3,4,3,4,3,2,5,3,3,2,4,1,4,7,5,0,3,0,4,2,8,5,2,2,2,1,2,3,3,3,0,2,0,1,1,1,5,4,1,1,2,2,3,5,3,2,4,2,3,0,0,3,1,2,1,5,6,0,4,0,1,0,1,1,3,2,1,2,2,0,5,3,0,0,1,0,1,1,1,1,2,2,1,1,1,0,2,2,1,2,1,2,2
49,15,13,12,12,13,14,17,7,7,4,4,7,4,8,5,2,6,2,2,0,3,3,4,2,2,1,1,0,2,1,3,1,0,1,1,0,0,2,0,0,1,0,0,0,0,0,1,1,0,0,0,0,0,0,0,0,0,0,0,0,1,1,0,0,3,0,0,0,1,1,0,1,0,0,0,0,0,0,0,0,0,0,0,0,0,0,0,0,0,0,0,0,0,1,0,0,0,0,1
3233,609,25,3,6,3,4,0,6,3,3,1,3,3,1,4,2,6,4,4,2,2,3,7,6,4,4,2,1,3,2,3,3,4,6,2,3,3,5,2,5,3,5,2,3,8,8,3,6,9,1,11,4,5,6,4,3,4,1,7,5,3,7,4,7,5,4,3,5,5,5,3,4,6,5,4,4,6,3,4,1,2,3,4,5,2,4,4,2,3,1,3,4,2,3,4,1,2,1,3
104,435,358,174,104,72,41,38,26,16,18,14,10,4,4,3,7,8,3,7,4,6,9,9,8,3,6,6,2,3,7,4,2,7,9,2,3,4,5,3,3,3,6,1,4,4,4,6,2,2,5,3,3,3,4,0,3,3,6,2,8,2,5,4,0,5,4,6,5,2,4,2,4,6,1,3,3,1,5,2,0,0,2,4,2,2,1,4,2,0,2,2,1,3,3,2,0,2,1,2
80,32,27,26,14,19,6,9,8,12,8,5,4,7,5,7,6,4,5,1,4,0,1,4,1,2,1,0,1,3,0,1,0,1,0,1,1,1,0,0,0,1,1,0,1,0,3,2,0,0,1,0,0,0,0,0,0,2,1,0,1,1,1,1,1,3,1,2,1,0,0,0,0,1,0,0,0,0,1,0,0,1,0,1,0,0,1,1,0,0,0,0,1,0,0,1,0,0,0,1
119,77,57,45,50,26,26,28,29,25,19,18,19,14,15,19,17,19,18,17,23,17,16,14,10,16,27,22,13,11,13,12,6,12,13,15,11,6,5,10,15,8,11,7,11,8,6,5,5,3,3,7,8,4,4,4,7,6,6,6,3,2,5,3,4,4,3,5,5,4,5,2,2,1,0,2,0,6,4,1,5,4,3,0,2,2,0,1,2,3,1,1,0,0,2,3,0,1,2,1
153,154,90,39,29,18,10,11,3,5,2,0,5,0,0,2,2,1,1,0,2,1,0,3,0,0,2,0,1,2,1,1,1,2,2,2,1,2,0,3,1,0,3,3,0,2,3,1,4,2,1,1,3,1,2,2,2,0,1,3,3,5,1,3,1,3,5,2,3,1,2,3,5,1,3,2,3,3,0,0,4,0,2,4,1,3,1,2,2,1,0,2,2,3,1,2,1,2,0,4
124,82,66,39,24,9,5,3,2,2,1,1,0,1,1,0,0,0,3,13,17,24,20,15,29,17,6,15,8,2,5,6,5,3,0,4,1,5,2,2,0,3,3,2,2,4,1,3,5,2,3,3,3,4,3,4,2,1,1,1,0,0,0,0,0,1,3,3,0,0,2,1,2,0,3,0,1,1,2,0,1,0,0,0,0,0,0,0,1,0,0,2,2,0,1,0,0,0,1,1
144,25,6,6,8,8,9,12,18,15,20,10,10,9,12,6,6,8,6,6,12,7,10,12,3,10,9,7,13,9,14,5,5,11,5,8,9,6,5,8,7,4,7,2,7,5,5,6,4,4,7,1,3,4,2,5,6,2,2,2,3,4,3,4,3,4,6,8,4,4,3,4,8,1,5,3,4,4,1,2,1,4,3,1,1,0,4,1,3,1,1,3,3,2,4,4,3,3,1,2
117,54,16,2,2,3,6,2,1,0,2,0,0,2,0,1,0,1,0,1,2,0,0,0,1,1,0,1,0,0,0,0,1,2,0,1,0,1,0,3,1,0,0,0,0,0,0,3,1,0,1,0,1,1,3,1,1,1,0,1,1,0,1,1,2,0,2,0,3,2,1,0,1,1,0,0,1,1,0,3,0,2,0,3,0,1,0,1,1,1,1,1,1,2,0,0,0,0,0,2
153,273,42,23,14,8,6,6,7,4,7,5,8,4,9,9,7,6,5,6,10,10,8,8,13,8,6,9,5,10,13,15,10,18,16,11,14,10,17,12,11,11,17,9,5,6,11,6,7,14,5,10,5,6,6,4,5,1,10,7,4,7,2,4,3,9,3,3,5,6,3,2,7,4,3,3,1,3,0,6,3,3,2,3,2,3,1,3,2,0,3,0,1,0,1,2,1,0,1,1
96,57,17,10,11,4,3,4,6,4,0,2,3,0,1,2,0,1,4,2,5,3,3,5,2,1,2,1,1,2,4,1,4,2,2,3,2,2,0,0,3,3,1,1,3,1,0,2,2,1,1,3,1,2,3,2,0,3,2,3,4,2,2,2,1,2,1,1,0,1,1,3,2,4,2,0,1,2,3,1,1,1,1,0,1,2,0,0,4,1,1,2,3,2,2,0,2,1,0,3
1,0,0,0,0,0,0,0,0,0,0,0,0,0,0,0,0,0,0,0,0,0,0,0,0,0,0,0,0,0,0,0,0,0,0,0,0,0,0,0,0,0,0,0,0,0,0,0,0,0,0,0,0,0,0,0,0,0,0,0,0,0,0,0,0,0,0,0,1,0,0,0,0,0,0,0,0,0,0,0,0,0,0,0,0,0,0,0,0,0,0,0,0,0,0,0,0,0,0,1
64,24,9,6,5,4,2,1,3,2,1,0,0,0,0,0,1,0,0,0,2,1,0,1,2,0,0,0,1,0,0,1,2,1,0,0,0,0,0,0,1,0,1,1,1,0,0,0,0,0,2,1,0,0,1,1,0,0,0,1,0,0,0,0,2,0,0,0,0,0,1,0,0,0,0,0,0,2,0,1,0,0,0,0,0,0,0,0,0,0,0,0,0,0,0,1,0,0,0,1
78,323,252,191,135,112,75,79,41,48,26,24,27,15,20,17,17,12,13,8,9,18,10,5,9,9,7,3,10,9,5,9,6,7,9,6,8,9,9,12,9,7,11,5,4,11,4,8,10,6,3,3,4,7,0,6,6,5,2,3,4,4,9,1,1,0,0,1,3,1,1,3,1,3,4,6,5,3,1,2,4,3,3,0,2,0,3,3,1,1,2,1,2,2,1,5,0,1,0,2
848,456,161,79,50,35,12,6,6,9,7,8,7,6,4,11,5,10,12,8,11,9,12,7,5,10,5,8,17,5,15,14,11,13,14,19,8,12,13,12,15,13,10,8,5,8,6,15,10,14,12,12,8,11,12,4,9,7,6,6,11,13,3,8,3,9,5,8,3,4,4,4,1,5,8,4,5,4,1,4,2,1,3,1,2,1,2,0,1,1,3,3,1,2,1,0,0,1,0,1
243,107,39,65,59,35,16,15,5,8,6,4,1,3,1,2,1,3,2,1,1,0,0,0,1,1,1,0,1,0,0,0,0,1,0,0,0,0,0,1,0,0,1,0,1,0,0,1,2,0,0,1,0,0,1,0,1,2,2,0,1,3,0,0,0,0,1,1,1,0,1,0,0,2,0,1,2,0,1,2,2,3,0,1,1,1,0,2,2,2,0,1,1,1,0,0,0,2,1,3
1753,842,91,24,10,7,7,2,1,5,1,2,3,1,4,2,1,1,0,0,3,1,2,0,1,0,1,2,1,1,1,0,0,0,0,0,1,0,1,0,1,0,0,0,2,0,1,2,0,0,0,0,2,1,0,1,0,0,0,1,2,0,1,0,1,1,0,0,0,0,0,1,0,1,0,0,1,0,1,1,1,0,1,1,0,0,0,2,1,0,2,1,1,0,1,0,1,0,0,1
720,319,158,144,117,101,74,68,69,61,43,67,59,45,46,48,28,43,43,28,28,23,30,22,26,16,17,21,19,24,13,10,18,16,15,17,10,9,2,6,4,9,17,5,10,5,8,2,7,6,5,8,3,4,0,6,5,4,5,4,5,2,0,4,1,2,1,3,2,0,2,2,1,0,0,1,2,2,0,1,0,1,1,3,1,0,1,0,0,0,0,0,0,1,1,0,0,0,1,2
255,58,45,28,43,28,20,16,14,16,10,18,11,5,12,4,11,5,7,3,5,4,9,2,4,1,2,1,1,4,3,2,3,2,3,3,3,5,2,3,1,0,2,1,1,0,0,1,1,0,1,1,1,0,2,0,3,0,0,3,0,1,0,0,2,2,0,0,0,1,1,1,2,1,0,1,1,1,1,1,1,3,2,1,0,1,0,1,1,0,0,1,1,0,0,1,0,0,1,1
878,17,1,0,0,0,0,0,0,0,0,0,0,0,0,0,0,0,0,0,0,0,0,1,0,0,0,0,0,0,1,0,1,0,1,0,0,0,2,0,2,0,0,3,2,3,4,2,3,5,2,2,2,3,3,1,5,2,2,1,3,4,5,3,3,5,4,2,2,0,1,3,0,0,1,1,2,3,0,2,0,1,0,1,1,0,1,0,3,1,1,0,1,0,1,1,2,0,0,1
53,20,12,7,7,3,3,4,3,3,1,2,2,5,0,2,1,3,0,2,4,0,3,2,4,4,3,4,3,2,1,2,1,3,2,2,1,3,1,3,3,1,2,2,3,5,2,4,3,2,1,2,2,2,3,2,3,6,3,0,2,2,1,3,1,3,3,5,2,0,2,0,5,4,4,2,2,3,2,2,0,0,0,2,4,3,1,1,3,0,0,1,3,1,2,1,0,0,3,4
847,420,270,194,127,109,94,69,66,32,41,40,34,40,23,23,30,26,31,23,15,19,20,26,16,15,16,18,18,14,16,11,11,10,13,15,9,10,8,6,6,11,9,7,13,1,8,1,8,2,7,4,2,1,3,4,2,3,2,5,2,4,3,3,1,2,6,0,2,3,2,5,4,1,2,2,1,1,1,2,0,4,1,2,1,0,1,1,1,1,2,1,0,0,3,0,0,1,3,2
35,272,277,184,107,81,52,44,37,27,17,15,12,10,8,11,10,16,11,10,10,13,5,6,6,8,12,5,8,5,8,5,10,7,6,5,7,8,7,12,5,5,4,3,8,10,6,9,7,9,4,6,6,2,7,3,3,2,8,3,4,9,4,9,6,4,9,4,5,5,2,8,4,3,5,6,11,3,5,7,4,3,4,3,1,3,4,5,1,3,0,4,3,2,0,0,2,2,2,2
0,0,0,0,0,0,0,0,0,0,0,0,0,0,0,0,0,0,0,0,0,0,0,0,0,0,0,0,0,0,0,0,0,0,0,0,0,0,0,0,0,0,0,0,0,0,0,0,0,0,0,0,0,0,0,0,0,0,0,0,0,0,0,0,0,0,0,0,0,0,0,0,0,0,0,0,0,0,0,0,0,0,0,0,0,0,0,0,0,0,0,0,0,0,0,0,0,0,0,0
478,167,39,20,4,3,0,0,0,1,0,0,2,0,0,0,0,0,1,0,2,1,1,0,0,0,0,0,0,1,0,1,0,0,1,0,0,2,1,0,0,2,0,1,1,0,0,2,0,0,1,1,0,1,1,2,0,0,1,2,2,0,0,2,1,1,2,2,2,0,1,3,1,1,4,2,1,1,3,1,1,1,0,1,1,1,1,3,0,3,0,2,2,0,2,1,2,1,2,1
669,237,78,28,26,12,9,9,13,7,6,9,2,9,12,11,6,2,9,5,7,9,6,7,8,10,3,3,5,5,11,6,4,6,1,9,1,2,3,3,5,3,8,3,2,7,1,3,2,2,6,2,3,2,8,4,3,3,5,5,4,4,3,7,3,5,5,1,1,3,3,2,3,5,3,2,3,1,3,2,4,2,4,5,3,0,6,4,1,2,1,1,5,3,2,0,1,2,1,3
550,357,144,22,7,1,1,0,0,1,0,0,0,0,0,0,0,0,0,0,0,0,0,0,0,0,1,0,0,0,0,0,0,0,0,0,0,1,0,0,1,1,1,3,1,1,1,1,1,1,0,4,1,0,0,3,3,0,0,0,0,1,2,0,0,0,0,0,1,1,1,0,0,1,1,1,0,0,1,0,0,0,0,0,0,1,0,1,0,1,0,0,1,0,0,0,1,1,0,1
309,234,124,64,46,43,29,29,27,17,12,15,10,19,16,25,18,17,10,22,18,12,14,19,16,14,13,12,20,9,8,15,11,12,7,4,7,13,4,5,2,7,4,10,6,6,9,7,6,6,7,3,7,6,5,8,5,2,3,4,2,10,6,1,3,2,4,1,1,5,3,2,3,2,5,1,1,5,3,0,0,2,2,1,1,1,1,1,1,3,4,1,0,1,2,1,0,2,4,3
11,16,5,4,4,3,1,6,2,3,1,1,0,3,0,1,0,0,1,1,0,0,1,1,0,1,0,1,0,0,0,1,1,1,2,0,0,0,0,0,0,0,0,0,0,0,1,0,1,1,0,0,0,1,1,0,0,0,0,1,0,0,0,0,0,0,0,0,0,0,0,1,0,0,0,0,0,1,2,0,0,0,0,1,0,0,0,0,0,0,0,0,0,1,0,0,0,0,0,2
28,17,11,7,6,3,4,0,1,2,2,1,0,0,0,0,1,3,0,0,1,0,1,0,0,1,0,0,0,0,1,0,1,0,1,0,0,0,0,0,1,0,0,2,0,1,0,0,0,0,2,0,0,0,0,0,1,2,1,0,1,0,0,0,0,1,0,0,1,1,0,1,0,0,0,1,0,1,0,0,1,1,1,0,1,2,0,0,0,0,0,0,0,0,0,1,1,0,0,1
28,26,9,8,0,3,1,1,1,2,1,4,7,5,4,5,5,3,3,2,8,9,4,8,11,12,8,7,3,7,7,10,9,5,8,7,10,8,2,7,6,3,4,2,4,3,4,5,4,0,5,3,4,1,3,6,3,3,1,6,0,4,3,3,2,3,1,4,2,2,3,2,1,2,3,2,8,1,0,2,3,1,0,1,0,1,0,0,3,2,1,1,1,0,1,2,0,1,0,3
986,78,10,7,7,11,7,4,3,4,4,5,1,7,3,5,4,5,4,5,4,6,5,3,5,2,7,1,5,5,2,3,4,2,0,7,5,4,2,2,4,2,7,1,3,4,6,5,1,0,4,0,2,3,2,2,2,0,3,3,0,0,0,1,4,1,1,0,0,1,1,2,1,0,1,1,1,0,2,1,0,3,2,1,0,1,0,1,2,2,0,4,0,3,1,0,1,2,2,1
486,144,37,17,17,20,11,13,7,11,10,11,10,6,9,16,3,9,8,8,8,12,5,7,11,11,12,13,13,17,18,15,17,9,11,16,21,17,16,14,16,21,10,13,15,10,11,15,8,8,6,7,1,5,11,7,9,3,1,6,8,7,4,6,3,4,5,3,1,1,1,3,1,2,2,4,5,3,5,0,1,2,0,2,2,3,1,1,3,4,1,5,2,2,2,1,1,2,0,2
52,30,20,9,5,7,4,4,3,2,3,3,0,7,2,0,4,4,4,0,3,0,3,2,1,0,2,1,2,0,1,0,0,2,3,2,3,1,3,2,1,0,1,1,0,1,2,2,2,0,2,1,2,1,3,1,0,3,0,2,3,1,0,4,2,0,2,2,2,3,1,2,1,3,1,3,2,2,1,0,0,1,4,2,2,0,1,2,0,2,0,0,3,2,0,2,2,0,0,3
34,31,29,30,20,13,15,11,13,8,5,2,2,4,5,2,6,2,1,2,4,1,4,1,4,1,1,2,1,3,1,0,1,0,1,0,1,0,0,2,1,1,1,0,0,0,0,0,1,1,0,3,0,1,1,0,0,1,0,1,2,1,0,0,1,0,3,0,1,0,1,0,0,0,0,2,1,1,0,2,0,1,0,0,0,2,1,0,0,0,0,0,1,0,0,0,0,1,0,1
7,8,7,2,4,4,4,5,6,3,7,6,3,4,5,1,2,2,3,3,2,5,5,6,3,1,6,3,6,1,6,3,1,3,4,4,5,4,6,2,5,4,3,6,8,3,10,8,1,6,7,7,5,3,5,3,4,1,3,3,2,3,4,2,0,4,2,5,1,3,3,3,0,5,4,2,5,1,1,0,2,2,0,0,1,0,2,1,0,1,2,1,1,2,0,2,0,2,2,5
1,0,0,0,1,1,1,0,0,1,1,1,0,0,0,0,0,0,1,0,1,0,0,2,3,0,2,1,0,2,2,1,0,0,0,0,0,1,2,1,0,1,1,0,1,0,0,3,0,1,0,1,0,0,1,1,2,0,0,2,1,0,0,0,1,1,0,0,1,1,0,0,0,0,0,0,1,0,0,1,0,0,0,0,0,0,1,0,3,0,1,0,1,1,0,0,1,2,0,1
203,83,29,14,5,13,6,4,10,8,4,6,6,7,5,4,9,7,10,4,5,5,7,6,5,5,3,5,8,3,3,2,6,9,4,4,1,8,4,4,6,2,3,1,0,4,4,7,4,5,4,3,2,5,4,3,3,2,1,4,2,3,1,3,1,2,1,5,5,2,1,1,2,3,1,2,5,3,1,4,3,5,4,3,1,1,0,1,1,1,0,2,1,1,2,0,1,4,1,4
11,20,21,13,18,15,14,10,5,9,9,10,7,9,5,7,5,12,11,5,10,7,3,3,4,4,4,3,4,6,1,2,2,6,2,2,4,2,3,2,1,4,3,3,1,0,0,1,0,2,1,1,1,0,3,0,3,1,0,1,1,2,4,0,1,6,2,1,0,2,2,0,2,2,2,5,4,1,3,1,5,4,1,3,1,3,1,2,0,4,0,1,3,3,2,2,1,0,3,1
128,175,78,33,17,9,4,5,2,6,2,3,3,2,2,1,1,1,2,0,0,1,1,1,1,1,2,1,0,0,1,0,2,1,1,1,1,0,0,0,2,4,2,0,1,1,1,3,0,0,0,1,3,0,1,1,1,0,0,2,0,1,0,1,1,0,0,1,1,1,3,1,0,3,1,1,2,1,1,0,1,0,2,2,2,2,1,1,1,0,2,0,2,0,2,2,0,0,0,2
651,345,225,129,105,86,61,57,45,34,21,17,18,16,23,15,22,18,10,11,8,13,15,8,21,12,14,11,7,14,8,7,6,12,11,10,4,10,7,4,7,6,3,4,6,1,9,2,7,5,5,4,5,5,5,6,6,5,4,7,3,10,5,2,1,5,0,3,0,9,0,1,2,1,2,2,3,7,3,2,4,3,3,1,1,3,4,0,3,1,2,1,0,1,1,4,1,2,1,3
19,10,1,1,2,1,0,1,0,0,0,0,0,0,0,0,0,0,0,0,1,0,0,1,0,0,0,0,0,0,1,0,0,0,0,0,0,0,0,0,0,0,0,1,0,0,0,1,0,1,1,0,0,0,0,0,0,1,1,1,0,0,0,1,0,0,0,1,0,0,1,1,0,1,0,0,0,1,1,0,0,0,0,0,0,0,0,0,0,0,0,0,0,1,0,0,1,1,0,1
436,183,29,15,10,10,2,2,8,6,7,7,3,3,5,12,2,10,7,4,3,4,3,4,2,5,6,3,2,5,4,5,5,1,4,3,3,4,4,3,4,0,3,2,7,4,8,2,3,4,4,0,4,3,1,4,4,2,3,1,6,3,2,4,0,1,2,1,2,3,1,1,0,1,3,5,0,1,2,5,2,3,2,2,2,1,1,3,2,1,1,3,0,1,2,0,2,2,1,2
1195,97,29,7,3,1,2,4,2,1,0,0,1,0,1,1,2,0,0,0,1,0,0,0,0,1,0,0,0,1,1,0,0,0,0,1,0,0,0,0,1,2,0,0,2,0,0,0,0,0,0,0,1,0,1,0,1,1,3,0,1,1,0,0,0,2,1,1,0,1,1,0,1,1,1,0,4,3,2,3,2,6,5,3,1,5,2,2,2,2,1,5,5,3,0,3,2,3,3,4
31,11,17,16,19,17,17,23,34,32,23,25,22,23,21,20,23,12,15,12,19,12,14,8,9,9,8,5,4,13,4,8,3,3,3,4,2,5,1,2,3,5,0,4,2,2,3,4,2,1,1,0,2,2,3,1,1,4,1,1,0,2,1,1,2,0,0,0,3,3,3,1,5,1,2,2,0,1,1,0,2,1,1,1,1,2,4,0,0,3,0,1,1,1,0,0,0,0,0,2
388,109,28,16,2,4,5,8,1,2,4,2,3,5,5,9,2,3,3,1,2,8,2,2,8,13,14,7,6,9,16,11,11,11,13,17,12,10,15,13,21,17,12,16,16,5,13,14,10,11,6,9,7,8,7,8,9,5,2,4,11,6,5,5,4,7,5,0,3,3,4,4,0,1,4,4,4,3,3,2,1,0,1,3,0,3,1,3,3,1,4,4,1,4,1,1,2,1,2,3
128,56,23,12,9,1,1,2,0,0,0,0,0,0,0,0,0,0,0,0,0,0,0,0,0,0,0,0,0,0,0,0,0,0,0,0,1,0,0,1,0,0,0,0,0,0,0,0,1,0,0,0,0,1,0,0,0,1,1,0,0,0,0,0,0,0,0,0,0,0,0,0,0,0,0,0,0,0,0,1,0,0,0,0,0,0,1,0,1,0,0,0,0,0,0,0,0,0,1,1
1410,175,72,56,31,20,17,8,11,5,4,3,1,1,4,3,0,3,1,0,1,0,0,1,1,0,1,2,3,2,3,0,2,1,3,2,1,2,2,1,5,2,3,6,1,2,4,2,4,4,2,3,3,1,4,3,6,3,7,1,5,3,1,3,2,5,4,5,2,0,0,1,1,0,1,2,2,4,0,2,0,0,1,1,1,0,1,0,1,1,1,1,1,0,3,1,2,1,1,1
1332,825,320,109,44,11,7,5,7,6,1,4,4,2,4,8,4,1,8,26,65,83,84,59,41,29,31,22,17,9,15,6,13,9,6,10,1,3,4,4,2,2,2,1,0,1,1,1,2,0,2,0,1,2,1,3,0,0,1,0,0,0,0,1,0,1,0,0,1,0,1,1,0,0,0,1,0,0,0,1,2,1,0,0,1,1,0,0,0,0,0,1,0,1,1,0,1,0,0,2
675,11,2,0,3,2,1,1,1,2,4,8,7,7,7,12,7,8,5,21,16,20,11,13,7,12,15,7,14,11,11,3,3,6,9,6,7,4,11,8,7,5,7,6,7,2,6,6,6,4,8,5,6,7,3,5,5,2,1,2,4,5,7,2,7,5,3,5,4,9,5,4,5,6,5,2,1,2,1,4,1,2,4,2,2,1,2,1,5,4,3,2,1,1,3,2,0,2,0,4
1,0,0,0,0,0,1,0,0,0,1,1,1,1,1,0,0,0,0,0,0,1,0,1,0,0,0,0,0,0,0,0,0,1,1,2,1,0,0,0,2,0,0,0,0,0,0,0,0,0,0,0,0,0,1,0,0,0,0,2,1,0,1,0,0,0,0,0,0,0,0,0,0,1,0,1,0,0,0,0,0,0,1,0,0,0,0,0,0,0,0,0,0,0,0,0,0,0,0,1
973,550,246,113,86,71,46,32,46,32,24,25,22,19,17,12,16,12,16,17,15,2,6,7,5,4,12,9,9,5,6,4,7,5,4,5,5,8,10,6,2,4,6,9,8,6,5,6,8,2,7,6,8,5,5,4,4,3,5,5,3,5,7,4,4,2,3,2,2,4,3,3,2,2,3,2,1,3,3,0,2,3,3,4,0,2,1,2,1,0,0,3,2,2,0,2,0,0,1,3
259,8,8,3,4,2,2,1,10,4,3,5,5,2,4,4,5,0,5,4,1,5,3,4,1,4,3,5,9,3,2,2,1,1,4,5,4,7,5,4,6,5,4,2,4,3,1,2,5,3,9,9,4,1,6,3,2,6,3,3,4,7,3,5,2,4,2,4,3,6,3,2,4,3,1,2,7,4,4,1,1,2,4,2,5,1,1,1,1,2,5,3,0,1,4,1,1,1,1,5
19,23,4,2,1,0,0,0,0,0,0,0,0,0,0,0,0,0,0,0,0,0,0,0,0,0,0,0,0,0,0,0,0,0,0,0,0,0,0,0,0,0,0,0,0,0,0,0,0,0,0,0,0,0,0,0,0,0,0,0,0,0,0,0,0,0,0,0,0,0,0,0,0,0,0,0,0,0,0,0,0,0,1,0,0,0,0,0,0,0,0,0,0,0,0,0,0,0,0,1
81,35,15,16,13,12,11,21,22,6,13,4,8,4,4,2,1,2,0,0,2,0,3,0,1,2,0,0,0,1,2,0,1,1,0,0,1,2,3,1,1,0,0,1,2,1,0,4,0,1,1,3,0,2,1,1,0,0,0,2,0,0,2,0,0,3,0,1,1,1,0,1,1,1,0,1,1,0,0,1,2,2,1,0,2,0,0,2,0,1,1,1,2,3,1,1,1,1,0,2
3,2,8,29,16,11,12,13,6,2,4,7,2,0,5,4,1,0,3,0,1,2,2,0,0,0,1,0,1,1,0,0,0,2,0,0,0,0,0,0,1,1,0,0,0,1,0,0,0,0,0,0,0,0,0,0,0,0,1,0,0,2,0,0,0,1,0,1,0,0,0,1,0,0,0,0,2,0,0,0,0,0,0,1,0,0,2,0,2,2,0,0,0,1,1,0,0,1,1,3
38,12,10,16,11,9,19,19,17,13,18,22,16,24,16,18,15,9,9,9,11,5,9,6,8,7,5,5,4,5,3,1,3,3,3,3,3,0,2,3,3,0,1,2,2,2,1,1,0,2,1,2,1,2,3,2,1,2,2,5,2,2,3,1,3,2,3,2,3,0,2,3,0,2,1,2,3,0,1,1,2,5,2,1,1,0,2,1,3,0,5,3,5,5,3,2,4,1,3,2
575,18,5,4,3,0,1,1,1,2,0,0,2,1,0,0,3,2,1,1,3,0,0,2,2,0,0,2,2,2,2,3,4,4,2,5,3,2,3,0,5,2,3,3,4,8,5,5,6,5,5,7,3,5,4,4,10,2,3,4,8,4,2,4,6,11,2,7,3,8,2,7,4,4,2,5,6,6,7,6,4,4,4,2,1,3,3,3,3,3,3,4,4,6,2,3,4,1,8,2
48,27,21,27,20,12,15,8,5,6,6,4,4,0,2,2,0,0,3,2,0,1,0,0,1,0,0,0,0,4,1,0,1,0,0,1,0,1,1,0,0,1,3,0,0,1,1,0,1,1,1,2,1,1,0,0,1,0,0,1,3,1,0,0,2,1,1,3,1,1,1,0,2,0,0,1,1,1,2,0,1,0,3,4,2,0,1,2,2,0,1,0,0,1,1,2,0,1,1,2
2,1,1,1,2,1,3,3,3,2,6,5,3,2,1,2,3,2,1,1,4,1,1,2,2,2,5,2,1,1,1,1,0,0,3,1,0,1,0,2,0,0,1,1,2,0,0,1,0,0,0,1,0,0,1,3,0,0,0,3,0,0,1,1,1,0,1,1,1,0,0,1,0,0,0,1,2,0,1,2,1,3,0,2,1,0,0,1,0,1,1,1,0,0,2,1,1,1,3,1
17,12,12,12,7,22,12,16,4,4,14,8,5,8,7,5,11,7,8,9,10,7,6,10,6,6,3,2,8,7,4,2,7,7,5,5,6,1,5,8,4,3,5,8,9,1,3,5,5,7,6,3,5,2,4,4,2,2,6,3,4,1,1,3,1,6,4,1,2,5,7,2,1,1,1,1,1,5,3,0,6,1,1,1,3,3,1,1,3,2,1,1,2,0,0,2,0,1,2,1
19,5,6,1,3,2,2,4,1,1,2,0,0,0,0,2,0,0,0,0,0,0,1,0,0,0,0,1,0,1,0,0,0,0,0,0,0,0,1,0,1,0,0,0,1,1,0,2,0,0,0,0,0,0,0,0,0,0,0,1,0,0,0,0,0,1,1,1,1,1,1,0,0,0,0,0,1,1,0,0,0,1,1,0,1,0,0,0,1,0,0,0,0,0,0,0,0,0,0,1
1,0,2,0,0,0,0,0,4,4,3,9,8,22,12,29,27,31,28,47,45,44,39,41,22,38,33,39,40,39,41,44,36,30,49,16,21,19,20,23,15,18,15,21,10,12,5,11,7,4,3,8,3,3,2,3,6,3,4,1,5,3,0,1,1,2,0,0,2,0,2,1,1,0,1,0,0,0,0,1,0,1,0,0,0,0,0,1,1,0,0,0,0,0,0,0,0,0,0,1
69,51,26,15,14,17,17,15,13,11,8,6,10,4,12,6,6,5,3,7,5,5,6,5,5,8,6,6,4,9,4,4,3,3,3,2,4,4,3,3,5,2,6,4,5,4,4,3,6,8,8,5,3,5,5,5,3,0,5,9,3,2,2,3,6,2,6,3,4,0,0,4,5,3,0,3,2,1,0,2,3,4,3,0,2,1,7,4,2,1,2,3,2,1,3,2,1,2,3,2
899,485,358,278,196,171,138,130,114,97,79,86,74,48,55,34,45,45,42,48,26,27,32,22,16,21,18,13,12,24,10,16,13,9,7,11,6,13,6,5,6,5,7,6,2,6,4,3,4,8,7,1,2,1,3,2,2,4,0,0,1,3,1,2,2,4,2,2,0,0,0,1,1,1,0,0,0,1,0,0,0,1,0,0,1,0,0,0,0,0,1,0,0,0,0,0,1,0,1,1
422,428,398,383,362,315,289,270,283,246,220,214,188,183,176,162,152,142,127,132,101,79,79,83,72,67,60,67,61,34,34,44,56,43,32,40,35,35,20,25,25,20,24,18,10,10,12,7,8,11,10,13,12,11,11,6,5,7,7,5,3,5,0,2,4,6,2,5,1,1,2,1,2,3,2,0,0,0,0,1,1,0,4,0,1,0,0,0,0,0,1,1,1,0,1,0,0,1,1,1
39,27,12,10,4,7,6,1,8,6,3,3,3,1,1,3,4,3,1,1,1,5,3,5,2,3,1,0,2,0,2,2,4,5,1,5,1,4,2,2,1,1,1,5,0,1,3,0,1,3,4,4,4,0,2,4,1,1,3,1,1,4,0,2,0,0,2,1,1,3,2,1,4,0,1,2,2,2,1,0,2,2,1,1,2,2,1,2,1,1,3,0,0,1,3,0,0,0,4,3
230,104,40,62,60,35,16,15,3,8,6,4,0,2,2,2,0,4,2,0,0,0,0,0,1,0,0,1,0,0,0,0,0,1,0,0,0,0,0,1,1,0,1,0,0,0,0,0,1,0,0,1,0,0,1,0,1,1,1,0,0,1,0,0,0,1,0,0,1,1,1,0,0,2,0,1,1,1,1,1,1,3,1,0,1,1,0,1,1,2,0,0,2,1,0,0,0,0,0,3
146,140,115,83,55,37,23,23,11,13,11,7,8,5,7,10,2,1,5,2,5,4,3,2,4,3,4,3,2,4,6,2,2,4,5,2,3,3,3,3,3,3,2,2,4,1,3,3,3,3,4,2,0,0,2,3,3,1,0,1,2,2,2,5,1,1,2,1,3,1,1,4,2,2,4,1,4,1,2,4,0,0,1,1,2,2,1,0,2,2,5,0,3,1,5,3,2,0,2,3
3651,291,8,1,0,0,0,0,0,0,0,0,0,0,0,0,1,0,1,1,1,0,0,1,1,4,1,1,1,3,0,1,1,1,1,0,3,1,3,2,3,2,5,1,1,6,5,5,5,7,2,7,2,4,6,3,3,1,4,4,4,4,4,3,8,3,3,2,5,5,3,5,0,3,6,3,3,7,2,4,3,2,5,2,6,2,4,1,4,4,2,4,5,2,2,5,1,1,1,3
358,220,186,163,140,118,95,92,89,63,85,61,65,60,65,62,54,39,35,25,33,30,33,29,18,26,23,21,23,20,13,16,16,17,10,15,12,7,7,14,4,11,6,9,6,2,4,5,3,4,5,0,1,3,5,0,2,6,3,1,0,1,3,2,1,1,0,4,1,3,0,1,1,0,1,1,0,1,0,0,3,1,0,0,1,0,0,0,0,0,0,0,1,1,0,1,0,0,1,1
83,14,4,4,6,10,9,13,18,15,20,8,9,10,9,5,7,8,3,7,11,8,10,9,3,8,7,6,12,10,11,4,6,11,2,8,9,7,5,7,6,3,7,4,7,5,6,6,4,4,7,1,3,5,2,5,6,2,0,2,1,3,3,6,3,4,6,8,4,5,3,4,6,2,5,3,2,4,1,3,1,4,2,1,2,0,5,3,3,1,0,4,3,1,4,3,3,4,1,2
471,171,37,21,4,5,1,1,1,0,0,0,1,0,0,0,0,0,0,0,1,1,0,0,1,0,0,0,0,1,1,0,0,1,1,0,0,0,1,1,0,2,0,1,1,0,0,1,1,0,1,1,0,1,1,2,0,0,0,1,1,0,1,2,1,1,2,2,2,0,1,4,3,1,2,1,2,0,2,1,1,2,0,0,1,1,0,2,0,2,0,2,2,0,2,1,1,2,3,1
15,21,8,4,3,8,6,5,5,6,4,1,4,1,1,4,3,2,1,3,3,0,4,2,3,1,1,1,1,1,0,2,1,1,0,0,1,0,0,0,1,1,0,0,2,0,1,0,0,2,1,0,0,0,3,0,0,0,0,0,1,0,0,1,1,0,0,0,2,0,3,1,0,0,0,0,1,0,3,1,0,0,1,2,0,0,1,0,0,0,1,0,0,1,1,0,0,1,1,3
435,481,152,75,50,39,21,22,10,12,15,10,4,5,6,5,6,6,0,2,3,2,1,3,0,3,2,1,2,2,3,4,0,3,4,3,2,3,0,2,2,2,2,4,3,4,0,3,5,3,1,1,3,0,1,0,2,2,1,1,1,0,1,2,0,0,3,1,0,2,1,0,0,0,2,5,0,0,2,0,2,1,2,2,1,3,1,1,2,2,2,0,1,1,2,0,1,1,3,3
125,43,18,11,10,6,6,10,1,2,4,2,1,0,0,1,0,0,1,1,0,0,1,0,0,0,0,0,0,0,0,0,0,0,0,0,0,0,0,0,0,0,0,0,0,0,0,0,0,0,0,0,0,0,0,0,0,0,0,0,0,0,0,0,0,0,0,0,0,0,0,0,0,0,0,0,0,0,0,0,0,0,0,0,0,0,0,0,0,0,0,0,0,0,0,0,0,0,0,1
757,263,169,136,80,63,45,30,35,26,15,19,8,14,8,9,5,4,3,3,2,1,1,0,0,1,1,2,2,1,1,0,0,0,1,3,0,0,0,0,1,2,2,0,3,1,1,1,2,0,3,2,1,0,3,2,2,3,1,0,6,1,2,1,3,0,4,2,3,6,1,1,6,0,0,1,1,1,3,3,4,4,4,2,3,4,2,2,2,0,3,4,4,2,1,2,2,1,5,5
85,35,22,37,19,20,24,13,9,10,3,10,9,4,6,7,1,6,5,3,3,1,3,3,1,2,4,0,2,2,1,0,0,5,1,2,0,1,0,1,0,2,3,0,1,2,1,1,0,0,2,1,0,1,0,0,2,2,1,3,3,2,2,2,0,0,1,0,1,3,1,1,1,0,1,0,1,2,0,1,0,1,1,1,3,2,0,0,1,1,1,0,0,1,2,1,1,0,1,1
1775,364,146,89,58,55,63,48,45,47,49,45,37,49,37,39,29,30,29,21,23,22,21,25,19,22,12,29,23,9,19,16,16,13,16,14,9,12,8,10,11,9,11,4,7,6,7,8,2,7,5,6,5,5,1,3,3,2,6,1,2,2,2,3,2,1,5,5,2,2,2,2,0,4,0,2,1,3,1,0,0,3,1,0,1,2,3,2,0,0,3,0,0,0,1,0,1,0,2,2
990,279,42,18,10,6,5,3,3,4,4,4,5,2,5,5,3,2,0,1,3,3,2,5,2,4,3,3,2,0,1,3,3,1,2,3,3,3,2,1,0,6,2,3,3,4,0,2,0,5,2,3,0,1,2,3,5,3,3,2,6,1,1,2,4,2,3,1,3,5,1,4,3,1,1,4,2,3,1,3,3,2,2,5,2,1,1,2,0,3,3,1,1,1,2,5,4,1,2,2
1,0,0,0,0,0,0,2,0,0,1,1,0,2,0,1,0,2,3,2,4,1,3,1,1,1,1,3,4,0,0,1,0,1,0,1,3,1,2,3,1,0,1,2,1,3,2,1,2,1,2,3,3,4,0,2,1,1,1,2,2,0,0,0,4,0,2,0,1,3,5,0,1,1,0,1,1,1,0,3,1,3,2,0,1,1,1,0,0,0,1,2,0,2,1,1,2,1,0,1
103,180,102,46,18,11,11,10,8,6,6,3,1,3,1,4,1,1,0,0,0,2,2,1,1,2,1,1,0,1,1,2,2,0,2,1,1,1,2,1,0,6,2,3,3,2,0,1,4,3,2,2,3,3,0,1,2,4,2,1,1,4,2,3,0,5,2,2,3,1,5,0,3,3,0,3,2,1,2,3,1,1,4,2,0,3,1,5,3,3,2,3,4,1,3,2,3,3,3,3
261,336,246,92,35,14,5,1,3,1,0,0,0,0,0,0,0,0,1,0,0,0,0,0,0,0,0,0,0,0,0,0,0,0,0,0,0,0,0,0,0,0,0,0,0,0,0,0,1,0,0,0,0,0,0,0,1,0,0,0,0,0,0,0,0,0,0,0,0,0,0,0,0,0,0,0,0,0,0,0,0,0,0,0,0,0,0,0,1,0,1,0,0,0,0,0,0,0,0,1
208,14,11,4,7,6,5,6,1,3,1,0,0,0,0,0,0,0,0,0,0,0,0,0,0,0,0,0,1,0,0,1,0,1,0,0,0,0,1,0,1,0,0,2,1,1,0,1,1,1,0,1,1,0,0,2,1,2,4,4,3,3,3,1,0,1,4,1,3,4,4,6,4,7,2,4,2,6,3,4,1,3,2,6,2,2,3,0,2,4,9,1,2,1,5,3,2,5,5,3
20,23,34,43,35,24,18,21,21,10,13,9,2,7,6,3,5,4,3,3,1,4,3,1,0,2,3,0,0,1,0,1,0,0,1,0,0,0,0,0,1,0,0,0,0,1,0,0,0,0,0,0,0,0,0,0,0,0,0,0,0,0,0,0,0,0,0,0,0,0,0,0,0,0,0,1,0,0,0,0,0,0,0,0,0,0,2,0,0,0,0,0,0,0,0,0,0,0,0,1
52,34,22,23,5,2,10,9,4,0,0,1,3,1,2,0,1,0,0,1,1,1,1,1,0,1,2,0,0,0,1,0,0,1,0,0,0,0,0,1,0,0,0,0,0,2,1,1,0,0,0,2,0,0,0,0,0,1,1,1,0,0,1,1,1,1,1,1,0,0,1,0,0,0,1,0,1,0,0,0,0,1,1,1,0,0,0,0,0,2,1,3,0,0,0,0,0,0,0,1
130,23,5,4,6,12,15,15,20,18,21,12,15,8,16,13,4,6,5,2,1,2,3,4,5,3,1,2,7,1,3,3,0,2,2,1,1,0,0,1,2,0,1,0,1,1,0,0,3,2,1,0,0,0,0,0,1,1,2,2,2,0,1,0,2,0,1,0,2,0,1,1,3,0,0,1,2,1,1,0,0,0,0,0,1,0,0,0,0,0,0,1,1,0,0,1,1,1,0,2
837,253,164,117,76,58,49,21,33,21,12,17,11,9,4,8,4,2,3,1,1,0,0,0,0,0,0,0,0,1,0,0,0,0,0,0,0,0,0,0,0,0,0,0,0,1,0,0,0,0,0,0,0,0,1,1,0,0,0,1,2,1,0,1,2,0,4,1,2,3,2,2,3,0,0,1,2,3,2,4,4,3,3,2,2,3,2,2,1,1,3,4,3,1,2,2,1,5,3,2
183,19,18,17,11,7,3,1,3,1,1,0,1,0,1,0,0,0,0,0,1,0,0,0,1,1,1,0,0,0,0,1,0,0,0,0,0,0,1,2,1,0,0,0,0,0,0,0,0,0,0,0,1,0,0,1,0,0,0,0,1,0,0,0,1,0,1,0,0,0,0,0,0,1,1,1,0,0,0,0,0,0,2,0,1,0,0,0,0,0,0,2,2,1,0,0,0,0,1,1
9,7,13,27,27,28,18,22,13,13,10,13,15,10,11,10,4,6,11,2,8,7,8,5,3,6,3,6,6,1,4,1,4,3,4,4,1,9,2,7,2,3,3,2,1,1,2,5,4,2,2,3,1,2,2,3,3,1,2,2,3,0,3,2,1,1,3,2,4,1,2,0,1,3,0,2,1,1,1,2,2,0,3,0,1,1,1,1,0,1,1,2,0,1,1,3,2,0,1,1
1,2,2,3,2,2,3,5,4,5,5,2,6,6,1,6,6,4,1,7,6,5,0,2,1,1,5,3,0,0,3,2,4,4,1,0,2,0,1,2,1,3,3,1,0,0,2,1,2,1,0,2,0,2,0,1,1,0,1,0,1,2,2,0,1,0,0,1,0,2,0,0,1,1,2,2,1,0,1,0,0,0,1,1,1,0,0,0,2,0,1,0,0,0,0,0,0,1,1,4
13,27,26,14,6,6,5,9,7,3,2,4,4,1,3,3,3,1,3,1,2,2,1,4,4,2,3,1,1,2,4,1,3,1,3,3,1,2,0,9,3,4,1,3,0,5,2,3,4,4,1,3,3,3,1,1,0,2,2,1,0,7,3,2,1,2,4,3,1,0,3,3,3,2,2,1,0,3,1,3,1,1,0,2,3,1,2,0,2,3,1,0,0,2,1,3,0,2,0,3
1071,825,163,101,63,58,36,24,15,12,15,15,11,10,6,4,8,5,6,4,3,4,0,2,3,7,3,1,2,0,2,2,2,1,1,3,1,3,4,2,1,0,3,0,2,0,1,1,1,0,3,0,0,1,0,0,2,1,0,1,0,1,0,2,1,0,0,0,1,0,0,0,1,1,0,1,0,0,0,0,1,0,0,0,0,0,1,1,1,0,2,1,0,1,0,1,0,0,1,1
3,3,2,2,6,6,2,5,4,2,6,3,5,3,8,5,3,0,6,0,2,3,1,4,1,1,0,1,3,4,3,1,1,2,1,2,3,2,1,0,3,1,0,2,0,2,1,0,0,2,1,1,2,3,0,0,2,0,3,2,3,2,0,1,0,2,0,1,2,0,1,0,0,0,0,2,2,1,2,0,1,1,0,0,1,0,0,0,0,0,1,0,2,1,0,0,0,1,1,1
563,124,91,63,37,32,16,14,13,8,10,16,4,7,10,8,7,10,5,7,10,4,7,6,8,4,5,5,4,5,5,7,5,5,4,4,3,2,4,1,4,4,3,4,2,3,3,10,2,2,3,2,5,7,2,3,4,3,2,2,6,6,4,3,1,3,3,1,4,5,2,1,2,2,1,2,5,1,0,3,1,3,2,1,1,3,3,3,1,2,1,2,1,2,0,1,1,2,3,2
232,200,148,73,24,5,10,5,4,3,2,1,3,1,5,0,0,2,5,19,30,37,31,41,32,20,21,16,14,11,6,7,6,5,5,3,2,3,0,3,4,0,4,3,1,1,8,5,5,1,3,1,1,0,1,1,2,0,5,1,2,3,1,1,0,2,1,3,1,1,0,0,1,1,0,2,1,1,0,0,1,0,1,1,1,0,1,0,3,1,0,0,1,0,1,1,0,0,0,1
21,8,1,2,2,3,8,0,1,1,2,2,0,0,0,1,1,0,0,0,0,0,0,1,0,1,0,1,1,0,0,0,0,1,0,0,1,0,0,0,0,0,2,0,0,0,0,0,0,0,0,0,1,0,0,0,0,0,0,1,0,0,0,0,0,0,0,2,0,1,1,0,0,0,0,0,0,0,0,0,0,0,0,0,0,0,0,0,0,0,0,0,0,0,1,0,0,0,0,1
11,2,4,1,3,2,2,1,0,2,0,1,1,1,0,2,0,0,1,1,2,1,0,1,0,1,1,1,0,1,1,3,0,1,0,1,0,1,1,0,0,1,3,0,1,1,1,0,0,0,0,0,0,2,0,0,2,1,0,0,0,0,0,1,1,1,0,0,0,0,1,1,0,0,0,1,1,1,0,0,0,0,3,1,0,0,1,0,1,1,0,0,0,0,0,0,0,2,0,1
154,48,43,42,30,17,12,12,10,9,6,5,6,3,7,4,3,1,2,4,1,5,2,3,2,0,3,1,6,4,3,0,3,0,4,2,5,2,2,4,2,3,0,3,0,0,1,1,3,1,3,2,0,0,2,3,4,1,2,1,1,0,4,0,2,3,0,1,1,1,3,0,4,3,0,2,0,0,1,1,0,0,2,0,2,0,1,0,3,1,0,0,1,0,1,1,0,0,0,5
6,3,6,9,4,6,1,1,2,2,1,0,1,2,0,0,0,2,0,1,2,0,0,1,0,0,2,2,0,0,1,0,0,0,1,0,0,2,1,1,0,0,0,0,0,2,0,1,0,1,1,0,0,1,0,0,0,1,1,1,0,0,0,1,1,0,0,0,0,1,1,0,0,0,0,0,1,0,0,1,2,0,1,0,1,0,1,1,1,0,1,0,0,1,1,1,0,1,0,1
29,67,35,16,13,5,5,0,0,0,1,1,0,2,1,0,1,0,0,1,0,1,1,0,0,0,0,0,0,1,0,2,1,4,0,2,1,0,1,3,0,0,0,2,0,2,0,1,1,0,0,0,1,0,1,0,1,2,0,0,0,0,0,1,2,0,3,0,2,1,2,1,0,0,1,1,0,0,0,1,1,2,2,1,1,1,1,0,1,2,0,1,3,0,1,0,3,1,1,2
303,84,63,22,11,10,3,3,2,1,2,1,1,2,1,1,0,1,0,1,1,1,0,0,0,0,0,0,0,0,1,0,1,0,0,0,0,1,0,0,0,0,0,2,0,0,1,0,0,0,0,0,0,0,0,0,0,0,0,0,0,0,1,1,0,0,0,0,0,0,0,0,0,1,0,0,0,0,0,0,1,0,0,0,0,0,0,1,0,1,0,1,0,0,0,0,1,0,1,1
95,25,21,10,8,5,3,3,6,1,2,2,3,0,1,0,2,1,0,1,0,2,3,1,2,0,0,1,0,1,1,1,0,0,0,1,1,0,1,1,0,1,0,0,0,0,0,0,1,0,0,0,0,0,1,0,2,0,1,0,0,0,0,0,0,0,0,0,1,0,0,0,1,1,0,0,1,1,0,1,0,1,0,1,0,0,0,0,2,0,0,1,0,0,0,0,0,1,1,1
24,24,9,8,3,5,1,0,2,0,0,3,0,0,2,1,0,0,0,3,0,1,2,1,0,0,0,2,0,1,0,0,2,0,2,1,0,1,1,1,0,0,1,1,0,1,0,1,2,1,1,0,1,0,3,1,2,0,2,1,1,0,1,1,0,0,2,1,1,0,0,1,0,0,0,1,0,1,0,0,0,0,0,0,1,1,2,0,1,1,1,0,2,1,0,0,1,0,0,1
182,43,17,8,4,1,3,1,0,3,1,2,0,0,0,0,0,0,0,1,0,1,0,0,0,0,0,0,3,0,0,1,0,0,1,0,0,0,0,0,0,1,0,0,1,0,0,1,0,0,0,0,0,0,0,1,0,0,1,0,0,1,1,0,0,0,0,0,0,0,0,1,0,0,1,0,0,0,0,1,1,0,0,0,1,0,0,0,0,1,1,0,0,0,0,0,0,1,0,2
24,68,36,21,16,12,10,8,8,5,3,3,1,2,1,0,2,0,1,2,0,0,2,0,0,0,1,2,3,1,1,0,0,2,1,2,0,0,1,0,3,1,2,0,1,2,0,3,0,1,2,1,0,1,1,0,2,0,1,0,1,1,1,0,1,0,1,2,3,1,2,2,3,3,1,0,1,1,1,0,0,2,0,0,3,1,1,2,0,2,1,1,0,0,1,1,1,3,1,3
617,75,15,11,7,4,6,4,1,4,5,5,3,3,2,3,3,1,0,1,2,3,2,0,2,2,4,0,2,3,7,3,3,3,3,5,7,4,1,5,7,2,7,6,7,1,2,6,4,5,3,5,4,3,6,4,3,4,2,1,3,4,2,2,6,5,1,1,4,0,2,4,3,4,3,4,1,4,2,3,3,2,2,1,5,2,3,1,1,2,4,2,1,3,2,6,1,4,3,1
122,103,61,32,21,15,8,3,5,3,4,6,5,5,3,0,1,4,2,4,2,2,3,3,4,2,3,1,1,4,1,3,3,4,4,5,1,2,1,1,5,5,5,1,3,3,7,5,1,6,2,5,5,4,1,2,6,5,0,3,4,3,6,4,2,2,4,1,4,1,1,3,3,1,1,0,3,7,3,0,2,0,2,3,1,1,2,2,1,2,0,3,2,2,1,0,2,0,1,3
15,19,9,1,3,4,1,5,2,0,1,1,1,1,1,1,1,0,0,2,3,0,1,0,0,0,1,3,1,0,2,1,0,0,2,2,2,1,0,0,0,0,0,0,1,0,0,1,1,0,0,0,0,0,0,0,0,0,0,2,2,1,0,1,0,0,1,1,0,0,1,3,1,0,0,0,0,0,1,1,0,1,2,0,0,1,0,0,0,1,1,0,0,1,0,0,0,0,0,1
1695,827,109,24,14,9,5,1,2,3,2,3,1,4,1,2,2,2,2,2,3,2,1,0,2,0,1,2,0,2,1,1,5,2,1,1,1,1,2,0,1,1,0,2,0,1,2,0,1,1,1,0,0,0,0,1,1,0,0,3,1,2,1,2,0,2,0,0,2,2,0,0,1,0,0,0,1,2,0,0,1,1,2,0,1,1,2,0,0,0,3,0,0,1,0,1,0,0,1,1
6,2,1,0,0,0,1,0,0,1,0,1,1,0,0,0,0,0,0,0,0,2,0,0,0,0,1,1,1,0,0,0,0,3,1,0,1,0,0,0,1,1,0,0,0,1,1,1,0,0,1,0,0,0,1,1,0,3,0,1,0,1,0,0,1,0,0,1,0,0,1,0,0,0,0,0,0,1,1,1,0,1,1,0,0,0,0,0,0,0,0,1,0,0,0,1,0,1,0,1
6,0,1,2,0,5,3,3,3,2,3,3,1,6,2,4,3,3,4,2,2,2,2,1,4,2,1,3,2,3,2,2,2,1,1,2,1,1,2,1,3,0,0,2,3,1,0,0,0,1,0,0,1,0,1,0,0,0,1,2,3,2,0,0,0,1,0,0,0,0,2,0,0,1,0,0,2,0,1,0,0,2,2,1,3,0,1,0,1,0,0,0,2,0,0,0,2,0,0,3
15,5,1,1,1,1,1,0,1,0,1,1,0,0,1,1,0,0,2,0,1,0,0,1,0,0,0,1,0,0,0,0,1,0,1,0,0,1,0,1,1,0,0,0,2,1,0,1,1,0,0,1,0,0,0,0,0,0,1,0,1,0,0,0,0,1,0,0,0,0,0,0,1,0,0,0,1,0,0,0,0,0,0,0,1,0,0,1,0,0,0,1,0,0,0,0,0,1,1,2
16,9,8,12,15,17,8,13,8,5,8,13,9,9,6,3,10,9,6,6,3,8,9,7,5,3,4,3,3,5,6,3,7,8,8,0,5,1,1,5,2,4,2,3,4,4,4,4,4,5,1,3,3,5,2,2,6,0,2,2,1,4,6,1,1,3,3,3,2,4,1,2,1,1,3,2,1,5,5,0,1,2,1,0,0,1,4,0,0,0,1,0,0,2,0,5,0,1,0,3
4,5,1,7,9,6,6,1,3,7,8,5,15,12,13,21,26,20,27,26,27,17,33,37,25,33,38,28,22,25,26,30,31,32,12,7,16,20,11,22,11,4,15,10,7,10,10,11,7,8,6,7,10,3,3,7,3,3,7,5,3,2,6,5,4,4,4,3,2,3,1,2,2,4,3,0,0,1,0,0,3,1,0,1,2,0,4,3,0,1,0,0,1,1,0,2,2,1,0,2
36,16,11,12,4,5,8,3,6,8,9,4,3,9,8,6,9,9,10,3,7,3,6,5,3,6,8,10,2,4,4,5,4,10,4,9,6,6,6,9,8,4,7,6,3,5,3,7,3,4,5,11,9,7,11,6,3,4,6,4,6,1,2,5,8,3,11,0,4,5,6,2,3,4,5,2,3,1,4,4,5,5,1,4,1,2,1,3,4,1,2,2,1,1,3,2,4,6,1,2
89,22,9,12,17,18,9,9,5,3,7,2,6,3,3,2,2,4,4,1,1,3,1,2,1,3,4,1,1,2,1,1,2,1,1,1,0,1,2,1,0,0,1,3,3,1,0,0,2,3,0,0,0,0,1,4,2,0,1,0,3,1,1,0,0,1,0,0,1,0,0,1,1,1,1,0,3,1,0,0,0,1,2,0,1,0,1,1,0,1,0,0,0,0,0,1,0,1,0,1
24,5,7,8,3,5,8,2,3,4,7,3,5,6,2,3,3,1,3,4,3,4,3,4,7,4,6,7,2,2,4,3,3,4,3,5,1,3,7,2,2,3,5,4,2,3,2,6,7,0,3,3,3,4,2,1,2,4,3,2,4,5,2,4,4,7,3,4,7,2,1,2,2,3,1,3,2,2,2,0,0,4,3,2,1,1,3,3,4,3,0,1,1,1,3,3,2,4,2,2
115,23,9,13,8,12,11,14,5,4,2,0,7,1,3,0,3,2,1,3,0,1,2,0,0,0,1,1,0,1,3,0,3,3,1,1,3,1,0,0,0,1,1,0,0,1,1,1,1,3,1,1,1,0,1,0,0,0,2,2,1,0,1,1,3,1,2,2,0,1,2,1,2,0,1,0,1,1,1,2,0,1,3,0,2,0,2,0,1,1,1,1,3,1,0,1,0,1,1,2
115,87,51,38,31,32,19,9,17,12,10,12,6,15,9,4,5,6,8,4,10,7,4,5,6,7,4,5,5,2,3,3,5,5,5,2,2,2,1,3,3,4,3,11,2,5,3,6,7,4,5,5,2,4,2,4,3,2,3,3,1,5,3,6,3,3,7,1,9,5,2,5,2,0,1,3,4,4,2,2,2,0,0,4,1,2,2,3,3,0,4,0,1,4,5,1,1,1,1,4
24,37,33,30,27,22,14,9,12,11,4,4,6,3,1,0,0,3,2,0,0,0,0,2,1,0,0,0,0,0,0,0,0,0,0,2,0,0,0,1,0,0,0,1,0,0,2,0,2,0,1,1,3,0,1,3,2,0,2,0,2,0,1,1,2,0,1,1,0,0,1,3,1,0,0,1,0,0,1,2,1,3,1,1,1,1,4,0,1,2,0,3,0,1,1,0,0,0,1,3
30,153,91,46,19,7,2,2,2,0,0,0,0,0,0,0,0,0,0,1,0,0,0,0,0,0,0,0,0,0,0,0,0,0,0,0,0,0,0,0,0,0,0,0,0,0,0,1,0,1,0,0,0,0,1,0,0,0,1,1,0,1,0,0,1,2,0,0,0,1,0,0,0,1,0,0,0,1,0,0,0,0,1,0,0,0,0,0,0,0,0,0,0,0,0,0,1,0,0,1
16,31,21,9,8,13,5,6,3,1,4,3,1,5,5,6,6,6,6,10,14,14,17,14,15,13,15,18,27,22,14,18,16,19,16,17,11,15,14,17,16,9,12,18,15,10,11,7,8,9,6,9,9,8,8,5,4,5,4,6,6,10,4,7,2,4,4,3,6,2,0,5,2,3,3,3,5,3,1,0,3,0,5,3,1,2,1,1,3,2,0,2,2,0,2,1,0,1,0,1
2,2,1,0,2,1,0,1,2,0,0,0,0,0,0,0,0,1,0,0,0,0,0,0,0,0,0,0,0,0,0,0,0,0,0,0,0,0,0,0,0,0,0,0,1,0,0,0,0,0,0,0,0,0,0,0,0,0,0,0,1,0,0,0,0,0,0,0,0,0,0,0,0,0,0,0,0,0,0,0,0,0,0,0,0,0,1,0,0,0,0,0,0,0,0,0,0,0,0,1
7,10,8,10,8,9,9,10,12,12,10,11,4,7,11,7,10,8,9,6,5,4,6,1,3,5,4,3,3,3,5,5,3,3,4,1,4,2,5,3,2,2,7,3,4,6,2,4,2,0,2,4,2,1,1,2,1,3,1,5,4,4,3,2,3,1,3,1,3,3,4,0,3,2,2,4,2,3,3,1,5,3,3,2,3,3,1,1,0,0,2,1,1,2,3,2,2,1,1,3
181,96,46,18,13,5,13,7,11,4,7,2,5,5,2,1,3,2,2,2,1,2,5,4,0,1,1,3,2,3,2,1,1,8,1,2,0,2,0,1,3,6,0,0,4,2,2,1,4,3,4,3,5,1,3,2,4,3,2,2,4,2,0,3,5,2,1,5,1,6,3,5,2,6,3,3,7,2,6,2,5,0,3,6,2,0,0,4,2,1,1,2,2,4,6,3,5,0,2,3
21,6,1,2,0,2,1,0,0,0,1,0,0,0,0,0,0,0,0,1,1,0,0,0,0,1,0,0,0,0,0,0,0,0,0,0,0,0,0,0,0,0,0,0,0,1,0,0,0,1,0,0,0,0,0,0,1,0,1,0,0,0,0,0,2,0,0,0,0,0,0,0,0,0,0,1,0,0,0,0,0,0,0,0,0,2,0,0,0,0,0,0,0,0,0,0,1,0,0,1
9,2,2,5,2,0,0,1,0,0,0,0,0,0,0,0,0,0,2,1,0,0,0,0,0,2,3,0,1,0,0,1,0,1,0,0,0,0,0,0,0,0,0,0,1,0,0,0,0,0,1,0,0,0,0,0,0,1,1,0,0,1,1,1,0,1,0,0,0,1,0,1,1,0,0,0,1,1,0,0,0,0,0,0,0,0,0,0,0,0,0,1,0,0,1,0,0,0,0,2
131,80,28,12,6,8,5,6,2,0,4,5,2,1,2,1,1,2,0,3,1,2,0,3,0,2,1,1,1,2,1,1,2,1,1,3,3,1,4,2,1,1,3,3,1,4,2,2,2,0,3,0,1,2,2,2,0,1,3,1,1,3,2,2,2,0,0,2,2,4,1,3,1,0,0,2,3,0,1,1,1,1,4,2,1,3,1,1,0,3,0,2,1,2,0,2,2,1,0,3
4,10,19,11,5,6,5,2,2,6,5,5,3,3,3,4,3,1,0,0,1,0,0,1,0,1,1,0,0,2,2,0,0,0,1,0,0,1,1,1,1,0,1,0,2,0,0,0,0,1,0,0,0,0,0,1,0,0,0,1,0,0,0,0,1,0,0,0,0,0,0,0,0,1,1,0,0,0,0,0,0,0,0,0,0,1,0,0,0,0,0,1,0,0,0,0,1,0,0,1
53,64,33,18,10,9,14,10,13,3,2,4,1,1,1,1,0,1,0,3,0,2,2,3,1,4,3,1,1,3,1,2,1,0,0,1,0,0,2,1,0,0,1,1,1,2,0,1,1,1,0,0,0,0,0,1,1,2,1,1,1,1,0,0,1,1,0,1,1,0,1,1,0,0,2,0,0,1,0,0,0,1,1,3,0,0,0,0,0,1,1,2,0,0,1,0,0,2,0,1
56,39,25,8,11,12,7,11,4,5,3,11,13,5,3,4,5,1,3,4,7,3,3,2,2,5,2,2,0,1,1,1,3,3,2,0,2,2,1,2,2,0,3,1,0,1,0,1,1,0,4,0,0,3,0,0,1,0,0,4,0,0,2,0,1,2,1,1,0,0,3,1,2,2,2,2,0,1,3,1,1,1,2,2,0,1,0,1,2,0,2,3,2,1,1,0,1,2,0,1
239,211,47,24,7,5,0,1,1,1,1,1,0,0,0,0,0,0,1,1,1,0,1,0,0,0,0,0,0,0,0,0,0,0,1,0,0,0,1,0,1,2,0,0,1,0,0,1,0,0,0,2,0,1,2,3,0,0,0,1,0,1,0,2,0,1,2,2,2,1,2,1,2,1,2,2,0,1,2,1,1,0,0,0,2,1,0,1,1,4,0,2,2,0,0,1,2,0,4,1
90,14,7,6,8,3,2,8,4,6,1,1,0,0,0,0,2,2,0,1,2,0,2,0,0,2,1,1,1,1,0,1,1,0,1,1,0,2,2,0,1,2,1,5,1,2,0,0,0,2,1,0,0,0,0,1,3,0,5,3,4,4,3,0,1,2,1,2,3,4,0,4,2,4,4,3,4,3,4,2,2,3,3,5,4,0,1,1,3,1,6,0,2,1,2,3,2,4,4,1
13,5,6,3,0,1,1,1,0,2,2,0,0,1,0,1,1,0,1,0,0,1,1,1,0,0,0,0,0,0,1,1,0,0,0,1,0,0,0,0,0,0,0,0,0,1,1,0,0,0,2,0,0,0,0,2,0,0,0,1,0,1,0,0,1,1,0,1,0,0,0,1,0,0,0,1,1,0,0,0,0,0,0,0,1,0,0,0,0,1,0,0,0,1,0,0,0,0,1,2
433,135,15,2,0,3,3,2,3,1,4,2,1,1,2,3,3,3,1,2,1,2,9,4,6,6,1,5,6,6,4,3,7,5,1,4,4,4,1,2,5,1,3,2,1,2,0,1,0,0,2,1,0,0,2,0,2,0,1,0,0,3,1,1,1,2,1,2,0,1,1,0,0,0,0,1,1,0,2,0,1,0,2,2,1,1,1,1,0,3,0,1,3,1,1,2,3,0,0,3
40,27,21,11,6,12,4,3,4,3,4,3,2,5,3,3,2,4,1,4,7,5,0,3,0,4,2,8,5,2,2,2,1,2,3,3,3,0,2,0,1,1,1,5,4,1,1,2,2,3,5,3,2,4,2,3,0,0,3,1,2,1,5,6,0,4,0,1,0,1,1,3,2,1,2,2,0,5,3,0,0,1,0,1,1,1,1,2,2,1,1,1,0,2,2,1,2,1,2,2
18,16,14,9,5,3,5,4,4,3,2,0,2,1,4,1,1,3,5,3,1,2,2,4,0,3,2,1,0,2,1,2,0,0,0,2,1,2,4,1,3,0,0,3,0,0,1,1,1,2,1,1,0,2,0,1,0,1,0,0,0,2,1,1,0,0,0,1,0,0,0,1,2,1,2,1,1,1,0,1,1,0,0,2,1,0,2,0,1,0,0,0,1,1,2,0,2,0,0,1
49,15,13,12,12,13,14,17,7,7,4,4,7,4,8,5,2,6,2,2,0,3,3,4,2,2,1,1,0,2,1,3,1,0,1,1,0,0,2,0,0,1,0,0,0,0,0,1,1,0,0,0,0,0,0,0,0,0,0,0,0,1,1,0,0,3,0,0,0,1,1,0,1,0,0,0,0,0,0,0,0,0,0,0,0,0,0,0,0,0,0,0,0,0,1,0,0,0,0,1
52,74,38,14,10,5,8,3,2,1,3,7,2,5,2,1,2,2,0,1,0,0,2,2,0,0,0,1,0,1,2,0,0,1,0,0,0,0,0,0,0,0,0,0,0,0,0,0,0,0,0,0,0,1,0,0,0,0,0,0,0,0,1,0,0,0,1,1,0,1,0,0,1,0,0,0,0,0,0,0,1,0,0,0,0,0,0,0,0,0,1,0,0,0,0,0,0,0,1,1
3234,607,27,3,6,2,5,0,5,3,3,1,2,4,1,4,2,5,3,5,2,2,2,7,6,3,3,2,1,3,2,2,3,3,7,2,4,3,5,2,6,3,6,2,3,8,8,4,6,9,1,8,5,5,6,4,3,4,2,9,6,4,5,4,8,5,4,4,5,5,5,3,3,6,5,4,4,5,2,3,1,2,3,4,5,3,3,5,2,3,1,3,4,2,3,4,1,2,1,3
332,53,48,43,40,27,25,19,12,23,12,22,12,12,15,5,12,7,9,7,4,5,7,10,4,6,3,2,0,1,1,3,1,4,4,3,2,5,2,1,3,3,3,1,5,1,1,0,2,1,2,1,0,4,1,2,1,2,1,0,1,3,1,1,2,1,1,2,3,1,2,0,1,1,1,1,0,1,0,0,1,0,3,3,1,1,1,0,1,0,0,1,1,0,1,0,1,1,0,1
92,423,350,172,100,70,41,39,22,14,15,13,9,4,4,3,8,7,4,4,5,6,5,6,7,3,6,5,2,2,6,1,2,6,7,3,4,3,5,3,2,4,3,0,4,2,4,3,1,2,5,2,3,1,3,0,2,3,6,1,6,1,5,2,0,6,4,6,5,2,4,1,3,2,1,3,2,1,3,2,1,0,1,4,3,2,1,4,2,0,2,3,1,3,3,2,0,2,1,2
59,33,22,21,18,14,9,6,10,8,11,6,3,4,4,6,3,5,5,3,4,1,2,1,1,3,2,0,2,0,1,1,0,1,0,0,1,1,1,0,0,0,0,0,0,1,0,0,0,0,1,0,0,0,0,0,0,0,0,0,0,0,0,0,0,0,1,1,0,0,0,0,0,1,1,0,0,0,0,0,0,0,0,0,0,1,0,0,0,0,0,0,0,0,0,1,0,0,0,1
110,63,51,28,41,15,18,22,27,19,16,12,16,14,12,9,14,13,18,12,16,17,19,10,14,11,18,19,10,11,9,12,9,11,13,12,10,10,8,7,9,11,7,9,6,9,4,4,8,4,6,4,7,6,4,3,5,7,6,12,4,2,4,4,1,1,4,6,2,4,5,3,1,1,4,1,1,1,3,3,2,3,5,5,1,4,0,2,1,1,3,1,0,1,3,2,4,3,2,2
153,154,90,39,29,18,10,11,3,5,2,0,6,0,0,2,2,1,1,0,2,1,0,3,0,0,2,0,1,2,1,1,2,2,2,2,1,2,0,3,1,2,3,3,0,2,3,1,4,2,1,1,3,1,2,2,2,0,1,3,3,5,1,3,1,3,5,2,3,1,2,3,5,2,4,2,3,3,0,0,4,0,2,3,1,2,1,2,2,1,0,2,2,3,1,2,1,2,0,4
158,57,20,13,6,1,3,0,0,0,0,0,0,0,0,0,0,0,0,0,0,0,0,0,0,0,0,0,0,0,0,0,0,0,1,0,0,1,0,1,0,0,1,0,0,1,0,1,0,0,1,0,0,0,1,1,0,0,0,0,1,0,0,0,0,0,0,0,0,0,0,1,1,0,1,0,0,0,0,0,0,1,0,0,1,0,0,0,0,0,0,0,0,1,1,0,0,0,0,1
43,22,8,6,1,2,3,1,2,2,1,2,0,0,0,0,1,0,0,2,1,0,0,0,0,0,0,0,2,0,0,1,0,0,1,0,0,0,0,0,0,0,0,1,0,0,1,0,0,0,0,0,0,0,1,0,0,1,0,0,0,0,0,0,0,0,0,1,0,0,1,0,0,1,0,0,0,1,0,0,0,0,0,0,0,1,0,0,1,0,0,0,0,0,0,0,0,0,1,1
1265,763,303,102,38,11,4,4,4,3,2,3,1,4,0,1,1,1,10,40,81,79,63,67,43,31,27,20,18,12,10,9,8,14,9,5,3,2,6,1,2,3,2,0,3,1,0,3,0,1,1,1,0,3,2,0,0,1,0,0,0,0,1,0,1,0,0,1,1,1,0,0,0,0,1,1,0,1,2,1,1,0,1,0,0,0,0,0,0,0,0,0,0,1,0,0,1,0,0,1
136,21,4,8,7,10,9,12,19,15,21,10,10,9,10,8,7,8,4,5,13,8,10,12,3,9,8,6,14,10,12,5,5,10,4,9,8,7,5,8,6,4,7,3,9,6,6,5,4,4,6,1,3,4,3,5,6,2,1,3,3,3,3,5,3,4,7,9,3,4,3,4,8,0,5,3,2,4,1,2,1,4,3,1,2,0,5,1,3,1,1,2,4,1,4,3,3,4,1,2
150,275,42,23,14,8,6,6,7,4,7,5,8,4,9,9,7,6,5,6,10,10,8,8,13,8,6,9,5,10,13,15,10,18,16,11,14,10,17,12,11,11,17,9,5,6,11,6,8,13,5,10,5,6,6,4,6,2,10,7,4,7,2,4,3,9,3,3,5,6,3,2,7,4,3,3,1,3,1,6,3,3,2,3,2,3,1,3,2,0,3,0,1,0,1,2,1,0,1,1
21,20,7,3,2,1,4,1,0,1,0,0,1,1,1,1,0,0,0,2,2,2,2,0,1,0,0,0,0,0,2,2,0,3,0,0,1,0,2,0,2,1,4,0,2,1,0,1,0,1,0,0,1,0,2,1,0,0,3,2,1,0,0,2,1,0,0,1,0,2,0,1,0,1,1,0,0,0,0,3,1,0,0,1,2,0,0,0,1,0,1,1,0,3,1,0,1,0,0,1
6,7,3,1,0,0,0,0,0,0,0,0,0,0,0,0,0,0,0,0,0,0,0,0,0,0,0,0,0,0,0,0,0,0,0,0,0,0,0,0,0,0,0,0,0,0,0,0,0,0,0,1,0,0,0,0,1,0,0,0,0,0,0,0,0,0,0,0,0,0,1,0,1,1,0,0,0,0,0,0,0,0,0,0,0,1,0,0,1,0,0,0,0,0,0,0,0,0,0,1
799,457,157,80,54,31,12,8,7,11,6,5,11,12,6,11,5,7,9,8,9,9,12,7,7,9,12,11,10,10,14,11,11,13,11,14,9,9,11,11,10,11,10,9,10,8,8,11,10,14,8,14,14,8,12,6,5,6,8,7,10,11,2,6,7,6,6,5,5,2,7,3,1,6,5,4,7,2,3,3,2,2,4,1,0,4,0,1,1,2,4,3,0,3,0,2,1,0,0,2
1678,892,105,31,9,6,8,4,0,5,2,1,3,2,3,2,3,0,0,0,1,2,3,0,0,1,0,1,1,1,0,2,0,0,0,0,0,1,0,1,1,0,1,0,0,0,2,0,0,3,0,0,0,0,1,2,0,1,0,0,0,0,3,0,1,0,0,2,0,0,0,0,0,0,1,0,0,0,0,1,0,1,0,2,0,1,0,2,0,0,0,2,1,1,1,1,0,1,0,1
637,292,135,123,114,87,72,60,55,48,40,60,53,43,44,42,25,43,40,29,31,24,27,25,23,16,15,19,12,22,12,9,14,17,14,15,12,11,7,5,6,11,12,7,12,8,7,6,6,8,7,8,3,5,0,9,2,4,5,3,4,4,0,4,3,1,3,3,2,1,1,2,2,1,0,3,3,2,0,1,0,1,0,1,1,0,0,0,0,0,1,0,0,1,1,0,0,0,2,2
878,17,1,0,0,0,0,0,0,0,0,0,0,0,0,0,0,0,0,0,0,0,0,1,0,0,0,0,0,0,1,0,1,0,1,0,0,0,2,0,2,0,0,3,2,3,4,2,3,5,2,2,2,3,3,1,5,2,2,1,3,4,5,3,3,5,4,2,2,0,1,3,0,0,1,1,2,3,0,2,0,1,0,1,1,0,1,0,3,1,1,0,1,0,1,1,2,0,0,1
123,48,23,4,3,2,3,1,3,0,2,0,1,1,0,0,1,1,0,0,2,1,2,0,1,2,2,0,0,0,1,0,3,0,0,0,0,1,2,0,0,0,2,0,0,0,0,0,1,1,1,0,0,1,0,0,0,0,1,0,1,0,0,1,2,1,0,1,0,1,0,0,1,0,0,1,1,0,1,0,1,0,1,1,0,0,0,1,1,0,0,0,0,1,0,0,0,0,1,1
50,289,248,168,103,73,51,39,34,31,15,16,12,9,8,8,7,12,12,13,11,9,6,6,7,9,11,5,5,4,8,3,9,5,7,5,8,7,6,12,4,3,7,2,8,10,6,8,7,10,4,7,6,4,7,2,4,3,5,3,4,6,5,10,7,4,7,4,4,7,1,8,4,3,4,3,13,2,5,7,6,4,4,4,2,1,5,6,1,3,1,5,2,2,0,0,2,2,2,3
480,168,37,20,4,3,0,0,0,1,1,0,3,0,0,0,0,0,1,0,3,1,1,0,0,0,0,0,0,1,0,0,0,0,1,0,0,3,1,0,0,2,0,1,1,0,0,2,1,0,1,1,0,1,1,2,0,0,1,2,2,0,0,2,1,1,2,2,3,0,1,3,1,1,4,2,1,1,3,1,1,1,0,1,1,1,1,3,0,3,1,2,2,0,2,2,2,1,2,2
681,232,76,30,17,12,13,5,11,8,6,8,4,8,9,9,6,1,8,7,6,5,8,9,7,5,3,4,5,4,8,2,5,4,4,5,2,1,4,7,3,6,6,3,4,7,1,2,2,4,5,4,1,1,8,5,3,1,6,3,7,2,4,5,6,2,2,2,2,3,1,3,4,3,1,5,0,5,2,4,3,5,3,3,2,4,4,2,1,2,2,4,5,0,2,1,2,1,2,2
0,0,0,0,0,0,0,0,0,0,0,0,0,0,0,0,0,0,0,0,0,0,0,0,0,0,0,0,0,0,0,0,0,0,0,0,0,0,0,0,0,0,0,0,0,0,0,0,0,0,0,0,0,0,0,0,0,0,0,0,0,0,0,0,0,0,0,0,0,0,0,0,0,0,0,0,0,0,0,0,0,0,0,0,0,0,0,0,0,0,0,0,0,0,0,0,0,0,0,0
283,242,112,71,46,40,39,27,26,26,14,24,14,16,22,27,24,19,15,13,17,16,25,14,13,10,14,15,13,15,8,16,15,10,8,5,4,8,13,2,7,7,7,9,11,8,3,10,12,4,4,8,4,7,6,2,8,5,7,2,7,4,2,1,7,1,2,3,2,2,3,3,1,5,2,2,1,3,4,1,0,1,2,2,0,2,3,2,4,0,0,6,0,0,3,2,1,2,1,3
1411,189,72,53,37,19,20,10,10,7,6,1,3,0,5,0,2,2,4,0,1,0,0,0,2,2,2,1,2,3,1,2,0,1,4,0,2,1,3,1,2,4,3,3,4,1,3,5,3,3,4,2,3,3,1,4,3,6,4,6,2,3,3,1,3,1,5,4,6,3,0,0,1,1,0,0,4,3,3,1,0,2,1,0,3,0,0,0,2,1,0,2,1,1,1,2,2,0,3,2
480,146,19,6,4,5,8,5,5,3,3,4,1,5,4,4,8,5,2,5,2,2,8,4,5,8,2,4,6,6,3,6,9,4,3,4,4,5,0,1,5,2,4,1,2,4,0,0,1,1,4,2,0,0,4,0,0,0,2,0,1,2,1,0,1,4,2,1,0,2,2,2,1,1,1,1,1,1,2,0,0,0,4,2,2,1,1,2,1,2,2,1,4,1,2,0,2,2,1,5
28,26,9,8,0,2,2,2,1,2,1,4,7,5,4,5,4,3,3,2,8,9,5,8,11,12,8,7,3,7,7,10,9,5,8,7,10,9,2,7,6,3,4,2,4,4,5,5,3,0,5,3,5,1,3,6,3,3,1,5,0,4,4,3,2,3,1,4,2,3,3,2,1,2,3,2,8,1,0,2,3,1,0,1,0,1,1,0,3,2,1,1,1,0,1,2,0,1,0,3
1033,79,14,11,14,16,8,4,4,10,6,7,5,6,2,5,5,7,9,7,9,8,7,8,6,8,9,5,7,7,4,2,6,2,1,8,8,4,2,1,3,2,5,2,3,9,6,5,3,0,4,0,2,2,5,4,3,1,2,3,1,1,1,2,4,2,3,0,0,3,1,1,2,2,3,1,4,0,2,2,1,2,4,0,1,2,2,1,1,2,1,3,1,3,1,1,1,0,2,3
422,122,32,14,17,15,9,11,3,7,8,9,13,2,12,14,3,8,10,7,9,11,7,8,10,8,17,9,12,15,17,11,17,11,13,17,19,14,22,12,21,18,11,9,20,9,11,13,12,8,7,8,4,8,11,3,8,3,3,7,8,5,3,4,2,7,3,1,1,3,1,3,1,1,3,5,4,3,3,1,1,0,2,0,2,1,2,1,3,2,4,5,0,4,2,1,2,0,2,2
36,71,28,19,10,15,7,12,6,3,1,3,1,1,1,1,1,0,2,1,0,0,2,0,0,0,1,3,2,2,0,0,0,1,1,2,0,1,0,1,2,2,1,1,1,1,1,3,0,1,2,2,0,2,1,0,1,0,2,0,1,1,1,0,1,0,1,2,3,1,2,2,3,3,0,0,2,0,1,0,0,2,0,0,3,1,1,2,0,3,1,1,0,0,1,1,1,3,1,3
613,52,12,10,3,5,2,0,0,1,1,2,2,1,2,2,1,1,0,1,1,2,0,0,0,0,3,0,2,2,6,3,1,1,3,3,6,3,3,3,4,3,5,5,4,4,1,3,6,5,3,3,3,1,6,5,6,4,1,1,4,3,2,2,6,5,4,1,4,0,3,1,4,4,2,4,2,3,2,4,2,1,3,2,3,2,3,0,1,1,3,3,1,2,0,7,1,1,1,2
5,6,9,5,3,5,4,4,5,5,5,7,3,3,5,2,3,2,2,3,1,2,8,5,4,1,4,4,4,4,4,5,1,3,4,1,6,5,7,0,7,2,4,5,7,5,6,10,3,6,7,6,6,3,5,3,3,3,2,3,2,2,3,3,0,4,2,5,1,3,3,3,0,5,3,2,6,1,1,0,2,2,0,0,1,0,1,0,1,1,1,2,1,2,0,2,0,0,2,5
201,88,38,15,7,12,6,8,7,7,6,5,7,10,6,6,11,11,6,4,5,6,8,8,6,6,3,3,9,3,1,2,7,9,6,4,1,7,4,3,5,3,3,1,0,2,3,10,5,6,3,5,4,1,4,3,3,1,4,7,1,2,2,3,2,2,0,6,4,1,1,1,1,3,1,2,6,5,0,5,3,2,3,3,2,1,2,0,1,2,0,2,1,2,3,0,1,1,2,2
12,20,21,13,18,14,14,9,5,9,9,10,8,9,5,7,5,12,11,5,10,7,3,3,4,4,4,3,4,6,1,1,2,6,2,2,4,2,3,1,1,3,4,3,1,0,0,1,0,2,1,1,1,0,3,0,3,1,0,1,1,2,4,0,1,6,2,1,0,2,2,0,1,2,2,5,4,1,3,1,5,4,1,3,1,3,1,2,0,4,0,1,2,2,2,2,1,0,2,1
36,69,28,17,9,13,3,4,2,1,3,1,2,1,0,0,1,0,1,1,2,0,0,0,0,0,0,1,1,0,0,0,0,2,0,0,0,1,0,0,0,0,0,1,0,1,0,0,0,0,0,1,0,0,2,0,1,0,0,0,0,1,0,0,0,0,0,0,0,0,0,0,0,0,0,2,2,0,0,1,2,0,0,0,1,0,0,0,0,0,0,0,1,0,0,2,1,1,0,2
559,319,211,113,96,75,57,57,41,30,21,21,20,20,25,15,23,13,16,8,12,14,13,9,13,9,12,8,7,8,11,5,4,14,10,3,13,8,5,7,8,3,3,7,3,7,4,6,6,4,4,5,5,7,8,9,4,5,4,3,7,9,3,2,5,3,1,1,6,3,1,2,2,3,1,4,2,6,4,4,3,1,4,0,4,1,2,2,1,0,2,2,3,1,3,3,0,1,2,1
435,184,29,15,10,10,2,2,8,6,7,7,3,3,5,12,2,10,7,4,3,4,3,4,2,5,6,3,2,5,5,5,5,1,4,3,3,4,4,3,4,0,3,2,7,4,8,2,3,4,4,0,4,3,1,4,4,2,3,1,6,3,2,4,0,1,2,1,2,3,1,1,0,1,3,5,0,1,2,5,2,3,2,2,2,1,1,3,2,1,2,3,0,1,2,0,2,2,1,2
1195,97,29,7,3,1,2,4,2,1,0,0,1,0,1,1,2,0,0,0,1,0,0,0,0,1,0,0,0,1,1,0,0,0,0,1,0,0,0,0,1,2,0,0,2,0,0,0,0,0,0,0,1,0,1,0,1,1,3,0,1,1,0,0,0,2,1,1,0,1,1,0,1,1,1,0,4,3,2,3,2,6,5,3,1,5,2,2,2,2,1,5,5,3,0,3,2,3,3,4
33,11,17,17,19,17,17,23,34,32,23,25,22,23,21,20,23,12,15,12,19,12,14,8,9,9,8,5,4,13,4,9,4,3,2,4,2,5,1,2,3,5,0,4,2,2,3,4,2,1,1,0,3,2,3,1,1,5,1,1,1,2,1,1,2,0,0,0,3,3,2,1,5,1,2,2,0,1,1,0,2,1,1,1,1,2,4,0,0,3,0,2,0,1,0,0,0,0,0,2
359,94,18,5,1,1,1,0,1,2,0,0,0,0,2,2,1,0,1,0,2,2,3,0,5,2,7,7,4,6,9,9,8,9,11,15,12,8,19,7,19,17,15,11,21,4,10,13,10,10,8,8,8,5,8,4,12,4,4,3,11,5,3,6,2,8,6,0,4,3,2,5,1,2,4,4,3,6,4,2,1,1,2,3,0,1,3,1,3,1,3,5,2,3,0,1,4,1,1,4
69,26,18,11,3,3,0,2,1,0,0,0,0,0,1,0,0,0,0,0,2,0,2,0,0,0,1,0,0,2,1,1,0,0,0,0,0,1,1,0,1,0,0,1,2,0,2,1,0,1,0,0,1,0,0,0,0,0,0,0,1,0,1,1,0,0,1,1,0,0,1,0,1,1,1,0,0,0,0,3,2,0,1,0,2,0,2,2,0,1,2,2,0,0,0,0,0,0,2,2
674,10,2,0,3,1,1,2,1,2,4,7,7,8,7,12,7,8,5,21,16,20,11,13,7,12,15,7,14,11,11,3,3,6,9,6,7,4,11,8,7,5,7,6,7,2,6,6,6,4,8,5,6,7,3,5,5,2,1,2,4,5,7,2,7,5,3,5,4,9,5,4,5,6,5,2,1,2,1,4,1,2,4,2,2,1,2,1,5,4,3,2,1,1,3,2,0,2,0,4
1,0,0,0,0,0,0,0,0,0,0,0,0,0,0,0,0,0,0,0,0,0,0,0,0,0,0,0,0,0,0,0,0,1,0,0,1,0,2,1,2,0,0,0,1,1,0,0,0,0,0,2,2,0,0,2,0,0,0,0,0,0,0,1,0,0,3,0,0,0,0,0,1,0,1,1,0,0,1,1,0,1,1,0,0,0,0,0,0,0,1,0,0,0,0,0,0,0,0,1
992,552,242,112,90,70,52,32,41,33,25,23,20,20,17,11,17,12,13,17,14,3,7,7,5,5,13,13,9,7,6,5,8,6,4,6,4,8,9,6,3,6,3,8,7,6,5,6,8,2,6,7,10,3,4,5,4,3,5,7,4,7,5,5,4,3,1,2,2,4,2,3,1,1,3,3,1,3,3,0,3,2,2,2,0,2,2,2,2,0,0,2,2,1,0,2,0,0,1,3
240,8,4,1,3,2,2,0,6,1,2,4,1,2,2,3,4,0,1,1,0,2,2,1,1,2,1,4,4,2,2,0,1,0,4,2,2,5,3,4,6,2,2,0,4,3,0,2,5,3,6,5,3,2,6,4,3,7,4,3,3,8,3,4,1,4,2,4,4,5,2,2,5,2,1,2,6,4,4,1,3,0,4,2,4,1,2,2,1,2,4,4,1,1,4,1,1,1,1,3
19,23,5,0,0,0,0,0,0,0,0,0,0,0,0,0,0,0,0,0,0,0,0,0,0,0,0,0,0,0,0,0,0,0,0,0,0,0,0,0,0,0,0,0,0,0,0,0,0,0,0,0,0,0,0,0,0,0,0,0,0,0,0,0,0,0,0,0,0,0,0,0,0,0,0,0,0,0,0,0,0,0,0,0,0,0,0,0,0,0,0,0,0,0,1,0,0,0,0,1
59,26,13,16,11,12,11,19,21,4,11,5,6,2,1,1,0,0,0,0,0,0,1,1,0,0,0,1,0,0,1,0,0,0,1,0,0,0,0,1,1,0,0,1,1,1,0,1,0,1,0,0,0,3,1,0,0,0,0,1,0,0,0,0,0,1,0,0,0,0,0,0,0,1,0,1,0,0,0,0,2,1,1,0,0,1,0,1,0,0,0,0,1,3,0,1,1,2,0,2
38,12,10,16,11,9,19,19,17,13,18,22,16,24,16,18,15,9,9,9,11,5,9,6,8,7,5,5,4,5,3,1,3,3,3,3,3,0,2,3,3,0,1,2,2,2,1,1,0,2,1,2,1,2,3,2,1,2,2,5,2,2,3,1,3,2,3,2,3,0,2,3,0,2,1,2,3,0,1,1,2,5,2,1,1,0,2,1,3,0,5,3,5,5,3,2,4,1,3,2
578,19,7,4,3,0,2,1,0,2,0,0,2,1,0,0,3,2,1,1,3,0,0,2,2,0,0,2,2,2,2,4,4,4,2,5,4,2,3,0,5,2,3,3,5,8,6,4,6,6,5,7,3,5,4,5,10,3,3,4,7,4,2,4,6,11,2,7,4,8,2,7,4,4,2,5,6,6,7,6,4,4,4,2,1,3,2,3,3,3,3,4,5,5,2,3,4,1,8,1
48,27,21,27,20,12,15,8,5,6,6,4,4,0,2,2,0,0,3,2,0,1,0,0,1,0,0,0,0,4,1,0,1,0,0,1,0,1,1,0,0,1,3,0,0,1,1,0,1,1,1,2,1,1,0,0,1,0,0,1,3,1,0,0,2,1,1,3,1,1,1,0,2,0,0,1,1,1,2,0,1,0,3,4,2,0,1,2,2,0,1,0,0,1,1,2,0,1,1,2
5,11,18,26,35,30,22,14,12,12,16,12,8,4,8,8,5,2,3,6,3,3,1,2,3,1,2,1,1,2,2,1,0,0,2,0,0,0,0,3,1,1,0,0,0,0,1,1,0,0,0,0,0,0,0,0,0,0,0,0,1,0,0,1,0,0,0,0,0,0,1,0,0,0,0,0,0,0,0,0,0,0,0,0,0,0,0,0,0,0,0,0,0,0,0,0,0,0,0,1
2,0,0,1,0,0,0,0,0,0,0,0,1,0,0,0,0,0,0,0,0,0,0,0,0,0,0,0,0,0,0,0,0,0,0,0,0,0,0,0,0,0,0,0,0,0,0,0,0,0,0,0,0,1,0,0,0,0,0,0,0,0,0,0,0,0,0,0,0,0,0,0,0,0,0,0,0,0,0,0,0,0,0,0,0,0,0,0,0,0,0,0,0,0,0,0,0,0,0,1
74,15,7,5,7,3,2,1,2,2,2,0,0,0,0,1,0,2,0,1,0,0,0,0,0,0,0,0,1,0,1,1,2,0,0,0,2,2,1,0,1,0,0,1,2,0,0,1,0,0,1,2,2,2,0,0,1,0,0,0,1,0,3,0,1,1,1,4,1,1,1,0,0,1,0,1,0,0,0,1,1,2,2,0,1,1,1,0,0,0,0,2,0,1,0,0,1,0,0,1
12,9,11,18,16,13,7,6,1,3,0,1,1,0,0,1,1,0,0,1,2,1,0,2,0,1,1,0,0,0,0,0,0,0,0,0,0,0,0,0,0,1,0,0,0,2,0,0,1,0,0,0,0,0,0,1,0,0,0,2,0,0,0,0,2,0,0,0,0,0,0,0,0,0,0,1,0,0,0,0,0,0,0,0,0,0,0,0,0,0,0,0,0,0,0,0,0,0,0,1
1,2,21,43,36,37,44,24,20,9,6,10,4,3,2,3,0,4,2,2,2,2,0,0,0,4,0,2,0,0,0,0,0,0,0,0,0,0,0,0,1,0,0,0,0,0,0,0,0,0,0,0,0,0,0,0,0,0,0,1,0,0,0,0,0,0,0,0,0,0,0,0,0,0,0,0,0,0,0,0,0,0,0,0,0,0,0,0,0,0,0,0,0,0,0,0,0,0,0,1
1,0,0,0,0,0,1,4,5,11,16,19,15,33,29,31,19,29,26,29,33,32,23,23,13,10,18,14,12,14,5,7,10,2,7,2,3,0,8,3,2,4,2,1,1,0,1,1,3,1,3,0,2,0,2,1,1,2,0,1,0,1,0,0,1,0,1,0,1,1,0,0,0,0,0,0,0,0,0,2,0,0,0,0,0,0,0,0,0,0,1,0,0,1,0,0,0,0,0,1
58,18,9,12,7,10,8,12,5,3,2,1,2,0,2,3,0,1,2,1,0,3,1,1,2,0,1,0,0,1,2,0,2,1,1,1,3,0,0,0,0,0,1,0,0,1,0,0,1,1,1,0,0,0,0,0,0,0,0,0,3,0,0,0,1,0,1,1,0,1,0,2,1,2,1,0,0,2,0,1,1,0,0,1,1,1,0,1,1,0,1,0,1,1,0,0,2,0,2,1
13,3,3,5,2,5,0,2,0,1,1,1,0,1,1,1,0,0,1,2,0,0,0,0,0,0,0,0,0,0,0,0,0,0,0,0,0,0,0,0,0,0,0,0,0,0,0,0,1,0,0,0,0,0,0,1,0,0,0,0,0,0,0,0,0,0,0,0,0,0,0,0,0,0,0,0,0,0,0,0,0,0,0,0,0,1,0,0,0,0,0,0,0,1,0,0,0,0,0,1
393,151,107,95,78,80,58,73,64,60,41,59,50,52,33,32,35,38,26,31,30,25,22,28,18,21,27,24,15,14,14,12,17,17,9,10,15,9,13,9,10,7,9,3,4,10,9,5,5,6,7,1,6,3,5,8,3,4,5,4,6,5,3,4,4,3,3,1,4,4,1,1,3,2,2,1,2,2,1,0,2,0,0,2,1,0,0,0,1,1,0,0,0,2,0,0,0,2,0,3
488,482,466,455,398,345,309,322,268,241,242,203,202,174,175,148,142,117,107,98,85,86,74,74,53,37,61,57,36,51,36,36,29,31,28,23,21,13,17,13,13,14,10,16,12,10,7,5,10,5,3,4,3,3,6,3,4,3,3,1,5,3,3,1,0,0,1,0,2,1,1,0,0,0,0,0,0,1,0,1,0,2,0,0,0,0,1,1,0,0,0,0,0,0,0,0,0,0,0,1
49,14,10,10,9,2,4,1,2,1,1,1,1,1,2,1,1,0,2,2,1,1,1,1,0,1,1,1,1,0,2,1,0,2,2,1,1,3,1,1,0,3,1,3,0,0,0,1,0,3,2,0,1,0,1,0,0,0,0,1,1,1,2,1,1,0,5,1,2,1,0,1,1,0,1,1,0,0,1,2,1,1,1,1,2,0,2,1,0,0,0,1,0,0,0,0,1,0,0,2
236,95,40,65,60,35,16,15,3,9,6,7,1,3,2,2,0,5,2,0,0,0,0,0,1,0,0,1,0,1,0,1,0,1,0,0,0,0,0,0,0,0,1,1,0,0,0,0,1,1,0,1,0,0,1,0,2,1,1,0,0,1,0,0,0,1,0,0,1,0,1,0,0,2,1,0,1,1,1,1,1,3,1,0,1,1,1,1,1,2,1,0,2,1,0,1,0,1,1,3
186,143,106,88,65,38,24,26,17,15,17,8,6,9,3,9,5,1,6,6,5,5,4,4,4,6,3,4,2,5,8,5,2,3,9,4,2,2,3,2,5,5,5,2,2,2,1,3,4,2,4,1,1,1,3,3,6,4,0,2,4,2,3,3,0,4,3,3,3,4,3,8,5,6,2,5,3,2,2,2,2,1,1,2,1,1,1,1,2,2,5,2,1,0,4,2,2,0,7,5
3651,291,8,1,0,0,0,0,0,0,0,0,0,0,0,0,1,0,1,1,1,0,0,1,1,4,1,1,1,3,0,1,1,1,1,0,3,1,3,2,3,2,5,1,1,6,5,5,5,7,2,7,2,4,6,3,3,1,4,4,4,4,4,3,8,3,3,2,5,5,3,5,0,3,6,3,3,7,2,4,3,2,5,2,5,3,4,1,4,4,2,4,5,2,2,5,1,1,1,3
746,564,195,32,6,2,0,0,1,1,0,0,0,0,0,0,0,0,0,0,0,0,0,0,1,0,0,0,0,0,0,0,0,0,0,1,0,0,2,1,2,2,3,1,2,2,1,1,5,0,0,3,3,3,1,0,2,2,1,0,2,0,0,0,1,2,1,0,2,1,2,0,0,1,0,0,0,0,0,0,1,1,0,0,0,0,0,0,0,0,1,1,0,1,0,0,0,0,0,1
356,226,187,173,137,120,92,91,86,60,82,65,66,55,66,61,54,39,36,26,34,28,31,28,17,28,24,21,24,20,18,14,18,15,12,18,11,9,7,13,5,9,6,7,5,3,5,5,3,3,6,1,2,2,5,0,3,5,2,2,1,1,1,2,3,1,1,2,2,1,0,1,1,0,1,0,1,1,1,0,3,1,0,0,1,0,0,1,0,0,0,0,0,0,0,0,0,0,1,1
184,94,26,7,5,8,11,5,2,4,0,1,5,1,1,0,1,1,1,1,2,2,0,0,1,1,0,1,0,0,0,0,3,2,1,0,0,1,1,2,1,2,0,0,0,0,0,4,3,0,2,0,1,4,3,0,3,2,2,0,2,1,1,1,0,1,1,1,4,2,0,0,2,2,1,1,2,0,4,0,1,1,2,3,2,0,0,2,0,1,1,1,2,1,1,0,0,0,1,2
265,118,82,41,44,24,26,21,23,17,12,13,13,13,17,19,10,11,8,11,6,9,12,6,12,14,6,6,8,9,11,9,4,12,8,7,5,10,5,10,4,4,5,10,6,5,4,7,6,7,4,4,1,8,4,2,5,3,5,7,1,5,1,1,6,2,0,3,5,3,5,1,7,4,2,2,4,2,2,3,1,2,0,4,4,3,1,2,1,0,1,0,2,4,2,3,2,2,3,2
82,14,4,5,5,10,10,11,20,13,20,8,9,10,9,5,7,8,3,7,11,8,10,9,3,8,7,6,12,10,11,4,6,11,2,8,9,7,5,7,6,3,8,3,7,5,6,6,4,4,7,1,3,5,2,5,6,2,0,2,1,3,3,6,3,4,6,8,4,5,3,4,6,2,5,3,2,4,1,3,1,4,2,1,2,0,5,3,3,1,0,4,3,1,4,3,3,4,1,2
39,36,40,26,26,23,10,8,10,9,6,5,4,3,1,1,1,4,1,0,0,0,0,1,0,0,1,0,0,0,0,0,1,0,1,1,0,0,0,1,0,1,1,0,0,1,1,0,2,1,0,0,3,0,2,2,2,0,2,0,2,0,1,1,2,0,1,1,0,0,1,3,2,0,0,0,0,1,1,3,1,3,0,1,1,0,4,0,1,1,0,4,0,1,0,1,0,0,0,3
250,307,116,66,31,30,12,20,7,5,8,5,4,4,7,4,3,5,5,1,2,4,2,0,2,3,1,2,0,0,2,3,2,2,3,3,2,3,1,1,1,5,2,0,1,2,0,0,1,2,0,2,1,1,2,5,0,2,2,1,1,1,2,1,1,1,1,4,2,0,2,0,0,0,0,3,1,2,1,0,1,2,1,0,0,1,0,1,1,2,0,2,1,0,1,1,0,1,1,4
128,44,17,10,9,7,6,10,1,2,4,2,1,0,0,1,0,0,1,1,0,0,1,0,0,0,0,0,0,0,0,0,0,0,0,0,0,0,0,0,0,0,0,0,0,0,0,0,0,0,0,0,0,0,0,0,0,0,0,0,0,0,0,0,0,0,0,0,0,0,0,0,0,0,0,0,0,0,0,0,0,0,0,0,0,0,0,0,0,0,0,0,0,0,0,0,0,0,0,1
931,428,292,195,100,78,48,36,27,27,16,26,12,11,8,11,4,5,3,6,3,5,3,3,1,2,2,1,9,2,5,2,3,2,4,2,3,3,2,2,2,2,3,8,1,4,6,5,3,7,4,2,4,2,6,3,5,3,4,3,6,1,1,2,0,1,3,2,3,3,1,2,6,1,1,2,3,3,1,4,2,7,1,3,3,5,1,1,2,2,4,2,1,1,2,1,2,5,2,3
1,2,2,3,2,2,3,5,4,5,5,2,6,6,1,6,6,4,1,7,6,5,0,2,1,1,5,3,0,0,3,2,4,4,1,0,2,0,1,2,1,3,3,1,0,0,2,1,2,1,0,2,0,2,0,1,1,0,1,0,1,2,2,0,1,0,0,1,0,2,0,0,1,1,2,2,1,0,1,0,0,0,1,1,1,0,0,0,2,0,1,0,0,0,0,0,0,1,1,4
94,35,23,37,19,20,25,12,9,10,3,11,10,3,6,7,2,6,7,3,3,1,3,3,1,1,4,0,2,2,1,1,0,5,1,2,0,1,0,2,0,2,4,0,1,2,0,2,0,0,2,1,0,1,0,1,3,3,2,3,2,2,2,2,1,0,1,0,1,3,1,2,1,0,1,0,1,2,0,0,0,1,1,1,4,2,0,0,1,1,1,0,0,1,2,1,1,0,2,1
497,387,287,194,141,96,80,61,76,42,60,43,38,31,29,30,27,16,18,16,21,20,18,17,17,13,13,16,14,15,14,13,14,11,15,6,6,8,6,9,13,5,6,14,5,6,5,6,7,7,3,7,9,4,3,3,4,7,2,1,8,5,3,4,3,3,1,5,7,1,2,4,1,3,2,1,0,3,1,1,2,3,2,2,1,0,1,1,5,0,0,0,1,0,1,0,1,1,0,1
1774,368,140,88,57,57,64,45,48,43,48,45,35,53,40,40,28,29,27,23,20,21,19,23,22,22,13,23,24,9,21,15,14,12,15,12,10,11,8,9,11,8,12,7,9,5,7,6,5,5,4,5,2,7,1,3,4,4,4,3,2,2,2,4,3,1,5,5,3,2,2,2,1,5,1,2,0,4,2,0,1,3,0,0,1,1,2,3,0,0,3,1,0,0,1,0,1,0,2,2
979,279,41,16,9,5,5,2,3,4,4,3,4,4,5,4,2,1,1,1,3,2,3,3,0,4,5,2,3,0,1,2,3,1,1,3,1,3,2,2,0,4,1,4,1,4,0,3,1,4,2,4,0,2,3,3,5,3,3,1,5,1,1,2,3,3,3,1,4,4,1,4,3,2,1,3,2,3,1,3,3,3,1,5,2,1,1,2,0,3,2,3,1,1,1,5,4,2,2,2
4,6,5,2,2,2,1,1,1,3,2,1,0,2,0,2,2,1,3,3,3,3,5,1,4,1,3,2,2,2,4,0,1,1,0,2,0,3,2,2,4,1,1,0,3,3,1,7,1,0,2,1,4,3,4,1,2,2,2,1,1,3,0,3,0,3,0,1,0,1,3,5,0,0,1,0,3,0,1,1,2,4,3,2,0,1,2,1,1,0,0,1,2,1,1,0,2,1,0,1
103,180,102,46,18,11,11,10,8,6,6,3,1,3,1,4,1,1,0,0,0,2,2,1,1,2,1,1,0,1,1,2,2,0,2,1,1,1,2,1,0,6,2,3,3,2,0,1,4,3,2,2,3,3,0,1,2,4,2,1,1,4,2,3,0,5,2,2,3,1,5,0,3,3,0,3,2,1,2,3,1,1,4,2,0,3,1,5,3,3,2,3,4,1,3,2,3,3,3,3
275,341,223,88,40,15,6,3,4,0,1,1,0,0,0,0,0,0,1,0,0,0,0,0,0,1,0,0,0,0,0,1,0,0,0,0,0,0,1,1,0,0,0,0,0,0,1,0,0,0,0,0,0,0,0,0,0,0,1,0,0,0,0,0,0,0,0,0,0,0,0,0,0,0,0,0,0,0,1,0,0,0,0,0,1,0,0,1,0,0,0,0,0,1,0,0,0,0,0,1
216,9,8,6,6,6,7,2,2,2,0,0,0,0,0,0,0,0,0,0,0,0,0,0,0,0,0,0,1,0,0,1,0,1,0,0,0,0,1,1,0,0,1,2,0,1,0,1,1,1,0,1,1,0,0,2,1,2,6,2,3,3,3,1,0,3,4,2,2,3,3,6,5,6,2,4,2,6,3,4,1,4,1,6,1,2,3,0,3,4,9,2,1,1,5,3,3,6,3,3
18,25,49,51,34,22,33,11,19,6,9,6,5,4,4,2,5,3,2,1,3,0,1,0,1,0,1,0,1,0,0,0,0,0,1,0,0,0,0,0,0,0,0,0,0,0,0,0,0,0,0,0,0,0,0,0,0,0,0,0,0,0,0,0,0,2,0,0,0,0,0,0,0,0,0,1,0,0,0,0,0,0,0,0,0,0,0,0,0,0,0,0,0,0,1,0,0,0,0,1
241,102,40,63,60,35,16,15,3,8,6,4,0,3,2,2,1,4,2,0,0,0,0,0,1,0,1,0,0,0,0,0,0,1,0,0,0,0,0,1,0,0,1,0,0,1,0,0,1,0,0,1,0,0,1,0,1,1,1,0,0,2,0,1,0,1,0,0,1,0,1,0,0,3,0,1,1,0,1,1,1,3,1,1,1,1,0,2,1,1,0,0,2,1,0,0,0,0,0,3
59,39,23,21,9,3,10,10,4,1,0,2,3,1,2,2,0,0,0,0,1,1,0,0,0,1,2,0,0,1,1,0,0,1,1,0,0,0,1,1,0,0,0,0,0,1,2,1,0,1,0,2,0,0,0,1,0,1,1,1,0,0,1,1,1,1,1,1,0,0,1,1,0,0,1,0,1,0,0,0,0,1,1,0,0,0,0,0,0,3,0,3,1,0,0,0,0,0,0,1
132,20,6,4,9,12,16,16,19,18,19,13,12,12,19,6,6,4,5,0,2,4,4,6,1,1,4,7,1,2,3,1,2,3,2,0,2,1,2,1,0,0,0,1,1,0,1,3,2,1,0,0,1,1,1,1,3,3,1,0,0,1,1,1,1,0,2,0,1,0,4,0,1,2,2,1,1,0,0,0,0,0,1,0,0,0,0,0,0,1,1,0,1,0,0,1,0,2,0,1
837,253,164,117,76,58,49,21,33,21,12,17,11,9,4,8,4,2,3,1,1,0,0,0,0,0,0,0,0,1,0,0,0,0,0,0,0,0,0,0,0,0,0,0,0,1,0,0,0,0,0,0,0,0,1,1,0,0,0,1,2,1,0,1,2,0,4,1,2,3,2,2,3,0,0,1,2,3,2,4,4,3,3,2,2,3,2,2,1,1,3,4,3,1,2,2,1,5,3,2
3,2,8,29,16,11,12,13,6,2,4,7,2,0,5,4,1,0,3,0,1,2,2,0,0,0,1,0,1,1,0,0,0,2,0,0,0,0,0,0,1,1,0,0,0,1,0,0,0,0,0,0,0,0,0,0,0,0,1,0,0,2,0,0,0,1,0,1,0,0,0,1,0,0,0,0,2,0,0,0,0,0,0,1,0,0,2,0,2,2,0,0,0,1,1,0,0,1,1,3
183,19,17,17,11,7,3,1,3,1,1,0,1,0,1,0,0,0,0,0,1,0,0,0,1,1,1,0,0,0,0,1,0,0,0,0,0,0,1,2,1,0,0,0,0,0,0,0,0,0,0,0,1,0,0,1,0,0,0,0,1,0,0,0,1,0,1,0,0,0,0,0,0,1,1,0,0,0,0,0,0,0,2,0,1,0,0,0,0,0,0,2,2,1,0,0,0,0,1,1
1,2,1,3,14,4,8,3,8,5,6,10,6,4,4,2,3,7,3,3,4,2,6,0,8,1,5,2,5,1,2,0,1,4,4,3,2,8,2,3,1,4,3,1,0,0,0,5,2,2,3,1,3,0,1,1,4,0,2,0,3,0,1,2,2,1,0,2,2,2,0,1,0,1,1,0,0,0,0,0,1,2,0,0,0,0,1,0,0,2,0,0,1,0,0,0,1,3,0,3
13,27,26,14,6,7,6,10,7,4,2,4,6,1,3,3,3,1,3,1,3,2,1,4,4,2,3,1,2,3,5,1,3,2,3,3,1,2,0,10,3,4,1,3,0,6,3,2,3,4,1,3,4,4,1,1,1,2,2,1,0,7,3,2,1,2,4,3,1,0,3,4,3,2,3,1,0,3,1,3,1,1,0,2,3,1,2,0,2,3,1,0,0,2,1,2,0,2,1,3
1058,829,168,100,68,52,40,25,14,11,16,15,12,8,8,7,6,7,4,6,1,5,1,1,2,4,8,0,3,0,1,2,2,2,0,2,3,2,2,4,2,0,0,3,1,0,0,1,1,1,0,2,0,0,1,0,1,1,0,0,1,0,0,1,1,2,0,0,0,2,0,0,0,0,1,0,1,0,0,0,0,1,0,0,0,0,0,0,1,2,0,0,1,0,1,1,1,0,0,2
8,12,13,9,12,14,15,14,19,15,15,10,8,14,11,15,13,12,12,11,5,5,6,8,4,1,7,8,5,6,8,6,6,5,4,5,2,4,3,6,2,6,1,3,4,1,2,5,4,3,3,1,1,2,7,0,2,2,4,1,4,4,3,0,2,4,1,2,3,2,4,1,3,1,2,5,3,3,3,2,1,6,3,2,1,1,2,0,1,2,0,1,1,1,2,2,1,2,0,2
37,23,19,13,6,5,1,4,3,1,4,3,0,2,3,3,2,2,4,2,5,2,1,3,4,2,0,2,1,2,1,5,2,5,1,1,2,3,0,1,1,3,0,3,2,2,0,2,1,1,1,1,3,1,1,4,6,0,0,1,4,3,2,2,1,1,2,0,0,3,2,2,1,0,2,2,1,1,0,2,4,3,0,2,0,2,1,0,0,2,1,0,1,1,0,1,1,2,0,3
26,6,3,0,1,3,2,3,0,0,1,0,1,0,0,0,0,0,0,0,0,0,0,0,1,0,0,0,0,0,1,1,0,0,1,0,0,0,0,0,0,0,0,0,1,0,0,0,0,0,0,0,1,0,0,0,0,0,0,0,0,0,0,0,0,0,0,0,0,0,0,0,0,0,0,0,0,0,0,0,0,0,0,0,0,0,0,0,0,0,0,0,0,0,0,0,0,0,0,1
118,440,285,213,146,107,90,72,36,52,34,25,28,22,29,19,19,9,15,12,13,17,12,8,12,13,8,7,11,17,10,10,8,12,10,11,10,5,9,16,8,9,8,4,6,9,3,6,14,6,3,2,4,9,3,7,2,6,2,3,4,4,5,1,2,0,3,2,2,1,2,2,2,4,4,2,5,1,2,2,4,2,4,1,3,1,2,2,2,1,1,1,0,1,0,2,0,0,1,1
12,6,3,4,1,3,3,0,1,0,0,1,0,1,0,0,1,0,0,0,1,0,2,0,3,2,2,1,4,0,0,1,2,2,2,1,1,1,1,0,2,2,1,2,1,4,1,1,0,0,0,0,0,1,2,3,1,2,1,0,1,0,2,1,0,1,2,1,1,0,2,2,0,0,0,1,1,0,2,1,0,0,0,0,0,2,0,1,1,0,0,1,1,1,0,2,0,0,1,2
10,6,5,10,2,3,1,2,3,2,4,2,1,1,3,1,1,3,0,1,1,1,2,0,1,0,0,0,3,1,0,0,0,1,1,2,0,2,0,1,0,0,1,1,0,0,0,0,1,0,1,1,0,0,0,1,1,1,2,1,2,0,0,1,0,0,0,0,1,0,1,2,1,0,0,0,1,0,1,1,1,0,0,0,2,1,0,2,0,0,3,0,0,0,2,0,0,1,1,2
15,9,9,5,4,6,0,3,1,2,1,2,4,1,0,0,1,3,0,2,3,2,1,2,3,2,3,2,4,0,1,2,1,3,1,2,2,2,3,3,1,2,1,1,4,3,3,1,1,2,1,2,2,1,6,1,3,5,1,0,1,3,2,2,1,2,2,3,1,3,0,1,4,5,3,0,4,3,0,2,1,0,1,2,1,2,2,1,2,0,1,1,3,3,0,1,1,2,3,3
73,53,26,13,10,12,16,5,11,7,13,8,7,11,7,6,7,12,13,12,6,10,13,5,10,7,3,12,5,7,7,4,3,2,8,6,9,7,6,7,8,1,2,6,5,2,6,3,6,2,3,2,2,0,3,8,2,3,5,0,0,1,6,1,2,4,2,3,1,2,1,4,4,2,3,5,1,3,2,1,1,0,0,2,5,2,0,0,4,2,2,0,0,4,0,0,1,2,2,2
8,4,6,8,1,5,2,1,4,3,1,0,2,1,0,1,1,1,1,2,0,1,0,0,1,3,0,0,0,1,0,0,3,0,0,1,2,0,0,0,0,0,0,2,1,1,0,1,1,0,0,1,0,1,1,2,1,0,0,0,0,1,0,0,0,1,2,1,0,0,0,0,0,1,0,0,1,1,0,0,3,0,0,1,1,0,0,2,2,1,1,0,0,0,1,0,0,0,0,1
176,214,79,42,16,13,6,6,3,3,8,3,2,3,4,4,3,3,0,2,3,1,5,4,7,0,1,3,2,6,5,3,5,3,3,3,3,3,3,5,4,2,3,3,1,4,3,4,6,2,5,2,3,4,6,5,1,5,0,2,5,3,4,5,1,3,0,1,2,7,5,3,1,0,3,1,1,1,1,0,3,5,1,2,4,1,4,1,0,1,2,2,1,4,2,1,1,5,1,2
28,27,17,7,7,7,4,2,3,2,2,2,0,3,2,1,3,4,1,2,2,2,1,1,0,2,2,3,0,1,2,0,1,1,2,0,2,2,1,2,1,1,0,1,1,2,3,2,4,4,3,1,2,2,1,3,0,0,1,1,2,0,3,1,0,1,0,1,0,1,1,1,2,0,0,0,2,0,0,0,0,3,0,1,1,1,0,1,1,0,1,0,0,1,0,1,1,1,2,1
193,31,10,6,0,4,1,0,3,2,0,0,0,0,0,1,0,1,0,1,0,0,0,0,0,3,0,0,1,0,0,1,0,0,0,0,0,0,0,0,1,0,1,0,0,0,0,0,0,1,0,0,1,0,1,0,1,0,0,0,0,0,0,0,1,0,1,0,0,0,0,1,1,0,0,1,0,0,0,0,1,1,0,0,0,0,0,0,1,1,0,0,0,0,0,0,0,0,0,1
54,17,14,5,5,4,5,0,0,2,1,3,1,3,1,0,1,2,2,0,2,1,1,3,0,0,1,0,0,1,0,0,0,1,1,1,1,1,1,2,1,0,1,0,1,0,2,0,1,0,0,1,1,1,1,1,1,1,1,2,1,0,3,1,0,0,1,0,3,3,1,2,0,2,1,3,1,2,1,0,0,2,2,2,1,0,1,0,0,2,0,0,0,1,0,1,2,0,0,3
1,2,1,0,0,0,0,0,0,0,0,0,0,0,0,0,0,0,0,0,0,0,0,0,0,0,0,0,0,0,0,0,0,0,0,0,0,0,0,0,0,0,0,0,0,0,0,0,0,1,0,0,0,0,0,0,0,0,0,0,0,0,0,1,0,0,0,0,0,0,0,0,0,0,1,0,0,0,0,0,0,0,0,1,0,0,0,0,0,0,0,0,0,0,0,0,0,0,0,1
93,61,39,20,20,17,11,21,12,16,16,9,7,11,6,6,12,9,3,14,4,4,2,2,4,4,3,9,1,7,7,3,6,1,6,5,4,1,4,2,2,3,2,5,3,2,1,5,0,2,3,3,2,3,1,2,2,3,0,3,3,2,2,2,0,0,5,1,1,1,3,3,2,1,2,1,3,5,2,1,4,3,1,1,1,0,3,2,0,3,1,3,2,1,0,0,7,0,2,1
41,58,21,15,11,8,4,1,0,2,0,0,2,0,2,2,1,0,0,0,0,0,0,0,0,0,2,1,0,0,1,0,0,0,0,1,0,0,0,0,0,0,1,1,0,0,0,0,0,0,0,0,0,1,1,0,0,0,0,0,0,0,0,1,0,0,0,1,0,0,1,0,1,0,0,0,0,0,0,0,0,0,1,0,1,0,1,1,1,0,0,0,0,1,0,0,0,0,1,1
1590,856,118,31,13,7,6,0,1,3,1,2,1,1,3,1,1,1,1,2,0,1,3,0,1,0,1,0,0,0,0,1,1,3,0,0,0,0,0,2,1,1,1,0,0,0,0,0,0,0,0,1,2,0,1,0,0,2,1,0,3,0,1,0,0,0,1,0,0,0,1,2,0,1,0,0,0,1,0,0,0,0,1,0,1,1,1,0,1,0,0,1,1,0,0,0,0,1,0,1
8,7,2,4,2,0,1,2,0,2,0,3,1,0,0,1,1,2,0,0,0,2,0,1,1,2,1,2,0,1,3,2,3,0,3,0,1,2,0,2,1,0,2,2,1,1,3,0,0,2,2,1,1,0,0,1,0,2,1,0,1,0,1,0,1,1,0,0,0,0,1,0,0,1,1,1,2,1,1,2,1,1,0,0,3,1,0,4,2,1,0,0,0,1,2,1,2,1,0,2
1316,761,311,97,34,10,6,4,4,3,0,2,2,0,2,4,0,1,10,42,81,88,65,57,42,31,26,20,15,12,11,7,10,14,9,4,2,3,5,2,2,2,2,0,1,1,1,2,0,2,0,2,1,1,3,0,0,1,0,0,0,0,1,2,0,0,1,0,1,0,0,1,0,1,0,1,0,1,1,1,1,0,1,1,0,0,0,0,0,0,1,0,1,0,0,0,1,1,0,1
75,33,15,5,6,6,3,2,1,6,2,2,2,1,0,2,1,3,3,0,1,1,0,0,2,0,0,1,0,0,2,0,0,0,0,0,1,1,0,0,1,0,1,0,0,0,1,1,1,3,0,0,1,0,2,0,0,0,0,0,1,1,0,0,1,0,1,1,0,0,0,1,0,0,0,0,0,1,1,0,0,1,0,1,1,0,0,0,1,1,0,0,0,0,0,0,0,0,0,1
249,224,45,21,5,4,1,0,1,1,0,1,0,0,0,0,0,0,0,0,1,0,0,0,0,0,0,0,0,0,0,0,0,0,1,0,0,0,1,0,1,3,0,0,1,0,0,1,0,0,0,1,0,1,1,4,0,0,0,1,0,1,1,2,0,2,2,1,3,0,1,2,1,1,3,2,0,1,2,1,1,0,1,1,1,1,0,1,0,4,1,2,2,0,1,0,1,0,4,1
29,5,8,6,4,11,6,11,11,2,4,7,2,5,5,0,4,2,6,4,3,10,1,4,2,3,3,4,3,4,5,3,8,4,2,3,3,1,1,3,5,6,3,1,4,4,1,4,1,0,3,4,4,3,0,0,3,5,4,1,2,1,2,0,0,2,4,2,2,2,3,1,2,0,0,3,1,2,4,2,1,0,1,0,1,0,2,1,0,0,1,1,0,3,0,3,0,0,2,1
5,5,4,8,9,6,6,2,5,7,8,6,15,16,11,26,29,19,23,28,25,23,29,36,22,36,44,22,25,24,27,31,30,21,13,11,17,21,22,12,9,12,12,9,8,10,11,8,5,7,6,7,9,1,5,6,1,8,4,4,2,3,3,6,3,5,5,3,1,3,2,1,6,1,1,1,1,0,0,3,2,0,0,1,1,4,1,1,1,0,0,2,0,2,1,2,1,0,1,2
30,14,18,5,3,6,0,1,1,2,0,1,0,0,1,2,0,1,0,0,0,0,0,1,0,1,0,0,0,1,0,0,0,2,0,0,0,1,1,0,0,1,0,0,0,0,0,1,0,2,1,0,1,0,0,0,1,0,0,0,0,0,0,0,0,0,0,0,0,1,0,1,0,0,0,0,0,0,1,0,1,0,1,0,0,0,0,0,1,1,2,1,0,0,0,0,2,0,0,1
55,22,13,19,6,11,9,10,10,9,13,4,9,10,4,7,9,9,4,6,9,9,7,8,5,7,10,9,5,4,4,6,7,10,4,7,7,8,6,4,1,7,10,6,5,3,4,10,8,4,3,9,4,4,6,3,5,7,2,6,9,3,2,9,6,6,6,7,9,2,4,5,2,5,3,4,3,3,2,2,0,3,3,4,4,0,2,2,4,1,3,0,2,1,4,5,3,3,1,3
140,88,40,15,9,7,8,3,2,1,4,5,3,6,1,1,3,2,1,1,0,0,0,2,1,1,0,1,0,1,2,0,0,1,0,0,0,0,0,0,0,0,0,0,0,0,0,0,0,0,1,0,0,0,0,0,0,0,0,1,0,0,0,0,0,1,1,1,0,1,0,0,1,0,0,0,0,0,0,0,0,0,0,0,0,0,0,0,0,0,1,0,0,0,0,0,0,0,1,1
224,117,98,63,41,43,29,26,21,25,15,18,13,23,13,13,8,11,10,15,19,11,11,10,17,11,8,7,6,4,8,10,7,9,8,15,6,8,6,6,5,10,7,8,8,5,9,5,11,6,5,3,7,6,6,3,9,6,1,7,5,4,6,1,3,4,3,5,0,2,4,2,4,2,2,2,4,4,2,2,4,5,1,3,4,2,3,1,3,1,1,4,0,3,1,3,1,0,1,3
463,169,38,20,4,5,0,1,0,0,0,0,0,1,1,0,0,0,0,1,0,2,0,0,1,0,0,1,0,1,2,0,0,0,1,0,0,1,1,0,0,2,1,1,1,0,1,1,1,0,1,2,0,1,1,2,0,0,1,1,1,1,0,2,1,0,2,2,2,0,1,3,3,1,3,1,1,0,2,1,1,2,0,1,1,1,0,3,0,3,0,2,2,1,3,0,1,2,3,1
141,35,36,28,36,38,32,27,19,10,13,6,6,6,5,4,2,5,1,1,3,6,4,2,0,1,1,2,1,2,4,0,0,0,3,0,2,1,0,0,2,1,0,1,1,2,0,2,1,1,0,0,2,3,2,0,1,1,0,1,0,3,0,0,1,0,0,0,0,0,0,1,1,0,1,0,1,2,0,1,0,2,0,0,1,2,0,0,2,1,3,0,0,0,1,0,1,0,0,2
17,34,21,11,10,16,7,6,5,2,3,4,4,5,9,4,5,7,7,11,14,16,17,15,15,14,15,17,30,22,15,19,17,19,14,17,13,15,14,17,18,8,13,17,14,9,11,7,7,9,8,9,9,9,7,6,6,6,6,3,6,10,3,7,3,4,4,3,7,2,1,5,2,3,3,4,5,3,1,0,3,0,5,2,1,2,0,1,2,2,0,3,1,0,2,0,1,0,0,1
1,0,0,1,0,1,0,0,0,0,2,0,0,0,0,0,0,0,0,0,0,0,0,0,0,0,1,0,0,0,2,0,0,0,0,0,2,2,1,1,0,0,0,0,1,0,0,1,0,0,0,0,0,0,0,1,0,0,0,0,0,0,0,0,0,1,0,1,0,0,0,0,0,0,0,0,0,1,0,0,0,0,0,0,0,1,0,0,0,0,1,2,0,0,0,1,1,0,0,1
43,30,15,9,2,11,0,4,5,2,4,3,3,0,0,4,0,2,5,2,1,1,0,4,2,2,1,0,1,3,0,2,0,3,2,1,2,1,1,1,1,1,1,1,1,0,0,0,0,0,2,1,0,1,1,0,4,0,2,0,0,1,0,0,2,1,0,1,1,2,0,1,1,0,1,1,1,0,2,0,0,1,0,1,1,1,0,0,0,0,0,0,2,0,0,1,1,0,0,1
122,29,18,28,9,8,5,6,6,3,4,2,3,0,0,1,0,1,0,0,1,0,0,1,1,1,1,0,0,0,0,0,2,0,1,1,0,0,0,0,1,1,2,1,0,0,0,0,1,1,1,0,0,1,1,1,1,1,0,0,0,1,1,0,0,0,2,0,1,0,0,0,0,0,0,0,1,0,1,0,0,1,1,0,0,0,0,0,1,0,1,1,0,0,1,0,1,0,1,1
142,115,44,28,10,8,11,11,11,5,6,3,3,5,2,1,0,2,2,2,2,0,3,2,3,1,3,2,3,1,4,1,0,7,1,2,0,1,0,2,3,4,1,1,2,3,4,1,3,2,5,2,3,0,4,2,5,3,3,4,3,2,0,3,5,0,2,5,2,5,4,2,3,3,2,5,4,3,4,3,6,1,6,2,1,1,1,3,1,0,2,1,4,5,4,4,4,1,2,4
19,11,4,2,3,6,3,1,0,1,0,0,0,0,0,0,0,0,1,0,1,0,0,1,0,0,0,0,1,0,1,0,1,0,0,1,1,2,0,0,0,0,0,0,0,0,0,0,1,0,1,0,0,0,1,0,0,1,1,0,1,0,0,0,0,0,1,0,0,1,0,1,0,0,1,0,0,0,0,0,1,0,0,0,0,0,1,1,1,0,0,0,0,0,0,1,0,0,0,2
4,2,5,3,3,0,1,2,1,1,0,2,1,0,0,2,0,0,0,1,1,0,0,0,0,1,0,0,0,1,0,0,1,0,2,0,0,0,0,0,0,0,0,0,0,0,0,0,0,0,1,0,0,0,0,0,0,0,0,0,0,0,0,0,0,0,0,0,1,0,0,0,0,0,0,0,0,0,0,0,0,0,0,1,0,0,0,0,0,0,0,0,0,0,0,0,0,1,0,1
0,0,0,0,0,0,0,0,0,0,0,0,0,0,0,0,0,0,0,0,0,0,0,0,0,0,0,0,0,0,0,0,0,0,0,0,0,0,0,0,0,0,0,0,0,0,0,0,0,0,1,0,0,0,0,0,0,0,0,0,0,0,0,0,0,0,0,0,0,0,0,0,0,0,0,0,0,0,0,0,0,0,0,0,0,0,0,0,0,0,0,0,0,0,0,0,0,0,0,0
26,17,14,3,3,3,2,2,1,0,2,1,2,0,3,0,1,1,2,0,0,0,0,2,0,0,0,2,1,0,0,1,1,0,2,2,1,1,0,0,0,1,1,1,1,0,1,0,4,0,1,1,0,1,2,2,2,0,1,1,1,0,0,1,0,0,2,0,0,0,1,1,1,0,1,0,1,2,1,0,0,0,1,0,1,1,2,1,1,1,0,0,0,0,0,1,0,0,0,1
41,62,45,21,11,6,4,1,1,1,2,1,0,1,1,1,0,0,0,3,0,0,0,0,1,0,0,0,0,1,1,1,1,0,0,0,0,0,0,0,1,0,0,0,1,0,1,1,0,1,1,0,0,0,0,1,0,0,1,1,0,0,1,1,0,0,1,0,0,1,0,0,0,0,0,1,1,0,1,2,0,0,0,0,0,0,0,0,0,0,0,0,0,0,0,0,0,0,0,1
50,63,25,15,10,10,13,9,14,2,5,5,1,3,1,1,0,0,2,1,0,2,1,2,1,4,2,3,1,2,2,0,1,0,0,1,2,0,0,1,1,1,2,1,1,1,0,1,1,0,0,0,1,1,0,1,1,2,0,1,1,0,1,0,1,0,2,2,0,1,2,1,0,1,1,0,0,0,1,1,0,1,1,3,2,0,0,0,0,1,0,2,0,0,0,1,1,1,1,1
138,62,42,25,15,20,11,11,4,13,9,18,12,7,6,9,9,4,6,9,8,3,5,7,2,5,2,2,5,5,4,3,4,6,3,1,3,5,2,4,8,5,1,3,4,2,2,1,2,1,3,3,1,1,1,3,1,3,2,3,1,4,5,2,0,3,2,1,2,0,1,2,1,4,3,2,2,1,3,1,2,2,0,3,5,1,1,2,3,1,2,0,2,2,1,2,1,1,1,3
9,9,4,6,3,3,6,3,4,1,1,2,4,2,0,1,1,0,3,1,1,0,0,0,0,0,0,0,0,0,0,0,0,0,0,0,0,0,0,0,0,0,0,0,0,0,1,0,0,0,0,1,0,1,0,0,0,0,0,0,0,0,0,0,0,0,0,0,0,0,0,0,0,0,0,0,0,0,0,1,1,0,0,0,0,0,0,0,0,0,0,0,0,0,0,0,0,0,1,1
86,46,29,13,12,5,8,8,5,3,3,4,3,4,1,2,6,3,2,3,2,0,4,1,4,3,3,0,6,4,2,4,2,1,2,1,1,5,0,4,1,1,3,4,0,1,3,2,2,2,4,2,0,1,1,3,0,0,2,0,1,1,0,4,1,1,1,1,3,0,0,4,1,1,1,3,3,0,2,0,0,2,0,4,3,0,1,0,1,2,0,3,1,2,2,0,2,0,2,3
237,196,101,51,27,20,12,12,10,9,5,8,6,5,2,6,3,5,2,7,3,4,8,6,4,3,2,7,5,4,4,4,5,8,8,6,0,2,3,1,2,2,5,3,2,2,1,3,2,2,3,4,0,4,0,0,6,1,1,6,3,4,1,2,3,2,6,4,3,1,2,4,2,1,5,2,3,1,3,0,2,3,1,2,0,0,2,0,2,1,2,3,1,0,3,2,2,2,2,3
4,1,2,0,2,4,2,0,1,1,0,0,0,2,0,1,1,0,1,0,2,0,0,0,0,3,0,0,0,0,0,1,0,0,1,0,0,0,0,0,1,0,0,0,0,1,1,0,1,0,0,1,0,0,1,0,0,1,1,1,0,1,0,0,0,1,1,0,0,1,1,0,0,0,0,0,0,0,2,0,0,0,0,1,0,0,0,0,0,0,0,1,2,0,0,0,0,3,2,1
437,123,85,46,31,18,18,16,9,11,8,6,10,7,9,8,8,5,4,4,2,1,3,3,3,4,1,1,4,7,1,2,3,3,2,2,0,3,6,2,1,1,6,1,1,1,6,1,3,0,1,3,2,2,1,2,1,0,1,1,1,2,0,4,2,0,1,2,2,0,3,2,1,1,1,0,0,1,3,3,0,2,0,0,2,0,0,1,1,1,1,0,1,1,0,1,4,2,1,2
31,92,85,61,33,40,30,26,12,13,14,15,8,11,5,6,6,2,0,3,2,3,3,0,0,1,1,0,0,0,1,0,3,1,0,2,2,1,2,1,0,2,1,1,0,0,1,1,3,0,0,1,0,0,0,0,0,0,0,0,0,0,0,2,1,0,0,0,0,0,1,0,0,0,1,1,0,1,1,0,0,0,1,1,0,0,2,0,0,1,0,0,1,1,0,0,0,0,0,1
21,14,14,9,4,5,3,3,2,2,3,2,2,0,0,1,0,0,1,3,1,2,1,1,1,0,3,0,0,1,0,1,0,0,1,3,1,0,0,1,1,2,2,1,2,3,2,2,1,1,1,1,2,2,0,2,2,2,0,3,1,2,3,2,0,0,0,1,1,1,1,1,2,2,1,1,1,2,3,0,0,0,1,0,0,3,2,0,0,2,1,0,2,0,2,0,0,0,0,2
21,9,7,9,10,16,11,20,8,10,11,13,7,11,9,6,10,8,8,6,13,6,11,10,10,5,6,7,10,8,9,3,3,9,10,6,8,5,4,5,7,1,6,4,5,4,5,4,8,3,5,4,1,7,3,4,5,5,6,6,2,4,1,1,1,1,5,1,3,0,3,5,3,1,0,2,3,3,4,3,2,4,6,1,3,1,1,2,0,3,2,0,3,1,1,0,2,0,1,3
99,27,34,19,12,8,7,6,13,6,14,3,3,8,7,3,10,8,8,3,9,5,6,8,5,5,9,11,4,5,5,4,5,8,3,5,8,4,4,8,6,5,9,6,4,7,9,5,5,2,7,10,8,5,9,10,1,5,5,2,7,1,2,5,6,2,8,0,5,3,5,2,3,2,5,4,3,2,5,5,4,5,2,3,1,2,1,3,5,0,2,1,3,1,1,2,3,4,4,1
100,32,31,16,23,9,14,8,3,6,4,2,1,2,0,0,2,0,0,0,2,3,0,1,0,1,1,0,1,0,2,0,1,1,0,0,0,2,0,0,0,0,0,0,2,0,0,1,1,1,1,0,2,1,0,0,0,1,0,0,0,1,1,1,0,0,0,1,1,0,0,0,0,0,0,1,0,0,0,0,0,0,0,0,0,0,0,0,0,0,0,1,0,0,0,0,0,0,0,3
5,0,0,0,0,0,0,0,0,0,0,0,0,0,0,1,2,0,0,0,2,0,0,0,0,0,2,1,1,1,1,0,1,1,1,0,0,1,0,1,2,1,0,0,2,0,2,0,1,1,1,1,0,0,1,0,0,0,1,0,1,0,1,2,0,1,1,0,1,0,0,0,1,0,0,1,1,1,1,0,3,0,1,1,0,1,0,0,3,0,1,0,2,1,0,0,0,0,0,1
2,16,5,3,1,0,0,0,0,1,0,0,1,0,1,0,0,0,0,0,0,0,0,0,0,0,0,0,0,0,0,1,0,0,0,0,0,0,0,0,0,0,0,0,0,0,0,0,0,0,0,0,0,0,0,0,0,0,0,0,0,0,0,0,0,0,0,0,0,0,0,1,0,0,0,0,0,0,0,0,0,0,0,0,0,0,0,0,0,0,0,0,0,0,0,0,0,0,0,1
2685,964,603,436,334,235,221,187,161,112,90,95,74,62,45,59,58,25,31,26,28,31,19,19,21,22,19,16,20,14,8,9,13,10,4,13,4,7,6,9,1,3,5,4,3,2,5,1,0,8,4,4,2,6,3,1,3,4,0,1,1,0,0,1,3,2,0,0,0,2,0,0,1,1,1,0,0,0,0,1,0,0,0,0,3,0,1,0,0,0,0,0,0,0,0,0,0,0,0,1
3483,1208,685,519,355,268,211,151,136,118,93,89,64,65,58,35,38,33,36,30,24,29,17,17,14,16,6,13,11,12,7,7,8,7,3,10,6,3,4,7,8,4,4,3,3,3,3,1,3,3,2,1,2,0,1,1,0,0,0,1,1,4,1,0,1,0,0,0,2,0,0,0,1,0,0,0,1,0,0,1,0,0,0,0,0,0,0,0,0,0,0,0,0,0,0,0,0,0,0,2
0,0,0,0,0,0,0,0,0,0,0,0,0,0,0,0,0,0,0,0,0,0,0,0,0,0,0,0,0,0,0,0,0,0,0,0,0,0,0,0,0,0,0,0,0,0,0,0,0,0,1,0,0,0,0,0,0,0,0,0,0,0,0,0,0,0,0,0,0,0,0,0,0,0,0,0,0,0,0,0,0,0,0,0,0,0,0,0,0,0,0,0,0,0,0,0,0,0,0,0
1,0,1,0,0,0,1,0,0,0,1,0,0,1,1,0,0,0,0,0,0,1,0,0,0,0,0,0,0,0,0,0,0,0,0,0,1,0,0,0,0,0,0,0,0,0,0,1,1,0,0,0,1,0,0,0,0,0,0,0,1,0,0,1,1,0,0,0,0,0,0,0,0,0,0,0,0,0,0,0,0,0,0,0,0,0,0,0,1,0,0,0,0,0,0,0,0,0,1,1
1,0,0,0,0,0,0,0,0,0,0,0,0,0,0,0,0,0,0,0,0,0,0,0,0,0,0,0,0,0,0,0,0,0,0,0,0,0,0,0,0,0,0,0,0,0,0,0,1,0,0,0,0,0,0,0,0,0,0,0,0,0,0,0,0,0,0,0,0,0,0,0,0,0,0,0,0,0,0,0,0,0,0,0,0,0,0,0,0,0,0,0,0,0,0,0,0,0,0,1
0,0,0,0,0,0,0,0,0,0,0,0,0,0,0,0,0,0,0,0,0,0,0,0,0,0,0,0,0,0,0,0,0,0,0,0,0,0,0,0,0,0,0,0,0,0,0,0,0,0,0,0,0,0,0,0,0,0,0,0,0,0,0,0,0,0,0,0,0,0,0,0,0,0,0,0,0,0,0,0,0,0,0,0,0,0,0,0,0,0,0,0,0,0,0,0,0,0,0,0
3,1,1,0,0,0,0,0,0,0,0,0,0,0,0,0,0,0,0,0,0,0,0,0,0,0,0,0,0,0,0,0,0,0,0,0,0,0,0,0,0,0,0,0,0,0,0,0,0,0,0,0,0,0,0,0,0,0,0,1,0,0,0,0,0,0,0,0,0,0,0,0,0,0,0,0,0,0,0,0,0,0,0,0,0,0,0,0,0,0,0,0,0,0,0,0,0,0,0,1
36,24,25,5,15,14,7,8,11,11,10,7,4,6,8,6,3,5,3,5,4,2,3,4,1,5,1,1,3,2,1,1,3,3,3,0,3,2,2,2,1,3,4,2,2,0,0,1,0,2,2,3,1,1,3,2,0,5,1,0,2,2,4,3,4,4,5,0,2,2,3,2,1,3,3,1,3,3,3,1,2,0,2,1,0,1,0,2,2,3,2,2,2,1,2,2,2,3,3,2
21,12,4,2,1,0,1,0,0,0,0,1,0,0,1,0,0,0,1,0,0,1,1,0,0,3,0,0,2,2,0,0,0,3,1,1,1,0,0,0,2,0,0,4,2,0,1,2,2,0,0,0,1,0,0,1,0,1,1,1,0,0,1,1,0,1,1,1,0,0,0,0,4,0,1,0,0,0,1,1,1,0,1,0,0,1,1,0,0,0,0,1,1,0,1,3,1,2,1,1
53,13,14,22,16,13,12,13,4,5,4,3,4,6,5,5,1,1,1,1,2,2,2,0,0,1,1,2,0,1,2,1,0,0,0,2,1,3,1,0,0,4,2,3,0,1,0,1,1,0,0,0,0,0,0,1,0,0,1,1,1,1,0,4,0,0,1,2,3,0,2,3,1,2,1,2,1,0,2,3,2,0,1,1,0,1,3,1,1,2,1,1,4,2,1,1,0,0,1,2
2,0,0,0,0,0,0,0,0,1,2,3,6,2,7,6,8,5,9,6,5,4,6,5,3,5,3,3,3,6,2,4,5,7,4,5,5,5,3,3,2,4,2,4,5,4,1,2,7,4,1,2,0,1,2,2,1,1,4,0,2,2,2,2,1,2,2,2,1,1,2,1,1,0,3,2,0,1,1,2,1,2,1,2,2,1,3,4,1,1,0,6,2,2,2,1,4,0,3,3
2,4,1,0,0,0,0,0,0,1,0,0,0,0,1,0,0,1,0,1,0,0,0,0,0,0,0,0,0,0,2,0,2,1,1,0,0,1,0,0,0,0,0,0,0,0,0,0,0,0,1,0,0,1,0,1,0,0,0,1,0,0,0,0,1,0,0,0,0,0,1,0,0,1,0,0,2,0,0,0,0,0,0,0,0,0,1,0,0,0,0,0,0,1,1,0,0,2,0,1
1,0,0,0,0,0,0,0,0,0,0,0,0,0,0,0,0,0,0,0,0,0,0,0,0,0,0,0,0,0,0,0,0,0,0,0,0,0,0,1,1,0,0,0,0,0,0,0,0,0,0,0,0,0,0,0,0,0,0,0,1,0,0,0,0,0,0,0,0,0,0,0,0,0,0,0,0,0,0,0,0,0,0,0,0,0,0,0,0,0,0,0,0,0,0,0,0,0,0,1
1,0,0,0,0,1,0,1,0,0,0,0,1,0,0,0,0,0,0,1,1,0,1,0,0,0,0,0,2,2,3,0,0,0,0,0,2,0,0,0,0,0,0,0,1,0,0,0,0,1,0,1,1,0,1,1,0,0,0,1,0,1,0,1,0,0,0,1,2,0,1,0,0,1,0,0,0,1,0,0,1,0,0,0,0,0,0,0,0,0,0,1,0,0,0,1,0,0,0,1
1,0,5,4,6,11,4,8,5,8,6,7,8,7,5,1,7,6,5,10,7,5,4,2,8,2,2,1,3,3,3,6,3,3,4,1,1,4,5,4,3,4,3,0,1,2,2,4,1,1,6,3,2,2,3,1,3,2,1,0,1,1,0,1,2,1,2,1,1,0,0,0,0,5,2,1,2,2,2,0,0,1,3,2,3,0,3,3,3,3,1,1,0,1,0,0,1,1,2,1
1,1,3,0,1,2,3,0,3,0,3,5,5,3,2,8,12,4,3,10,7,6,3,9,12,10,6,10,10,12,9,6,10,8,10,8,4,14,10,10,9,6,7,9,8,4,7,9,4,12,16,11,5,6,9,7,5,6,7,5,4,6,11,7,7,4,4,3,1,4,5,8,2,6,3,3,3,2,3,3,2,2,3,5,2,1,5,3,3,1,2,2,3,3,1,1,2,0,4,5
67,102,58,34,28,26,13,17,12,5,13,17,12,11,4,5,6,7,1,6,2,7,4,7,4,5,6,1,6,5,9,3,2,5,2,3,6,5,11,3,6,7,4,6,6,5,5,5,5,3,2,11,9,3,4,4,4,8,3,1,5,1,6,1,2,1,4,2,4,2,0,3,1,2,2,3,2,2,2,0,2,1,4,1,4,1,4,2,2,0,1,2,1,3,2,2,0,1,0,2
116,48,36,23,14,15,10,8,4,4,2,4,1,4,2,1,3,2,1,5,1,0,0,0,0,0,0,0,0,0,0,0,0,0,1,0,1,0,0,1,0,0,1,1,0,1,0,1,2,0,1,2,1,1,0,2,1,0,0,0,2,0,0,1,0,0,0,1,0,1,0,2,0,0,0,1,0,2,0,0,2,0,1,0,0,0,0,1,0,0,0,2,0,0,0,0,0,0,0,1
81,35,22,8,11,6,4,6,0,2,4,2,1,0,2,0,0,3,0,1,1,2,0,0,0,0,0,0,0,0,1,0,0,0,0,1,1,0,0,1,0,0,1,1,1,0,0,1,0,0,1,0,0,0,0,0,0,0,0,1,1,0,1,0,1,0,0,0,2,0,1,0,0,0,0,1,1,0,2,0,0,0,0,1,0,1,0,1,0,1,0,0,1,1,1,0,1,1,2,1
20,22,15,22,22,19,17,15,9,7,9,14,0,7,5,9,8,9,5,15,14,9,11,8,17,12,16,16,18,20,25,21,16,21,13,19,18,13,16,14,15,10,12,11,12,11,10,6,16,15,8,10,14,6,5,8,6,8,12,7,3,6,6,4,5,4,1,1,6,4,7,6,3,3,1,5,3,1,4,5,1,5,1,3,1,1,2,3,1,1,2,0,1,1,1,1,2,0,1,2
2,0,0,1,0,0,0,0,0,0,1,0,0,0,0,0,0,0,0,0,0,0,0,0,0,0,1,0,0,0,0,0,0,0,0,0,0,0,0,0,1,0,0,1,2,1,0,0,0,1,0,3,1,0,0,1,3,3,3,0,2,1,0,3,1,1,1,4,3,0,4,1,0,4,3,1,1,0,3,0,1,3,3,2,5,1,2,1,0,4,1,2,0,1,2,1,2,4,1,2
5,0,0,0,0,0,0,0,0,0,0,0,0,0,0,1,2,0,0,0,2,0,0,0,0,0,2,1,1,1,1,0,1,1,1,0,0,1,0,1,2,1,0,0,2,0,2,0,1,1,1,1,0,0,1,0,0,0,1,0,1,0,1,2,0,1,1,0,1,0,0,0,1,0,0,1,1,1,1,0,3,0,1,1,0,1,0,0,3,0,1,0,2,1,0,0,0,0,0,1
35,17,25,14,12,14,4,5,9,7,4,8,3,4,4,2,1,6,3,2,3,3,3,1,3,3,1,1,2,1,2,4,1,3,2,1,3,0,1,0,3,1,0,3,1,1,0,4,0,1,3,4,0,5,1,3,1,1,2,2,3,1,2,1,1,1,1,2,3,1,2,1,2,2,1,0,1,3,1,0,4,1,2,2,0,1,0,1,1,0,0,0,0,3,3,2,2,1,0,2
2,16,5,3,1,0,0,0,0,1,0,0,1,0,1,0,0,0,0,0,0,0,0,0,0,0,0,0,0,0,0,1,0,0,0,0,0,0,0,0,0,0,0,0,0,0,0,0,0,0,0,0,0,0,0,0,0,0,0,0,0,0,0,0,0,0,0,0,0,0,0,1,0,0,0,0,0,0,0,0,0,0,0,0,0,0,0,0,0,0,0,0,0,0,0,0,0,0,0,1
88,30,11,5,6,2,4,3,3,0,0,2,2,0,2,0,1,1,0,1,1,0,1,0,0,0,0,1,1,0,0,0,1,0,0,0,0,0,0,0,0,0,0,0,0,0,0,1,0,0,0,0,0,0,0,0,0,0,0,1,0,0,1,0,0,0,1,0,0,0,1,0,0,1,1,0,0,0,1,0,0,0,0,0,0,1,2,0,2,0,0,0,1,0,0,0,1,0,0,2
104,98,25,15,8,3,0,1,2,0,1,0,0,0,0,0,0,0,0,0,0,0,0,0,0,0,0,0,0,0,0,0,0,0,0,0,0,0,0,1,0,0,0,0,0,0,0,0,1,1,0,0,0,0,0,0,0,1,0,0,0,2,0,1,0,0,0,0,0,0,0,1,0,0,0,0,0,0,0,0,1,0,0,1,0,0,0,0,0,0,0,0,0,0,0,0,0,0,1,1
258,163,70,33,22,23,13,8,7,12,5,4,1,8,6,2,3,2,1,1,2,3,5,0,3,1,0,1,1,1,0,1,0,1,1,1,1,0,0,1,0,2,0,1,0,0,2,0,2,4,0,1,3,0,0,0,1,1,1,2,0,0,0,1,1,2,1,0,1,1,2,1,0,1,0,1,1,0,1,2,1,1,0,1,0,0,1,0,0,0,1,0,0,0,2,1,0,1,0,2
174,232,91,48,28,20,18,13,7,13,4,6,3,8,5,2,7,2,3,1,0,4,3,2,5,2,1,5,0,2,3,2,2,1,4,4,0,2,2,1,2,5,1,4,2,1,1,2,2,2,3,2,1,0,1,3,3,1,1,1,1,0,4,1,3,3,0,1,1,2,0,1,1,2,1,0,0,1,4,0,1,2,2,0,3,1,2,2,1,0,1,0,3,5,2,3,0,0,0,2
170,51,94,19,13,19,28,30,20,19,17,4,10,11,7,7,3,4,1,5,5,4,2,2,1,2,1,1,1,3,1,0,0,0,0,0,0,0,0,0,1,0,0,0,0,0,0,0,0,0,0,0,0,0,1,0,0,0,0,0,0,0,1,0,0,0,0,0,0,0,0,1,0,0,0,1,0,0,2,0,0,2,1,1,1,1,2,7,2,0,1,3,0,0,2,1,6,4,2,4
639,285,111,46,32,21,12,14,7,5,3,6,0,0,4,4,5,5,2,2,0,2,3,2,2,0,2,3,1,3,3,3,2,2,6,6,0,6,6,8,5,5,4,7,6,16,11,5,1,3,8,6,5,10,5,6,5,12,11,10,4,3,3,7,5,5,6,4,6,3,6,5,6,2,8,3,1,3,2,5,2,4,4,2,1,2,6,3,2,4,0,1,2,0,2,4,0,2,4,2
1350,468,123,67,44,38,33,27,32,26,21,15,17,24,23,19,27,23,23,16,15,25,17,24,16,23,16,19,19,14,13,20,22,17,14,21,16,18,10,10,9,14,16,16,7,17,10,5,7,11,4,5,8,11,10,7,7,2,7,1,4,4,2,2,3,4,3,2,3,5,4,4,1,6,2,1,0,2,1,1,0,2,0,1,0,1,2,1,1,0,0,1,1,1,0,1,1,0,0,2
6,4,12,3,3,10,13,31,27,25,26,17,18,20,16,23,18,10,24,23,32,23,39,30,39,47,55,57,71,60,69,74,91,70,74,74,80,48,63,48,46,54,39,64,40,35,23,21,18,21,22,13,10,10,13,9,8,9,8,9,3,8,3,5,3,0,2,2,1,1,0,2,2,2,2,2,1,0,0,1,0,1,0,0,0,0,0,0,2,1,1,0,0,1,0,0,1,0,0,2
229,55,19,10,10,4,5,4,1,2,2,3,0,1,0,0,0,0,0,2,0,1,1,3,2,2,2,1,0,0,0,0,0,0,0,0,0,1,0,1,0,0,1,0,0,0,1,0,0,1,0,1,0,0,0,0,1,0,0,1,0,1,0,0,0,0,1,0,1,1,0,0,2,0,0,0,0,1,0,0,0,0,0,0,1,0,0,4,0,0,0,1,0,2,1,0,1,1,2,2
170,51,94,19,13,19,28,30,20,19,17,4,10,11,7,7,3,4,1,5,4,5,2,2,1,2,1,1,1,3,1,0,0,0,0,0,0,0,0,0,1,0,0,0,0,0,0,0,0,0,0,0,0,0,1,0,0,0,0,0,0,0,1,0,0,0,0,0,0,0,0,1,0,0,0,1,0,0,2,0,0,2,1,1,1,1,2,7,2,0,1,3,0,0,2,1,6,4,2,4
411,275,98,36,22,12,9,5,5,8,3,4,2,6,3,8,5,9,5,6,3,7,11,7,8,6,10,5,10,10,8,13,5,11,7,8,8,6,7,11,9,7,4,10,7,7,7,7,8,6,7,11,9,11,4,7,7,3,4,4,3,7,1,5,9,3,4,3,4,1,1,6,0,5,1,6,2,3,5,6,4,2,3,0,1,0,1,3,2,2,0,1,2,4,2,1,3,4,3,3
10,3,2,7,6,3,2,3,3,1,2,2,1,6,0,1,0,0,0,2,0,0,1,0,2,0,0,0,1,0,0,1,0,0,0,1,1,0,2,1,2,0,1,0,1,0,0,0,0,0,0,1,1,1,0,0,1,0,0,0,0,0,0,0,1,0,1,2,0,0,0,1,0,3,1,1,1,1,0,1,1,0,0,0,1,1,1,0,2,0,0,1,1,2,1,0,0,1,2,2
2685,964,603,436,334,235,221,187,161,112,90,95,74,62,45,59,58,25,31,26,28,31,19,19,21,22,19,16,20,14,8,9,13,10,4,13,4,7,6,9,1,3,5,4,3,2,5,1,0,8,4,4,2,6,3,1,3,4,0,1,1,0,0,1,3,2,0,0,0,2,0,0,1,1,1,0,0,0,0,1,0,0,0,0,3,0,1,0,0,0,0,0,0,0,0,0,0,0,0,1
3483,1208,685,519,355,268,211,151,136,118,93,89,64,65,58,35,38,33,36,30,24,29,17,17,14,16,6,13,11,12,7,7,8,7,3,10,6,3,4,7,8,4,4,3,3,3,3,1,3,3,2,1,2,0,1,1,0,0,0,1,1,4,1,0,1,0,0,0,2,0,0,0,1,0,0,0,1,0,0,1,0,0,0,0,0,0,0,0,0,0,0,0,0,0,0,0,0,0,0,2
9,9,11,13,11,4,5,5,1,5,1,4,3,2,2,0,3,2,0,3,1,1,2,0,2,3,2,1,0,2,0,0,2,0,2,0,0,2,0,0,0,1,2,2,4,2,1,0,0,1,3,3,4,0,1,2,1,1,1,5,0,0,4,1,0,3,1,4,0,2,2,4,1,0,2,1,3,1,1,0,1,2,1,1,1,0,0,2,0,0,0,1,2,1,2,0,0,1,1,4
67,102,61,35,28,29,17,17,11,5,13,18,15,10,4,6,8,7,1,8,3,8,4,9,4,5,7,1,7,4,9,3,2,7,4,4,5,6,14,4,6,9,4,6,6,6,4,5,5,3,2,11,9,4,4,5,4,7,0,0,4,1,6,1,2,1,4,3,4,2,0,4,1,2,2,4,1,3,2,0,2,1,4,1,4,1,4,2,2,0,1,2,1,3,2,1,0,1,0,2
651,47,5,4,2,4,2,2,2,1,0,1,1,1,0,2,0,0,2,0,1,1,0,0,0,3,1,3,0,0,0,3,0,3,0,0,0,0,0,0,0,1,3,0,2,1,1,2,3,1,0,2,1,1,0,0,0,2,1,0,0,1,1,2,1,1,2,0,1,1,1,0,0,0,2,1,0,1,0,0,1,2,0,4,1,0,1,2,0,2,1,0,2,3,0,0,1,0,1,1
251,23,43,57,38,36,30,19,25,26,25,15,13,7,8,11,5,5,5,10,3,2,2,2,3,3,5,5,3,2,1,0,2,2,3,0,0,1,0,0,3,1,0,2,0,0,1,0,1,0,1,0,1,0,0,1,1,0,1,1,0,0,1,2,1,0,0,1,1,0,2,1,1,2,0,0,0,0,0,5,1,0,3,2,1,1,2,2,0,0,2,4,2,2,0,1,1,1,0,3
93,44,23,9,10,6,6,7,0,2,4,3,1,0,2,0,0,3,0,3,1,3,1,0,0,0,0,0,0,0,1,0,0,0,0,1,1,0,1,0,0,0,1,1,1,0,0,1,0,0,1,0,0,0,0,0,0,0,0,1,1,0,1,0,1,0,1,0,0,0,2,0,0,0,0,1,1,0,2,0,0,0,0,1,0,1,1,0,0,0,0,1,0,1,0,0,1,1,1,1
0,0,0,0,0,0,0,0,0,0,0,0,0,0,0,0,0,0,0,0,0,0,0,0,0,0,0,0,0,0,0,0,0,0,0,0,0,0,0,0,0,0,0,0,0,0,0,0,0,0,1,0,0,0,0,0,0,0,0,0,0,0,0,0,0,0,0,0,0,0,0,0,0,0,0,0,0,0,0,0,0,0,0,0,0,0,0,0,0,0,0,0,0,0,0,0,0,0,0,0
300,318,53,13,16,10,6,13,7,11,6,10,7,10,7,11,11,10,11,16,17,21,27,20,13,17,23,17,18,17,25,13,11,17,12,18,6,13,13,15,9,14,15,10,7,11,7,6,8,7,8,12,8,8,4,5,7,7,11,8,3,3,4,3,4,6,5,4,5,2,4,2,2,2,4,3,6,3,1,2,4,0,6,4,3,1,1,2,4,1,1,1,1,1,0,1,0,1,1,1
237,306,217,114,59,25,27,17,14,3,4,3,1,2,3,1,0,2,2,1,0,0,1,2,2,0,0,0,0,1,0,1,0,0,0,1,5,0,0,1,1,0,0,0,1,1,0,0,1,0,0,0,0,0,0,0,0,0,1,0,1,0,0,1,0,0,1,1,1,0,0,2,1,2,0,0,1,0,0,1,0,1,1,0,1,0,0,1,0,0,0,1,0,0,0,1,0,1,0,1
1,0,1,0,0,0,1,0,0,0,1,0,0,1,1,0,0,0,0,0,0,1,0,0,0,0,0,0,0,0,0,0,0,0,0,0,1,0,0,0,0,0,0,0,0,0,0,1,1,0,0,0,1,0,0,0,0,0,0,0,1,0,0,1,1,0,0,0,0,0,0,0,0,0,0,0,0,0,0,0,0,0,0,0,0,0,0,0,1,0,0,0,0,0,0,0,0,0,1,1
272,17,3,4,0,1,1,0,1,0,0,0,0,1,0,0,0,0,0,2,1,0,4,1,0,1,0,1,1,0,0,1,0,0,1,1,1,1,0,0,0,0,0,1,0,1,1,0,0,2,1,2,0,0,0,0,0,2,0,0,1,1,0,0,0,0,0,1,0,0,0,1,0,0,0,0,1,0,0,1,0,0,1,0,1,2,0,1,0,0,0,0,0,0,0,0,2,0,0,3
378,28,9,4,1,0,0,0,0,0,0,0,0,0,0,0,0,0,0,0,0,1,1,0,0,2,0,2,3,2,3,3,4,3,0,1,2,2,1,3,2,0,3,1,1,2,1,1,0,1,0,0,1,1,2,0,0,0,0,1,0,0,0,0,0,0,0,1,0,0,0,0,0,0,0,0,0,3,0,0,0,0,1,0,0,0,0,0,0,0,0,1,0,1,0,0,0,0,0,1
22,16,14,7,7,10,15,40,54,69,77,65,74,50,58,33,47,39,38,27,38,27,23,24,16,20,20,19,23,18,14,20,14,13,9,12,10,15,11,13,6,10,9,6,6,6,8,5,5,3,7,8,0,3,4,5,2,3,1,3,2,4,3,2,1,4,0,1,3,3,1,3,2,2,3,1,2,1,2,2,5,0,2,1,2,1,1,1,0,1,2,0,0,0,0,1,1,0,0,3
328,18,1,15,34,25,25,22,29,22,23,17,10,10,4,5,4,3,10,4,5,2,2,3,2,3,2,1,0,1,0,0,1,0,0,1,0,0,1,0,0,0,0,1,2,1,1,1,0,0,1,4,1,0,2,4,2,2,4,1,2,3,5,2,2,2,5,4,6,3,4,0,3,3,5,8,2,4,4,2,3,3,1,5,3,3,1,0,6,1,2,1,3,4,5,2,3,3,2,3
272,148,66,30,24,24,8,9,6,9,5,2,2,5,4,2,4,1,1,1,1,3,2,0,2,1,0,1,0,0,0,1,1,0,1,0,0,0,0,0,0,1,0,1,0,0,0,0,0,0,0,0,0,0,0,0,1,0,0,0,0,0,0,0,0,2,0,0,1,0,0,1,0,1,0,0,0,0,0,1,0,0,0,0,0,0,1,0,0,0,0,0,1,0,1,0,1,0,0,1
16,15,6,8,4,4,4,2,1,5,3,4,3,5,3,2,2,0,1,2,3,3,1,0,0,1,1,3,4,1,2,3,2,1,3,2,2,2,3,2,1,2,3,2,2,2,1,0,6,2,1,3,0,2,1,3,3,1,3,1,2,2,0,4,3,1,2,3,1,0,4,3,0,2,2,1,3,2,4,3,2,3,1,4,1,2,2,0,1,2,1,4,3,3,3,2,3,2,2,2
14,6,9,5,4,3,2,1,3,4,2,4,4,3,1,3,2,1,2,1,2,2,1,0,1,0,2,3,4,0,1,3,1,3,1,4,1,3,2,3,0,3,2,2,2,1,1,0,5,2,1,3,0,3,0,3,3,1,2,1,2,2,0,5,2,2,2,3,1,1,4,2,0,2,2,1,3,1,4,3,2,2,1,4,1,2,2,0,1,2,1,5,2,3,3,2,3,3,2,1
3,1,12,41,47,63,72,65,69,47,56,34,29,48,34,24,31,32,23,18,21,18,20,16,20,17,15,17,18,14,13,6,16,12,14,11,9,6,12,10,8,6,6,4,10,5,4,2,6,5,1,3,3,7,3,4,1,2,3,2,5,2,1,4,0,1,2,1,2,0,4,1,2,4,1,2,0,1,1,5,0,0,4,1,2,1,1,0,1,1,1,0,0,0,0,0,1,0,0,2
415,13,2,1,3,0,0,0,0,0,0,0,0,0,0,0,0,0,0,0,0,0,0,0,0,0,0,0,0,0,0,0,0,0,0,0,0,0,0,0,0,0,0,0,0,0,0,0,0,0,0,0,0,0,0,0,0,0,0,0,0,0,0,0,0,0,0,0,0,0,0,0,0,0,0,0,0,0,0,0,0,0,0,0,0,0,0,0,0,0,0,0,0,0,1,0,0,0,0,1
2,0,0,2,4,1,9,39,48,64,78,67,73,50,57,33,45,37,37,23,41,23,22,21,19,19,17,16,21,19,13,16,20,13,7,17,11,15,11,13,6,10,11,6,6,5,9,5,6,3,5,6,1,2,4,7,4,3,1,3,2,4,3,2,1,4,0,2,2,2,1,3,2,2,4,1,2,0,1,1,5,0,2,2,2,1,1,0,0,1,2,0,0,0,0,0,1,0,0,2
14,149,149,94,53,37,29,29,16,14,12,6,7,6,3,9,7,4,4,4,4,3,0,4,2,8,2,4,2,1,4,7,2,10,3,4,1,5,2,3,5,2,4,7,3,4,1,4,4,4,2,3,4,3,7,0,3,2,7,4,4,3,1,7,3,2,6,5,3,7,4,5,5,3,6,3,6,5,0,2,4,2,5,1,1,1,5,4,4,4,2,4,4,2,6,1,1,2,2,5
10,111,82,40,36,26,19,20,11,9,11,11,16,9,12,4,4,6,6,7,2,4,5,7,2,7,6,4,3,9,4,8,3,4,2,4,7,4,7,8,4,5,9,2,10,4,5,7,5,4,2,8,6,7,4,3,5,6,4,2,5,1,5,2,2,0,4,2,4,2,0,3,1,2,1,4,2,3,1,1,2,1,4,1,4,1,4,2,2,0,1,2,1,3,2,2,0,1,0,2
3,0,1,0,1,0,0,0,0,1,0,2,3,1,2,3,0,4,0,2,9,3,4,8,12,6,5,10,6,7,6,12,12,8,11,10,13,8,9,10,10,11,6,14,11,13,7,11,6,8,9,8,9,5,14,18,11,5,7,11,2,9,7,7,4,8,12,7,4,6,5,1,4,8,4,5,5,3,3,2,5,2,4,1,3,4,2,5,3,3,2,1,1,4,2,1,2,1,3,7
27,82,67,52,32,17,22,12,14,4,2,4,8,5,1,2,7,3,2,3,2,1,2,3,0,0,0,1,1,1,3,2,1,3,4,4,2,1,0,1,0,0,1,1,1,1,1,0,1,1,0,4,1,0,2,1,1,4,1,1,0,2,1,1,1,0,2,0,3,1,1,1,1,1,0,0,1,0,1,0,0,1,1,2,0,1,2,1,0,1,1,0,0,0,1,0,1,2,0,3
27,18,9,20,48,23,14,8,9,2,3,4,2,2,2,3,1,0,2,2,1,2,1,0,1,0,1,0,1,1,0,1,1,2,0,1,0,1,1,0,1,0,0,0,0,1,1,0,1,1,0,0,0,0,1,1,1,1,0,0,1,0,0,1,0,0,0,0,1,0,0,0,0,0,1,0,0,1,0,0,0,0,0,0,0,0,2,0,0,0,0,0,0,0,0,0,0,0,1,1
1,0,0,0,0,0,0,0,0,0,0,0,0,0,0,0,0,0,0,0,0,0,0,0,0,0,0,0,0,0,0,0,0,0,0,0,0,0,0,0,0,0,0,0,0,0,0,0,1,0,0,0,0,0,0,0,0,0,0,0,0,0,0,0,0,0,0,0,0,0,0,0,0,0,0,0,0,0,0,0,0,0,0,0,0,0,0,0,0,0,0,0,0,0,0,0,0,0,0,1
1,0,0,0,0,0,1,0,1,0,0,0,0,0,0,0,0,0,0,0,0,0,0,0,0,0,0,0,0,0,0,0,0,0,0,0,1,0,1,1,0,0,0,1,1,0,2,0,1,0,2,0,0,0,0,0,1,3,2,3,0,1,2,3,2,2,3,4,6,4,3,2,4,5,1,2,2,0,3,6,3,1,3,2,0,6,1,4,2,2,2,1,2,0,2,1,3,3,3,1
651,305,42,17,6,1,1,1,0,0,1,0,0,0,0,0,1,0,0,1,1,0,0,0,0,0,0,0,0,0,0,0,0,0,0,0,0,0,0,0,0,0,0,1,0,0,0,0,0,0,0,0,0,0,0,0,0,0,0,0,0,0,1,0,0,0,0,0,0,1,0,0,0,0,0,0,0,0,0,0,0,0,0,0,0,0,0,0,0,0,0,0,0,0,0,0,0,0,0,1
7,1,0,3,2,2,2,3,4,3,0,1,1,0,1,0,0,1,1,0,0,0,0,0,0,2,0,1,0,0,1,0,2,2,0,0,0,2,1,0,0,1,0,0,0,0,1,1,1,0,0,1,0,0,0,1,1,4,0,0,1,0,0,1,0,1,1,1,1,0,0,0,3,1,0,1,1,0,0,1,0,0,1,0,1,0,1,0,0,0,0,2,2,0,2,1,0,1,1,2
0,0,0,0,0,0,0,0,0,0,0,0,0,0,0,0,0,0,0,0,0,0,0,0,0,0,0,0,0,0,0,0,0,0,0,0,0,0,0,0,0,0,0,0,0,0,0,0,0,0,0,0,0,0,0,0,0,0,0,0,0,0,0,0,0,0,0,0,0,0,0,0,0,0,0,0,0,0,0,0,0,0,0,0,0,0,0,0,0,0,0,0,0,0,0,0,0,0,0,0
223,12,12,8,8,8,5,3,1,3,3,3,2,1,0,0,0,0,0,0,0,1,0,0,0,0,0,0,0,1,1,0,1,0,0,1,0,0,1,0,0,1,0,0,0,0,0,0,1,0,1,1,0,0,1,1,1,1,1,0,0,0,0,0,1,2,0,0,0,2,0,0,2,1,1,2,1,0,0,0,1,1,0,1,0,0,0,0,0,1,1,1,0,0,0,0,0,0,0,2
654,302,42,17,6,1,1,1,0,0,1,0,0,0,0,0,1,0,0,1,1,0,0,0,0,0,0,0,0,0,0,0,0,0,0,0,0,0,0,0,0,0,0,1,0,0,0,0,0,0,0,0,0,0,0,0,0,0,0,0,0,0,1,0,0,0,0,0,0,1,0,0,0,0,0,0,0,0,0,0,0,0,0,0,0,0,0,0,0,0,0,0,0,0,0,0,0,0,0,1
25,47,43,40,23,18,16,9,9,3,5,3,3,2,2,6,6,2,3,2,1,2,4,3,2,4,0,1,0,3,2,3,2,0,0,2,2,1,4,3,4,3,1,3,5,5,3,4,5,4,4,4,4,2,1,3,2,2,4,0,4,2,4,1,1,5,1,2,2,1,4,4,0,3,5,4,1,2,1,0,3,2,1,2,0,3,4,1,0,0,4,4,2,2,4,3,2,0,0,1
417,13,2,1,3,0,0,0,0,0,0,0,0,0,0,0,0,0,0,0,0,0,0,0,0,0,0,0,0,0,0,0,0,0,0,0,0,0,0,0,0,0,0,0,0,0,0,0,0,0,0,0,0,0,0,0,0,0,0,0,0,0,0,0,0,0,0,0,0,0,0,0,0,0,0,0,0,0,0,0,0,0,0,0,0,0,0,0,0,0,0,0,0,0,1,0,0,0,0,1
3,1,1,0,0,0,0,0,0,0,0,0,0,0,0,0,0,0,0,0,0,0,0,0,0,0,0,0,0,0,0,0,0,0,0,0,0,0,0,0,0,0,0,0,0,0,0,0,0,0,0,0,0,0,0,0,0,0,0,1,0,0,0,0,0,0,0,0,0,0,0,0,0,0,0,0,0,0,0,0,0,0,0,0,0,0,0,0,0,0,0,0,0,0,0,0,0,0,0,1
321,227,104,40,27,10,8,4,3,0,1,0,0,1,0,0,0,0,0,0,0,0,0,0,0,0,0,0,0,0,0,0,0,0,0,0,0,0,0,0,0,0,0,0,0,0,0,0,0,0,0,1,0,0,0,0,0,0,0,0,0,0,0,0,0,0,0,0,0,1,0,0,0,0,0,0,0,0,0,0,0,0,0,0,0,0,0,0,0,0,0,0,0,0,0,0,0,0,2,1
272,39,4,5,9,3,4,8,4,5,4,4,3,7,9,12,10,9,11,16,10,20,22,18,19,16,19,13,14,21,19,14,14,18,9,10,13,15,13,15,13,9,9,11,7,16,11,14,13,10,10,7,6,10,11,10,5,6,5,7,7,6,6,9,4,5,6,3,7,3,6,3,2,3,0,1,4,2,2,1,2,0,2,1,1,3,0,3,2,3,2,1,1,0,3,0,5,1,1,3
3,101,89,45,33,27,22,17,13,7,10,12,17,9,13,3,4,7,5,5,3,4,5,7,3,4,7,4,2,9,4,8,2,4,2,4,6,5,5,10,4,5,7,2,9,5,4,7,5,3,3,8,8,7,3,4,5,6,3,3,5,1,5,2,2,0,5,2,4,2,0,3,1,2,1,4,1,3,1,1,2,1,3,2,4,1,4,2,2,0,1,2,1,3,2,2,0,1,0,2
8,3,3,5,0,4,1,0,2,1,1,0,3,1,1,1,0,2,1,1,1,0,0,0,0,0,0,0,0,0,1,1,0,0,0,0,0,1,0,0,0,0,0,0,0,0,0,0,0,0,1,0,0,0,1,0,1,0,0,0,0,0,0,1,0,1,0,1,0,1,0,0,1,1,1,1,0,0,0,0,1,0,0,0,0,0,1,0,0,0,0,0,0,0,0,1,1,0,0,1
10,18,17,20,10,11,11,5,2,4,1,0,2,1,2,0,1,2,2,3,2,5,1,0,1,2,4,5,0,4,4,1,1,3,5,4,0,5,6,3,4,5,5,4,2,4,2,5,0,0,2,4,3,2,2,1,4,3,1,4,0,2,1,3,1,1,1,1,2,1,1,1,3,1,3,1,0,1,2,1,2,2,0,3,1,1,1,2,1,0,0,0,1,1,2,2,0,0,2,2
128,95,32,25,27,9,16,13,14,13,12,14,11,10,21,10,12,13,17,12,13,16,8,19,17,12,20,14,13,12,16,17,12,14,15,8,12,13,13,14,13,5,15,11,10,9,6,7,8,4,6,12,10,5,5,3,8,6,4,5,3,2,2,2,4,5,4,0,5,7,3,2,3,5,2,6,2,1,3,5,1,6,1,2,4,0,3,4,1,0,1,1,1,0,1,0,3,0,2,1
36,24,25,5,15,14,7,8,11,11,10,7,4,6,8,6,3,5,3,5,4,2,3,4,1,5,1,1,3,2,1,1,3,3,3,0,3,2,2,2,1,3,4,2,2,0,0,1,0,2,2,3,1,1,3,2,0,5,1,0,2,2,4,3,4,4,5,0,2,2,3,2,1,3,3,1,3,3,3,1,2,0,2,1,0,1,0,2,2,3,2,2,2,1,2,2,2,3,3,2
11,16,5,6,5,6,3,2,1,3,2,4,4,3,3,3,2,0,1,1,2,2,1,0,0,1,1,3,2,1,1,2,1,2,3,3,2,2,3,1,1,2,2,1,2,2,1,0,5,2,1,3,1,1,1,3,2,1,2,1,3,2,0,4,3,1,2,4,1,0,4,3,0,2,0,1,3,1,3,3,2,2,1,4,1,1,2,0,1,2,1,4,2,3,2,2,2,3,2,1
1,6,15,18,21,9,11,6,5,6,4,3,2,4,0,1,2,1,2,1,2,2,1,0,3,1,0,0,1,2,0,0,0,1,0,1,1,1,1,3,1,3,2,0,1,1,2,1,0,0,1,1,0,1,1,0,1,0,1,0,0,2,1,0,2,1,2,1,0,0,0,2,0,2,1,0,1,0,3,2,1,1,2,0,3,0,0,0,3,2,1,2,2,1,0,1,2,2,3,1
21,12,4,2,1,0,1,0,0,0,0,1,0,0,1,0,0,0,1,0,0,1,1,0,0,3,0,0,2,2,0,0,0,3,1,1,1,0,0,0,2,0,0,4,2,0,1,2,2,0,0,0,1,0,0,1,0,1,1,1,0,0,1,1,0,1,1,1,0,0,0,0,4,0,1,0,0,0,1,1,1,0,1,0,0,1,1,0,0,0,0,1,1,0,1,3,1,2,1,1
93,143,64,29,19,15,10,4,5,2,5,2,3,1,1,5,0,1,3,2,3,2,2,1,1,0,1,0,0,2,1,2,0,1,2,1,0,0,0,1,2,1,0,1,1,0,0,0,3,1,0,0,1,0,0,1,1,0,1,0,0,2,1,1,1,1,1,0,0,1,0,1,0,0,0,0,0,0,0,0,1,0,1,0,1,0,0,2,3,0,0,0,0,0,1,1,1,2,0,1
53,13,14,22,16,13,12,13,4,5,4,3,4,6,5,5,1,1,1,1,2,2,2,0,0,1,1,2,0,1,2,1,0,0,0,2,1,3,1,0,0,4,2,3,0,1,0,1,1,0,0,0,0,0,0,1,0,0,1,1,1,1,0,4,0,0,1,2,3,0,2,3,1,2,1,2,1,0,2,3,2,0,1,1,0,1,3,1,1,2,1,1,4,2,1,1,0,0,1,2
853,40,20,7,10,3,4,1,0,2,0,1,2,0,4,1,2,0,1,0,0,0,1,0,2,1,0,1,1,0,0,0,1,0,0,0,0,0,0,0,0,2,0,0,0,0,0,0,0,0,1,0,0,0,0,0,1,0,0,0,0,1,0,1,0,0,0,0,0,0,2,0,0,0,0,0,0,0,0,1,0,1,0,0,0,0,0,0,0,0,0,1,0,0,0,0,0,0,0,1
2,2,11,41,47,63,72,65,69,47,55,34,29,48,34,25,31,32,23,18,21,18,20,16,20,17,15,17,18,14,13,6,16,12,14,11,9,6,12,10,8,6,6,4,10,5,4,2,6,5,1,3,3,7,3,4,1,2,3,2,5,2,1,4,0,1,2,1,2,0,4,1,2,4,1,2,0,1,1,5,0,0,4,1,2,1,1,0,1,1,1,0,0,0,0,0,1,0,0,2
15,1,9,16,16,14,7,5,4,4,4,3,4,2,3,3,1,1,1,0,1,6,2,0,3,3,2,2,2,3,1,3,1,1,2,1,3,0,4,2,1,3,0,0,0,0,0,0,0,1,3,1,1,3,1,2,2,4,1,2,0,0,2,2,2,1,1,2,0,2,0,2,1,0,1,1,0,2,0,1,0,1,1,2,2,1,0,2,1,2,0,0,2,0,0,0,0,0,0,3
2,0,0,0,0,0,0,0,0,1,2,3,6,2,7,6,8,5,9,6,5,4,6,5,3,5,3,3,3,6,2,4,5,7,4,5,5,5,3,3,2,4,2,4,5,4,1,2,7,4,1,2,0,1,2,2,1,1,4,0,2,2,2,2,1,2,2,2,1,1,2,1,1,0,3,2,0,1,1,2,1,2,1,2,2,1,3,4,1,1,0,6,2,2,2,1,4,0,3,3
332,97,27,7,6,5,1,2,4,0,2,5,2,3,1,5,2,2,1,1,0,0,1,1,1,1,2,1,0,2,0,2,0,0,1,0,1,0,0,0,1,0,1,3,1,1,2,0,0,0,2,5,2,4,0,1,0,0,0,0,1,2,2,0,2,2,2,2,4,1,0,3,0,1,0,2,5,0,1,1,2,3,0,1,2,3,0,2,2,4,4,1,2,0,1,4,0,2,0,2
138,67,183,114,60,34,8,10,7,3,2,0,1,0,0,0,0,0,1,0,0,0,0,0,0,1,0,1,0,0,0,0,0,0,0,0,1,0,0,0,0,0,1,0,0,0,0,0,1,1,0,0,0,1,0,0,0,0,0,1,0,0,0,0,0,0,0,0,0,0,0,0,0,1,0,1,0,0,0,0,1,0,0,1,0,0,1,0,0,1,0,0,0,0,0,0,0,0,2,1
271,149,66,30,24,24,8,9,6,9,5,2,2,5,4,2,4,1,1,1,1,3,2,0,2,1,0,1,0,0,0,1,1,0,1,0,0,0,0,0,0,1,0,1,0,0,0,0,0,0,0,0,0,0,0,0,1,0,0,0,0,0,0,0,0,2,0,0,1,0,0,1,0,1,0,0,0,0,0,1,1,0,0,0,0,0,1,0,0,0,0,0,1,0,1,0,1,0,0,1
2,4,1,0,0,0,0,0,0,1,0,0,0,0,1,0,0,1,0,1,0,0,0,0,0,0,0,0,0,0,2,0,2,1,1,0,0,1,0,0,0,0,0,0,0,0,0,0,0,0,1,0,0,1,0,1,0,0,0,1,0,0,0,0,1,0,0,0,0,0,1,0,0,1,0,0,2,0,0,0,0,0,0,0,0,0,1,0,0,0,0,0,0,1,1,0,0,2,0,1
313,182,106,76,61,50,37,36,29,25,17,17,12,21,7,7,12,0,6,5,3,4,10,6,3,6,3,3,6,2,2,1,0,9,4,4,3,3,1,5,9,7,4,4,2,3,5,4,3,3,6,7,3,5,6,3,3,3,2,4,4,8,3,9,6,2,3,5,5,7,6,4,1,4,4,3,5,3,3,5,2,7,5,7,3,1,3,4,3,2,2,4,3,2,2,6,5,3,2,3
135,215,57,16,10,4,1,5,5,4,1,5,3,1,2,1,2,3,3,2,1,4,2,2,3,0,0,6,2,6,2,2,3,2,3,5,2,3,3,4,8,2,1,3,0,6,4,2,1,6,2,3,1,4,0,2,1,1,0,2,0,7,1,5,2,1,1,3,1,4,1,1,5,1,1,1,2,4,4,0,0,1,2,4,2,2,2,3,1,1,1,1,2,2,2,2,2,2,2,2
1,0,0,0,0,0,0,0,0,0,0,0,0,0,0,0,0,0,0,0,0,0,0,0,0,0,0,0,0,0,0,0,0,0,0,0,0,0,0,1,1,0,0,0,0,0,0,0,0,0,0,0,0,0,0,0,0,0,0,0,1,0,0,0,0,0,0,0,0,0,0,0,0,0,0,0,0,0,0,0,0,0,0,0,0,0,0,0,0,0,0,0,0,0,0,0,0,0,0,1
1,0,0,0,0,1,0,1,0,0,0,0,1,0,0,0,0,0,0,1,1,0,1,0,0,0,0,0,2,2,3,0,0,0,0,0,2,0,0,0,0,0,0,0,1,0,0,0,0,1,0,1,1,0,1,1,0,0,0,1,0,1,0,1,0,0,0,1,2,0,1,0,0,1,0,0,0,1,0,0,1,0,0,0,0,0,0,0,0,0,0,1,0,0,0,1,0,0,0,1
152,59,40,11,22,14,10,8,5,4,4,4,2,7,4,3,2,1,2,1,1,1,2,2,1,0,0,1,0,0,2,0,1,1,1,0,3,1,0,1,3,1,0,0,1,0,0,1,0,1,0,0,0,1,2,0,1,1,1,2,1,0,0,1,2,1,4,0,1,1,1,0,1,0,1,0,4,3,1,0,0,2,0,1,2,1,3,1,0,0,1,1,0,2,1,1,1,1,1,1
3,2,4,2,1,4,3,2,1,3,2,3,1,2,1,0,1,2,0,1,3,2,2,0,0,5,3,1,3,1,4,4,3,2,3,1,1,1,2,0,4,0,0,3,1,3,2,1,0,0,1,2,1,0,1,1,0,3,2,3,1,3,3,0,0,4,0,0,2,0,1,2,2,1,1,1,0,0,0,0,1,4,2,1,0,1,1,1,2,1,0,0,0,1,0,0,1,3,0,3
297,93,18,6,3,5,3,4,4,3,4,5,7,7,8,10,9,4,9,10,12,20,21,17,12,19,15,17,14,14,18,17,10,14,10,10,9,15,14,9,13,12,5,11,9,13,14,12,15,7,9,7,11,5,13,11,5,8,4,8,3,8,4,8,4,4,4,1,4,4,4,0,5,1,0,3,4,2,1,2,1,1,1,2,4,1,0,0,3,5,3,1,2,3,2,0,1,3,0,3
1,0,5,4,6,11,4,8,5,8,6,7,8,7,5,1,7,6,5,10,7,5,4,2,8,2,2,1,3,3,3,6,3,3,4,1,1,4,5,4,3,4,3,0,1,2,2,4,1,1,6,3,2,2,3,1,3,2,1,0,1,1,0,1,2,1,2,1,1,0,0,0,0,5,2,1,2,2,2,0,0,1,3,2,3,0,3,3,3,3,1,1,0,1,0,0,1,1,2,1
1,1,3,0,1,2,3,0,3,0,3,5,5,3,2,8,12,4,3,10,7,6,3,9,12,10,6,10,10,12,9,6,10,8,10,8,4,14,10,10,9,6,7,9,8,4,7,9,4,12,16,11,5,6,9,7,5,6,7,5,4,6,11,7,7,4,4,3,1,4,5,8,2,6,3,3,3,2,3,3,2,2,3,5,2,1,5,3,3,1,2,2,3,3,1,1,2,0,4,5
67,102,58,34,28,26,13,17,12,5,13,17,12,11,4,5,6,7,1,6,2,7,4,7,4,5,6,1,6,5,9,3,2,5,2,3,6,5,11,3,6,7,4,6,6,5,5,5,5,3,2,11,9,3,4,4,4,8,3,1,5,1,6,1,2,1,4,2,4,2,0,3,1,2,2,3,2,2,2,0,2,1,4,1,4,1,4,2,2,0,1,2,1,3,2,2,0,1,0,2
116,48,36,23,14,15,10,8,4,4,2,4,1,4,2,1,3,2,1,5,1,0,0,0,0,0,0,0,0,0,0,0,0,0,1,0,1,0,0,1,0,0,1,1,0,1,0,1,2,0,1,2,1,1,0,2,1,0,0,0,2,0,0,1,0,0,0,1,0,1,0,2,0,0,0,1,0,2,0,0,2,0,1,0,0,0,0,1,0,0,0,2,0,0,0,0,0,0,0,1
81,35,22,8,11,6,4,6,0,2,4,2,1,0,2,0,0,3,0,1,1,2,0,0,0,0,0,0,0,0,1,0,0,0,0,1,1,0,0,1,0,0,1,1,1,0,0,1,0,0,1,0,0,0,0,0,0,0,0,1,1,0,1,0,1,0,0,0,2,0,1,0,0,0,0,1,1,0,2,0,0,0,0,1,0,1,0,1,0,1,0,0,1,1,1,0,1,1,2,1
20,22,15,22,22,19,17,15,9,7,9,14,0,7,5,9,8,9,5,15,14,9,11,8,17,12,16,16,18,20,25,21,16,21,13,19,18,13,16,14,15,10,12,11,12,11,10,6,16,15,8,10,14,6,5,8,6,8,12,7,3,6,6,4,5,4,1,1,6,4,7,6,3,3,1,5,3,1,4,5,1,5,1,3,1,1,2,3,1,1,2,0,1,1,1,1,2,0,1,2
2,0,0,1,0,0,0,0,0,0,1,0,0,0,0,0,0,0,0,0,0,0,0,0,0,0,1,0,0,0,0,0,0,0,0,0,0,0,0,0,1,0,0,1,2,1,0,0,0,1,0,3,1,0,0,1,3,3,3,0,2,1,0,3,1,1,1,4,3,0,4,1,0,4,3,1,1,0,3,0,1,3,3,2,5,1,2,1,0,4,1,2,0,1,2,1,2,4,1,2
35,17,25,14,12,14,4,5,9,7,4,8,3,4,4,2,1,6,3,2,3,3,3,1,3,3,1,1,2,1,2,4,1,3,2,1,3,0,1,0,3,1,0,3,1,1,0,4,0,1,3,4,0,5,1,3,1,1,2,2,3,1,2,1,1,1,1,2,3,1,2,1,2,2,1,0,1,3,1,0,4,1,2,2,0,1,0,1,1,0,0,0,0,3,3,2,2,1,0,2
88,30,11,5,6,2,4,3,3,0,0,2,2,0,2,0,1,1,0,1,1,0,1,0,0,0,0,1,1,0,0,0,1,0,0,0,0,0,0,0,0,0,0,0,0,0,0,1,0,0,0,0,0,0,0,0,0,0,0,1,0,0,1,0,0,0,1,0,0,0,1,0,0,1,1,0,0,0,1,0,0,0,0,0,0,1,2,0,2,0,0,0,1,0,0,0,1,0,0,2
104,98,25,15,8,3,0,1,2,0,1,0,0,0,0,0,0,0,0,0,0,0,0,0,0,0,0,0,0,0,0,0,0,0,0,0,0,0,0,1,0,0,0,0,0,0,0,0,1,1,0,0,0,0,0,0,0,1,0,0,0,2,0,1,0,0,0,0,0,0,0,1,0,0,0,0,0,0,0,0,1,0,0,1,0,0,0,0,0,0,0,0,0,0,0,0,0,0,1,1
258,163,70,33,22,23,13,8,7,12,5,4,1,8,6,2,3,2,1,1,2,3,5,0,3,1,0,1,1,1,0,1,0,1,1,1,1,0,0,1,0,2,0,1,0,0,2,0,2,4,0,1,3,0,0,0,1,1,1,2,0,0,0,1,1,2,1,0,1,1,2,1,0,1,0,1,1,0,1,2,1,1,0,1,0,0,1,0,0,0,1,0,0,0,2,1,0,1,0,2
174,232,91,48,28,20,18,13,7,13,4,6,3,8,5,2,7,2,3,1,0,4,3,2,5,2,1,5,0,2,3,2,2,1,4,4,0,2,2,1,2,5,1,4,2,1,1,2,2,2,3,2,1,0,1,3,3,1,1,1,1,0,4,1,3,3,0,1,1,2,0,1,1,2,1,0,0,1,4,0,1,2,2,0,3,1,2,2,1,0,1,0,3,5,2,3,0,0,0,2
170,51,94,19,13,19,28,30,20,19,17,4,10,11,7,7,3,4,1,5,5,4,2,2,1,2,1,1,1,3,1,0,0,0,0,0,0,0,0,0,1,0,0,0,0,0,0,0,0,0,0,0,0,0,1,0,0,0,0,0,0,0,1,0,0,0,0,0,0,0,0,1,0,0,0,1,0,0,2,0,0,2,1,1,1,1,2,7,2,0,1,3,0,0,2,1,6,4,2,4
639,285,111,46,32,21,12,14,7,5,3,6,0,0,4,4,5,5,2,2,0,2,3,2,2,0,2,3,1,3,3,3,2,2,6,6,0,6,6,8,5,5,4,7,6,16,11,5,1,3,8,6,5,10,5,6,5,12,11,10,4,3,3,7,5,5,6,4,6,3,6,5,6,2,8,3,1,3,2,5,2,4,4,2,1,2,6,3,2,4,0,1,2,0,2,4,0,2,4,2
1350,468,123,67,44,38,33,27,32,26,21,15,17,24,23,19,27,23,23,16,15,25,17,24,16,23,16,19,19,14,13,20,22,17,14,21,16,18,10,10,9,14,16,16,7,17,10,5,7,11,4,5,8,11,10,7,7,2,7,1,4,4,2,2,3,4,3,2,3,5,4,4,1,6,2,1,0,2,1,1,0,2,0,1,0,1,2,1,1,0,0,1,1,1,0,1,1,0,0,2
6,4,12,3,3,10,13,31,27,25,26,17,18,20,16,23,18,10,24,23,32,23,39,30,39,47,55,57,71,60,69,74,91,70,74,74,80,48,63,48,46,54,39,64,40,35,23,21,18,21,22,13,10,10,13,9,8,9,8,9,3,8,3,5,3,0,2,2,1,1,0,2,2,2,2,2,1,0,0,1,0,1,0,0,0,0,0,0,2,1,1,0,0,1,0,0,1,0,0,2
229,55,19,10,10,4,5,4,1,2,2,3,0,1,0,0,0,0,0,2,0,1,1,3,2,2,2,1,0,0,0,0,0,0,0,0,0,1,0,1,0,0,1,0,0,0,1,0,0,1,0,1,0,0,0,0,1,0,0,1,0,1,0,0,0,0,1,0,1,1,0,0,2,0,0,0,0,1,0,0,0,0,0,0,1,0,0,4,0,0,0,1,0,2,1,0,1,1,2,2
170,51,94,19,13,19,28,30,20,19,17,4,10,11,7,7,3,4,1,5,4,5,2,2,1,2,1,1,1,3,1,0,0,0,0,0,0,0,0,0,1,0,0,0,0,0,0,0,0,0,0,0,0,0,1,0,0,0,0,0,0,0,1,0,0,0,0,0,0,0,0,1,0,0,0,1,0,0,2,0,0,2,1,1,1,1,2,7,2,0,1,3,0,0,2,1,6,4,2,4
411,275,98,36,22,12,9,5,5,8,3,4,2,6,3,8,5,9,5,6,3,7,11,7,8,6,10,5,10,10,8,13,5,11,7,8,8,6,7,11,9,7,4,10,7,7,7,7,8,6,7,11,9,11,4,7,7,3,4,4,3,7,1,5,9,3,4,3,4,1,1,6,0,5,1,6,2,3,5,6,4,2,3,0,1,0,1,3,2,2,0,1,2,4,2,1,3,4,3,3
2685,964,603,436,334,235,221,187,161,112,90,95,74,62,45,59,58,25,31,26,28,31,19,19,21,22,19,16,20,14,8,9,13,10,4,13,4,7,6,9,1,3,5,4,3,2,5,1,0,8,4,4,2,6,3,1,3,4,0,1,1,0,0,1,3,2,0,0,0,2,0,0,1,1,1,0,0,0,0,1,0,0,0,0,3,0,1,0,0,0,0,0,0,0,0,0,0,0,0,1
3483,1208,685,519,355,268,211,151,136,118,93,89,64,65,58,35,38,33,36,30,24,29,17,17,14,16,6,13,11,12,7,7,8,7,3,10,6,3,4,7,8,4,4,3,3,3,3,1,3,3,2,1,2,0,1,1,0,0,0,1,1,4,1,0,1,0,0,0,2,0,0,0,1,0,0,0,1,0,0,1,0,0,0,0,0,0,0,0,0,0,0,0,0,0,0,0,0,0,0,2
9,9,11,13,11,4,5,5,1,5,1,4,3,2,2,0,3,2,0,3,1,1,2,0,2,3,2,1,0,2,0,0,2,0,2,0,0,2,0,0,0,1,2,2,4,2,1,0,0,1,3,3,4,0,1,2,1,1,1,5,0,0,4,1,0,3,1,4,0,2,2,4,1,0,2,1,3,1,1,0,1,2,1,1,1,0,0,2,0,0,0,1,2,1,2,0,0,1,1,4
67,102,61,35,28,29,17,17,11,5,13,18,15,10,4,6,8,7,1,8,3,8,4,9,4,5,7,1,7,4,9,3,2,7,4,4,5,6,14,4,6,9,4,6,6,6,4,5,5,3,2,11,9,4,4,5,4,7,0,0,4,1,6,1,2,1,4,3,4,2,0,4,1,2,2,4,1,3,2,0,2,1,4,1,4,1,4,2,2,0,1,2,1,3,2,1,0,1,0,2
651,47,5,4,2,4,2,2,2,1,0,1,1,1,0,2,0,0,2,0,1,1,0,0,0,3,1,3,0,0,0,3,0,3,0,0,0,0,0,0,0,1,3,0,2,1,1,2,3,1,0,2,1,1,0,0,0,2,1,0,0,1,1,2,1,1,2,0,1,1,1,0,0,0,2,1,0,1,0,0,1,2,0,4,1,0,1,2,0,2,1,0,2,3,0,0,1,0,1,1
251,23,43,57,38,36,30,19,25,26,25,15,13,7,8,11,5,5,5,10,3,2,2,2,3,3,5,5,3,2,1,0,2,2,3,0,0,1,0,0,3,1,0,2,0,0,1,0,1,0,1,0,1,0,0,1,1,0,1,1,0,0,1,2,1,0,0,1,1,0,2,1,1,2,0,0,0,0,0,5,1,0,3,2,1,1,2,2,0,0,2,4,2,2,0,1,1,1,0,3
93,44,23,9,10,6,6,7,0,2,4,3,1,0,2,0,0,3,0,3,1,3,1,0,0,0,0,0,0,0,1,0,0,0,0,1,1,0,1,0,0,0,1,1,1,0,0,1,0,0,1,0,0,0,0,0,0,0,0,1,1,0,1,0,1,0,1,0,0,0,2,0,0,0,0,1,1,0,2,0,0,0,0,1,0,1,1,0,0,0,0,1,0,1,0,0,1,1,1,1
300,318,53,13,16,10,6,13,7,11,6,10,7,10,7,11,11,10,11,16,17,21,27,20,13,17,23,17,18,17,25,13,11,17,12,18,6,13,13,15,9,14,15,10,7,11,7,6,8,7,8,12,8,8,4,5,7,7,11,8,3,3,4,3,4,6,5,4,5,2,4,2,2,2,4,3,6,3,1,2,4,0,6,4,3,1,1,2,4,1,1,1,1,1,0,1,0,1,1,1
237,306,217,114,59,25,27,17,14,3,4,3,1,2,3,1,0,2,2,1,0,0,1,2,2,0,0,0,0,1,0,1,0,0,0,1,5,0,0,1,1,0,0,0,1,1,0,0,1,0,0,0,0,0,0,0,0,0,1,0,1,0,0,1,0,0,1,1,1,0,0,2,1,2,0,0,1,0,0,1,0,1,1,0,1,0,0,1,0,0,0,1,0,0,0,1,0,1,0,1
272,17,3,4,0,1,1,0,1,0,0,0,0,1,0,0,0,0,0,2,1,0,4,1,0,1,0,1,1,0,0,1,0,0,1,1,1,1,0,0,0,0,0,1,0,1,1,0,0,2,1,2,0,0,0,0,0,2,0,0,1,1,0,0,0,0,0,1,0,0,0,1,0,0,0,0,1,0,0,1,0,0,1,0,1,2,0,1,0,0,0,0,0,0,0,0,2,0,0,3
378,28,9,4,1,0,0,0,0,0,0,0,0,0,0,0,0,0,0,0,0,1,1,0,0,2,0,2,3,2,3,3,4,3,0,1,2,2,1,3,2,0,3,1,1,2,1,1,0,1,0,0,1,1,2,0,0,0,0,1,0,0,0,0,0,0,0,1,0,0,0,0,0,0,0,0,0,3,0,0,0,0,1,0,0,0,0,0,0,0,0,1,0,1,0,0,0,0,0,1
22,16,14,7,7,10,15,40,54,69,77,65,74,50,58,33,47,39,38,27,38,27,23,24,16,20,20,19,23,18,14,20,14,13,9,12,10,15,11,13,6,10,9,6,6,6,8,5,5,3,7,8,0,3,4,5,2,3,1,3,2,4,3,2,1,4,0,1,3,3,1,3,2,2,3,1,2,1,2,2,5,0,2,1,2,1,1,1,0,1,2,0,0,0,0,1,1,0,0,3
328,18,1,15,34,25,25,22,29,22,23,17,10,10,4,5,4,3,10,4,5,2,2,3,2,3,2,1,0,1,0,0,1,0,0,1,0,0,1,0,0,0,0,1,2,1,1,1,0,0,1,4,1,0,2,4,2,2,4,1,2,3,5,2,2,2,5,4,6,3,4,0,3,3,5,8,2,4,4,2,3,3,1,5,3,3,1,0,6,1,2,1,3,4,5,2,3,3,2,3
272,148,66,30,24,24,8,9,6,9,5,2,2,5,4,2,4,1,1,1,1,3,2,0,2,1,0,1,0,0,0,1,1,0,1,0,0,0,0,0,0,1,0,1,0,0,0,0,0,0,0,0,0,0,0,0,1,0,0,0,0,0,0,0,0,2,0,0,1,0,0,1,0,1,0,0,0,0,0,1,0,0,0,0,0,0,1,0,0,0,0,0,1,0,1,0,1,0,0,1
16,15,6,8,4,4,4,2,1,5,3,4,3,5,3,2,2,0,1,2,3,3,1,0,0,1,1,3,4,1,2,3,2,1,3,2,2,2,3,2,1,2,3,2,2,2,1,0,6,2,1,3,0,2,1,3,3,1,3,1,2,2,0,4,3,1,2,3,1,0,4,3,0,2,2,1,3,2,4,3,2,3,1,4,1,2,2,0,1,2,1,4,3,3,3,2,3,2,2,2
14,6,9,5,4,3,2,1,3,4,2,4,4,3,1,3,2,1,2,1,2,2,1,0,1,0,2,3,4,0,1,3,1,3,1,4,1,3,2,3,0,3,2,2,2,1,1,0,5,2,1,3,0,3,0,3,3,1,2,1,2,2,0,5,2,2,2,3,1,1,4,2,0,2,2,1,3,1,4,3,2,2,1,4,1,2,2,0,1,2,1,5,2,3,3,2,3,3,2,1
3,1,12,41,47,63,72,65,69,47,56,34,29,48,34,24,31,32,23,18,21,18,20,16,20,17,15,17,18,14,13,6,16,12,14,11,9,6,12,10,8,6,6,4,10,5,4,2,6,5,1,3,3,7,3,4,1,2,3,2,5,2,1,4,0,1,2,1,2,0,4,1,2,4,1,2,0,1,1,5,0,0,4,1,2,1,1,0,1,1,1,0,0,0,0,0,1,0,0,2
415,13,2,1,3,0,0,0,0,0,0,0,0,0,0,0,0,0,0,0,0,0,0,0,0,0,0,0,0,0,0,0,0,0,0,0,0,0,0,0,0,0,0,0,0,0,0,0,0,0,0,0,0,0,0,0,0,0,0,0,0,0,0,0,0,0,0,0,0,0,0,0,0,0,0,0,0,0,0,0,0,0,0,0,0,0,0,0,0,0,0,0,0,0,1,0,0,0,0,1
2,0,0,2,4,1,9,39,48,64,78,67,73,50,57,33,45,37,37,23,41,23,22,21,19,19,17,16,21,19,13,16,20,13,7,17,11,15,11,13,6,10,11,6,6,5,9,5,6,3,5,6,1,2,4,7,4,3,1,3,2,4,3,2,1,4,0,2,2,2,1,3,2,2,4,1,2,0,1,1,5,0,2,2,2,1,1,0,0,1,2,0,0,0,0,0,1,0,0,2
14,149,149,94,53,37,29,29,16,14,12,6,7,6,3,9,7,4,4,4,4,3,0,4,2,8,2,4,2,1,4,7,2,10,3,4,1,5,2,3,5,2,4,7,3,4,1,4,4,4,2,3,4,3,7,0,3,2,7,4,4,3,1,7,3,2,6,5,3,7,4,5,5,3,6,3,6,5,0,2,4,2,5,1,1,1,5,4,4,4,2,4,4,2,6,1,1,2,2,5
10,111,82,40,36,26,19,20,11,9,11,11,16,9,12,4,4,6,6,7,2,4,5,7,2,7,6,4,3,9,4,8,3,4,2,4,7,4,7,8,4,5,9,2,10,4,5,7,5,4,2,8,6,7,4,3,5,6,4,2,5,1,5,2,2,0,4,2,4,2,0,3,1,2,1,4,2,3,1,1,2,1,4,1,4,1,4,2,2,0,1,2,1,3,2,2,0,1,0,2
3,0,1,0,1,0,0,0,0,1,0,2,3,1,2,3,0,4,0,2,9,3,4,8,12,6,5,10,6,7,6,12,12,8,11,10,13,8,9,10,10,11,6,14,11,13,7,11,6,8,9,8,9,5,14,18,11,5,7,11,2,9,7,7,4,8,12,7,4,6,5,1,4,8,4,5,5,3,3,2,5,2,4,1,3,4,2,5,3,3,2,1,1,4,2,1,2,1,3,7
27,82,67,52,32,17,22,12,14,4,2,4,8,5,1,2,7,3,2,3,2,1,2,3,0,0,0,1,1,1,3,2,1,3,4,4,2,1,0,1,0,0,1,1,1,1,1,0,1,1,0,4,1,0,2,1,1,4,1,1,0,2,1,1,1,0,2,0,3,1,1,1,1,1,0,0,1,0,1,0,0,1,1,2,0,1,2,1,0,1,1,0,0,0,1,0,1,2,0,3
27,18,9,20,48,23,14,8,9,2,3,4,2,2,2,3,1,0,2,2,1,2,1,0,1,0,1,0,1,1,0,1,1,2,0,1,0,1,1,0,1,0,0,0,0,1,1,0,1,1,0,0,0,0,1,1,1,1,0,0,1,0,0,1,0,0,0,0,1,0,0,0,0,0,1,0,0,1,0,0,0,0,0,0,0,0,2,0,0,0,0,0,0,0,0,0,0,0,1,1
1,0,0,0,0,0,1,0,1,0,0,0,0,0,0,0,0,0,0,0,0,0,0,0,0,0,0,0,0,0,0,0,0,0,0,0,1,0,1,1,0,0,0,1,1,0,2,0,1,0,2,0,0,0,0,0,1,3,2,3,0,1,2,3,2,2,3,4,6,4,3,2,4,5,1,2,2,0,3,6,3,1,3,2,0,6,1,4,2,2,2,1,2,0,2,1,3,3,3,1
651,305,42,17,6,1,1,1,0,0,1,0,0,0,0,0,1,0,0,1,1,0,0,0,0,0,0,0,0,0,0,0,0,0,0,0,0,0,0,0,0,0,0,1,0,0,0,0,0,0,0,0,0,0,0,0,0,0,0,0,0,0,1,0,0,0,0,0,0,1,0,0,0,0,0,0,0,0,0,0,0,0,0,0,0,0,0,0,0,0,0,0,0,0,0,0,0,0,0,1
7,1,0,3,2,2,2,3,4,3,0,1,1,0,1,0,0,1,1,0,0,0,0,0,0,2,0,1,0,0,1,0,2,2,0,0,0,2,1,0,0,1,0,0,0,0,1,1,1,0,0,1,0,0,0,1,1,4,0,0,1,0,0,1,0,1,1,1,1,0,0,0,3,1,0,1,1,0,0,1,0,0,1,0,1,0,1,0,0,0,0,2,2,0,2,1,0,1,1,2
223,12,12,8,8,8,5,3,1,3,3,3,2,1,0,0,0,0,0,0,0,1,0,0,0,0,0,0,0,1,1,0,1,0,0,1,0,0,1,0,0,1,0,0,0,0,0,0,1,0,1,1,0,0,1,1,1,1,1,0,0,0,0,0,1,2,0,0,0,2,0,0,2,1,1,2,1,0,0,0,1,1,0,1,0,0,0,0,0,1,1,1,0,0,0,0,0,0,0,2
654,302,42,17,6,1,1,1,0,0,1,0,0,0,0,0,1,0,0,1,1,0,0,0,0,0,0,0,0,0,0,0,0,0,0,0,0,0,0,0,0,0,0,1,0,0,0,0,0,0,0,0,0,0,0,0,0,0,0,0,0,0,1,0,0,0,0,0,0,1,0,0,0,0,0,0,0,0,0,0,0,0,0,0,0,0,0,0,0,0,0,0,0,0,0,0,0,0,0,1
25,47,43,40,23,18,16,9,9,3,5,3,3,2,2,6,6,2,3,2,1,2,4,3,2,4,0,1,0,3,2,3,2,0,0,2,2,1,4,3,4,3,1,3,5,5,3,4,5,4,4,4,4,2,1,3,2,2,4,0,4,2,4,1,1,5,1,2,2,1,4,4,0,3,5,4,1,2,1,0,3,2,1,2,0,3,4,1,0,0,4,4,2,2,4,3,2,0,0,1
417,13,2,1,3,0,0,0,0,0,0,0,0,0,0,0,0,0,0,0,0,0,0,0,0,0,0,0,0,0,0,0,0,0,0,0,0,0,0,0,0,0,0,0,0,0,0,0,0,0,0,0,0,0,0,0,0,0,0,0,0,0,0,0,0,0,0,0,0,0,0,0,0,0,0,0,0,0,0,0,0,0,0,0,0,0,0,0,0,0,0,0,0,0,1,0,0,0,0,1
321,227,104,40,27,10,8,4,3,0,1,0,0,1,0,0,0,0,0,0,0,0,0,0,0,0,0,0,0,0,0,0,0,0,0,0,0,0,0,0,0,0,0,0,0,0,0,0,0,0,0,1,0,0,0,0,0,0,0,0,0,0,0,0,0,0,0,0,0,1,0,0,0,0,0,0,0,0,0,0,0,0,0,0,0,0,0,0,0,0,0,0,0,0,0,0,0,0,2,1
272,39,4,5,9,3,4,8,4,5,4,4,3,7,9,12,10,9,11,16,10,20,22,18,19,16,19,13,14,21,19,14,14,18,9,10,13,15,13,15,13,9,9,11,7,16,11,14,13,10,10,7,6,10,11,10,5,6,5,7,7,6,6,9,4,5,6,3,7,3,6,3,2,3,0,1,4,2,2,1,2,0,2,1,1,3,0,3,2,3,2,1,1,0,3,0,5,1,1,3
3,101,89,45,33,27,22,17,13,7,10,12,17,9,13,3,4,7,5,5,3,4,5,7,3,4,7,4,2,9,4,8,2,4,2,4,6,5,5,10,4,5,7,2,9,5,4,7,5,3,3,8,8,7,3,4,5,6,3,3,5,1,5,2,2,0,5,2,4,2,0,3,1,2,1,4,1,3,1,1,2,1,3,2,4,1,4,2,2,0,1,2,1,3,2,2,0,1,0,2
10,18,17,20,10,11,11,5,2,4,1,0,2,1,2,0,1,2,2,3,2,5,1,0,1,2,4,5,0,4,4,1,1,3,5,4,0,5,6,3,4,5,5,4,2,4,2,5,0,0,2,4,3,2,2,1,4,3,1,4,0,2,1,3,1,1,1,1,2,1,1,1,3,1,3,1,0,1,2,1,2,2,0,3,1,1,1,2,1,0,0,0,1,1,2,2,0,0,2,2
128,95,32,25,27,9,16,13,14,13,12,14,11,10,21,10,12,13,17,12,13,16,8,19,17,12,20,14,13,12,16,17,12,14,15,8,12,13,13,14,13,5,15,11,10,9,6,7,8,4,6,12,10,5,5,3,8,6,4,5,3,2,2,2,4,5,4,0,5,7,3,2,3,5,2,6,2,1,3,5,1,6,1,2,4,0,3,4,1,0,1,1,1,0,1,0,3,0,2,1
36,24,25,5,15,14,7,8,11,11,10,7,4,6,8,6,3,5,3,5,4,2,3,4,1,5,1,1,3,2,1,1,3,3,3,0,3,2,2,2,1,3,4,2,2,0,0,1,0,2,2,3,1,1,3,2,0,5,1,0,2,2,4,3,4,4,5,0,2,2,3,2,1,3,3,1,3,3,3,1,2,0,2,1,0,1,0,2,2,3,2,2,2,1,2,2,2,3,3,2
11,16,5,6,5,6,3,2,1,3,2,4,4,3,3,3,2,0,1,1,2,2,1,0,0,1,1,3,2,1,1,2,1,2,3,3,2,2,3,1,1,2,2,1,2,2,1,0,5,2,1,3,1,1,1,3,2,1,2,1,3,2,0,4,3,1,2,4,1,0,4,3,0,2,0,1,3,1,3,3,2,2,1,4,1,1,2,0,1,2,1,4,2,3,2,2,2,3,2,1
1,6,15,18,21,9,11,6,5,6,4,3,2,4,0,1,2,1,2,1,2,2,1,0,3,1,0,0,1,2,0,0,0,1,0,1,1,1,1,3,1,3,2,0,1,1,2,1,0,0,1,1,0,1,1,0,1,0,1,0,0,2,1,0,2,1,2,1,0,0,0,2,0,2,1,0,1,0,3,2,1,1,2,0,3,0,0,0,3,2,1,2,2,1,0,1,2,2,3,1
21,12,4,2,1,0,1,0,0,0,0,1,0,0,1,0,0,0,1,0,0,1,1,0,0,3,0,0,2,2,0,0,0,3,1,1,1,0,0,0,2,0,0,4,2,0,1,2,2,0,0,0,1,0,0,1,0,1,1,1,0,0,1,1,0,1,1,1,0,0,0,0,4,0,1,0,0,0,1,1,1,0,1,0,0,1,1,0,0,0,0,1,1,0,1,3,1,2,1,1
93,143,64,29,19,15,10,4,5,2,5,2,3,1,1,5,0,1,3,2,3,2,2,1,1,0,1,0,0,2,1,2,0,1,2,1,0,0,0,1,2,1,0,1,1,0,0,0,3,1,0,0,1,0,0,1,1,0,1,0,0,2,1,1,1,1,1,0,0,1,0,1,0,0,0,0,0,0,0,0,1,0,1,0,1,0,0,2,3,0,0,0,0,0,1,1,1,2,0,1
53,13,14,22,16,13,12,13,4,5,4,3,4,6,5,5,1,1,1,1,2,2,2,0,0,1,1,2,0,1,2,1,0,0,0,2,1,3,1,0,0,4,2,3,0,1,0,1,1,0,0,0,0,0,0,1,0,0,1,1,1,1,0,4,0,0,1,2,3,0,2,3,1,2,1,2,1,0,2,3,2,0,1,1,0,1,3,1,1,2,1,1,4,2,1,1,0,0,1,2
853,40,20,7,10,3,4,1,0,2,0,1,2,0,4,1,2,0,1,0,0,0,1,0,2,1,0,1,1,0,0,0,1,0,0,0,0,0,0,0,0,2,0,0,0,0,0,0,0,0,1,0,0,0,0,0,1,0,0,0,0,1,0,1,0,0,0,0,0,0,2,0,0,0,0,0,0,0,0,1,0,1,0,0,0,0,0,0,0,0,0,1,0,0,0,0,0,0,0,1
2,2,11,41,47,63,72,65,69,47,55,34,29,48,34,25,31,32,23,18,21,18,20,16,20,17,15,17,18,14,13,6,16,12,14,11,9,6,12,10,8,6,6,4,10,5,4,2,6,5,1,3,3,7,3,4,1,2,3,2,5,2,1,4,0,1,2,1,2,0,4,1,2,4,1,2,0,1,1,5,0,0,4,1,2,1,1,0,1,1,1,0,0,0,0,0,1,0,0,2
15,1,9,16,16,14,7,5,4,4,4,3,4,2,3,3,1,1,1,0,1,6,2,0,3,3,2,2,2,3,1,3,1,1,2,1,3,0,4,2,1,3,0,0,0,0,0,0,0,1,3,1,1,3,1,2,2,4,1,2,0,0,2,2,2,1,1,2,0,2,0,2,1,0,1,1,0,2,0,1,0,1,1,2,2,1,0,2,1,2,0,0,2,0,0,0,0,0,0,3
332,97,27,7,6,5,1,2,4,0,2,5,2,3,1,5,2,2,1,1,0,0,1,1,1,1,2,1,0,2,0,2,0,0,1,0,1,0,0,0,1,0,1,3,1,1,2,0,0,0,2,5,2,4,0,1,0,0,0,0,1,2,2,0,2,2,2,2,4,1,0,3,0,1,0,2,5,0,1,1,2,3,0,1,2,3,0,2,2,4,4,1,2,0,1,4,0,2,0,2
138,67,183,114,60,34,8,10,7,3,2,0,1,0,0,0,0,0,1,0,0,0,0,0,0,1,0,1,0,0,0,0,0,0,0,0,1,0,0,0,0,0,1,0,0,0,0,0,1,1,0,0,0,1,0,0,0,0,0,1,0,0,0,0,0,0,0,0,0,0,0,0,0,1,0,1,0,0,0,0,1,0,0,1,0,0,1,0,0,1,0,0,0,0,0,0,0,0,2,1
271,149,66,30,24,24,8,9,6,9,5,2,2,5,4,2,4,1,1,1,1,3,2,0,2,1,0,1,0,0,0,1,1,0,1,0,0,0,0,0,0,1,0,1,0,0,0,0,0,0,0,0,0,0,0,0,1,0,0,0,0,0,0,0,0,2,0,0,1,0,0,1,0,1,0,0,0,0,0,1,1,0,0,0,0,0,1,0,0,0,0,0,1,0,1,0,1,0,0,1
313,182,106,76,61,50,37,36,29,25,17,17,12,21,7,7,12,0,6,5,3,4,10,6,3,6,3,3,6,2,2,1,0,9,4,4,3,3,1,5,9,7,4,4,2,3,5,4,3,3,6,7,3,5,6,3,3,3,2,4,4,8,3,9,6,2,3,5,5,7,6,4,1,4,4,3,5,3,3,5,2,7,5,7,3,1,3,4,3,2,2,4,3,2,2,6,5,3,2,3
135,215,57,16,10,4,1,5,5,4,1,5,3,1,2,1,2,3,3,2,1,4,2,2,3,0,0,6,2,6,2,2,3,2,3,5,2,3,3,4,8,2,1,3,0,6,4,2,1,6,2,3,1,4,0,2,1,1,0,2,0,7,1,5,2,1,1,3,1,4,1,1,5,1,1,1,2,4,4,0,0,1,2,4,2,2,2,3,1,1,1,1,2,2,2,2,2,2,2,2
152,59,40,11,22,14,10,8,5,4,4,4,2,7,4,3,2,1,2,1,1,1,2,2,1,0,0,1,0,0,2,0,1,1,1,0,3,1,0,1,3,1,0,0,1,0,0,1,0,1,0,0,0,1,2,0,1,1,1,2,1,0,0,1,2,1,4,0,1,1,1,0,1,0,1,0,4,3,1,0,0,2,0,1,2,1,3,1,0,0,1,1,0,2,1,1,1,1,1,1
3,2,4,2,1,4,3,2,1,3,2,3,1,2,1,0,1,2,0,1,3,2,2,0,0,5,3,1,3,1,4,4,3,2,3,1,1,1,2,0,4,0,0,3,1,3,2,1,0,0,1,2,1,0,1,1,0,3,2,3,1,3,3,0,0,4,0,0,2,0,1,2,2,1,1,1,0,0,0,0,1,4,2,1,0,1,1,1,2,1,0,0,0,1,0,0,1,3,0,3
297,93,18,6,3,5,3,4,4,3,4,5,7,7,8,10,9,4,9,10,12,20,21,17,12,19,15,17,14,14,18,17,10,14,10,10,9,15,14,9,13,12,5,11,9,13,14,12,15,7,9,7,11,5,13,11,5,8,4,8,3,8,4,8,4,4,4,1,4,4,4,0,5,1,0,3,4,2,1,2,1,1,1,2,4,1,0,0,3,5,3,1,2,3,2,0,1,3,0,3
35,1,0,0,0,0,1,0,0,1,6,9,16,21,26,26,39,38,36,34,39,31,24,36,14,21,26,25,21,19,13,14,17,16,12,13,18,11,14,10,3,9,9,10,13,13,2,7,1,3,7,5,5,5,7,8,5,4,6,5,7,3,1,1,2,0,3,1,4,2,4,1,0,1,2,2,2,2,2,2,2,2,1,0,2,2,3,3,3,2,2,2,1,0,0,0,0,4,0,2
2,0,3,3,4,5,2,3,1,0,2,5,1,17,34,44,63,42,40,33,42,27,16,14,12,9,1,4,3,6,3,2,3,5,2,3,3,0,4,2,3,1,1,2,3,2,0,0,2,1,0,0,0,1,1,0,1,1,1,0,0,1,0,2,1,0,0,0,0,1,0,0,0,0,0,0,0,0,1,0,0,0,0,0,0,0,0,0,0,0,0,1,0,0,0,0,0,0,0,2
727,68,9,3,1,0,1,0,1,0,2,1,0,1,0,0,0,1,0,0,0,0,1,0,0,0,1,1,0,0,1,0,0,1,1,0,1,1,0,1,0,1,1,1,0,0,0,0,2,0,1,0,0,1,0,0,0,1,0,0,1,0,1,1,1,0,0,1,1,0,0,0,1,1,0,0,0,0,1,0,0,3,0,0,1,0,2,2,0,0,0,0,1,0,0,1,1,0,1,2
62,86,65,48,29,36,32,38,44,49,47,62,57,63,58,51,50,58,48,27,33,32,35,29,25,20,19,15,16,15,16,16,12,10,10,4,4,4,11,8,7,4,3,8,1,6,3,4,6,3,0,2,4,3,2,0,3,3,2,1,1,1,1,1,0,0,1,1,0,0,1,1,0,0,0,0,0,0,0,0,0,0,0,0,0,0,0,0,0,0,0,0,0,0,0,0,0,0,1,1
2,4,3,6,3,1,1,1,0,1,0,2,1,0,0,0,0,1,0,0,0,0,0,0,1,0,0,0,0,0,0,0,0,0,0,0,0,0,0,0,0,0,0,0,0,0,0,0,0,0,0,0,0,0,1,1,0,0,0,0,0,0,0,0,0,0,0,0,0,0,0,0,0,0,0,0,0,0,0,0,0,0,0,1,0,0,0,0,0,0,0,0,0,0,0,0,0,0,0,1
49,51,27,17,15,13,12,8,10,11,5,6,5,2,5,2,4,0,2,4,2,0,0,0,1,1,0,1,1,0,0,1,1,0,0,1,0,0,0,0,0,1,0,0,0,0,0,0,0,1,0,1,1,0,0,0,0,1,0,0,0,0,0,1,0,0,0,0,0,0,0,0,0,1,0,0,0,0,0,0,1,1,0,0,0,0,0,0,0,0,0,0,0,0,0,0,0,0,2,1
1133,157,35,32,26,24,21,16,16,29,26,25,29,23,27,21,18,29,23,16,17,14,26,28,16,11,8,11,14,12,14,4,11,10,12,9,9,11,6,8,7,12,4,8,3,3,5,2,4,5,8,8,6,6,3,2,2,3,5,4,6,3,6,6,4,3,2,4,5,8,4,4,4,2,2,4,0,2,2,4,0,2,0,1,1,1,3,2,1,1,1,2,1,1,1,0,0,0,0,1
40,12,5,24,20,43,36,21,24,14,6,7,6,4,3,5,2,0,0,1,2,2,3,1,1,0,3,1,1,0,0,1,2,0,1,0,0,0,0,1,1,0,1,1,0,1,1,2,0,0,0,0,2,1,0,1,1,0,1,0,0,1,1,0,0,0,0,0,0,0,0,0,0,0,0,0,1,1,1,0,0,1,0,1,0,1,0,0,0,0,1,1,0,0,1,0,0,0,0,2
153,80,67,62,53,34,36,37,52,47,43,33,32,25,29,22,22,22,21,13,7,6,10,12,5,9,5,8,6,5,6,5,4,4,6,4,6,4,0,1,2,2,2,2,3,2,3,2,2,5,1,2,1,2,1,1,2,1,4,1,1,1,1,1,0,0,0,1,0,0,1,1,0,0,0,0,3,0,1,0,1,0,2,0,0,0,1,2,0,1,0,2,0,0,0,0,0,2,0,2
3,0,0,0,0,0,0,0,1,0,0,0,0,0,0,0,0,0,0,0,0,0,0,0,0,0,0,0,0,0,0,0,0,0,0,0,0,0,0,0,0,0,0,0,0,0,0,0,1,0,0,0,0,1,0,0,0,0,0,0,0,0,0,0,0,0,0,0,0,0,0,0,0,0,0,0,0,0,0,0,0,0,0,0,0,0,0,0,0,0,0,0,0,0,0,0,0,0,0,1
261,22,6,4,10,8,5,3,4,3,7,6,3,4,1,1,3,0,1,1,1,0,0,2,1,2,0,0,1,0,0,0,0,1,0,1,0,2,1,0,0,0,0,2,1,0,1,0,0,0,2,0,0,0,0,0,0,0,0,2,3,1,0,0,0,1,0,1,0,0,1,0,0,0,1,0,0,0,0,0,0,0,0,0,1,0,0,0,1,0,0,1,0,0,0,0,0,0,1,1
1,0,0,0,0,0,0,0,0,0,0,0,0,0,0,0,0,0,0,0,0,0,0,0,0,0,0,0,0,0,0,0,0,0,0,0,0,0,0,0,0,0,0,0,1,0,0,0,0,0,0,0,0,0,0,0,0,0,0,0,0,0,0,1,0,0,1,0,0,0,0,0,0,0,1,0,0,0,0,0,0,0,0,1,0,0,0,0,0,1,0,0,0,0,0,0,0,1,0,2
204,56,48,41,31,24,29,33,41,47,49,35,34,33,33,28,23,24,14,15,7,6,12,7,7,3,7,5,5,8,5,5,5,1,2,4,7,4,2,2,1,2,3,1,1,2,2,3,3,2,2,1,2,0,2,1,0,3,0,3,0,0,0,1,0,0,0,0,0,1,1,0,0,0,0,0,1,0,0,0,0,0,0,2,0,0,0,1,0,0,1,0,0,0,0,0,0,0,0,1
1,0,0,0,0,0,0,0,0,0,0,0,0,0,2,0,0,2,0,1,0,0,0,1,0,0,0,0,0,2,1,0,1,0,0,2,0,1,0,0,0,0,0,0,1,0,0,0,0,2,0,1,1,0,0,0,3,1,0,0,0,0,0,0,1,0,0,0,0,1,0,0,0,1,0,0,0,0,0,0,0,1,0,0,0,1,0,0,0,0,1,0,0,0,0,0,0,0,0,1
5,9,4,6,2,2,1,5,1,5,3,3,1,2,4,4,2,1,4,4,6,3,4,1,5,1,6,3,4,5,3,2,7,7,4,9,8,3,11,11,6,7,10,13,6,8,8,3,6,3,4,2,4,4,5,5,6,3,3,5,3,3,0,1,6,3,3,1,3,3,2,1,1,3,5,2,0,5,1,3,2,2,4,2,2,1,1,1,1,0,3,2,0,0,1,1,1,0,4,3
68,62,63,58,61,62,59,49,34,41,21,14,11,11,10,6,7,5,4,3,2,3,1,3,3,4,2,4,1,1,1,0,2,0,3,2,2,0,2,0,0,0,2,0,1,0,3,0,0,2,1,0,0,0,1,2,0,4,2,3,0,1,0,0,1,0,3,0,1,2,0,2,2,1,0,1,1,1,0,1,2,0,2,1,1,1,1,0,0,1,0,0,0,0,1,0,0,0,0,1
117,71,49,51,47,42,52,44,52,43,32,25,29,30,25,18,23,17,9,15,8,15,13,11,8,11,10,5,12,4,6,5,7,3,8,10,3,8,2,2,2,4,5,5,4,5,5,5,3,0,5,4,2,4,5,1,5,3,2,1,2,3,0,2,2,2,1,5,1,2,0,1,1,3,4,2,1,2,3,0,0,1,0,1,0,1,2,1,2,1,3,0,0,0,0,1,1,2,0,3
1,0,0,0,0,0,1,0,0,0,1,0,0,0,0,0,0,0,3,0,0,1,0,1,0,1,0,0,0,0,0,0,0,0,0,0,0,0,0,0,0,0,0,0,0,0,0,0,0,0,0,0,1,1,0,0,0,0,0,0,0,0,0,0,0,0,0,0,0,0,0,0,0,0,0,0,0,0,0,0,0,0,0,0,0,0,0,0,0,0,0,0,0,0,0,0,0,0,0,1
54,21,5,3,5,9,14,11,14,18,6,12,15,11,14,5,13,6,9,15,6,8,8,6,3,6,5,11,5,6,2,7,11,3,5,4,4,4,2,3,2,8,4,4,4,6,4,3,3,4,3,1,2,4,0,7,4,2,1,6,2,3,1,0,1,2,2,1,1,4,0,0,3,1,2,1,0,2,1,1,3,2,1,0,1,2,2,1,0,0,1,1,0,4,0,1,0,2,1,4
169,35,23,17,17,18,27,20,16,18,9,17,12,5,8,8,5,3,0,1,4,1,3,3,4,2,1,2,1,0,0,1,1,3,1,0,0,0,2,2,0,1,2,1,0,0,0,1,0,2,0,2,2,1,0,1,2,0,1,0,2,0,1,1,2,1,0,1,0,1,2,0,3,2,3,3,0,2,5,2,2,2,4,2,1,2,1,1,5,3,1,1,6,1,1,2,2,1,3,3
348,299,294,257,232,228,207,196,181,137,143,132,116,97,92,90,90,71,70,73,57,41,41,49,40,29,29,33,29,21,22,13,24,19,16,15,14,13,13,15,8,8,10,6,9,6,13,3,7,4,3,1,1,2,5,1,4,2,0,3,1,1,1,1,1,4,2,2,0,1,1,0,1,0,1,0,0,0,0,0,0,0,0,0,0,0,0,0,0,0,0,0,0,1,0,0,0,0,0,2
2,1,0,0,0,0,0,0,0,0,0,0,0,0,0,0,0,0,0,0,0,1,0,0,0,0,0,0,0,0,0,0,0,0,0,0,0,0,0,0,0,0,0,0,0,0,0,0,0,0,0,0,0,1,0,0,0,0,0,0,0,0,0,0,0,0,0,0,0,0,0,0,0,0,1,0,0,0,0,0,0,0,0,0,0,0,0,0,0,0,0,0,0,0,0,0,0,0,0,1
294,1103,317,220,214,98,49,48,55,46,36,41,34,21,18,28,25,22,15,20,20,15,20,17,17,15,20,24,36,19,26,23,25,29,23,18,23,29,31,31,23,26,36,32,43,37,38,41,34,48,42,46,49,51,44,46,49,49,51,42,45,30,38,28,44,22,28,27,22,26,23,23,14,20,13,11,5,11,8,8,6,0,9,3,5,1,3,0,3,0,0,1,1,1,2,0,0,0,1,1
4,28,37,42,49,64,45,40,51,47,41,40,36,31,30,24,24,28,31,28,31,25,19,25,28,24,20,22,25,27,27,21,21,26,27,27,27,13,20,28,28,21,25,23,24,24,14,26,25,23,24,26,25,22,19,23,20,22,13,12,12,16,15,6,14,10,8,7,13,10,8,8,6,4,4,3,5,4,6,2,0,1,1,1,0,0,1,0,0,1,0,0,1,0,0,0,0,0,0,1
54,99,80,56,48,42,49,47,41,41,35,27,36,23,28,22,23,19,22,11,11,12,16,18,13,13,11,4,9,9,11,9,8,15,8,9,8,6,10,13,7,15,9,10,8,8,7,7,5,10,7,15,7,15,8,11,13,12,12,10,11,15,6,13,17,10,10,20,16,12,14,8,11,6,5,9,10,6,3,6,0,3,3,0,0,1,0,0,2,0,0,0,0,0,0,0,0,0,0,1
93,41,26,18,16,6,8,9,8,12,4,2,3,2,4,0,2,0,3,0,0,0,1,0,0,0,0,0,0,0,0,1,0,0,1,0,0,0,0,0,0,0,0,0,0,0,0,0,0,1,0,0,0,0,0,0,1,0,0,0,0,0,0,0,0,0,0,0,0,0,0,0,0,0,0,0,0,0,0,0,0,0,0,0,0,0,0,0,0,0,0,0,0,0,0,0,0,0,1,1
10,7,13,18,15,13,12,11,13,13,23,25,30,29,20,24,18,16,9,12,12,10,12,7,7,4,7,5,6,5,7,4,3,2,5,7,1,1,2,4,2,0,2,1,2,1,3,0,3,1,1,2,4,0,1,0,2,2,0,1,1,0,0,1,0,1,0,1,3,1,0,2,2,1,5,1,3,1,2,0,1,1,2,1,1,0,1,0,0,1,0,1,0,1,0,1,1,0,1,2
89,94,17,7,9,4,1,1,2,1,1,2,3,2,2,1,2,2,2,4,3,7,4,4,7,2,2,3,0,2,2,0,0,1,1,0,3,4,2,1,1,2,3,1,0,0,0,0,0,0,1,1,0,0,1,1,0,0,0,0,0,0,0,1,0,1,0,0,0,0,0,0,1,0,0,1,1,0,0,0,0,0,0,0,0,0,0,0,0,0,0,0,0,0,0,0,0,0,0,1
10,9,11,16,11,13,13,13,3,21,24,25,31,27,20,15,21,13,10,11,10,12,7,8,5,6,7,7,5,7,3,4,2,5,6,2,1,2,4,2,0,2,1,1,1,3,0,2,0,3,0,2,0,1,2,1,2,0,1,1,0,0,1,0,1,1,1,2,0,0,2,1,2,0,2,1,3,1,2,0,3,0,1,0,0,0,0,1,0,0,1,1,0,1,1,0,1,0,1,1
12,5,2,5,10,20,28,24,17,14,9,5,8,7,4,3,3,3,1,0,1,1,1,2,0,0,0,1,1,0,1,0,0,0,0,0,0,1,0,0,0,0,0,0,0,0,1,0,0,0,0,0,0,0,0,0,0,0,0,0,1,0,1,0,0,1,0,0,0,1,0,1,0,0,0,0,1,0,0,0,0,0,0,0,0,1,0,0,0,0,1,1,0,0,0,0,0,0,0,1
37,84,64,59,67,45,57,52,46,44,42,39,32,31,39,28,26,33,34,36,36,40,33,47,34,50,52,36,45,46,60,42,56,46,52,65,58,50,53,39,51,63,50,45,49,38,30,48,20,37,28,24,20,23,16,19,14,10,13,11,13,6,11,4,4,5,4,7,2,3,4,3,4,5,6,2,2,1,2,0,0,0,0,0,2,2,1,0,0,0,0,0,0,0,0,1,1,0,0,1
346,64,242,126,60,34,23,16,12,4,5,6,2,1,3,1,0,1,2,0,0,0,0,0,0,0,0,0,0,0,0,0,0,0,0,1,1,0,0,1,2,1,2,1,3,2,5,0,1,2,4,3,2,1,3,4,3,2,4,2,8,3,1,3,6,0,3,4,1,7,1,1,2,1,3,2,1,4,2,4,1,2,0,2,2,1,5,3,0,1,2,0,1,0,0,1,1,0,2,2
10,2,4,3,8,14,23,27,43,36,48,42,48,56,49,32,40,34,36,24,28,21,17,19,10,10,12,11,13,8,8,5,8,6,4,7,4,4,1,3,4,2,3,3,5,3,0,6,2,0,2,2,2,1,0,0,0,0,0,1,0,0,0,1,0,1,0,1,0,0,0,1,0,0,0,0,0,0,0,1,0,0,2,0,2,0,0,0,0,0,0,1,0,1,0,0,0,0,0,1
296,5,3,4,2,0,4,6,9,8,11,10,13,7,9,9,10,11,4,7,4,6,2,3,5,5,7,6,4,5,7,4,13,4,5,6,2,2,4,1,3,9,2,4,1,4,3,2,5,0,4,2,2,1,1,1,2,3,1,2,0,2,1,2,3,1,0,2,3,1,1,3,0,2,0,1,0,1,0,0,2,0,1,1,1,0,1,0,2,1,0,1,1,0,0,0,0,0,0,2
1,0,0,0,0,0,0,0,0,0,0,0,0,0,1,0,0,0,0,0,0,0,0,1,0,1,1,0,0,0,0,0,0,1,1,0,0,1,0,2,0,1,0,0,0,1,0,0,0,0,0,0,0,0,0,0,0,0,0,0,1,0,0,0,0,0,0,0,0,0,0,1,1,1,0,0,0,1,1,1,0,0,1,0,0,0,0,0,0,1,0,0,1,0,1,0,1,0,0,2
6,0,0,0,0,0,0,1,3,3,1,0,1,0,1,0,0,2,2,1,0,0,0,3,0,1,2,0,3,1,1,1,2,2,4,1,0,2,3,1,0,1,0,5,4,0,1,4,1,1,1,2,0,1,1,0,2,0,3,1,0,0,0,2,0,3,0,0,1,0,0,0,0,2,1,0,0,0,1,1,0,0,2,0,0,1,1,0,0,0,1,0,0,0,0,1,0,2,0,2
996,208,119,75,49,31,25,14,12,8,7,9,5,9,10,5,3,7,1,1,9,4,3,6,5,12,6,10,14,19,20,12,19,17,18,17,15,14,18,17,19,6,8,8,19,12,13,9,7,8,6,6,9,8,5,10,4,7,3,0,3,4,2,4,2,1,0,2,0,3,1,0,1,1,0,1,0,1,0,2,1,2,1,0,1,2,0,0,0,0,0,0,0,0,0,1,0,0,0,1
101,9,2,4,4,4,11,9,7,6,4,4,2,4,1,4,2,3,2,0,1,0,0,0,0,1,3,0,0,1,0,0,2,0,0,0,0,0,0,0,0,0,0,1,0,0,0,0,0,0,1,0,0,0,0,1,0,0,0,0,0,0,0,0,0,0,0,0,0,0,0,0,0,0,0,0,1,0,0,0,0,0,0,0,0,0,0,0,0,0,0,0,0,0,0,0,0,0,0,1
177,33,3,24,87,87,50,25,27,18,14,6,7,2,3,2,1,1,1,0,0,1,0,1,0,0,0,0,0,0,0,0,0,0,0,0,1,0,0,0,0,0,0,0,0,0,0,0,0,0,0,0,0,0,0,0,0,0,0,0,0,0,0,0,1,0,0,0,0,0,0,0,0,0,2,0,1,0,0,0,1,0,0,0,1,0,0,0,0,1,0,1,0,0,0,1,3,0,0,2
11,5,2,5,10,20,28,24,17,14,9,5,8,7,4,3,3,3,1,0,1,1,1,2,0,0,0,1,1,0,1,0,0,0,0,0,0,1,0,0,0,0,0,0,0,0,1,0,0,0,0,0,0,0,0,0,0,0,0,0,1,0,1,0,0,1,0,0,0,1,0,1,0,0,0,0,1,0,0,0,0,0,0,0,0,1,0,0,0,0,1,1,0,0,0,0,0,0,0,1
1,1,0,0,0,0,0,0,0,0,0,0,0,0,0,0,0,1,0,0,0,0,0,0,0,0,0,0,1,0,0,0,0,0,0,0,0,0,0,0,0,0,0,0,0,0,0,0,0,0,0,0,0,0,0,0,0,0,0,0,0,0,0,0,0,0,0,0,0,0,0,0,0,0,0,0,0,0,0,0,0,0,0,0,0,0,0,0,0,0,0,0,0,0,0,0,0,0,0,1
13,4,2,5,13,19,27,27,16,14,6,5,7,7,4,3,3,3,1,0,1,1,1,2,0,0,0,1,1,0,1,0,0,0,0,0,0,1,0,0,0,0,0,0,0,1,0,0,0,0,0,0,0,0,0,0,0,0,0,1,0,0,1,0,0,1,0,0,0,1,0,1,0,0,0,0,1,0,0,0,0,0,0,0,0,1,0,0,0,1,1,1,0,0,0,0,0,0,0,1
64,12,4,10,15,24,35,64,112,131,145,121,101,90,72,67,58,52,37,36,28,31,28,12,24,14,13,8,4,7,13,5,8,4,4,7,4,2,6,3,1,4,3,2,4,2,1,2,2,2,2,0,2,0,0,1,1,0,0,1,0,1,2,0,0,1,0,1,0,0,0,0,0,0,0,0,0,0,1,0,0,0,0,0,0,0,0,0,0,0,0,0,0,0,0,0,0,0,0,1
3,2,0,6,6,5,4,6,15,10,5,4,10,6,7,7,6,6,1,2,0,6,2,3,0,4,0,2,3,4,2,1,1,1,0,2,2,2,0,1,0,0,2,0,0,3,0,1,1,0,1,0,1,1,0,0,0,1,0,0,0,0,1,2,1,0,0,3,0,0,0,0,0,0,0,0,0,0,1,0,0,1,0,0,0,0,0,0,0,0,0,0,1,0,0,0,1,1,0,1
43,102,74,30,17,15,12,6,4,2,2,3,6,5,3,3,1,0,3,0,2,3,2,3,4,6,3,3,9,12,13,11,7,15,9,19,21,21,16,20,28,20,24,18,17,18,21,18,20,17,12,21,9,10,5,15,7,10,6,3,5,7,2,1,1,2,2,1,1,1,1,2,0,0,0,0,0,0,0,0,0,0,0,0,0,0,0,0,0,0,0,0,0,0,0,0,0,0,0,1
107,10,3,2,3,3,1,2,1,8,3,4,11,1,5,5,1,4,3,1,1,0,1,1,0,1,0,1,0,1,0,0,0,0,1,0,1,1,0,1,0,0,1,0,2,0,2,1,0,0,0,3,0,0,0,0,1,0,0,0,1,0,0,0,0,0,0,0,3,0,1,0,0,0,0,0,2,0,0,0,1,0,1,1,0,0,1,0,0,1,0,0,0,0,0,1,0,0,0,1
330,20,9,13,9,6,11,11,15,22,11,19,16,8,13,8,6,11,5,10,6,4,6,6,5,7,2,1,3,3,0,0,1,2,2,2,1,2,2,0,3,1,2,1,1,7,2,3,1,3,5,2,3,1,2,2,1,3,3,1,1,2,1,0,2,0,2,1,2,0,0,1,2,2,1,0,0,1,1,2,3,1,0,0,1,0,0,1,1,0,0,1,1,3,0,0,2,1,2,1
1,480,214,18,25,27,29,29,29,21,27,37,26,25,23,12,24,23,16,13,18,8,11,10,10,6,7,7,4,0,8,3,1,3,7,3,2,3,1,3,1,2,6,4,0,2,4,3,6,3,6,9,8,15,6,3,5,8,4,6,11,13,15,16,17,18,14,10,14,19,12,12,12,11,13,12,6,11,7,8,4,7,8,4,2,2,1,2,2,1,1,0,1,1,1,0,1,0,0,1
901,551,223,131,59,48,19,25,17,12,14,15,17,11,17,17,17,11,18,16,11,14,19,11,22,13,21,28,14,19,20,23,25,18,22,24,17,14,17,25,11,10,14,15,16,8,15,11,7,7,9,8,9,6,6,3,4,6,5,3,5,1,3,3,1,2,2,2,2,0,0,0,1,0,1,0,0,1,0,0,0,0,0,0,0,0,0,0,0,0,0,0,0,0,0,0,0,0,0,1
2,2,3,1,6,8,7,2,11,11,12,4,7,8,9,5,7,6,3,2,1,3,5,2,1,2,2,1,3,5,1,1,1,1,0,1,3,2,0,1,0,0,2,0,0,3,0,1,1,0,1,0,1,1,0,0,0,1,0,0,0,0,0,3,1,0,0,2,1,0,0,0,0,0,0,0,0,0,1,0,0,1,0,0,0,0,0,0,0,0,0,0,2,0,0,0,1,1,0,1
108,11,3,2,8,10,3,2,6,0,2,1,1,2,2,0,0,1,2,6,0,6,1,5,3,2,3,3,1,2,0,1,2,0,3,0,1,2,1,2,1,2,1,1,1,3,3,0,1,0,1,0,2,3,1,2,3,1,2,2,1,2,0,3,2,0,2,1,1,2,2,2,1,0,2,0,0,1,3,3,2,1,0,0,1,4,1,0,1,1,0,3,0,0,0,2,1,0,2,3
330,20,9,13,9,6,11,11,15,22,11,19,16,8,13,8,6,11,5,10,6,4,6,6,5,7,2,1,3,3,0,0,1,2,2,2,1,2,2,0,3,1,2,1,1,7,2,3,1,3,5,2,3,1,2,2,1,3,3,1,1,2,1,0,2,0,2,1,2,0,0,1,2,2,1,0,0,1,1,2,3,1,0,0,1,0,0,1,1,0,0,1,1,3,0,0,2,1,2,1
11,24,125,536,750,465,249,156,91,72,32,36,17,18,3,7,6,3,5,3,5,6,2,1,0,3,4,2,1,0,2,0,2,3,1,1,0,0,1,0,0,0,0,1,0,0,0,1,0,1,0,0,0,1,0,0,0,0,0,0,0,0,0,0,0,0,0,0,0,0,0,0,0,0,0,0,0,0,0,0,0,0,0,0,0,0,0,0,0,0,0,0,0,0,0,0,0,0,0,1
55,102,129,113,88,82,70,83,61,59,51,41,42,27,30,16,22,18,19,11,10,15,15,12,13,16,8,11,9,9,12,10,10,6,6,13,10,20,8,15,14,13,12,23,21,16,19,31,20,20,20,21,23,20,13,8,12,7,12,8,9,7,4,4,4,2,1,4,1,1,1,0,0,0,1,0,1,0,0,0,0,0,0,0,0,0,0,0,0,0,0,0,0,0,0,0,0,0,0,1
43,120,1081,1358,863,533,335,241,120,78,50,27,22,20,5,7,7,6,4,1,1,1,0,1,1,1,0,0,0,1,0,0,0,0,0,0,0,0,0,0,1,0,0,0,0,0,0,0,0,0,0,0,0,0,0,0,0,0,0,0,0,0,0,0,0,0,0,0,0,0,0,0,0,0,0,0,0,0,0,0,0,0,0,0,0,0,0,0,0,0,0,0,0,0,0,0,0,0,0,1
269,104,82,96,47,33,14,8,5,1,0,3,2,0,0,0,1,9,10,11,21,9,16,18,17,12,18,9,6,5,5,4,8,0,4,2,5,2,2,2,1,1,0,0,0,0,2,2,3,2,1,1,3,3,4,1,0,2,2,0,2,1,0,1,2,0,1,3,1,1,0,2,1,1,0,0,1,0,3,0,0,1,0,1,0,0,1,0,0,0,1,0,0,0,0,0,1,0,1,1
2,1,3,7,9,12,7,15,19,20,18,33,38,38,51,46,34,41,53,52,59,52,56,57,63,50,66,53,54,50,48,58,50,57,48,36,26,48,32,36,36,40,30,25,24,28,20,13,16,15,14,15,18,11,12,7,13,5,4,6,10,3,5,1,5,2,2,4,6,1,3,2,2,1,3,0,1,0,0,1,1,0,0,1,0,0,1,1,2,0,0,0,0,0,0,0,0,0,0,1
181,204,166,111,23,7,7,5,3,5,9,3,6,4,3,8,4,2,2,6,4,5,6,2,4,4,5,4,10,9,13,22,23,25,39,31,45,42,60,47,56,57,52,67,42,44,30,26,28,24,24,15,15,18,9,15,10,8,4,7,4,0,4,2,1,1,3,1,1,0,0,1,0,0,1,0,1,0,0,1,0,0,0,0,0,0,0,0,0,0,0,0,0,0,0,0,0,0,0,1
461,375,125,70,57,40,41,27,33,23,5,15,16,19,13,16,16,15,18,15,15,12,11,8,14,16,14,20,18,19,23,22,16,20,25,19,19,31,29,20,18,12,20,16,15,15,12,9,8,6,7,7,5,4,6,6,11,2,4,2,6,0,1,1,3,1,1,1,0,1,1,0,0,0,0,0,1,0,0,0,0,0,0,0,0,0,0,0,0,0,0,0,0,0,0,0,0,0,0,1
662,58,24,14,12,6,4,5,5,0,1,1,1,2,2,0,0,0,0,0,0,0,1,0,0,0,0,0,1,0,0,0,0,0,0,1,0,1,1,1,2,1,0,3,3,1,4,4,8,7,12,13,12,18,19,19,26,22,20,24,25,17,33,28,18,20,15,22,27,30,21,18,14,15,19,13,8,6,7,7,5,8,4,1,3,2,1,4,0,1,0,0,0,2,0,1,1,0,0,2
7,6,5,9,3,5,5,5,4,4,2,4,1,5,9,9,16,25,30,42,44,58,53,71,60,72,82,87,96,101,113,119,94,96,96,131,120,124,104,112,93,111,93,101,92,74,75,66,68,60,42,48,39,48,32,36,21,22,21,14,16,14,15,11,11,8,9,3,5,2,6,4,1,1,1,1,1,0,1,0,0,0,1,0,0,0,0,0,1,0,0,0,0,0,0,0,0,0,0,1
657,64,25,13,11,5,5,6,4,0,1,1,1,2,2,0,0,0,0,0,0,0,1,0,0,0,0,0,0,0,0,0,0,0,0,1,0,1,1,1,1,1,0,3,3,1,4,4,8,8,11,13,12,18,20,18,26,22,20,24,25,17,33,27,18,21,15,22,27,31,20,19,14,15,19,13,8,6,7,7,5,8,4,1,3,2,1,3,0,2,0,0,0,2,0,1,1,0,0,2
1,0,0,0,0,0,1,0,0,1,0,0,0,0,0,0,0,0,0,0,0,1,0,0,0,0,0,0,1,0,0,0,0,0,0,0,0,0,0,0,0,0,0,0,0,0,0,0,0,0,0,0,0,0,0,0,0,0,0,1,0,0,0,0,0,0,0,0,1,0,0,0,0,0,0,0,1,0,0,1,0,0,0,0,0,0,0,0,0,0,0,0,0,0,0,0,0,0,0,2
18,1171,11,15,9,2,1,10,8,10,22,7,6,6,4,7,15,12,23,29,49,84,110,149,132,145,120,118,95,77,79,64,51,45,27,35,19,15,15,25,11,7,2,3,10,6,3,5,4,9,2,7,2,1,3,2,3,4,3,1,2,4,3,2,0,1,1,1,2,1,0,0,0,0,1,1,0,0,0,0,1,0,0,0,0,0,0,1,0,0,0,0,0,0,0,0,0,0,0,1
24,19,14,10,2,9,5,6,3,7,4,3,7,10,6,4,4,5,1,3,3,6,5,6,2,3,3,3,9,6,2,6,6,1,2,2,4,4,5,1,3,5,4,3,7,1,2,4,2,0,1,1,2,2,4,0,1,0,2,2,0,2,2,2,0,2,2,1,3,0,0,0,2,2,1,0,1,3,1,1,0,1,1,0,1,1,0,0,1,0,1,0,0,2,0,0,1,1,0,1
2,3,0,3,1,1,1,2,0,1,0,3,0,0,2,1,0,1,0,3,1,1,0,2,0,0,0,1,1,1,2,0,0,0,1,2,0,1,0,0,1,1,1,0,0,0,0,2,0,1,0,0,2,2,0,0,1,1,0,0,1,0,1,0,0,1,1,0,0,0,0,0,0,2,1,1,0,0,0,0,0,1,2,1,0,0,0,0,0,1,1,1,1,0,1,0,0,1,0,2
123,43,23,21,14,39,26,18,10,12,8,6,4,5,4,2,0,0,0,1,2,0,0,1,0,3,0,0,0,1,0,0,0,1,0,0,0,0,0,1,0,0,0,0,0,1,0,0,0,1,0,0,0,0,0,0,0,0,0,0,0,0,1,0,0,0,0,0,0,0,0,0,0,0,0,0,1,0,0,0,0,0,0,0,0,0,0,0,0,0,0,0,0,0,0,0,1,0,1,1
315,138,96,61,38,34,32,27,29,24,14,10,24,17,11,23,18,11,13,14,12,9,15,15,14,16,16,17,17,15,12,17,19,15,18,11,17,8,14,17,12,8,6,17,9,6,10,4,3,14,4,1,6,4,5,4,5,4,4,1,5,5,3,2,1,2,4,2,2,1,1,2,3,0,0,1,2,0,3,2,0,1,0,0,1,0,0,0,0,0,0,0,0,0,0,1,0,0,0,2
73,62,72,78,64,64,71,73,66,80,52,77,79,82,78,91,100,103,101,107,94,97,111,102,77,90,81,66,88,59,70,57,57,62,64,48,37,52,51,45,35,37,26,35,36,28,23,21,27,14,20,26,11,14,8,3,11,7,6,5,10,9,4,4,2,4,2,1,3,3,1,1,1,3,2,3,2,1,1,5,1,0,1,2,0,1,1,0,0,0,0,0,1,1,0,1,1,0,0,1
3,10,12,11,10,5,9,7,10,15,22,10,17,16,5,14,14,18,10,15,24,25,67,86,110,178,203,223,218,221,247,223,203,161,165,153,150,112,96,93,79,59,25,41,26,20,16,10,2,4,2,3,4,1,1,1,1,0,0,3,1,2,3,1,1,1,2,1,3,2,3,2,1,2,3,0,1,1,0,0,0,0,1,0,0,0,0,0,0,0,0,0,0,0,0,0,0,0,0,2
26,13,3,1,2,0,0,0,0,1,0,0,0,0,0,0,0,0,0,0,0,0,0,0,0,0,0,0,0,0,0,0,0,0,0,0,0,0,0,0,0,0,0,0,0,0,0,0,0,0,0,0,0,0,0,0,1,0,0,0,0,0,0,0,0,0,0,1,0,0,0,1,0,0,0,0,0,0,0,0,0,0,0,0,0,0,0,0,0,0,0,0,0,0,0,0,0,1,0,1
495,173,48,27,10,8,4,2,0,2,1,1,0,0,2,0,0,0,0,0,0,1,0,0,0,0,1,0,1,0,0,1,0,0,0,0,0,0,1,0,0,0,0,0,0,0,0,0,0,0,0,0,0,0,1,1,0,0,0,0,0,0,0,0,0,0,0,1,0,1,1,0,1,1,0,0,0,1,0,0,0,0,0,2,0,0,1,0,0,1,0,0,0,0,1,1,0,0,1,2
55,2,2,0,2,2,1,3,0,1,2,1,1,0,2,2,6,2,0,0,2,2,0,0,1,2,1,3,2,2,2,1,0,0,0,1,2,2,2,1,0,1,3,1,0,2,1,1,0,2,0,1,0,0,1,1,1,1,1,1,0,4,0,1,1,1,0,0,0,0,0,1,0,0,1,2,1,0,0,0,1,1,1,0,1,0,2,0,2,0,1,0,0,0,0,0,1,1,0,1
1,1,0,0,0,0,0,0,0,0,0,0,0,0,0,0,0,0,0,0,0,0,0,0,0,0,0,0,0,0,0,0,0,0,0,0,0,0,0,0,0,0,0,0,0,0,0,0,0,0,0,0,0,0,0,0,0,0,0,0,1,0,0,0,0,0,0,0,0,0,0,0,0,0,0,0,0,0,0,0,0,0,0,0,0,0,0,0,0,0,0,0,0,0,0,0,0,0,0,1
11,9,4,3,1,1,0,0,0,0,0,0,0,0,0,0,0,0,0,0,0,0,0,0,0,0,0,0,0,0,0,0,0,0,0,0,0,0,0,0,0,0,0,0,0,0,0,0,0,0,0,0,0,0,0,0,0,0,0,0,0,0,0,0,0,0,0,0,0,0,0,0,0,0,0,0,0,0,0,0,0,1,0,0,0,0,0,0,0,0,0,0,0,0,0,0,0,0,0,1
108,44,15,10,7,3,0,2,2,1,1,1,0,0,0,0,0,0,0,0,1,0,0,0,0,0,0,0,0,0,0,1,0,0,0,0,0,0,0,0,0,0,0,1,0,0,0,0,2,0,0,1,0,1,0,0,0,0,0,0,1,0,1,0,0,0,1,0,0,0,0,0,0,0,2,0,0,1,1,1,0,0,0,0,2,0,0,0,1,0,0,0,0,0,0,0,0,0,0,1
118,93,43,50,49,38,45,21,23,10,10,12,10,6,5,3,2,1,5,1,2,4,1,3,1,0,4,0,5,1,0,0,0,0,2,0,1,1,0,1,1,1,0,2,0,1,0,1,1,0,0,1,0,0,1,1,2,0,0,1,0,0,0,0,0,0,0,1,0,0,0,1,1,0,0,0,1,1,1,1,1,0,0,0,0,0,1,0,1,0,0,0,1,0,0,0,0,0,0,1
1,1,0,0,2,2,3,1,12,7,8,10,14,8,24,20,16,21,10,13,12,9,11,8,10,9,6,5,8,5,4,6,5,3,2,3,6,2,3,2,0,0,0,5,3,3,3,4,1,1,2,2,1,1,1,2,1,1,0,1,1,0,1,0,1,0,0,2,2,0,0,0,1,0,0,2,0,0,2,0,0,0,0,0,0,0,1,0,1,1,0,0,0,0,0,1,0,0,0,1
93,13,7,4,2,1,1,0,0,0,0,0,1,0,0,0,2,1,0,0,0,0,0,2,0,0,0,0,1,2,1,0,1,0,0,1,1,0,0,1,0,0,2,1,1,0,0,1,0,0,0,1,0,0,0,1,0,1,0,1,1,0,0,0,1,1,0,0,0,0,0,0,1,0,1,0,0,0,0,0,1,0,0,1,0,0,0,0,1,0,0,0,0,0,1,2,1,0,0,1
24,29,12,3,7,3,1,0,0,1,1,0,0,3,2,2,1,2,3,0,2,3,2,1,3,1,0,2,0,0,2,4,1,0,0,0,0,3,1,0,0,0,1,0,1,1,0,1,0,1,0,0,1,0,2,0,1,1,0,0,0,0,1,0,1,0,1,0,2,0,0,2,0,0,0,0,0,0,0,0,0,0,0,0,1,0,0,0,1,0,0,0,0,0,1,0,1,0,0,1
29,29,20,27,18,20,15,15,9,8,9,4,4,4,3,5,1,3,3,3,1,2,2,0,1,4,2,1,0,1,0,1,0,1,3,1,0,3,2,2,1,4,1,0,0,3,1,0,1,1,1,0,0,2,1,2,0,3,0,0,3,1,0,1,0,0,1,1,0,0,0,1,1,1,0,0,1,0,0,1,1,0,0,0,2,1,1,2,2,0,1,1,0,0,1,0,1,0,0,2
170,169,59,60,57,63,61,70,69,80,83,67,62,61,50,45,35,28,28,25,17,14,14,16,11,7,6,8,4,7,2,2,7,2,3,2,4,2,3,0,1,1,1,1,1,0,2,0,0,0,3,0,0,0,0,1,0,0,1,0,0,0,2,1,1,0,0,2,2,0,0,0,0,0,0,1,1,0,0,1,0,0,0,1,1,0,1,0,0,1,0,0,0,0,0,0,1,0,0,2
94,25,33,11,18,18,23,19,24,22,23,23,29,23,29,16,27,24,20,21,11,21,20,23,20,23,16,13,11,17,12,16,17,17,19,7,15,8,9,9,11,4,5,5,1,5,4,5,2,4,3,4,3,4,6,3,3,3,1,2,2,0,2,0,0,2,2,1,1,1,1,0,1,1,0,0,0,1,1,1,0,0,1,2,1,1,1,3,1,0,1,0,1,0,0,2,0,0,0,2
97,67,30,28,19,26,13,15,13,11,8,9,10,7,7,5,1,8,10,5,2,2,10,5,1,8,6,1,1,3,3,7,3,1,3,2,1,4,2,1,2,8,0,2,4,2,0,1,1,1,2,2,4,0,5,0,5,2,1,2,3,1,1,1,2,1,1,2,1,0,1,0,0,3,0,1,0,0,1,2,1,3,2,1,0,2,0,2,1,0,0,0,1,1,0,0,0,1,0,2
34,38,28,36,37,25,31,18,16,15,9,20,8,6,8,0,3,2,1,1,2,6,0,1,1,2,4,0,1,0,0,0,1,1,0,2,0,1,4,0,0,1,0,0,2,1,1,0,0,0,1,0,1,0,0,0,0,0,0,0,0,0,0,1,1,2,0,1,0,1,0,0,0,0,1,2,0,0,1,0,0,2,1,0,0,0,0,0,0,1,0,1,0,0,0,0,0,0,0,1
71,20,15,7,1,1,0,2,0,0,1,1,0,1,0,0,0,0,0,0,0,0,0,0,0,0,0,0,0,0,0,0,0,0,0,0,0,0,0,0,0,0,0,0,0,0,0,0,0,0,0,0,0,0,0,0,0,0,0,0,0,0,0,0,0,0,0,0,0,0,0,0,0,0,0,0,0,0,0,0,0,0,0,0,1,0,0,0,0,0,0,0,0,1,0,0,0,0,0,1
3,6,3,4,9,6,17,12,12,16,15,18,11,11,14,13,21,14,11,15,8,15,8,10,13,9,8,9,4,15,9,7,4,4,1,6,5,4,5,4,2,4,3,1,0,7,1,0,0,1,4,3,0,2,3,1,2,1,1,1,1,2,0,1,0,2,0,0,1,1,0,2,1,0,0,0,0,0,1,0,0,1,1,1,0,0,1,0,0,1,0,0,2,2,0,0,1,2,0,1
989,358,109,6,1,0,0,0,0,0,0,0,0,0,0,0,0,0,0,0,0,0,0,0,0,0,0,0,0,0,1,0,0,0,0,0,0,1,0,0,0,1,0,0,0,0,0,1,0,0,1,0,0,0,0,1,1,0,0,0,0,1,0,1,0,2,0,1,0,1,2,2,1,2,0,1,0,1,0,1,0,1,0,1,1,0,1,1,1,1,1,1,0,1,2,1,1,0,0,1
1992,438,199,108,67,51,34,34,25,22,20,19,15,8,6,6,7,6,6,4,5,6,1,2,1,1,3,2,4,2,3,3,4,3,0,6,4,5,6,10,8,12,18,19,36,36,48,55,50,64,46,59,72,56,64,71,56,48,45,41,42,35,22,18,21,20,16,12,8,6,7,6,4,3,5,4,3,0,2,0,4,3,0,1,0,0,0,0,0,0,0,0,2,0,0,0,0,1,0,1
474,95,27,17,8,5,5,5,4,6,2,1,2,1,0,2,6,2,3,2,1,4,2,2,3,1,3,5,5,6,5,7,5,6,7,4,8,9,5,5,8,8,3,6,6,6,6,6,9,3,9,5,0,5,10,9,5,5,6,4,7,2,5,8,2,0,4,2,7,4,3,3,1,5,3,0,2,3,1,1,2,2,0,2,2,0,0,4,1,2,3,2,0,1,0,1,0,1,1,1
63,9,5,3,4,4,4,9,7,10,3,9,9,4,5,5,6,5,8,3,5,1,7,5,4,5,2,4,4,2,4,4,6,1,3,4,5,6,2,2,1,1,1,5,4,3,2,1,2,4,3,5,2,3,5,2,5,2,2,2,2,1,1,1,5,0,2,0,2,2,1,1,1,0,1,1,1,1,2,1,1,3,2,0,0,1,0,0,2,1,3,0,0,2,0,1,1,0,0,2
29,4,2,4,6,3,3,8,7,13,17,9,20,12,15,19,13,17,10,9,12,10,17,6,13,15,7,11,12,11,17,11,7,11,6,7,11,5,7,3,7,7,5,8,6,8,1,2,2,1,3,2,3,2,5,2,5,4,2,2,3,5,1,2,1,1,0,3,1,1,1,0,2,2,0,1,1,1,0,0,2,2,1,2,2,1,1,0,1,0,1,0,1,3,1,1,1,0,0,2
112,14,10,7,2,9,6,5,6,6,8,5,2,2,1,3,7,6,3,2,2,4,1,2,2,4,2,2,3,0,3,2,2,4,3,1,4,4,1,1,1,1,1,3,4,3,0,1,1,0,4,3,2,2,1,3,0,0,3,2,1,3,2,1,3,3,1,3,0,2,1,0,3,1,2,1,2,1,1,1,1,0,1,3,2,0,2,1,0,2,1,1,3,0,2,2,0,1,4,3
125,58,43,76,62,54,33,24,15,12,14,5,3,9,4,5,5,1,3,1,3,1,2,4,2,1,1,0,2,1,2,3,3,0,1,2,2,2,3,4,1,2,3,2,1,1,2,2,3,2,0,1,2,2,2,1,0,1,1,0,2,1,2,1,1,0,1,1,2,0,4,1,0,1,0,2,1,2,1,1,1,1,1,2,1,0,0,0,1,0,1,1,0,2,1,1,0,1,1,3
74,8,1,0,0,0,0,0,0,0,0,1,0,0,0,0,0,0,0,0,0,0,0,0,0,0,0,0,0,0,0,0,0,0,0,0,0,0,0,0,0,0,0,0,0,0,0,0,0,0,0,0,0,0,0,0,0,0,0,0,0,0,0,0,0,0,0,0,0,0,0,0,0,0,0,0,0,0,0,0,0,0,0,0,0,0,0,0,0,0,0,0,0,0,0,0,0,0,0,1
13,0,0,0,1,0,0,1,0,0,0,0,0,1,1,0,0,0,1,0,0,0,0,0,0,0,0,0,0,0,0,0,1,0,0,0,0,0,0,0,0,0,0,0,0,0,0,0,0,0,0,0,0,0,0,0,0,0,0,0,0,0,0,0,0,0,0,0,0,0,0,0,0,0,0,0,0,0,0,0,1,0,1,0,0,0,0,0,2,2,0,1,0,1,0,0,0,0,0,1
1,0,0,0,0,1,0,0,0,0,0,0,0,0,0,1,1,0,0,0,0,0,1,0,0,0,0,0,0,1,2,0,0,0,0,0,0,0,0,1,0,0,0,0,0,1,0,0,0,0,1,0,0,0,0,0,1,0,0,0,1,1,0,0,0,0,0,1,0,0,0,0,0,0,0,0,0,0,0,0,0,0,0,0,0,0,0,1,0,0,0,0,0,0,1,0,1,0,0,1
40,40,17,35,41,35,45,67,79,61,60,79,71,60,51,51,51,23,33,33,36,31,16,13,16,12,9,12,14,4,6,10,7,5,4,3,5,9,4,3,2,6,3,7,1,4,6,1,0,1,1,1,1,1,2,0,1,0,0,2,0,0,1,1,1,0,0,1,1,0,1,1,0,1,1,1,0,1,0,0,1,0,0,0,0,0,0,1,0,0,0,1,0,2,0,0,0,0,0,1
1,0,0,0,0,0,0,0,0,0,0,0,0,0,0,0,0,0,0,0,0,0,0,0,0,0,0,0,0,0,0,0,0,0,0,0,0,0,0,0,0,0,0,0,0,0,0,0,0,0,0,0,0,0,0,0,0,0,0,0,0,0,0,0,0,0,0,0,0,0,0,0,0,0,0,0,0,0,0,0,0,0,1,0,0,0,0,0,0,0,0,0,0,0,0,0,0,0,0,1
316,176,148,125,101,93,75,72,75,73,56,72,69,56,59,53,35,50,29,32,28,25,23,22,13,14,11,11,7,8,12,4,6,9,5,6,3,6,6,3,2,0,2,9,3,1,5,0,2,1,0,1,3,1,2,0,2,2,1,1,1,1,1,1,3,0,0,0,1,2,1,1,0,0,0,0,1,1,1,0,0,0,0,0,0,1,0,0,0,0,0,0,0,0,0,0,0,0,0,1
70,495,389,235,167,121,90,85,68,41,31,28,33,23,20,24,19,20,19,15,18,16,11,5,17,13,6,10,8,4,5,12,13,9,2,11,8,12,11,6,8,14,10,6,3,7,11,10,6,13,7,9,3,9,8,14,10,7,10,9,13,7,7,2,5,4,4,8,3,1,4,8,3,2,1,2,2,1,3,1,0,0,0,0,0,1,0,0,0,0,1,0,0,0,0,0,0,0,0,1
1,0,0,0,0,0,1,4,4,11,11,6,2,5,4,6,5,4,4,11,7,5,11,3,11,12,8,9,6,5,11,11,13,10,6,5,8,3,11,9,2,6,5,2,4,5,6,3,4,5,4,5,3,6,5,5,3,2,8,2,1,11,4,2,2,4,3,2,2,1,1,4,0,2,2,1,3,3,0,2,2,2,3,1,1,3,1,1,4,0,2,1,0,2,1,3,1,0,0,4
5,2,10,12,6,3,3,3,6,4,6,3,5,10,7,4,8,7,5,11,12,5,8,7,3,14,9,12,10,5,6,5,5,6,9,7,3,5,5,1,5,4,6,2,5,5,2,4,5,4,6,3,5,2,2,8,2,1,9,5,3,2,2,3,2,2,2,1,3,2,0,2,2,1,2,2,2,0,3,1,3,2,1,2,2,1,1,4,0,2,1,0,2,1,2,2,0,0,0,4
1,0,0,0,0,0,0,0,0,0,0,0,0,0,0,0,0,0,0,0,0,0,0,0,0,0,0,0,0,0,0,0,0,0,0,0,0,0,0,0,0,0,0,0,0,0,0,0,0,0,0,0,0,0,0,0,0,0,0,0,0,0,0,0,0,0,0,0,0,0,0,0,0,0,0,0,0,0,0,0,0,0,0,0,0,0,0,0,0,0,0,0,0,0,0,0,0,0,0,1
5,5,0,1,3,0,4,6,10,9,6,5,9,2,5,5,1,0,7,4,3,4,3,3,5,5,5,4,4,3,2,2,4,3,5,6,1,1,1,2,3,1,4,4,2,4,1,0,2,2,0,1,0,0,0,4,1,6,1,1,1,2,0,0,1,0,1,0,1,2,0,3,3,0,2,1,2,2,1,1,0,1,2,0,2,1,2,1,1,1,1,2,0,3,2,0,0,0,1,2
3,2,0,1,0,0,0,0,2,0,0,0,0,0,0,0,1,1,1,0,0,0,0,0,0,0,0,0,0,0,0,1,0,1,1,0,2,0,1,0,0,2,0,2,0,1,0,0,0,0,0,1,0,2,0,0,1,0,0,0,1,0,0,0,2,0,1,0,0,0,0,0,1,0,0,0,1,0,0,0,1,0,1,0,0,0,1,1,0,0,1,1,0,1,0,1,0,0,0,1
1890,674,253,134,73,47,44,37,29,20,19,18,15,8,5,7,5,5,4,2,8,3,0,1,2,1,4,2,2,2,3,2,3,2,1,3,5,5,5,9,6,11,18,20,30,34,50,58,66,57,44,59,69,67,57,72,56,51,48,43,38,34,22,20,23,13,18,10,9,7,7,5,6,3,4,4,3,1,1,0,6,2,0,1,0,0,0,0,0,0,0,0,2,0,0,0,0,1,0,1
4,4,3,1,1,4,14,26,43,38,44,39,39,35,36,25,15,18,23,23,11,19,15,15,17,12,6,7,5,5,6,8,5,5,4,3,4,2,2,3,1,2,1,2,2,1,0,2,2,0,0,1,0,0,1,2,0,0,1,0,0,1,1,0,0,0,0,2,0,0,0,0,0,0,0,0,0,0,0,0,0,1,0,0,0,1,0,0,1,0,0,0,0,0,0,0,0,0,1,1
1,0,0,0,0,0,0,0,0,0,0,0,0,0,0,0,0,0,0,0,0,0,0,0,0,0,0,0,0,0,0,0,0,0,0,0,0,0,0,0,0,0,0,0,0,0,0,0,0,0,0,0,0,0,0,0,0,0,0,0,0,0,0,0,0,0,0,0,0,0,0,0,0,0,0,0,0,0,0,0,0,0,0,0,0,0,0,0,0,0,0,0,0,0,0,0,0,0,0,1
1,1,0,0,0,0,0,0,0,0,0,0,0,0,0,0,0,0,0,0,0,0,0,0,0,0,0,0,0,0,0,0,0,0,0,0,0,0,0,0,0,0,0,0,0,0,0,0,0,0,0,0,0,0,0,0,0,0,0,0,0,0,0,0,0,0,0,0,0,0,0,0,0,0,0,0,0,0,0,0,0,0,0,0,0,0,0,0,0,0,0,0,0,0,0,0,0,0,0,1
79,26,37,28,17,18,14,23,14,22,11,17,14,15,4,6,10,9,8,11,7,10,10,10,8,8,6,8,6,4,6,6,10,8,3,4,3,3,4,7,4,3,2,2,3,7,1,2,2,1,4,4,3,3,3,2,4,3,2,2,3,2,3,1,1,1,0,1,0,0,0,0,1,2,1,3,1,2,0,0,1,0,1,1,1,2,1,0,0,0,0,0,0,1,1,0,0,1,0,2
1,2,2,1,1,1,3,3,3,3,5,6,0,0,3,2,2,3,3,2,6,2,1,2,5,3,4,3,0,2,4,2,0,5,5,1,2,2,3,2,0,3,0,0,1,1,0,1,3,1,1,1,2,3,2,3,2,2,3,4,4,3,2,5,2,1,1,3,1,0,1,2,0,1,3,3,0,0,1,3,0,3,1,2,1,2,2,1,3,2,4,0,2,0,2,2,0,1,0,2
1,0,0,1,0,0,0,0,0,0,0,0,0,0,0,0,0,0,0,0,0,0,0,0,1,0,0,0,0,0,0,1,0,0,0,0,0,0,0,0,0,0,0,0,0,0,0,0,0,0,0,0,0,0,0,0,0,1,0,0,0,0,0,0,0,0,0,0,0,0,0,0,0,0,0,0,1,0,0,0,0,0,0,0,0,0,0,0,0,0,0,0,0,0,0,0,0,0,0,1
34,1,1,2,0,2,1,2,0,1,2,1,2,0,3,1,6,1,1,0,2,2,0,0,1,3,0,3,2,2,2,1,0,0,0,1,2,2,2,1,0,1,4,0,0,1,0,0,1,3,0,1,0,0,0,2,1,1,1,1,1,3,0,1,1,0,1,0,0,0,0,1,0,0,1,2,1,0,0,0,1,1,1,0,2,0,2,0,3,0,1,0,0,0,0,0,1,1,0,1
59,606,81,35,13,10,6,6,3,6,5,4,2,2,1,1,3,2,2,0,1,2,0,3,3,4,1,7,6,8,10,10,13,22,26,20,30,34,30,50,34,52,42,29,40,34,35,30,23,25,36,19,24,16,15,12,10,10,9,12,9,10,4,6,8,0,2,1,0,3,3,0,1,0,1,2,2,2,0,0,0,0,0,1,0,0,0,0,0,0,1,0,1,1,0,1,0,0,0,1
406,22,10,12,9,5,5,5,9,7,12,4,9,5,6,11,4,2,5,12,10,9,13,13,12,11,14,19,21,25,25,35,28,19,24,15,24,26,21,23,24,17,12,17,17,13,13,7,13,14,10,12,4,14,9,7,6,6,4,8,4,0,1,2,1,0,3,2,0,3,0,1,3,3,2,3,0,0,0,0,1,0,1,1,1,0,0,0,0,0,0,0,0,0,0,0,1,0,0,1
45,20,23,20,10,12,6,7,9,5,2,6,4,2,4,4,3,4,2,4,3,4,7,2,3,2,1,3,5,3,3,1,2,3,2,3,1,2,1,3,1,2,1,2,0,0,4,2,3,3,3,1,3,0,1,2,0,1,3,2,1,2,3,0,1,0,1,1,0,1,0,0,1,0,0,1,2,1,1,1,0,0,0,0,1,0,1,0,2,1,1,1,1,0,0,0,0,0,0,2
140,13,1,1,1,0,0,0,0,0,0,0,0,0,0,0,0,0,0,0,0,0,0,0,0,0,0,0,1,0,0,0,1,0,1,0,0,0,0,0,0,0,1,0,0,2,0,1,0,0,0,0,1,1,1,0,0,1,0,1,0,0,2,1,0,1,1,0,0,0,0,0,0,0,0,0,0,0,1,0,0,0,1,0,1,0,0,0,0,1,0,1,1,0,0,0,0,0,0,1
19,12,13,13,25,26,40,56,74,64,61,78,70,57,55,45,46,24,32,36,36,30,15,14,14,11,10,13,14,5,7,9,8,6,3,5,7,5,3,4,1,6,5,6,1,3,5,0,0,1,1,1,1,1,3,1,2,0,0,3,0,0,0,1,1,1,1,2,1,0,0,1,0,1,1,1,0,1,0,0,1,0,0,0,1,0,0,0,0,0,0,1,0,1,0,0,0,0,0,1
29,4,2,4,6,3,3,8,7,13,17,9,20,12,15,19,13,17,10,9,12,10,17,6,13,15,7,11,12,11,17,11,7,11,6,7,11,5,7,3,7,7,5,8,6,8,1,2,2,1,3,2,3,2,5,2,5,4,2,2,3,5,1,2,1,1,0,3,1,1,1,0,2,2,0,1,1,1,0,0,2,2,1,2,2,1,1,0,1,0,1,0,1,3,1,1,1,0,0,2
36,24,9,3,0,2,3,3,0,3,3,2,3,4,1,2,1,3,1,3,0,1,0,0,1,1,0,0,0,0,0,0,0,1,0,0,0,1,1,0,0,0,1,0,0,0,2,1,1,1,1,0,0,0,1,0,0,0,0,0,0,0,0,0,0,0,0,0,0,1,0,0,0,0,1,0,0,0,0,0,0,0,0,0,1,0,0,1,0,1,0,0,0,0,0,0,0,0,0,1
62,39,30,52,34,54,36,26,20,20,11,13,12,13,9,11,18,14,11,5,11,9,4,8,10,4,6,11,5,3,9,5,3,3,4,3,7,3,5,5,1,7,5,6,6,4,3,6,2,4,4,3,2,3,1,2,3,0,4,4,2,4,2,3,3,2,0,2,0,1,1,3,1,0,0,0,5,1,1,2,1,1,2,0,3,1,3,0,1,1,4,1,2,1,0,0,0,3,0,2
743,66,41,43,30,37,25,20,26,28,13,17,25,19,20,9,11,10,7,8,10,9,7,9,9,9,6,6,5,7,5,4,6,4,3,5,9,7,8,4,8,2,3,7,5,5,5,3,4,1,5,3,1,4,2,5,0,0,1,1,1,3,5,4,3,2,5,2,1,4,4,1,5,4,3,1,2,0,4,2,1,3,2,3,0,0,2,1,0,1,2,2,2,0,1,2,0,1,2,1
1,1,0,0,0,0,0,0,0,0,0,0,0,0,0,0,0,0,0,0,0,0,0,0,0,0,0,0,0,0,0,0,0,0,0,0,0,0,0,0,0,0,0,0,0,0,0,0,0,0,0,0,0,0,0,0,0,0,0,0,0,0,0,0,0,0,0,0,0,0,0,0,0,1,0,0,0,0,0,0,0,0,0,0,0,0,0,0,0,0,0,0,0,0,0,0,0,0,0,1
58,71,31,16,22,14,8,7,4,5,1,1,1,0,1,1,0,1,4,4,1,0,3,1,2,2,1,2,0,0,1,2,3,4,2,2,0,1,1,0,0,1,2,3,1,2,3,1,6,1,1,3,0,1,2,0,0,0,2,2,0,3,1,4,0,2,0,3,1,0,0,2,0,1,1,0,1,1,1,0,0,2,1,1,2,0,1,1,0,0,2,1,2,4,1,0,0,1,0,4
42,18,7,2,0,2,5,1,0,4,3,2,3,4,1,1,2,1,1,3,0,1,0,1,0,1,0,0,0,0,0,0,1,0,0,0,0,1,1,0,0,0,1,0,0,1,2,1,0,1,1,0,0,0,1,0,0,0,0,0,0,0,0,0,0,0,0,0,0,1,0,0,0,0,1,0,0,0,0,0,0,0,0,0,1,0,0,0,0,1,0,0,0,0,0,0,0,0,0,1
36,18,10,6,6,4,2,8,10,8,10,5,5,8,10,13,16,11,9,9,7,3,6,7,2,8,3,6,5,4,3,3,3,7,1,3,4,3,1,2,4,4,4,2,0,1,3,0,1,1,0,1,4,1,1,1,0,3,2,1,2,1,2,0,3,1,0,1,1,0,4,2,2,3,2,1,1,2,2,0,1,0,0,0,0,1,1,0,0,2,0,0,1,0,3,1,0,0,0,3
1,1,1,0,0,1,0,0,0,0,0,0,0,0,0,0,0,0,0,1,0,2,2,1,2,1,2,8,2,4,4,0,6,7,6,10,11,24,21,22,20,18,23,21,30,26,22,26,16,10,15,9,2,7,7,4,6,7,2,1,2,1,0,1,0,1,0,0,0,0,0,0,0,1,0,4,1,3,0,0,0,1,0,0,0,0,2,1,0,3,0,1,0,0,1,0,1,1,0,1
1,3,1,0,0,1,1,1,0,0,1,2,0,0,0,1,0,0,0,1,0,0,1,0,1,0,0,0,0,0,0,0,0,0,1,0,0,0,0,1,0,0,0,0,0,1,0,0,0,1,0,1,0,0,0,0,0,0,0,0,1,0,0,0,0,0,0,0,1,0,1,0,0,0,0,0,1,1,0,0,0,0,0,0,1,0,0,0,0,0,0,0,1,0,0,0,0,1,0,2
74,69,82,58,48,52,47,65,55,60,53,49,52,51,43,36,50,42,43,51,44,45,40,58,53,46,60,55,57,58,43,37,45,36,36,32,36,30,34,26,29,15,11,16,15,11,5,7,7,5,10,9,4,5,6,6,4,0,2,0,2,4,1,4,2,1,2,2,1,2,1,0,1,1,1,2,1,0,1,1,1,0,1,0,0,0,0,0,1,1,0,0,0,0,0,0,0,1,0,1
106,50,28,19,12,7,3,3,7,6,3,4,0,4,5,8,3,2,1,4,4,1,2,10,3,3,7,7,4,4,6,7,14,9,12,13,16,19,11,18,14,9,13,16,12,9,17,8,11,8,13,5,12,4,4,7,1,5,1,3,1,2,3,1,5,2,0,4,2,0,2,1,1,1,0,2,0,0,3,0,1,1,1,2,1,0,1,2,2,0,0,0,0,1,0,0,0,0,2,1
9,6,7,20,25,35,45,69,68,59,65,79,50,57,47,51,24,34,32,36,34,20,16,11,14,8,14,13,6,6,9,6,9,3,6,4,8,3,3,3,6,3,3,6,3,3,3,1,0,1,2,0,1,2,2,1,2,0,0,2,0,1,0,1,1,1,1,2,1,0,0,1,0,1,2,0,0,1,0,0,1,0,0,0,0,0,0,1,0,0,0,1,0,2,0,0,0,0,0,1
2,0,0,0,0,0,0,0,0,0,0,1,0,0,0,0,0,0,0,1,1,2,1,0,2,1,0,0,1,0,1,1,1,0,1,0,1,2,0,2,0,2,0,1,1,0,2,1,1,1,2,0,2,0,0,0,0,1,2,0,0,0,1,1,0,2,0,0,0,1,0,1,0,0,1,1,1,0,0,0,1,1,0,3,1,0,0,1,0,1,0,0,1,0,0,1,2,0,0,1
314,373,190,157,96,83,64,50,57,50,41,36,40,36,27,32,36,36,27,41,23,41,46,26,25,26,28,31,7,14,13,17,12,9,11,9,4,11,7,6,6,2,2,2,2,3,2,5,1,3,3,1,2,0,1,1,2,0,0,1,1,2,1,0,0,0,1,1,0,0,0,1,0,0,0,0,0,0,1,0,0,0,0,0,0,2,1,0,0,0,0,0,0,0,0,0,0,0,0,1
60,495,294,148,81,43,37,22,29,23,22,16,4,11,8,6,5,7,5,9,6,1,2,2,3,3,3,3,7,1,4,4,4,5,4,2,1,6,5,4,6,8,14,16,21,32,35,52,50,51,53,70,66,75,79,68,59,62,58,48,48,44,21,34,35,25,27,12,13,14,15,15,7,2,6,3,4,2,4,1,0,0,2,0,2,1,0,0,1,0,0,0,1,0,0,0,0,0,0,1
8,12,9,5,3,4,6,4,10,5,2,16,7,10,8,8,1,6,4,12,14,16,8,12,12,10,15,8,10,6,9,9,4,13,9,11,9,11,8,15,3,11,8,5,6,6,3,5,5,2,5,10,4,0,4,5,5,1,2,2,0,3,4,3,5,6,4,4,2,2,1,0,5,3,1,2,2,3,0,1,1,2,3,2,1,1,1,1,1,0,0,3,1,1,0,1,3,1,0,2
40,15,5,4,16,16,23,18,24,16,25,11,16,11,11,5,11,6,1,1,3,3,3,6,2,4,2,1,0,0,0,0,1,1,1,0,0,0,0,0,2,3,1,1,0,1,0,0,0,0,0,0,0,0,0,0,0,0,0,0,0,0,1,0,0,0,0,0,2,0,0,0,2,1,1,0,2,2,0,0,5,1,3,1,0,0,0,1,0,0,1,0,0,3,0,2,0,2,1,2
6,3,5,7,6,12,16,7,18,12,19,14,13,8,17,17,15,14,14,10,11,14,6,10,15,9,3,9,11,11,7,6,3,5,2,8,3,3,5,3,2,4,2,1,1,6,1,0,0,4,2,2,0,3,3,1,0,1,1,1,1,2,0,1,0,3,0,0,1,1,1,1,1,0,0,0,0,0,1,0,0,1,1,1,0,0,0,0,0,1,0,0,1,2,0,0,1,2,0,1
438,103,53,38,15,4,10,2,0,0,1,0,1,0,1,0,0,0,0,0,0,0,0,0,0,0,0,1,0,0,0,0,0,0,0,0,0,0,0,0,0,0,0,0,0,0,0,0,0,0,0,0,0,0,0,0,0,0,0,0,0,0,0,0,0,0,0,0,0,0,0,0,0,0,0,0,0,0,0,0,0,0,0,0,0,0,0,0,1,0,0,0,0,0,1,1,0,0,0,2
18,11,31,36,31,19,16,15,9,4,12,11,12,8,8,10,8,16,18,24,33,51,73,113,112,197,228,288,318,284,323,298,242,240,170,155,129,83,67,46,33,22,17,18,14,9,4,9,7,5,13,5,12,8,23,14,13,13,18,21,26,23,19,26,22,18,16,12,7,5,4,3,2,3,2,1,1,1,0,0,0,0,1,0,0,3,0,0,0,1,0,2,0,1,0,2,0,0,0,1
1369,1317,376,191,105,61,43,34,25,18,9,12,7,11,11,6,5,3,8,7,3,1,6,7,1,2,4,4,3,1,3,1,1,6,5,7,9,11,10,17,10,17,17,17,15,21,15,17,11,15,14,12,15,10,13,7,12,8,4,5,2,6,4,2,3,5,3,1,2,0,1,2,1,1,0,0,0,0,1,0,0,0,0,1,0,0,1,0,0,0,0,0,0,0,0,0,0,0,0,1
2,1,3,2,1,0,0,1,4,3,1,1,0,3,0,0,1,1,0,1,1,0,0,0,0,1,0,0,1,1,0,0,0,0,0,0,0,1,0,0,0,0,0,0,0,0,0,0,0,0,0,0,0,0,0,0,0,0,0,0,0,0,0,1,0,0,0,0,0,0,0,0,0,0,0,0,0,0,0,0,0,0,0,0,0,0,0,0,0,0,0,0,0,0,0,0,0,0,0,1
37,32,38,50,62,67,66,78,53,48,48,35,46,27,33,15,11,21,18,11,4,8,12,5,5,9,6,7,5,3,2,3,4,6,3,6,5,6,3,3,4,6,3,4,3,1,4,0,2,1,1,1,2,3,0,2,1,1,3,2,0,1,2,3,3,0,2,2,3,0,2,2,0,0,1,0,2,0,0,2,2,1,2,1,1,0,2,2,1,1,1,2,0,1,0,0,0,0,0,1
32,9,19,19,28,15,14,12,8,2,4,4,3,3,2,3,3,1,2,2,1,0,1,1,0,1,0,3,0,2,1,2,1,1,3,1,1,1,0,1,0,0,1,2,2,0,0,2,2,1,1,0,0,1,1,3,0,1,0,0,2,0,0,0,1,1,0,1,1,0,0,1,2,1,2,0,0,0,2,0,0,0,0,1,0,1,1,1,0,0,0,1,1,0,1,0,0,0,0,1
368,249,197,146,145,116,122,96,94,86,55,63,49,40,47,40,31,25,26,22,21,21,17,24,18,11,4,16,5,7,12,4,6,5,5,5,4,1,6,3,5,2,1,3,2,0,1,1,3,2,2,1,2,0,1,2,0,2,2,2,1,3,0,1,0,1,1,3,1,0,0,0,0,4,1,0,0,0,0,0,2,0,0,0,0,0,2,0,1,0,0,0,0,0,0,3,1,0,0,1
592,268,141,107,73,60,43,37,31,27,28,28,16,14,22,15,20,15,29,29,17,18,29,36,30,34,15,34,33,18,28,28,22,22,12,19,11,7,5,7,3,3,8,6,3,5,3,3,7,0,2,3,3,1,0,0,0,1,3,2,2,1,0,2,0,0,0,0,0,0,0,0,0,1,0,0,1,0,0,0,0,0,0,0,0,0,0,1,0,0,0,0,0,0,0,0,0,0,0,1
40,15,5,4,16,16,23,18,24,16,25,11,16,11,11,5,11,6,1,1,3,3,3,6,2,4,2,1,0,0,0,0,1,1,1,0,0,0,0,0,2,3,1,1,0,1,0,0,0,0,0,0,0,0,0,0,0,0,0,0,0,0,1,0,0,0,0,0,2,0,0,0,2,1,1,0,2,2,0,0,5,1,3,1,0,0,0,1,0,0,1,0,0,3,0,2,0,2,1,2
1263,529,113,76,60,23,10,3,2,0,1,1,0,0,0,0,0,0,0,0,0,0,0,0,0,0,0,0,0,0,0,0,0,0,0,0,1,0,0,0,0,0,0,0,0,0,0,0,0,1,0,0,0,0,0,1,1,0,1,0,1,2,0,0,2,0,0,0,0,2,1,0,0,1,2,1,1,0,2,3,4,1,4,1,0,3,2,3,0,0,4,1,5,2,4,3,1,0,4,3
601,510,288,113,36,29,8,7,3,0,1,2,2,0,0,0,1,0,0,0,3,0,0,1,0,0,2,2,3,5,3,2,7,7,7,10,12,14,12,18,8,20,11,11,12,10,12,20,12,7,11,14,9,3,9,12,3,10,5,4,5,6,4,3,2,3,4,2,0,1,1,1,1,1,1,1,2,1,2,0,1,1,0,0,1,2,0,0,1,0,1,0,0,0,0,0,0,0,0,1
3,2,0,0,0,0,0,0,0,2,0,0,1,1,0,1,0,0,0,0,0,1,0,1,0,0,0,0,0,0,1,0,0,0,0,0,0,0,1,0,1,0,0,1,0,1,0,1,0,0,0,0,0,0,0,1,0,0,0,1,0,0,0,1,1,1,0,0,0,1,0,0,0,0,0,0,0,0,1,1,0,0,0,2,0,0,0,1,0,0,0,2,0,0,1,0,0,0,0,1
105,34,14,16,13,14,13,11,6,6,5,3,2,4,5,2,1,1,3,1,3,0,1,1,0,1,0,0,0,1,0,0,0,1,4,1,1,2,0,1,1,4,0,0,0,0,2,0,0,0,0,1,0,2,0,1,1,0,0,0,2,1,0,1,0,0,0,0,0,0,0,1,0,0,0,0,0,1,0,0,0,0,0,0,0,1,1,2,0,0,0,0,0,2,1,0,1,0,0,1
27,10,3,5,5,3,3,3,1,1,2,0,1,0,0,0,0,1,0,2,0,0,0,2,0,0,0,0,0,0,0,0,0,1,0,0,1,1,0,0,0,0,0,0,1,0,0,0,0,0,0,1,1,1,0,1,1,0,0,1,0,1,1,0,0,1,0,0,0,0,0,1,1,0,0,0,0,0,0,0,0,0,0,0,0,0,0,0,1,0,0,0,1,0,1,0,1,0,0,1
340,387,103,29,13,20,13,11,14,11,8,6,1,1,2,1,0,0,0,1,1,0,0,0,1,1,0,2,0,4,6,6,9,10,12,10,7,16,19,28,28,21,26,20,34,22,31,28,28,24,20,16,33,15,26,16,16,20,13,18,19,15,11,13,9,5,5,6,6,7,0,4,3,2,3,4,1,1,1,1,0,2,0,0,0,4,0,1,1,0,1,0,0,0,1,0,0,1,0,1
37,26,22,12,11,5,5,4,4,5,3,4,1,1,0,1,2,0,1,0,0,2,0,4,1,0,0,0,1,0,1,0,0,0,1,1,0,0,0,0,0,0,1,0,0,0,0,0,1,1,0,1,0,0,0,0,1,0,0,0,1,1,2,0,0,1,0,0,1,0,0,0,0,0,0,0,0,1,0,0,1,0,0,0,0,0,0,1,0,0,0,0,0,0,0,0,0,0,0,1
1588,515,113,27,1,0,0,0,0,0,0,0,0,0,0,0,0,0,0,0,0,0,0,0,0,0,0,0,0,1,1,0,0,0,0,1,0,1,1,0,3,3,0,3,3,6,4,4,3,4,6,3,4,2,4,8,4,5,4,2,6,5,4,4,4,3,6,2,5,5,7,3,5,6,5,5,4,0,4,8,0,8,0,1,3,2,3,1,4,1,3,1,1,0,1,2,2,1,0,2
0,0,0,0,0,0,0,0,0,0,0,0,0,0,0,0,0,0,0,0,0,0,0,0,0,0,0,0,0,0,0,0,0,0,0,0,0,0,0,0,0,0,0,0,0,0,0,0,0,0,0,0,0,0,0,0,0,0,0,0,0,0,0,0,0,0,0,0,0,0,0,0,0,0,0,0,0,0,0,0,0,0,0,0,0,0,0,0,0,0,0,0,0,0,0,0,0,0,0,0
35,17,7,4,5,0,1,2,3,3,3,1,1,3,4,3,4,2,2,2,2,1,2,3,6,4,5,2,5,3,3,3,4,1,6,4,5,4,7,4,1,4,5,7,1,3,3,4,4,1,2,4,1,6,3,5,3,2,1,2,6,5,0,2,4,1,2,3,0,4,0,3,2,1,1,2,0,3,1,3,2,0,2,1,1,1,4,2,1,1,0,2,2,1,2,1,2,0,3,2
63,24,16,20,14,11,9,12,15,11,11,17,5,6,5,8,7,9,9,8,6,4,6,4,5,8,2,1,3,5,2,3,5,9,2,5,1,3,3,2,3,3,6,1,3,2,7,0,0,4,2,2,1,3,4,4,1,2,2,3,2,2,4,2,2,2,4,0,1,2,0,0,1,1,0,1,0,2,2,1,1,0,0,0,0,0,2,0,2,1,0,0,0,1,4,0,0,1,1,1
224,23,34,33,22,18,24,21,29,19,15,18,17,10,12,10,10,13,7,12,11,8,14,5,11,6,7,4,4,8,5,9,7,5,3,2,3,4,4,7,3,3,2,3,4,2,1,2,6,5,3,3,5,3,3,2,4,0,2,1,2,2,1,1,0,1,0,0,0,1,0,0,2,1,2,1,0,1,1,0,0,0,0,3,1,1,1,0,0,0,0,1,0,0,1,0,0,2,0,1
2,1,0,1,0,1,0,1,1,0,0,0,0,0,1,1,0,1,1,1,0,0,0,0,0,0,0,1,0,0,1,0,0,2,1,1,0,1,1,1,0,1,0,0,0,1,1,0,0,0,2,0,0,2,0,0,1,1,0,1,1,0,0,0,0,0,0,0,0,0,0,0,0,0,0,1,0,0,0,1,0,0,0,1,0,1,0,0,0,0,0,0,1,0,1,0,0,1,0,1
196,295,298,231,156,140,104,87,74,52,48,57,28,26,29,22,25,22,22,20,16,20,22,18,16,14,18,11,17,8,6,15,12,11,13,14,16,18,15,13,13,12,12,14,6,13,7,10,14,10,9,6,9,6,9,4,9,4,8,10,6,7,11,4,6,3,5,4,4,2,7,6,5,5,3,3,2,2,1,3,4,3,1,2,0,1,1,0,2,1,0,0,1,1,0,0,0,2,0,1
229,319,190,81,39,36,26,27,19,13,12,15,7,7,7,12,8,7,10,6,12,5,8,5,1,4,6,3,1,8,4,1,6,5,3,5,2,2,4,6,2,2,5,4,3,2,3,0,3,4,1,3,1,3,2,3,3,0,3,1,5,0,5,2,1,9,2,2,2,1,2,2,1,2,5,2,3,3,2,2,4,5,4,3,0,1,1,4,1,1,2,5,1,0,0,1,2,2,0,3
3,0,0,0,0,0,0,0,0,0,0,0,0,0,0,0,1,0,0,0,0,0,1,0,0,0,0,0,0,0,0,0,0,0,0,0,0,0,0,0,0,0,0,0,0,0,0,0,0,0,0,0,0,0,0,0,0,0,0,0,0,0,0,0,0,1,0,0,0,0,0,0,0,0,0,0,0,0,0,0,0,0,0,0,0,0,0,0,0,0,0,0,0,0,0,0,0,0,0,1
9,2,0,2,0,0,2,0,1,0,2,0,0,3,0,2,0,1,2,2,4,2,2,0,0,0,1,0,1,1,2,0,0,0,2,0,1,1,0,1,0,0,4,0,1,1,0,1,2,0,1,5,1,0,1,0,0,1,0,0,1,0,1,1,1,1,0,1,1,1,0,1,1,0,0,2,0,3,1,0,2,3,1,1,0,0,0,0,0,1,0,0,1,0,0,0,0,0,1,1
56,62,27,11,17,12,6,7,5,7,1,2,1,1,2,0,0,2,4,2,1,2,1,1,3,2,2,2,0,1,1,0,1,1,3,2,2,1,1,1,0,1,2,1,3,2,0,2,2,1,3,2,2,1,1,1,1,1,4,0,3,3,4,1,0,1,3,1,0,0,2,1,1,1,0,1,2,1,1,0,1,1,3,1,0,0,1,0,2,1,3,1,2,1,0,1,0,1,3,1
1,2,0,2,2,2,4,3,3,0,1,1,4,3,2,2,1,2,2,2,2,2,1,1,1,0,0,1,1,3,2,1,0,2,1,1,2,1,0,0,1,1,1,1,1,1,2,0,1,2,0,1,1,0,0,0,2,2,1,0,2,0,1,2,1,0,1,1,1,0,0,1,1,2,0,0,1,1,1,0,1,0,1,0,0,0,0,0,0,0,1,2,0,1,1,1,2,0,1,1
14,22,15,5,7,6,10,9,8,15,9,12,15,11,19,15,14,14,17,10,14,20,9,11,13,7,10,15,12,7,8,9,6,15,5,7,5,8,3,4,9,8,7,7,6,6,5,12,2,6,4,5,6,4,6,4,3,7,4,1,1,1,1,5,0,3,2,1,1,2,3,2,2,3,6,2,6,0,1,0,2,2,1,4,0,1,0,0,0,3,3,0,0,2,1,1,1,1,0,3
83,12,9,4,4,9,8,5,10,11,4,4,7,5,4,7,5,3,4,7,3,2,6,3,6,5,5,1,4,4,2,1,2,6,1,1,2,4,3,2,3,1,2,4,3,1,1,1,2,4,1,1,2,2,1,3,2,3,1,2,1,1,0,0,2,2,0,1,1,0,2,0,0,1,0,0,0,3,0,0,0,0,0,1,1,0,2,2,1,1,0,0,0,0,0,1,0,0,1,3
2,0,0,0,0,0,0,0,0,0,0,0,1,0,0,4,3,8,8,9,10,13,12,7,7,8,6,6,8,6,6,3,2,2,0,4,0,5,2,1,5,4,4,0,7,10,2,5,4,2,5,3,5,2,0,4,2,4,1,1,1,2,3,2,3,4,4,2,5,3,2,1,2,0,2,3,2,3,2,2,2,2,1,1,1,1,2,2,2,1,2,3,2,0,0,2,0,2,1,1
17,25,26,35,39,43,26,23,22,9,10,10,6,5,4,4,2,2,2,2,0,3,1,1,1,1,1,1,1,0,0,0,0,0,0,0,0,1,0,0,0,0,0,1,1,0,0,0,0,0,0,0,0,0,0,0,0,0,0,0,0,1,0,1,0,0,0,0,1,0,1,0,0,0,0,0,0,0,0,0,0,0,0,0,0,0,0,0,0,0,0,1,1,0,0,0,0,0,0,2
13,9,3,9,12,6,6,7,7,1,6,6,3,2,8,4,6,1,2,4,1,8,3,1,6,5,2,1,3,6,5,4,2,2,5,5,2,2,2,4,5,2,2,3,2,4,4,1,2,1,3,1,4,3,4,4,5,3,7,2,2,3,1,1,2,2,1,1,0,1,0,2,0,3,1,4,2,0,3,3,1,3,3,2,2,0,1,1,2,3,3,0,2,1,0,1,1,1,2,3
26,13,3,1,2,0,0,0,0,1,0,0,0,0,0,0,0,0,0,0,0,0,0,0,0,0,0,0,0,0,0,0,0,0,0,0,0,0,0,0,0,0,0,0,0,0,0,0,0,0,0,0,0,0,0,0,1,0,0,0,0,0,0,0,0,0,0,1,0,0,0,1,0,0,0,0,0,0,0,0,0,0,0,0,0,0,0,0,0,0,0,0,0,0,0,0,0,1,0,1
495,173,48,27,10,8,4,2,0,2,1,1,0,0,2,0,0,0,0,0,0,1,0,0,0,0,1,0,1,0,0,1,0,0,0,0,0,0,1,0,0,0,0,0,0,0,0,0,0,0,0,0,0,0,1,1,0,0,0,0,0,0,0,0,0,0,0,1,0,1,1,0,1,1,0,0,0,1,0,0,0,0,0,2,0,0,1,0,0,1,0,0,0,0,1,1,0,0,1,2
55,2,2,0,2,2,1,3,0,1,2,1,1,0,2,2,6,2,0,0,2,2,0,0,1,2,1,3,2,2,2,1,0,0,0,1,2,2,2,1,0,1,3,1,0,2,1,1,0,2,0,1,0,0,1,1,1,1,1,1,0,4,0,1,1,1,0,0,0,0,0,1,0,0,1,2,1,0,0,0,1,1,1,0,1,0,2,0,2,0,1,0,0,0,0,0,1,1,0,1
1,1,0,0,0,0,0,0,0,0,0,0,0,0,0,0,0,0,0,0,0,0,0,0,0,0,0,0,0,0,0,0,0,0,0,0,0,0,0,0,0,0,0,0,0,0,0,0,0,0,0,0,0,0,0,0,0,0,0,0,1,0,0,0,0,0,0,0,0,0,0,0,0,0,0,0,0,0,0,0,0,0,0,0,0,0,0,0,0,0,0,0,0,0,0,0,0,0,0,1
11,9,4,3,1,1,0,0,0,0,0,0,0,0,0,0,0,0,0,0,0,0,0,0,0,0,0,0,0,0,0,0,0,0,0,0,0,0,0,0,0,0,0,0,0,0,0,0,0,0,0,0,0,0,0,0,0,0,0,0,0,0,0,0,0,0,0,0,0,0,0,0,0,0,0,0,0,0,0,0,0,1,0,0,0,0,0,0,0,0,0,0,0,0,0,0,0,0,0,1
108,44,15,10,7,3,0,2,2,1,1,1,0,0,0,0,0,0,0,0,1,0,0,0,0,0,0,0,0,0,0,1,0,0,0,0,0,0,0,0,0,0,0,1,0,0,0,0,2,0,0,1,0,1,0,0,0,0,0,0,1,0,1,0,0,0,1,0,0,0,0,0,0,0,2,0,0,1,1,1,0,0,0,0,2,0,0,0,1,0,0,0,0,0,0,0,0,0,0,1
118,93,43,50,49,38,45,21,23,10,10,12,10,6,5,3,2,1,5,1,2,4,1,3,1,0,4,0,5,1,0,0,0,0,2,0,1,1,0,1,1,1,0,2,0,1,0,1,1,0,0,1,0,0,1,1,2,0,0,1,0,0,0,0,0,0,0,1,0,0,0,1,1,0,0,0,1,1,1,1,1,0,0,0,0,0,1,0,1,0,0,0,1,0,0,0,0,0,0,1
1,1,0,0,2,2,3,1,12,7,8,10,14,8,24,20,16,21,10,13,12,9,11,8,10,9,6,5,8,5,4,6,5,3,2,3,6,2,3,2,0,0,0,5,3,3,3,4,1,1,2,2,1,1,1,2,1,1,0,1,1,0,1,0,1,0,0,2,2,0,0,0,1,0,0,2,0,0,2,0,0,0,0,0,0,0,1,0,1,1,0,0,0,0,0,1,0,0,0,1
93,13,7,4,2,1,1,0,0,0,0,0,1,0,0,0,2,1,0,0,0,0,0,2,0,0,0,0,1,2,1,0,1,0,0,1,1,0,0,1,0,0,2,1,1,0,0,1,0,0,0,1,0,0,0,1,0,1,0,1,1,0,0,0,1,1,0,0,0,0,0,0,1,0,1,0,0,0,0,0,1,0,0,1,0,0,0,0,1,0,0,0,0,0,1,2,1,0,0,1
24,29,12,3,7,3,1,0,0,1,1,0,0,3,2,2,1,2,3,0,2,3,2,1,3,1,0,2,0,0,2,4,1,0,0,0,0,3,1,0,0,0,1,0,1,1,0,1,0,1,0,0,1,0,2,0,1,1,0,0,0,0,1,0,1,0,1,0,2,0,0,2,0,0,0,0,0,0,0,0,0,0,0,0,1,0,0,0,1,0,0,0,0,0,1,0,1,0,0,1
29,29,20,27,18,20,15,15,9,8,9,4,4,4,3,5,1,3,3,3,1,2,2,0,1,4,2,1,0,1,0,1,0,1,3,1,0,3,2,2,1,4,1,0,0,3,1,0,1,1,1,0,0,2,1,2,0,3,0,0,3,1,0,1,0,0,1,1,0,0,0,1,1,1,0,0,1,0,0,1,1,0,0,0,2,1,1,2,2,0,1,1,0,0,1,0,1,0,0,2
170,169,59,60,57,63,61,70,69,80,83,67,62,61,50,45,35,28,28,25,17,14,14,16,11,7,6,8,4,7,2,2,7,2,3,2,4,2,3,0,1,1,1,1,1,0,2,0,0,0,3,0,0,0,0,1,0,0,1,0,0,0,2,1,1,0,0,2,2,0,0,0,0,0,0,1,1,0,0,1,0,0,0,1,1,0,1,0,0,1,0,0,0,0,0,0,1,0,0,2
94,25,33,11,18,18,23,19,24,22,23,23,29,23,29,16,27,24,20,21,11,21,20,23,20,23,16,13,11,17,12,16,17,17,19,7,15,8,9,9,11,4,5,5,1,5,4,5,2,4,3,4,3,4,6,3,3,3,1,2,2,0,2,0,0,2,2,1,1,1,1,0,1,1,0,0,0,1,1,1,0,0,1,2,1,1,1,3,1,0,1,0,1,0,0,2,0,0,0,2
97,67,30,28,19,26,13,15,13,11,8,9,10,7,7,5,1,8,10,5,2,2,10,5,1,8,6,1,1,3,3,7,3,1,3,2,1,4,2,1,2,8,0,2,4,2,0,1,1,1,2,2,4,0,5,0,5,2,1,2,3,1,1,1,2,1,1,2,1,0,1,0,0,3,0,1,0,0,1,2,1,3,2,1,0,2,0,2,1,0,0,0,1,1,0,0,0,1,0,2
34,38,28,36,37,25,31,18,16,15,9,20,8,6,8,0,3,2,1,1,2,6,0,1,1,2,4,0,1,0,0,0,1,1,0,2,0,1,4,0,0,1,0,0,2,1,1,0,0,0,1,0,1,0,0,0,0,0,0,0,0,0,0,1,1,2,0,1,0,1,0,0,0,0,1,2,0,0,1,0,0,2,1,0,0,0,0,0,0,1,0,1,0,0,0,0,0,0,0,1
71,20,15,7,1,1,0,2,0,0,1,1,0,1,0,0,0,0,0,0,0,0,0,0,0,0,0,0,0,0,0,0,0,0,0,0,0,0,0,0,0,0,0,0,0,0,0,0,0,0,0,0,0,0,0,0,0,0,0,0,0,0,0,0,0,0,0,0,0,0,0,0,0,0,0,0,0,0,0,0,0,0,0,0,1,0,0,0,0,0,0,0,0,1,0,0,0,0,0,1
3,6,3,4,9,6,17,12,12,16,15,18,11,11,14,13,21,14,11,15,8,15,8,10,13,9,8,9,4,15,9,7,4,4,1,6,5,4,5,4,2,4,3,1,0,7,1,0,0,1,4,3,0,2,3,1,2,1,1,1,1,2,0,1,0,2,0,0,1,1,0,2,1,0,0,0,0,0,1,0,0,1,1,1,0,0,1,0,0,1,0,0,2,2,0,0,1,2,0,1
989,358,109,6,1,0,0,0,0,0,0,0,0,0,0,0,0,0,0,0,0,0,0,0,0,0,0,0,0,0,1,0,0,0,0,0,0,1,0,0,0,1,0,0,0,0,0,1,0,0,1,0,0,0,0,1,1,0,0,0,0,1,0,1,0,2,0,1,0,1,2,2,1,2,0,1,0,1,0,1,0,1,0,1,1,0,1,1,1,1,1,1,0,1,2,1,1,0,0,1
1992,438,199,108,67,51,34,34,25,22,20,19,15,8,6,6,7,6,6,4,5,6,1,2,1,1,3,2,4,2,3,3,4,3,0,6,4,5,6,10,8,12,18,19,36,36,48,55,50,64,46,59,72,56,64,71,56,48,45,41,42,35,22,18,21,20,16,12,8,6,7,6,4,3,5,4,3,0,2,0,4,3,0,1,0,0,0,0,0,0,0,0,2,0,0,0,0,1,0,1
474,95,27,17,8,5,5,5,4,6,2,1,2,1,0,2,6,2,3,2,1,4,2,2,3,1,3,5,5,6,5,7,5,6,7,4,8,9,5,5,8,8,3,6,6,6,6,6,9,3,9,5,0,5,10,9,5,5,6,4,7,2,5,8,2,0,4,2,7,4,3,3,1,5,3,0,2,3,1,1,2,2,0,2,2,0,0,4,1,2,3,2,0,1,0,1,0,1,1,1
63,9,5,3,4,4,4,9,7,10,3,9,9,4,5,5,6,5,8,3,5,1,7,5,4,5,2,4,4,2,4,4,6,1,3,4,5,6,2,2,1,1,1,5,4,3,2,1,2,4,3,5,2,3,5,2,5,2,2,2,2,1,1,1,5,0,2,0,2,2,1,1,1,0,1,1,1,1,2,1,1,3,2,0,0,1,0,0,2,1,3,0,0,2,0,1,1,0,0,2
29,4,2,4,6,3,3,8,7,13,17,9,20,12,15,19,13,17,10,9,12,10,17,6,13,15,7,11,12,11,17,11,7,11,6,7,11,5,7,3,7,7,5,8,6,8,1,2,2,1,3,2,3,2,5,2,5,4,2,2,3,5,1,2,1,1,0,3,1,1,1,0,2,2,0,1,1,1,0,0,2,2,1,2,2,1,1,0,1,0,1,0,1,3,1,1,1,0,0,2
112,14,10,7,2,9,6,5,6,6,8,5,2,2,1,3,7,6,3,2,2,4,1,2,2,4,2,2,3,0,3,2,2,4,3,1,4,4,1,1,1,1,1,3,4,3,0,1,1,0,4,3,2,2,1,3,0,0,3,2,1,3,2,1,3,3,1,3,0,2,1,0,3,1,2,1,2,1,1,1,1,0,1,3,2,0,2,1,0,2,1,1,3,0,2,2,0,1,4,3
125,58,43,76,62,54,33,24,15,12,14,5,3,9,4,5,5,1,3,1,3,1,2,4,2,1,1,0,2,1,2,3,3,0,1,2,2,2,3,4,1,2,3,2,1,1,2,2,3,2,0,1,2,2,2,1,0,1,1,0,2,1,2,1,1,0,1,1,2,0,4,1,0,1,0,2,1,2,1,1,1,1,1,2,1,0,0,0,1,0,1,1,0,2,1,1,0,1,1,3
74,8,1,0,0,0,0,0,0,0,0,1,0,0,0,0,0,0,0,0,0,0,0,0,0,0,0,0,0,0,0,0,0,0,0,0,0,0,0,0,0,0,0,0,0,0,0,0,0,0,0,0,0,0,0,0,0,0,0,0,0,0,0,0,0,0,0,0,0,0,0,0,0,0,0,0,0,0,0,0,0,0,0,0,0,0,0,0,0,0,0,0,0,0,0,0,0,0,0,1
13,0,0,0,1,0,0,1,0,0,0,0,0,1,1,0,0,0,1,0,0,0,0,0,0,0,0,0,0,0,0,0,1,0,0,0,0,0,0,0,0,0,0,0,0,0,0,0,0,0,0,0,0,0,0,0,0,0,0,0,0,0,0,0,0,0,0,0,0,0,0,0,0,0,0,0,0,0,0,0,1,0,1,0,0,0,0,0,2,2,0,1,0,1,0,0,0,0,0,1
1,0,0,0,0,1,0,0,0,0,0,0,0,0,0,1,1,0,0,0,0,0,1,0,0,0,0,0,0,1,2,0,0,0,0,0,0,0,0,1,0,0,0,0,0,1,0,0,0,0,1,0,0,0,0,0,1,0,0,0,1,1,0,0,0,0,0,1,0,0,0,0,0,0,0,0,0,0,0,0,0,0,0,0,0,0,0,1,0,0,0,0,0,0,1,0,1,0,0,1
40,40,17,35,41,35,45,67,79,61,60,79,71,60,51,51,51,23,33,33,36,31,16,13,16,12,9,12,14,4,6,10,7,5,4,3,5,9,4,3,2,6,3,7,1,4,6,1,0,1,1,1,1,1,2,0,1,0,0,2,0,0,1,1,1,0,0,1,1,0,1,1,0,1,1,1,0,1,0,0,1,0,0,0,0,0,0,1,0,0,0,1,0,2,0,0,0,0,0,1
1,0,0,0,0,0,0,0,0,0,0,0,0,0,0,0,0,0,0,0,0,0,0,0,0,0,0,0,0,0,0,0,0,0,0,0,0,0,0,0,0,0,0,0,0,0,0,0,0,0,0,0,0,0,0,0,0,0,0,0,0,0,0,0,0,0,0,0,0,0,0,0,0,0,0,0,0,0,0,0,0,0,1,0,0,0,0,0,0,0,0,0,0,0,0,0,0,0,0,1
316,176,148,125,101,93,75,72,75,73,56,72,69,56,59,53,35,50,29,32,28,25,23,22,13,14,11,11,7,8,12,4,6,9,5,6,3,6,6,3,2,0,2,9,3,1,5,0,2,1,0,1,3,1,2,0,2,2,1,1,1,1,1,1,3,0,0,0,1,2,1,1,0,0,0,0,1,1,1,0,0,0,0,0,0,1,0,0,0,0,0,0,0,0,0,0,0,0,0,1
70,495,389,235,167,121,90,85,68,41,31,28,33,23,20,24,19,20,19,15,18,16,11,5,17,13,6,10,8,4,5,12,13,9,2,11,8,12,11,6,8,14,10,6,3,7,11,10,6,13,7,9,3,9,8,14,10,7,10,9,13,7,7,2,5,4,4,8,3,1,4,8,3,2,1,2,2,1,3,1,0,0,0,0,0,1,0,0,0,0,1,0,0,0,0,0,0,0,0,1
1,0,0,0,0,0,1,4,4,11,11,6,2,5,4,6,5,4,4,11,7,5,11,3,11,12,8,9,6,5,11,11,13,10,6,5,8,3,11,9,2,6,5,2,4,5,6,3,4,5,4,5,3,6,5,5,3,2,8,2,1,11,4,2,2,4,3,2,2,1,1,4,0,2,2,1,3,3,0,2,2,2,3,1,1,3,1,1,4,0,2,1,0,2,1,3,1,0,0,4
5,2,10,12,6,3,3,3,6,4,6,3,5,10,7,4,8,7,5,11,12,5,8,7,3,14,9,12,10,5,6,5,5,6,9,7,3,5,5,1,5,4,6,2,5,5,2,4,5,4,6,3,5,2,2,8,2,1,9,5,3,2,2,3,2,2,2,1,3,2,0,2,2,1,2,2,2,0,3,1,3,2,1,2,2,1,1,4,0,2,1,0,2,1,2,2,0,0,0,4
1,0,0,0,0,0,0,0,0,0,0,0,0,0,0,0,0,0,0,0,0,0,0,0,0,0,0,0,0,0,0,0,0,0,0,0,0,0,0,0,0,0,0,0,0,0,0,0,0,0,0,0,0,0,0,0,0,0,0,0,0,0,0,0,0,0,0,0,0,0,0,0,0,0,0,0,0,0,0,0,0,0,0,0,0,0,0,0,0,0,0,0,0,0,0,0,0,0,0,1
5,5,0,1,3,0,4,6,10,9,6,5,9,2,5,5,1,0,7,4,3,4,3,3,5,5,5,4,4,3,2,2,4,3,5,6,1,1,1,2,3,1,4,4,2,4,1,0,2,2,0,1,0,0,0,4,1,6,1,1,1,2,0,0,1,0,1,0,1,2,0,3,3,0,2,1,2,2,1,1,0,1,2,0,2,1,2,1,1,1,1,2,0,3,2,0,0,0,1,2
3,2,0,1,0,0,0,0,2,0,0,0,0,0,0,0,1,1,1,0,0,0,0,0,0,0,0,0,0,0,0,1,0,1,1,0,2,0,1,0,0,2,0,2,0,1,0,0,0,0,0,1,0,2,0,0,1,0,0,0,1,0,0,0,2,0,1,0,0,0,0,0,1,0,0,0,1,0,0,0,1,0,1,0,0,0,1,1,0,0,1,1,0,1,0,1,0,0,0,1
1890,674,253,134,73,47,44,37,29,20,19,18,15,8,5,7,5,5,4,2,8,3,0,1,2,1,4,2,2,2,3,2,3,2,1,3,5,5,5,9,6,11,18,20,30,34,50,58,66,57,44,59,69,67,57,72,56,51,48,43,38,34,22,20,23,13,18,10,9,7,7,5,6,3,4,4,3,1,1,0,6,2,0,1,0,0,0,0,0,0,0,0,2,0,0,0,0,1,0,1
4,4,3,1,1,4,14,26,43,38,44,39,39,35,36,25,15,18,23,23,11,19,15,15,17,12,6,7,5,5,6,8,5,5,4,3,4,2,2,3,1,2,1,2,2,1,0,2,2,0,0,1,0,0,1,2,0,0,1,0,0,1,1,0,0,0,0,2,0,0,0,0,0,0,0,0,0,0,0,0,0,1,0,0,0,1,0,0,1,0,0,0,0,0,0,0,0,0,1,1
1,0,0,0,0,0,0,0,0,0,0,0,0,0,0,0,0,0,0,0,0,0,0,0,0,0,0,0,0,0,0,0,0,0,0,0,0,0,0,0,0,0,0,0,0,0,0,0,0,0,0,0,0,0,0,0,0,0,0,0,0,0,0,0,0,0,0,0,0,0,0,0,0,0,0,0,0,0,0,0,0,0,0,0,0,0,0,0,0,0,0,0,0,0,0,0,0,0,0,1
1,1,0,0,0,0,0,0,0,0,0,0,0,0,0,0,0,0,0,0,0,0,0,0,0,0,0,0,0,0,0,0,0,0,0,0,0,0,0,0,0,0,0,0,0,0,0,0,0,0,0,0,0,0,0,0,0,0,0,0,0,0,0,0,0,0,0,0,0,0,0,0,0,0,0,0,0,0,0,0,0,0,0,0,0,0,0,0,0,0,0,0,0,0,0,0,0,0,0,1
79,26,37,28,17,18,14,23,14,22,11,17,14,15,4,6,10,9,8,11,7,10,10,10,8,8,6,8,6,4,6,6,10,8,3,4,3,3,4,7,4,3,2,2,3,7,1,2,2,1,4,4,3,3,3,2,4,3,2,2,3,2,3,1,1,1,0,1,0,0,0,0,1,2,1,3,1,2,0,0,1,0,1,1,1,2,1,0,0,0,0,0,0,1,1,0,0,1,0,2
1,2,2,1,1,1,3,3,3,3,5,6,0,0,3,2,2,3,3,2,6,2,1,2,5,3,4,3,0,2,4,2,0,5,5,1,2,2,3,2,0,3,0,0,1,1,0,1,3,1,1,1,2,3,2,3,2,2,3,4,4,3,2,5,2,1,1,3,1,0,1,2,0,1,3,3,0,0,1,3,0,3,1,2,1,2,2,1,3,2,4,0,2,0,2,2,0,1,0,2
1,0,0,1,0,0,0,0,0,0,0,0,0,0,0,0,0,0,0,0,0,0,0,0,1,0,0,0,0,0,0,1,0,0,0,0,0,0,0,0,0,0,0,0,0,0,0,0,0,0,0,0,0,0,0,0,0,1,0,0,0,0,0,0,0,0,0,0,0,0,0,0,0,0,0,0,1,0,0,0,0,0,0,0,0,0,0,0,0,0,0,0,0,0,0,0,0,0,0,1
34,1,1,2,0,2,1,2,0,1,2,1,2,0,3,1,6,1,1,0,2,2,0,0,1,3,0,3,2,2,2,1,0,0,0,1,2,2,2,1,0,1,4,0,0,1,0,0,1,3,0,1,0,0,0,2,1,1,1,1,1,3,0,1,1,0,1,0,0,0,0,1,0,0,1,2,1,0,0,0,1,1,1,0,2,0,2,0,3,0,1,0,0,0,0,0,1,1,0,1
59,606,81,35,13,10,6,6,3,6,5,4,2,2,1,1,3,2,2,0,1,2,0,3,3,4,1,7,6,8,10,10,13,22,26,20,30,34,30,50,34,52,42,29,40,34,35,30,23,25,36,19,24,16,15,12,10,10,9,12,9,10,4,6,8,0,2,1,0,3,3,0,1,0,1,2,2,2,0,0,0,0,0,1,0,0,0,0,0,0,1,0,1,1,0,1,0,0,0,1
406,22,10,12,9,5,5,5,9,7,12,4,9,5,6,11,4,2,5,12,10,9,13,13,12,11,14,19,21,25,25,35,28,19,24,15,24,26,21,23,24,17,12,17,17,13,13,7,13,14,10,12,4,14,9,7,6,6,4,8,4,0,1,2,1,0,3,2,0,3,0,1,3,3,2,3,0,0,0,0,1,0,1,1,1,0,0,0,0,0,0,0,0,0,0,0,1,0,0,1
45,20,23,20,10,12,6,7,9,5,2,6,4,2,4,4,3,4,2,4,3,4,7,2,3,2,1,3,5,3,3,1,2,3,2,3,1,2,1,3,1,2,1,2,0,0,4,2,3,3,3,1,3,0,1,2,0,1,3,2,1,2,3,0,1,0,1,1,0,1,0,0,1,0,0,1,2,1,1,1,0,0,0,0,1,0,1,0,2,1,1,1,1,0,0,0,0,0,0,2
140,13,1,1,1,0,0,0,0,0,0,0,0,0,0,0,0,0,0,0,0,0,0,0,0,0,0,0,1,0,0,0,1,0,1,0,0,0,0,0,0,0,1,0,0,2,0,1,0,0,0,0,1,1,1,0,0,1,0,1,0,0,2,1,0,1,1,0,0,0,0,0,0,0,0,0,0,0,1,0,0,0,1,0,1,0,0,0,0,1,0,1,1,0,0,0,0,0,0,1
19,12,13,13,25,26,40,56,74,64,61,78,70,57,55,45,46,24,32,36,36,30,15,14,14,11,10,13,14,5,7,9,8,6,3,5,7,5,3,4,1,6,5,6,1,3,5,0,0,1,1,1,1,1,3,1,2,0,0,3,0,0,0,1,1,1,1,2,1,0,0,1,0,1,1,1,0,1,0,0,1,0,0,0,1,0,0,0,0,0,0,1,0,1,0,0,0,0,0,1
29,4,2,4,6,3,3,8,7,13,17,9,20,12,15,19,13,17,10,9,12,10,17,6,13,15,7,11,12,11,17,11,7,11,6,7,11,5,7,3,7,7,5,8,6,8,1,2,2,1,3,2,3,2,5,2,5,4,2,2,3,5,1,2,1,1,0,3,1,1,1,0,2,2,0,1,1,1,0,0,2,2,1,2,2,1,1,0,1,0,1,0,1,3,1,1,1,0,0,2
36,24,9,3,0,2,3,3,0,3,3,2,3,4,1,2,1,3,1,3,0,1,0,0,1,1,0,0,0,0,0,0,0,1,0,0,0,1,1,0,0,0,1,0,0,0,2,1,1,1,1,0,0,0,1,0,0,0,0,0,0,0,0,0,0,0,0,0,0,1,0,0,0,0,1,0,0,0,0,0,0,0,0,0,1,0,0,1,0,1,0,0,0,0,0,0,0,0,0,1
62,39,30,52,34,54,36,26,20,20,11,13,12,13,9,11,18,14,11,5,11,9,4,8,10,4,6,11,5,3,9,5,3,3,4,3,7,3,5,5,1,7,5,6,6,4,3,6,2,4,4,3,2,3,1,2,3,0,4,4,2,4,2,3,3,2,0,2,0,1,1,3,1,0,0,0,5,1,1,2,1,1,2,0,3,1,3,0,1,1,4,1,2,1,0,0,0,3,0,2
743,66,41,43,30,37,25,20,26,28,13,17,25,19,20,9,11,10,7,8,10,9,7,9,9,9,6,6,5,7,5,4,6,4,3,5,9,7,8,4,8,2,3,7,5,5,5,3,4,1,5,3,1,4,2,5,0,0,1,1,1,3,5,4,3,2,5,2,1,4,4,1,5,4,3,1,2,0,4,2,1,3,2,3,0,0,2,1,0,1,2,2,2,0,1,2,0,1,2,1
1,1,0,0,0,0,0,0,0,0,0,0,0,0,0,0,0,0,0,0,0,0,0,0,0,0,0,0,0,0,0,0,0,0,0,0,0,0,0,0,0,0,0,0,0,0,0,0,0,0,0,0,0,0,0,0,0,0,0,0,0,0,0,0,0,0,0,0,0,0,0,0,0,1,0,0,0,0,0,0,0,0,0,0,0,0,0,0,0,0,0,0,0,0,0,0,0,0,0,1
58,71,31,16,22,14,8,7,4,5,1,1,1,0,1,1,0,1,4,4,1,0,3,1,2,2,1,2,0,0,1,2,3,4,2,2,0,1,1,0,0,1,2,3,1,2,3,1,6,1,1,3,0,1,2,0,0,0,2,2,0,3,1,4,0,2,0,3,1,0,0,2,0,1,1,0,1,1,1,0,0,2,1,1,2,0,1,1,0,0,2,1,2,4,1,0,0,1,0,4
42,18,7,2,0,2,5,1,0,4,3,2,3,4,1,1,2,1,1,3,0,1,0,1,0,1,0,0,0,0,0,0,1,0,0,0,0,1,1,0,0,0,1,0,0,1,2,1,0,1,1,0,0,0,1,0,0,0,0,0,0,0,0,0,0,0,0,0,0,1,0,0,0,0,1,0,0,0,0,0,0,0,0,0,1,0,0,0,0,1,0,0,0,0,0,0,0,0,0,1
36,18,10,6,6,4,2,8,10,8,10,5,5,8,10,13,16,11,9,9,7,3,6,7,2,8,3,6,5,4,3,3,3,7,1,3,4,3,1,2,4,4,4,2,0,1,3,0,1,1,0,1,4,1,1,1,0,3,2,1,2,1,2,0,3,1,0,1,1,0,4,2,2,3,2,1,1,2,2,0,1,0,0,0,0,1,1,0,0,2,0,0,1,0,3,1,0,0,0,3
1,1,1,0,0,1,0,0,0,0,0,0,0,0,0,0,0,0,0,1,0,2,2,1,2,1,2,8,2,4,4,0,6,7,6,10,11,24,21,22,20,18,23,21,30,26,22,26,16,10,15,9,2,7,7,4,6,7,2,1,2,1,0,1,0,1,0,0,0,0,0,0,0,1,0,4,1,3,0,0,0,1,0,0,0,0,2,1,0,3,0,1,0,0,1,0,1,1,0,1
1,3,1,0,0,1,1,1,0,0,1,2,0,0,0,1,0,0,0,1,0,0,1,0,1,0,0,0,0,0,0,0,0,0,1,0,0,0,0,1,0,0,0,0,0,1,0,0,0,1,0,1,0,0,0,0,0,0,0,0,1,0,0,0,0,0,0,0,1,0,1,0,0,0,0,0,1,1,0,0,0,0,0,0,1,0,0,0,0,0,0,0,1,0,0,0,0,1,0,2
74,69,82,58,48,52,47,65,55,60,53,49,52,51,43,36,50,42,43,51,44,45,40,58,53,46,60,55,57,58,43,37,45,36,36,32,36,30,34,26,29,15,11,16,15,11,5,7,7,5,10,9,4,5,6,6,4,0,2,0,2,4,1,4,2,1,2,2,1,2,1,0,1,1,1,2,1,0,1,1,1,0,1,0,0,0,0,0,1,1,0,0,0,0,0,0,0,1,0,1
106,50,28,19,12,7,3,3,7,6,3,4,0,4,5,8,3,2,1,4,4,1,2,10,3,3,7,7,4,4,6,7,14,9,12,13,16,19,11,18,14,9,13,16,12,9,17,8,11,8,13,5,12,4,4,7,1,5,1,3,1,2,3,1,5,2,0,4,2,0,2,1,1,1,0,2,0,0,3,0,1,1,1,2,1,0,1,2,2,0,0,0,0,1,0,0,0,0,2,1
9,6,7,20,25,35,45,69,68,59,65,79,50,57,47,51,24,34,32,36,34,20,16,11,14,8,14,13,6,6,9,6,9,3,6,4,8,3,3,3,6,3,3,6,3,3,3,1,0,1,2,0,1,2,2,1,2,0,0,2,0,1,0,1,1,1,1,2,1,0,0,1,0,1,2,0,0,1,0,0,1,0,0,0,0,0,0,1,0,0,0,1,0,2,0,0,0,0,0,1
2,0,0,0,0,0,0,0,0,0,0,1,0,0,0,0,0,0,0,1,1,2,1,0,2,1,0,0,1,0,1,1,1,0,1,0,1,2,0,2,0,2,0,1,1,0,2,1,1,1,2,0,2,0,0,0,0,1,2,0,0,0,1,1,0,2,0,0,0,1,0,1,0,0,1,1,1,0,0,0,1,1,0,3,1,0,0,1,0,1,0,0,1,0,0,1,2,0,0,1
314,373,190,157,96,83,64,50,57,50,41,36,40,36,27,32,36,36,27,41,23,41,46,26,25,26,28,31,7,14,13,17,12,9,11,9,4,11,7,6,6,2,2,2,2,3,2,5,1,3,3,1,2,0,1,1,2,0,0,1,1,2,1,0,0,0,1,1,0,0,0,1,0,0,0,0,0,0,1,0,0,0,0,0,0,2,1,0,0,0,0,0,0,0,0,0,0,0,0,1
60,495,294,148,81,43,37,22,29,23,22,16,4,11,8,6,5,7,5,9,6,1,2,2,3,3,3,3,7,1,4,4,4,5,4,2,1,6,5,4,6,8,14,16,21,32,35,52,50,51,53,70,66,75,79,68,59,62,58,48,48,44,21,34,35,25,27,12,13,14,15,15,7,2,6,3,4,2,4,1,0,0,2,0,2,1,0,0,1,0,0,0,1,0,0,0,0,0,0,1
8,12,9,5,3,4,6,4,10,5,2,16,7,10,8,8,1,6,4,12,14,16,8,12,12,10,15,8,10,6,9,9,4,13,9,11,9,11,8,15,3,11,8,5,6,6,3,5,5,2,5,10,4,0,4,5,5,1,2,2,0,3,4,3,5,6,4,4,2,2,1,0,5,3,1,2,2,3,0,1,1,2,3,2,1,1,1,1,1,0,0,3,1,1,0,1,3,1,0,2
40,15,5,4,16,16,23,18,24,16,25,11,16,11,11,5,11,6,1,1,3,3,3,6,2,4,2,1,0,0,0,0,1,1,1,0,0,0,0,0,2,3,1,1,0,1,0,0,0,0,0,0,0,0,0,0,0,0,0,0,0,0,1,0,0,0,0,0,2,0,0,0,2,1,1,0,2,2,0,0,5,1,3,1,0,0,0,1,0,0,1,0,0,3,0,2,0,2,1,2
6,3,5,7,6,12,16,7,18,12,19,14,13,8,17,17,15,14,14,10,11,14,6,10,15,9,3,9,11,11,7,6,3,5,2,8,3,3,5,3,2,4,2,1,1,6,1,0,0,4,2,2,0,3,3,1,0,1,1,1,1,2,0,1,0,3,0,0,1,1,1,1,1,0,0,0,0,0,1,0,0,1,1,1,0,0,0,0,0,1,0,0,1,2,0,0,1,2,0,1
438,103,53,38,15,4,10,2,0,0,1,0,1,0,1,0,0,0,0,0,0,0,0,0,0,0,0,1,0,0,0,0,0,0,0,0,0,0,0,0,0,0,0,0,0,0,0,0,0,0,0,0,0,0,0,0,0,0,0,0,0,0,0,0,0,0,0,0,0,0,0,0,0,0,0,0,0,0,0,0,0,0,0,0,0,0,0,0,1,0,0,0,0,0,1,1,0,0,0,2
18,11,31,36,31,19,16,15,9,4,12,11,12,8,8,10,8,16,18,24,33,51,73,113,112,197,228,288,318,284,323,298,242,240,170,155,129,83,67,46,33,22,17,18,14,9,4,9,7,5,13,5,12,8,23,14,13,13,18,21,26,23,19,26,22,18,16,12,7,5,4,3,2,3,2,1,1,1,0,0,0,0,1,0,0,3,0,0,0,1,0,2,0,1,0,2,0,0,0,1
1369,1317,376,191,105,61,43,34,25,18,9,12,7,11,11,6,5,3,8,7,3,1,6,7,1,2,4,4,3,1,3,1,1,6,5,7,9,11,10,17,10,17,17,17,15,21,15,17,11,15,14,12,15,10,13,7,12,8,4,5,2,6,4,2,3,5,3,1,2,0,1,2,1,1,0,0,0,0,1,0,0,0,0,1,0,0,1,0,0,0,0,0,0,0,0,0,0,0,0,1
2,1,3,2,1,0,0,1,4,3,1,1,0,3,0,0,1,1,0,1,1,0,0,0,0,1,0,0,1,1,0,0,0,0,0,0,0,1,0,0,0,0,0,0,0,0,0,0,0,0,0,0,0,0,0,0,0,0,0,0,0,0,0,1,0,0,0,0,0,0,0,0,0,0,0,0,0,0,0,0,0,0,0,0,0,0,0,0,0,0,0,0,0,0,0,0,0,0,0,1
37,32,38,50,62,67,66,78,53,48,48,35,46,27,33,15,11,21,18,11,4,8,12,5,5,9,6,7,5,3,2,3,4,6,3,6,5,6,3,3,4,6,3,4,3,1,4,0,2,1,1,1,2,3,0,2,1,1,3,2,0,1,2,3,3,0,2,2,3,0,2,2,0,0,1,0,2,0,0,2,2,1,2,1,1,0,2,2,1,1,1,2,0,1,0,0,0,0,0,1
32,9,19,19,28,15,14,12,8,2,4,4,3,3,2,3,3,1,2,2,1,0,1,1,0,1,0,3,0,2,1,2,1,1,3,1,1,1,0,1,0,0,1,2,2,0,0,2,2,1,1,0,0,1,1,3,0,1,0,0,2,0,0,0,1,1,0,1,1,0,0,1,2,1,2,0,0,0,2,0,0,0,0,1,0,1,1,1,0,0,0,1,1,0,1,0,0,0,0,1
368,249,197,146,145,116,122,96,94,86,55,63,49,40,47,40,31,25,26,22,21,21,17,24,18,11,4,16,5,7,12,4,6,5,5,5,4,1,6,3,5,2,1,3,2,0,1,1,3,2,2,1,2,0,1,2,0,2,2,2,1,3,0,1,0,1,1,3,1,0,0,0,0,4,1,0,0,0,0,0,2,0,0,0,0,0,2,0,1,0,0,0,0,0,0,3,1,0,0,1
592,268,141,107,73,60,43,37,31,27,28,28,16,14,22,15,20,15,29,29,17,18,29,36,30,34,15,34,33,18,28,28,22,22,12,19,11,7,5,7,3,3,8,6,3,5,3,3,7,0,2,3,3,1,0,0,0,1,3,2,2,1,0,2,0,0,0,0,0,0,0,0,0,1,0,0,1,0,0,0,0,0,0,0,0,0,0,1,0,0,0,0,0,0,0,0,0,0,0,1
40,15,5,4,16,16,23,18,24,16,25,11,16,11,11,5,11,6,1,1,3,3,3,6,2,4,2,1,0,0,0,0,1,1,1,0,0,0,0,0,2,3,1,1,0,1,0,0,0,0,0,0,0,0,0,0,0,0,0,0,0,0,1,0,0,0,0,0,2,0,0,0,2,1,1,0,2,2,0,0,5,1,3,1,0,0,0,1,0,0,1,0,0,3,0,2,0,2,1,2
1263,529,113,76,60,23,10,3,2,0,1,1,0,0,0,0,0,0,0,0,0,0,0,0,0,0,0,0,0,0,0,0,0,0,0,0,1,0,0,0,0,0,0,0,0,0,0,0,0,1,0,0,0,0,0,1,1,0,1,0,1,2,0,0,2,0,0,0,0,2,1,0,0,1,2,1,1,0,2,3,4,1,4,1,0,3,2,3,0,0,4,1,5,2,4,3,1,0,4,3
601,510,288,113,36,29,8,7,3,0,1,2,2,0,0,0,1,0,0,0,3,0,0,1,0,0,2,2,3,5,3,2,7,7,7,10,12,14,12,18,8,20,11,11,12,10,12,20,12,7,11,14,9,3,9,12,3,10,5,4,5,6,4,3,2,3,4,2,0,1,1,1,1,1,1,1,2,1,2,0,1,1,0,0,1,2,0,0,1,0,1,0,0,0,0,0,0,0,0,1
3,2,0,0,0,0,0,0,0,2,0,0,1,1,0,1,0,0,0,0,0,1,0,1,0,0,0,0,0,0,1,0,0,0,0,0,0,0,1,0,1,0,0,1,0,1,0,1,0,0,0,0,0,0,0,1,0,0,0,1,0,0,0,1,1,1,0,0,0,1,0,0,0,0,0,0,0,0,1,1,0,0,0,2,0,0,0,1,0,0,0,2,0,0,1,0,0,0,0,1
105,34,14,16,13,14,13,11,6,6,5,3,2,4,5,2,1,1,3,1,3,0,1,1,0,1,0,0,0,1,0,0,0,1,4,1,1,2,0,1,1,4,0,0,0,0,2,0,0,0,0,1,0,2,0,1,1,0,0,0,2,1,0,1,0,0,0,0,0,0,0,1,0,0,0,0,0,1,0,0,0,0,0,0,0,1,1,2,0,0,0,0,0,2,1,0,1,0,0,1
27,10,3,5,5,3,3,3,1,1,2,0,1,0,0,0,0,1,0,2,0,0,0,2,0,0,0,0,0,0,0,0,0,1,0,0,1,1,0,0,0,0,0,0,1,0,0,0,0,0,0,1,1,1,0,1,1,0,0,1,0,1,1,0,0,1,0,0,0,0,0,1,1,0,0,0,0,0,0,0,0,0,0,0,0,0,0,0,1,0,0,0,1,0,1,0,1,0,0,1
340,387,103,29,13,20,13,11,14,11,8,6,1,1,2,1,0,0,0,1,1,0,0,0,1,1,0,2,0,4,6,6,9,10,12,10,7,16,19,28,28,21,26,20,34,22,31,28,28,24,20,16,33,15,26,16,16,20,13,18,19,15,11,13,9,5,5,6,6,7,0,4,3,2,3,4,1,1,1,1,0,2,0,0,0,4,0,1,1,0,1,0,0,0,1,0,0,1,0,1
37,26,22,12,11,5,5,4,4,5,3,4,1,1,0,1,2,0,1,0,0,2,0,4,1,0,0,0,1,0,1,0,0,0,1,1,0,0,0,0,0,0,1,0,0,0,0,0,1,1,0,1,0,0,0,0,1,0,0,0,1,1,2,0,0,1,0,0,1,0,0,0,0,0,0,0,0,1,0,0,1,0,0,0,0,0,0,1,0,0,0,0,0,0,0,0,0,0,0,1
1588,515,113,27,1,0,0,0,0,0,0,0,0,0,0,0,0,0,0,0,0,0,0,0,0,0,0,0,0,1,1,0,0,0,0,1,0,1,1,0,3,3,0,3,3,6,4,4,3,4,6,3,4,2,4,8,4,5,4,2,6,5,4,4,4,3,6,2,5,5,7,3,5,6,5,5,4,0,4,8,0,8,0,1,3,2,3,1,4,1,3,1,1,0,1,2,2,1,0,2
0,0,0,0,0,0,0,0,0,0,0,0,0,0,0,0,0,0,0,0,0,0,0,0,0,0,0,0,0,0,0,0,0,0,0,0,0,0,0,0,0,0,0,0,0,0,0,0,0,0,0,0,0,0,0,0,0,0,0,0,0,0,0,0,0,0,0,0,0,0,0,0,0,0,0,0,0,0,0,0,0,0,0,0,0,0,0,0,0,0,0,0,0,0,0,0,0,0,0,0
35,17,7,4,5,0,1,2,3,3,3,1,1,3,4,3,4,2,2,2,2,1,2,3,6,4,5,2,5,3,3,3,4,1,6,4,5,4,7,4,1,4,5,7,1,3,3,4,4,1,2,4,1,6,3,5,3,2,1,2,6,5,0,2,4,1,2,3,0,4,0,3,2,1,1,2,0,3,1,3,2,0,2,1,1,1,4,2,1,1,0,2,2,1,2,1,2,0,3,2
63,24,16,20,14,11,9,12,15,11,11,17,5,6,5,8,7,9,9,8,6,4,6,4,5,8,2,1,3,5,2,3,5,9,2,5,1,3,3,2,3,3,6,1,3,2,7,0,0,4,2,2,1,3,4,4,1,2,2,3,2,2,4,2,2,2,4,0,1,2,0,0,1,1,0,1,0,2,2,1,1,0,0,0,0,0,2,0,2,1,0,0,0,1,4,0,0,1,1,1
224,23,34,33,22,18,24,21,29,19,15,18,17,10,12,10,10,13,7,12,11,8,14,5,11,6,7,4,4,8,5,9,7,5,3,2,3,4,4,7,3,3,2,3,4,2,1,2,6,5,3,3,5,3,3,2,4,0,2,1,2,2,1,1,0,1,0,0,0,1,0,0,2,1,2,1,0,1,1,0,0,0,0,3,1,1,1,0,0,0,0,1,0,0,1,0,0,2,0,1
2,1,0,1,0,1,0,1,1,0,0,0,0,0,1,1,0,1,1,1,0,0,0,0,0,0,0,1,0,0,1,0,0,2,1,1,0,1,1,1,0,1,0,0,0,1,1,0,0,0,2,0,0,2,0,0,1,1,0,1,1,0,0,0,0,0,0,0,0,0,0,0,0,0,0,1,0,0,0,1,0,0,0,1,0,1,0,0,0,0,0,0,1,0,1,0,0,1,0,1
196,295,298,231,156,140,104,87,74,52,48,57,28,26,29,22,25,22,22,20,16,20,22,18,16,14,18,11,17,8,6,15,12,11,13,14,16,18,15,13,13,12,12,14,6,13,7,10,14,10,9,6,9,6,9,4,9,4,8,10,6,7,11,4,6,3,5,4,4,2,7,6,5,5,3,3,2,2,1,3,4,3,1,2,0,1,1,0,2,1,0,0,1,1,0,0,0,2,0,1
229,319,190,81,39,36,26,27,19,13,12,15,7,7,7,12,8,7,10,6,12,5,8,5,1,4,6,3,1,8,4,1,6,5,3,5,2,2,4,6,2,2,5,4,3,2,3,0,3,4,1,3,1,3,2,3,3,0,3,1,5,0,5,2,1,9,2,2,2,1,2,2,1,2,5,2,3,3,2,2,4,5,4,3,0,1,1,4,1,1,2,5,1,0,0,1,2,2,0,3
3,0,0,0,0,0,0,0,0,0,0,0,0,0,0,0,1,0,0,0,0,0,1,0,0,0,0,0,0,0,0,0,0,0,0,0,0,0,0,0,0,0,0,0,0,0,0,0,0,0,0,0,0,0,0,0,0,0,0,0,0,0,0,0,0,1,0,0,0,0,0,0,0,0,0,0,0,0,0,0,0,0,0,0,0,0,0,0,0,0,0,0,0,0,0,0,0,0,0,1
9,2,0,2,0,0,2,0,1,0,2,0,0,3,0,2,0,1,2,2,4,2,2,0,0,0,1,0,1,1,2,0,0,0,2,0,1,1,0,1,0,0,4,0,1,1,0,1,2,0,1,5,1,0,1,0,0,1,0,0,1,0,1,1,1,1,0,1,1,1,0,1,1,0,0,2,0,3,1,0,2,3,1,1,0,0,0,0,0,1,0,0,1,0,0,0,0,0,1,1
56,62,27,11,17,12,6,7,5,7,1,2,1,1,2,0,0,2,4,2,1,2,1,1,3,2,2,2,0,1,1,0,1,1,3,2,2,1,1,1,0,1,2,1,3,2,0,2,2,1,3,2,2,1,1,1,1,1,4,0,3,3,4,1,0,1,3,1,0,0,2,1,1,1,0,1,2,1,1,0,1,1,3,1,0,0,1,0,2,1,3,1,2,1,0,1,0,1,3,1
1,2,0,2,2,2,4,3,3,0,1,1,4,3,2,2,1,2,2,2,2,2,1,1,1,0,0,1,1,3,2,1,0,2,1,1,2,1,0,0,1,1,1,1,1,1,2,0,1,2,0,1,1,0,0,0,2,2,1,0,2,0,1,2,1,0,1,1,1,0,0,1,1,2,0,0,1,1,1,0,1,0,1,0,0,0,0,0,0,0,1,2,0,1,1,1,2,0,1,1
14,22,15,5,7,6,10,9,8,15,9,12,15,11,19,15,14,14,17,10,14,20,9,11,13,7,10,15,12,7,8,9,6,15,5,7,5,8,3,4,9,8,7,7,6,6,5,12,2,6,4,5,6,4,6,4,3,7,4,1,1,1,1,5,0,3,2,1,1,2,3,2,2,3,6,2,6,0,1,0,2,2,1,4,0,1,0,0,0,3,3,0,0,2,1,1,1,1,0,3
83,12,9,4,4,9,8,5,10,11,4,4,7,5,4,7,5,3,4,7,3,2,6,3,6,5,5,1,4,4,2,1,2,6,1,1,2,4,3,2,3,1,2,4,3,1,1,1,2,4,1,1,2,2,1,3,2,3,1,2,1,1,0,0,2,2,0,1,1,0,2,0,0,1,0,0,0,3,0,0,0,0,0,1,1,0,2,2,1,1,0,0,0,0,0,1,0,0,1,3
2,0,0,0,0,0,0,0,0,0,0,0,1,0,0,4,3,8,8,9,10,13,12,7,7,8,6,6,8,6,6,3,2,2,0,4,0,5,2,1,5,4,4,0,7,10,2,5,4,2,5,3,5,2,0,4,2,4,1,1,1,2,3,2,3,4,4,2,5,3,2,1,2,0,2,3,2,3,2,2,2,2,1,1,1,1,2,2,2,1,2,3,2,0,0,2,0,2,1,1
17,25,26,35,39,43,26,23,22,9,10,10,6,5,4,4,2,2,2,2,0,3,1,1,1,1,1,1,1,0,0,0,0,0,0,0,0,1,0,0,0,0,0,1,1,0,0,0,0,0,0,0,0,0,0,0,0,0,0,0,0,1,0,1,0,0,0,0,1,0,1,0,0,0,0,0,0,0,0,0,0,0,0,0,0,0,0,0,0,0,0,1,1,0,0,0,0,0,0,2
13,9,3,9,12,6,6,7,7,1,6,6,3,2,8,4,6,1,2,4,1,8,3,1,6,5,2,1,3,6,5,4,2,2,5,5,2,2,2,4,5,2,2,3,2,4,4,1,2,1,3,1,4,3,4,4,5,3,7,2,2,3,1,1,2,2,1,1,0,1,0,2,0,3,1,4,2,0,3,3,1,3,3,2,2,0,1,1,2,3,3,0,2,1,0,1,1,1,2,3
824,71,16,8,1,2,3,4,0,0,2,1,3,0,0,0,0,1,1,1,1,1,2,1,2,0,0,0,0,1,0,3,0,0,0,2,1,0,0,1,0,0,0,0,0,0,0,0,0,0,0,1,1,0,1,1,0,0,0,0,0,0,0,0,0,0,0,0,0,0,0,0,1,1,0,0,0,0,0,0,0,0,0,0,0,0,0,1,0,0,0,0,0,0,0,0,0,0,0,1
70,51,29,19,9,6,9,3,2,1,4,1,3,1,0,0,1,0,0,1,1,1,0,0,0,1,0,0,0,2,0,0,1,0,0,0,0,0,0,0,0,0,0,0,0,0,0,0,0,0,0,0,0,0,0,0,0,0,0,0,0,0,0,0,0,0,0,0,0,0,0,0,0,0,0,0,0,0,0,0,0,0,0,0,0,0,0,0,0,0,0,0,0,0,0,0,0,0,0,1
13,12,1,8,2,7,3,3,4,4,3,3,2,3,0,1,1,2,2,0,0,0,0,0,0,0,2,0,0,1,0,1,1,0,1,1,2,1,0,0,0,1,0,0,0,0,0,0,0,0,0,0,0,0,1,0,0,0,0,0,0,0,0,0,0,0,0,1,1,0,0,0,0,0,0,0,0,1,0,0,0,0,0,0,0,0,0,1,0,0,0,0,0,0,0,0,0,0,0,1
325,82,36,15,8,2,1,2,2,2,1,2,0,0,1,1,0,0,1,0,0,0,0,0,0,0,0,0,0,0,0,0,1,1,0,0,0,0,1,0,0,0,0,0,0,0,0,0,0,0,0,0,0,0,0,0,0,0,0,0,0,0,0,0,0,0,0,0,0,0,0,0,0,0,0,0,0,0,0,0,0,0,0,0,0,0,0,0,0,0,0,0,0,0,0,0,0,0,0,1
642,105,23,11,3,3,2,1,3,1,0,0,1,1,0,0,0,0,1,0,1,0,0,0,1,1,0,0,0,0,0,0,1,0,0,0,0,0,0,0,0,0,0,0,0,0,0,0,0,0,0,0,0,0,0,0,0,0,0,0,0,0,0,0,0,0,0,0,0,0,0,0,0,0,0,0,0,0,0,0,0,0,0,0,0,0,0,0,0,0,0,0,0,0,0,0,0,0,0,1
252,73,38,16,5,2,5,4,1,0,1,1,1,0,1,1,1,0,1,0,0,0,0,0,0,0,1,0,0,0,1,1,0,0,0,0,0,0,0,0,0,0,0,0,0,0,0,0,0,0,0,0,0,0,0,0,0,0,0,0,0,0,0,0,0,0,0,0,0,0,0,0,0,0,0,0,0,0,0,0,0,0,0,0,0,0,0,0,0,0,0,0,0,0,0,0,0,0,0,1
379,141,67,31,23,8,8,4,4,5,2,1,4,0,0,0,1,1,1,0,1,0,0,0,0,1,0,0,0,0,0,0,0,0,0,0,0,0,0,0,0,0,1,0,0,2,0,0,0,0,0,0,0,0,0,0,0,0,0,0,0,0,0,0,0,0,0,0,0,0,0,0,0,0,0,0,0,0,0,0,0,0,0,0,0,0,0,0,0,0,0,0,0,0,0,0,0,0,0,1
197,152,92,51,31,22,15,7,4,6,1,3,2,1,2,0,1,0,3,1,0,0,1,1,1,0,0,0,0,0,0,0,0,0,0,0,1,1,0,1,0,1,0,0,0,0,0,0,0,0,0,0,0,0,0,0,0,0,0,0,0,0,0,0,0,0,0,0,0,0,1,0,0,0,0,0,0,0,0,0,0,0,0,0,0,0,0,0,0,0,0,0,0,0,0,0,0,0,0,1
770,158,45,16,12,9,5,4,3,0,0,2,0,1,0,0,1,0,2,0,0,1,1,1,0,1,0,0,0,0,0,0,0,0,0,1,0,0,0,0,1,0,0,0,0,2,0,0,0,0,0,0,0,0,0,0,0,0,0,0,0,0,0,0,0,0,0,0,0,0,0,0,0,0,0,0,0,0,0,0,0,0,0,0,0,0,0,0,0,0,0,0,0,0,0,0,0,0,0,1
285,125,52,21,8,5,6,2,3,1,1,1,0,3,0,1,0,0,0,1,0,0,1,0,0,0,0,0,0,0,0,0,0,0,0,1,2,0,0,0,0,0,0,0,0,0,0,0,0,0,0,0,0,0,0,0,0,0,0,0,0,0,0,0,0,0,0,0,0,0,0,0,0,0,0,0,0,0,0,0,0,0,0,0,0,0,0,0,0,0,0,0,0,0,0,0,0,0,0,1
548,115,33,10,6,11,1,2,2,2,1,2,1,3,1,0,1,0,0,0,0,0,0,0,0,0,0,0,0,1,0,0,0,0,0,0,0,1,0,0,0,0,0,0,0,0,0,0,0,0,0,0,0,0,0,0,0,0,0,0,1,0,0,0,0,0,0,0,0,0,0,0,0,0,0,0,0,0,0,0,0,0,0,0,0,0,0,0,0,0,0,0,0,0,0,0,0,0,0,1
280,144,73,25,25,12,4,3,2,4,2,1,3,2,0,1,2,0,2,1,1,0,0,0,0,0,1,0,0,1,0,0,0,0,2,0,1,0,0,0,0,0,0,0,0,0,1,0,0,0,0,0,0,0,0,0,0,0,0,0,0,0,0,0,0,0,0,0,0,0,0,0,0,0,0,0,0,0,0,0,0,0,0,0,0,0,0,0,0,0,0,0,0,0,0,0,0,0,0,1
909,89,25,9,5,3,2,1,1,2,1,0,1,0,0,1,1,1,1,0,1,0,0,0,0,0,0,0,0,0,0,0,0,0,0,0,0,0,0,0,0,0,0,0,0,0,0,0,0,0,0,1,0,0,0,0,0,0,0,0,0,0,0,0,0,0,0,0,0,0,0,0,0,0,0,0,0,0,0,0,0,0,0,0,0,0,0,0,0,0,0,0,0,0,0,0,0,0,0,1
743,55,49,19,9,6,8,7,3,2,2,4,2,3,0,1,1,2,2,0,1,0,0,1,0,1,0,0,0,0,0,1,0,1,1,0,0,0,1,0,0,0,0,0,0,0,0,0,0,0,0,0,0,0,0,0,0,0,0,0,0,0,0,0,0,0,0,0,1,0,0,0,0,0,0,0,0,0,0,0,0,0,0,0,0,0,0,0,0,0,0,0,0,0,0,0,0,0,0,1
786,86,42,19,12,12,11,3,3,4,6,1,1,1,0,3,0,2,0,1,1,1,0,0,2,0,0,0,0,1,0,1,0,1,0,0,0,0,0,0,0,0,1,0,0,0,0,0,0,0,0,1,0,0,1,0,0,0,0,0,0,0,0,0,0,0,1,0,0,1,0,0,0,0,0,0,1,0,0,0,0,0,0,0,0,0,1,0,0,0,0,0,0,0,0,0,0,1,0,1
615,136,37,12,19,7,9,5,6,3,2,2,3,0,2,1,0,0,0,0,0,0,1,0,0,0,0,0,2,1,1,0,0,0,1,0,0,0,0,0,0,0,0,0,0,0,0,0,0,0,0,0,0,0,0,0,0,0,1,0,0,0,0,0,0,0,0,0,0,0,0,0,0,0,0,0,0,0,0,0,0,0,0,0,0,0,0,0,0,0,0,0,0,0,0,0,0,0,0,1
1503,62,15,4,5,1,3,1,0,1,0,1,2,0,1,0,0,0,0,0,0,1,0,0,0,0,0,0,0,0,0,0,0,0,0,0,0,0,0,0,0,0,0,0,0,0,0,0,0,0,0,0,0,0,0,0,0,0,0,0,0,0,0,0,0,0,0,0,0,1,0,0,0,0,0,0,0,0,0,0,0,0,0,0,0,0,0,0,0,0,0,0,0,0,0,0,0,0,0,1
1558,64,17,14,5,5,0,2,0,1,1,1,0,1,0,1,0,0,0,1,0,0,0,1,0,0,0,0,0,0,0,0,1,0,0,0,0,0,0,0,0,0,0,0,0,0,0,0,0,0,0,0,0,0,0,0,0,0,0,0,0,0,0,0,0,0,0,0,0,0,0,0,0,0,0,0,0,0,0,0,0,0,0,0,0,0,1,0,0,0,0,0,0,0,0,0,0,0,0,1
425,108,31,14,11,2,2,1,3,3,4,1,2,0,2,0,0,0,0,2,0,0,0,1,0,1,1,1,1,0,0,0,0,0,0,0,2,0,0,0,0,0,0,0,0,0,1,0,0,0,0,0,1,0,0,0,0,0,1,0,0,0,0,0,1,0,0,0,0,0,0,0,0,0,0,0,0,0,1,0,0,0,0,0,0,0,0,0,0,0,0,0,0,0,0,0,0,0,0,1
2267,57,23,8,6,7,3,2,0,2,1,0,1,0,0,0,0,0,1,1,0,0,0,0,0,0,0,0,0,0,0,0,0,0,0,0,0,0,0,0,0,0,0,0,0,0,0,0,0,0,0,0,0,0,0,0,0,0,0,0,0,0,0,0,0,0,0,0,0,1,0,0,0,0,0,0,0,0,0,0,0,0,0,0,0,0,0,0,0,0,0,0,0,0,0,0,0,0,0,1
828,27,10,1,1,2,0,0,0,0,2,1,0,0,0,0,0,0,0,0,0,0,0,0,0,0,0,0,1,0,0,0,0,0,0,0,0,0,0,0,0,0,0,0,0,0,0,0,0,0,0,0,0,0,0,0,0,0,0,1,0,0,0,0,0,0,0,0,0,0,0,0,0,0,0,0,0,0,0,0,0,0,0,0,0,0,0,0,0,0,0,0,0,0,0,0,0,0,0,1
273,88,38,12,14,4,4,3,1,0,0,1,1,0,2,0,0,0,1,0,0,0,1,1,0,0,0,0,0,0,0,0,0,0,0,0,0,0,0,0,0,0,0,0,0,0,0,0,0,1,0,0,0,0,0,0,0,0,0,0,0,0,0,0,0,0,0,0,0,0,0,0,0,0,0,0,0,0,0,0,0,0,0,0,0,0,0,0,0,0,0,0,0,0,0,0,0,0,0,1
582,47,17,11,9,4,6,7,2,2,3,2,2,1,0,0,1,4,2,0,0,0,0,1,0,0,0,1,1,0,0,0,0,0,0,0,0,0,0,0,0,1,0,0,1,0,0,0,0,0,0,0,0,0,0,0,0,0,0,0,0,0,0,0,0,0,0,0,0,0,0,0,0,0,0,0,0,0,0,0,0,0,0,0,0,0,0,0,0,0,0,0,0,0,0,0,0,0,0,1
620,315,123,74,35,21,13,8,2,0,4,3,4,1,0,0,0,1,0,0,0,2,1,0,0,0,0,0,0,0,0,0,0,0,0,0,0,0,0,0,0,0,0,1,0,0,0,0,0,0,0,0,0,0,0,0,0,0,0,0,0,0,0,0,0,1,0,0,0,0,0,0,0,0,0,0,0,0,0,0,0,0,0,0,0,0,0,0,0,0,0,0,0,0,0,0,0,0,0,1
152,52,21,15,13,9,3,2,2,4,1,1,1,0,0,0,1,1,0,1,2,1,1,1,0,2,0,0,0,0,0,0,0,0,1,0,0,0,0,0,0,0,0,0,0,0,0,0,0,0,0,0,0,0,0,0,0,0,0,0,0,0,0,0,0,0,0,0,0,0,0,0,0,0,0,0,0,0,0,0,0,0,0,0,0,0,0,0,0,0,0,0,0,0,0,0,0,0,0,1
303,66,28,20,11,1,3,2,1,0,3,0,3,0,0,0,0,0,0,0,0,1,0,0,0,0,0,1,0,0,0,0,0,0,0,0,0,0,0,0,0,0,0,0,0,0,0,0,0,0,0,0,0,0,0,0,0,0,0,0,0,0,0,0,0,0,0,0,0,0,0,0,0,0,0,0,0,0,0,0,0,0,0,0,0,0,0,0,0,0,0,0,0,0,0,0,0,0,0,1
147,44,7,4,1,2,1,1,1,1,0,0,0,1,0,0,0,0,0,0,0,0,0,0,0,0,0,0,0,0,0,0,0,0,0,0,0,0,0,1,0,0,0,0,0,0,0,0,0,0,0,0,0,0,0,0,0,0,0,0,0,0,0,0,0,0,0,1,0,0,0,0,0,0,0,0,0,0,0,0,0,0,0,0,0,0,0,0,0,0,0,0,0,0,0,0,0,0,0,1
28,8,11,6,2,3,2,2,1,2,3,1,1,1,2,0,1,1,0,0,0,0,0,1,0,0,0,0,0,0,0,0,0,0,0,0,0,0,0,0,0,0,0,0,0,0,0,0,1,0,0,0,0,0,0,0,0,0,0,0,0,0,0,0,0,1,1,0,0,0,0,0,0,0,0,0,0,0,0,0,0,1,0,0,0,0,0,0,0,0,0,0,0,0,0,0,0,0,0,1
161,81,25,20,7,4,4,2,3,1,2,2,2,0,1,2,0,2,0,1,0,1,1,0,1,0,0,0,0,1,0,0,1,0,0,0,0,0,0,0,0,0,0,0,0,0,0,0,0,0,0,0,0,0,0,0,0,0,0,0,0,1,0,0,0,0,0,0,0,0,0,0,0,0,0,0,0,0,0,0,0,0,0,0,0,0,0,0,0,0,0,0,0,0,0,0,0,0,0,1
27,71,52,47,31,32,31,18,13,13,16,9,7,7,9,2,3,4,3,4,2,3,4,3,1,3,0,1,1,0,0,1,1,1,0,1,1,0,0,0,1,0,1,0,0,0,0,0,0,0,1,0,0,0,0,0,0,0,0,2,0,0,0,0,1,0,0,0,1,1,0,1,0,0,0,0,0,0,0,0,0,0,0,0,0,0,0,0,0,0,0,0,0,0,0,0,0,0,0,1
179,70,22,15,9,1,6,4,5,1,7,2,1,2,2,1,1,2,0,0,1,2,0,1,0,2,0,0,0,0,0,0,1,0,0,0,0,1,0,0,0,0,0,1,0,0,0,0,0,0,0,0,0,0,0,0,0,1,0,0,1,0,0,0,0,0,0,0,0,0,0,0,0,0,0,0,0,0,0,0,0,0,0,0,0,0,0,0,0,0,0,0,0,0,0,0,0,0,0,1
139,91,47,32,17,12,10,6,4,4,3,1,1,1,2,1,2,1,2,0,1,0,0,0,0,0,0,1,0,0,1,0,0,0,0,0,0,0,1,0,0,0,0,0,0,0,0,0,0,0,0,0,0,1,0,0,0,0,0,0,0,1,0,0,0,0,0,0,0,0,0,0,0,0,0,0,0,0,0,0,0,0,0,0,0,0,0,0,0,0,0,0,0,0,0,0,0,0,0,1
165,62,19,7,12,5,5,4,2,3,1,1,2,1,1,0,0,0,0,2,1,0,0,0,0,0,0,1,0,0,0,0,0,0,0,1,0,0,0,0,0,0,0,0,0,0,0,0,0,0,0,0,0,0,0,0,0,0,0,0,0,0,0,0,0,0,0,0,0,0,0,0,0,0,0,0,0,0,0,0,0,0,0,0,0,0,0,0,0,0,0,0,0,0,0,0,0,0,0,1
29,26,16,13,12,10,14,5,7,5,7,10,1,3,8,4,0,2,3,4,0,1,0,1,0,0,1,0,0,1,0,1,0,0,0,0,0,1,1,0,0,0,0,1,0,0,0,1,0,0,0,0,0,0,0,0,0,0,0,0,0,0,0,0,0,0,0,0,0,0,1,0,1,0,0,1,0,0,0,0,0,1,0,0,1,0,0,0,0,0,0,0,0,0,0,0,0,0,0,1
1,0,1,0,1,0,0,0,0,0,0,0,0,0,0,0,0,0,0,0,0,0,0,0,0,0,0,0,0,0,0,0,0,0,0,0,0,0,0,0,0,0,0,0,0,0,0,0,0,0,0,0,0,0,0,0,0,0,0,0,0,0,0,0,0,0,0,0,0,0,0,0,0,0,0,0,0,0,0,0,0,0,0,0,0,0,0,0,0,0,0,0,0,0,0,0,0,0,0,1
128,43,25,20,12,8,11,5,0,2,1,1,1,0,0,1,0,0,1,2,0,0,0,0,0,0,0,0,0,0,0,0,0,0,0,0,0,0,0,1,0,0,0,0,0,0,0,0,0,0,0,0,0,0,0,0,0,0,0,0,0,0,0,0,0,0,0,0,0,0,0,0,0,0,0,0,0,0,0,0,0,0,0,0,0,0,0,0,0,0,0,1,0,0,0,1,0,0,0,1
1246,34,7,8,5,2,5,4,1,4,1,1,3,1,1,1,0,2,1,0,2,0,0,0,0,0,0,1,0,0,0,0,0,0,0,0,0,0,0,0,0,0,0,0,1,0,0,0,0,0,0,0,0,0,0,0,0,0,0,0,0,0,0,0,0,0,0,0,0,0,0,0,0,0,0,0,0,0,0,0,0,0,0,0,0,0,0,0,0,0,0,0,0,0,0,0,0,0,0,1
1,0,0,0,0,0,0,0,0,0,0,0,0,0,0,0,0,0,0,0,0,0,0,0,0,0,0,0,0,0,0,0,0,0,0,0,0,0,0,0,0,0,0,0,0,0,0,0,0,0,0,0,0,0,0,0,0,0,0,0,0,0,0,0,0,0,0,0,0,0,0,0,0,0,0,0,0,0,0,0,0,0,0,0,0,0,0,0,0,0,0,0,0,0,0,0,0,0,0,1
1,0,0,0,0,0,0,0,0,0,0,0,0,0,0,0,0,0,0,0,0,0,0,0,0,0,0,0,0,0,0,0,0,0,0,0,0,0,0,0,1,0,0,0,0,0,0,0,0,0,0,0,0,0,0,0,0,0,0,0,0,0,0,0,0,0,0,0,0,0,0,0,0,0,0,0,0,0,1,0,0,0,0,0,0,0,0,0,0,0,0,0,0,0,0,0,0,0,0,1
449,362,304,287,278,240,208,214,168,169,124,125,122,108,81,82,88,56,50,60,58,40,44,34,39,31,40,25,26,22,14,16,20,21,12,16,21,8,9,7,5,10,4,7,4,3,7,3,3,8,3,1,4,2,0,2,0,2,2,0,2,1,1,1,0,0,1,0,0,1,2,0,0,0,1,0,0,0,0,0,0,0,0,0,1,0,0,0,0,0,0,0,0,1,0,0,0,0,0,1
81,30,9,17,10,4,2,2,7,6,11,22,10,34,35,32,20,16,11,4,4,5,4,7,6,13,11,11,10,9,5,11,10,4,7,3,3,6,3,7,1,4,4,4,3,4,5,4,1,1,6,4,5,4,3,3,2,2,1,3,2,1,4,1,1,2,3,3,1,2,0,1,3,1,0,1,1,2,4,0,3,0,0,0,0,2,2,0,1,2,2,1,1,1,3,1,1,0,1,2
55,30,10,8,1,0,2,3,4,5,10,32,33,47,51,62,54,64,51,45,33,25,34,27,19,16,12,9,7,7,4,10,6,5,7,5,5,3,2,2,2,2,2,3,5,1,3,1,3,4,0,1,3,0,2,1,0,2,3,0,3,0,2,1,0,1,2,2,2,1,1,0,1,0,0,1,2,0,0,0,0,1,2,1,1,0,1,1,0,0,0,0,0,0,0,0,0,0,1,1
1,0,0,0,0,0,1,0,1,0,0,0,0,0,0,0,1,0,0,0,0,0,0,1,0,0,0,0,0,0,1,0,0,1,0,0,0,0,0,0,0,0,0,0,0,2,0,0,0,0,0,0,0,0,0,0,0,0,0,0,0,0,0,0,0,0,0,1,0,0,0,0,1,0,0,0,0,0,0,0,0,0,0,1,0,0,0,0,0,0,0,0,0,0,0,0,1,0,0,1
1,0,0,0,0,0,0,0,0,0,0,0,0,0,0,0,0,0,0,0,0,0,0,0,0,0,0,0,0,0,0,0,0,0,0,0,0,0,0,0,0,0,0,0,0,0,0,0,0,0,0,0,0,0,0,0,0,0,0,0,0,0,0,0,0,0,0,0,0,0,0,0,0,0,0,0,0,0,0,0,0,0,0,0,0,0,0,0,0,0,0,0,0,0,0,0,0,0,0,1
471,12,3,2,1,0,0,2,0,0,1,0,0,0,0,0,0,0,1,0,0,0,0,0,0,0,0,0,0,0,0,0,0,0,0,1,0,0,0,0,0,0,0,0,0,0,0,0,0,0,0,0,0,0,0,0,0,0,0,0,0,0,0,0,0,0,0,0,0,0,0,0,0,0,0,0,0,0,0,0,0,0,0,0,0,0,0,0,0,0,0,0,0,0,0,0,0,0,0,1
328,5,1,0,1,0,0,0,0,0,0,0,0,0,0,0,0,0,0,0,0,0,0,0,0,0,0,0,0,0,0,0,0,0,0,1,0,0,0,0,0,0,0,0,0,0,0,0,0,0,0,0,0,0,0,0,0,0,0,0,0,0,0,0,0,0,0,0,0,0,0,0,0,0,0,0,0,0,0,0,0,0,0,0,0,0,0,0,0,0,0,0,0,0,0,0,0,0,0,1
336,3,0,0,0,1,0,0,0,0,0,0,0,0,0,0,0,0,0,0,0,0,0,0,0,0,0,0,0,0,0,0,0,0,0,1,0,0,0,0,0,0,0,0,0,0,0,0,0,0,0,0,0,0,0,0,0,0,0,0,0,0,0,0,0,0,0,0,0,0,0,0,0,0,0,0,0,0,0,0,0,0,0,0,0,0,0,0,0,0,0,0,0,0,0,0,0,0,0,1
395,2,0,1,0,0,1,0,0,0,0,0,0,0,0,0,0,0,0,0,0,0,0,0,0,0,0,0,0,0,0,0,0,0,1,0,0,0,0,0,0,0,0,0,0,0,0,0,0,0,0,0,0,0,0,0,0,0,0,0,0,0,0,0,0,0,0,0,0,0,0,0,0,0,0,0,0,0,0,0,0,0,0,0,0,0,0,0,0,0,0,0,0,0,0,0,0,0,0,1
331,5,0,0,2,0,0,0,0,0,0,0,0,0,0,0,0,0,0,0,0,0,0,0,0,0,0,0,0,0,0,0,0,0,1,0,0,0,0,0,0,0,0,0,0,0,0,0,0,0,0,0,0,0,0,0,0,0,0,0,0,0,0,0,0,0,0,0,0,0,0,0,0,0,0,0,0,0,0,0,0,0,0,0,0,0,0,0,0,0,0,0,0,0,0,0,0,0,0,1
523,9,3,2,0,0,0,0,0,1,0,0,0,0,0,0,0,1,0,0,0,0,0,0,0,0,0,0,0,0,0,0,0,0,0,0,0,0,0,0,1,0,0,0,0,0,0,0,0,0,0,0,0,0,0,0,0,0,0,0,0,0,0,0,0,0,0,0,0,0,0,0,0,0,0,0,0,0,0,0,0,0,0,0,0,0,0,0,0,0,0,0,0,0,0,0,0,0,0,1
428,2,0,0,1,1,0,0,0,0,0,0,0,0,0,0,0,0,0,0,0,0,0,0,0,0,0,0,0,0,0,0,0,0,1,0,0,0,0,0,0,0,0,0,0,0,0,0,0,0,0,0,0,0,0,0,0,0,0,0,0,0,0,0,0,0,0,0,0,0,0,0,0,0,0,0,0,0,0,0,0,0,0,0,0,0,0,0,0,0,0,0,0,0,0,0,0,0,0,1
390,5,1,0,1,0,0,0,0,0,0,0,0,0,0,0,0,0,0,0,0,0,0,0,0,0,0,0,0,0,0,0,1,0,0,0,0,0,0,0,0,0,0,0,0,0,0,0,0,0,0,0,0,0,0,0,0,0,0,0,0,0,0,0,0,0,0,0,0,0,0,0,0,0,0,0,0,0,0,0,0,0,0,0,0,0,0,0,0,0,0,0,0,0,0,0,0,0,0,1
389,106,33,17,8,5,4,2,2,1,0,2,0,2,0,1,0,0,0,0,0,0,1,0,1,0,0,1,0,0,0,0,0,0,0,0,0,0,0,0,0,0,0,0,0,0,0,0,0,0,0,0,0,0,0,0,0,0,0,0,0,0,0,0,0,0,0,0,0,0,0,0,0,0,0,0,0,0,0,0,0,0,0,0,0,0,0,0,0,0,0,0,0,0,0,0,0,0,0,1
109,60,42,34,13,10,5,5,6,3,0,3,0,0,1,1,0,0,1,0,0,1,0,0,0,2,1,0,0,0,0,0,0,1,1,0,0,0,0,0,0,0,0,0,0,0,0,0,0,0,0,0,0,0,1,0,0,0,1,0,0,0,0,0,0,1,0,0,0,0,0,0,0,0,0,0,0,0,0,0,0,0,1,0,0,0,0,0,0,0,0,0,0,0,0,0,0,0,0,1
98,68,51,25,18,9,4,7,6,5,2,3,3,0,1,1,0,2,0,0,2,1,1,1,2,0,1,0,0,1,1,0,0,0,0,0,0,0,0,0,0,0,0,0,0,1,0,0,0,0,0,0,0,0,0,0,0,0,0,0,0,0,0,0,0,0,0,0,0,1,0,0,0,0,0,0,0,0,0,0,0,0,0,0,0,0,0,0,0,0,0,0,0,0,0,0,0,0,0,1
824,71,16,8,1,2,3,4,0,0,2,1,3,0,0,0,0,1,1,1,1,1,2,1,2,0,0,0,0,1,0,3,0,0,0,2,1,0,0,1,0,0,0,0,0,0,0,0,0,0,0,1,1,0,1,1,0,0,0,0,0,0,0,0,0,0,0,0,0,0,0,0,1,1,0,0,0,0,0,0,0,0,0,0,0,0,0,1,0,0,0,0,0,0,0,0,0,0,0,1
574,45,35,73,33,9,6,11,8,7,3,5,9,12,8,8,5,6,8,4,7,2,3,1,2,5,4,1,8,5,3,0,4,2,3,0,2,3,1,4,2,1,2,0,3,2,1,0,1,0,1,1,0,1,0,1,0,0,0,2,1,1,3,1,1,0,0,0,0,1,1,0,0,0,0,0,0,2,0,1,0,0,0,0,0,0,0,0,0,1,0,0,0,0,1,0,0,1,1,2
70,51,29,19,9,6,9,3,2,1,4,1,3,1,0,0,1,0,0,1,1,1,0,0,0,1,0,0,0,2,0,0,1,0,0,0,0,0,0,0,0,0,0,0,0,0,0,0,0,0,0,0,0,0,0,0,0,0,0,0,0,0,0,0,0,0,0,0,0,0,0,0,0,0,0,0,0,0,0,0,0,0,0,0,0,0,0,0,0,0,0,0,0,0,0,0,0,0,0,1
13,12,1,8,2,7,3,3,4,4,3,3,2,3,0,1,1,2,2,0,0,0,0,0,0,0,2,0,0,1,0,1,1,0,1,1,2,1,0,0,0,1,0,0,0,0,0,0,0,0,0,0,0,0,1,0,0,0,0,0,0,0,0,0,0,0,0,1,1,0,0,0,0,0,0,0,0,1,0,0,0,0,0,0,0,0,0,1,0,0,0,0,0,0,0,0,0,0,0,1
325,82,36,15,8,2,1,2,2,2,1,2,0,0,1,1,0,0,1,0,0,0,0,0,0,0,0,0,0,0,0,0,1,1,0,0,0,0,1,0,0,0,0,0,0,0,0,0,0,0,0,0,0,0,0,0,0,0,0,0,0,0,0,0,0,0,0,0,0,0,0,0,0,0,0,0,0,0,0,0,0,0,0,0,0,0,0,0,0,0,0,0,0,0,0,0,0,0,0,1
642,105,23,11,3,3,2,1,3,1,0,0,1,1,0,0,0,0,1,0,1,0,0,0,1,1,0,0,0,0,0,0,1,0,0,0,0,0,0,0,0,0,0,0,0,0,0,0,0,0,0,0,0,0,0,0,0,0,0,0,0,0,0,0,0,0,0,0,0,0,0,0,0,0,0,0,0,0,0,0,0,0,0,0,0,0,0,0,0,0,0,0,0,0,0,0,0,0,0,1
252,73,38,16,5,2,5,4,1,0,1,1,1,0,1,1,1,0,1,0,0,0,0,0,0,0,1,0,0,0,1,1,0,0,0,0,0,0,0,0,0,0,0,0,0,0,0,0,0,0,0,0,0,0,0,0,0,0,0,0,0,0,0,0,0,0,0,0,0,0,0,0,0,0,0,0,0,0,0,0,0,0,0,0,0,0,0,0,0,0,0,0,0,0,0,0,0,0,0,1
379,141,67,31,23,8,8,4,4,5,2,1,4,0,0,0,1,1,1,0,1,0,0,0,0,1,0,0,0,0,0,0,0,0,0,0,0,0,0,0,0,0,1,0,0,2,0,0,0,0,0,0,0,0,0,0,0,0,0,0,0,0,0,0,0,0,0,0,0,0,0,0,0,0,0,0,0,0,0,0,0,0,0,0,0,0,0,0,0,0,0,0,0,0,0,0,0,0,0,1
197,152,92,51,31,22,15,7,4,6,1,3,2,1,2,0,1,0,3,1,0,0,1,1,1,0,0,0,0,0,0,0,0,0,0,0,1,1,0,1,0,1,0,0,0,0,0,0,0,0,0,0,0,0,0,0,0,0,0,0,0,0,0,0,0,0,0,0,0,0,1,0,0,0,0,0,0,0,0,0,0,0,0,0,0,0,0,0,0,0,0,0,0,0,0,0,0,0,0,1
770,158,45,16,12,9,5,4,3,0,0,2,0,1,0,0,1,0,2,0,0,1,1,1,0,1,0,0,0,0,0,0,0,0,0,1,0,0,0,0,1,0,0,0,0,2,0,0,0,0,0,0,0,0,0,0,0,0,0,0,0,0,0,0,0,0,0,0,0,0,0,0,0,0,0,0,0,0,0,0,0,0,0,0,0,0,0,0,0,0,0,0,0,0,0,0,0,0,0,1
285,125,52,21,8,5,6,2,3,1,1,1,0,3,0,1,0,0,0,1,0,0,1,0,0,0,0,0,0,0,0,0,0,0,0,1,2,0,0,0,0,0,0,0,0,0,0,0,0,0,0,0,0,0,0,0,0,0,0,0,0,0,0,0,0,0,0,0,0,0,0,0,0,0,0,0,0,0,0,0,0,0,0,0,0,0,0,0,0,0,0,0,0,0,0,0,0,0,0,1
971,82,13,8,5,4,5,4,1,0,0,1,1,0,0,0,1,0,0,0,0,0,0,0,0,2,0,0,0,0,0,0,0,0,0,0,0,0,0,0,0,0,0,0,0,0,0,1,0,0,0,0,0,0,0,0,0,0,0,0,0,0,0,0,0,0,0,0,0,0,0,0,0,0,0,0,0,0,0,0,0,0,0,0,0,0,0,0,0,0,0,0,0,0,0,0,0,0,0,1
548,115,33,10,6,11,1,2,2,2,1,2,1,3,1,0,1,0,0,0,0,0,0,0,0,0,0,0,0,1,0,0,0,0,0,0,0,1,0,0,0,0,0,0,0,0,0,0,0,0,0,0,0,0,0,0,0,0,0,0,1,0,0,0,0,0,0,0,0,0,0,0,0,0,0,0,0,0,0,0,0,0,0,0,0,0,0,0,0,0,0,0,0,0,0,0,0,0,0,1
280,144,73,25,25,12,4,3,2,4,2,1,3,2,0,1,2,0,2,1,1,0,0,0,0,0,1,0,0,1,0,0,0,0,2,0,1,0,0,0,0,0,0,0,0,0,1,0,0,0,0,0,0,0,0,0,0,0,0,0,0,0,0,0,0,0,0,0,0,0,0,0,0,0,0,0,0,0,0,0,0,0,0,0,0,0,0,0,0,0,0,0,0,0,0,0,0,0,0,1
909,89,25,9,5,3,2,1,1,2,1,0,1,0,0,1,1,1,1,0,1,0,0,0,0,0,0,0,0,0,0,0,0,0,0,0,0,0,0,0,0,0,0,0,0,0,0,0,0,0,0,1,0,0,0,0,0,0,0,0,0,0,0,0,0,0,0,0,0,0,0,0,0,0,0,0,0,0,0,0,0,0,0,0,0,0,0,0,0,0,0,0,0,0,0,0,0,0,0,1
743,55,49,19,9,6,8,7,3,2,2,4,2,3,0,1,1,2,2,0,1,0,0,1,0,1,0,0,0,0,0,1,0,1,1,0,0,0,1,0,0,0,0,0,0,0,0,0,0,0,0,0,0,0,0,0,0,0,0,0,0,0,0,0,0,0,0,0,1,0,0,0,0,0,0,0,0,0,0,0,0,0,0,0,0,0,0,0,0,0,0,0,0,0,0,0,0,0,0,1
786,86,42,19,12,12,11,3,3,4,6,1,1,1,0,3,0,2,0,1,1,1,0,0,2,0,0,0,0,1,0,1,0,1,0,0,0,0,0,0,0,0,1,0,0,0,0,0,0,0,0,1,0,0,1,0,0,0,0,0,0,0,0,0,0,0,1,0,0,1,0,0,0,0,0,0,1,0,0,0,0,0,0,0,0,0,1,0,0,0,0,0,0,0,0,0,0,1,0,1
615,136,37,12,19,7,9,5,6,3,2,2,3,0,2,1,0,0,0,0,0,0,1,0,0,0,0,0,2,1,1,0,0,0,1,0,0,0,0,0,0,0,0,0,0,0,0,0,0,0,0,0,0,0,0,0,0,0,1,0,0,0,0,0,0,0,0,0,0,0,0,0,0,0,0,0,0,0,0,0,0,0,0,0,0,0,0,0,0,0,0,0,0,0,0,0,0,0,0,1
1503,62,15,4,5,1,3,1,0,1,0,1,2,0,1,0,0,0,0,0,0,1,0,0,0,0,0,0,0,0,0,0,0,0,0,0,0,0,0,0,0,0,0,0,0,0,0,0,0,0,0,0,0,0,0,0,0,0,0,0,0,0,0,0,0,0,0,0,0,1,0,0,0,0,0,0,0,0,0,0,0,0,0,0,0,0,0,0,0,0,0,0,0,0,0,0,0,0,0,1
1558,64,17,14,5,5,0,2,0,1,1,1,0,1,0,1,0,0,0,1,0,0,0,1,0,0,0,0,0,0,0,0,1,0,0,0,0,0,0,0,0,0,0,0,0,0,0,0,0,0,0,0,0,0,0,0,0,0,0,0,0,0,0,0,0,0,0,0,0,0,0,0,0,0,0,0,0,0,0,0,0,0,0,0,0,0,1,0,0,0,0,0,0,0,0,0,0,0,0,1
425,108,31,14,11,2,2,1,3,3,4,1,2,0,2,0,0,0,0,2,0,0,0,1,0,1,1,1,1,0,0,0,0,0,0,0,2,0,0,0,0,0,0,0,0,0,1,0,0,0,0,0,1,0,0,0,0,0,1,0,0,0,0,0,1,0,0,0,0,0,0,0,0,0,0,0,0,0,1,0,0,0,0,0,0,0,0,0,0,0,0,0,0,0,0,0,0,0,0,1
2267,57,23,8,6,7,3,2,0,2,1,0,1,0,0,0,0,0,1,1,0,0,0,0,0,0,0,0,0,0,0,0,0,0,0,0,0,0,0,0,0,0,0,0,0,0,0,0,0,0,0,0,0,0,0,0,0,0,0,0,0,0,0,0,0,0,0,0,0,1,0,0,0,0,0,0,0,0,0,0,0,0,0,0,0,0,0,0,0,0,0,0,0,0,0,0,0,0,0,1
828,27,10,1,1,2,0,0,0,0,2,1,0,0,0,0,0,0,0,0,0,0,0,0,0,0,0,0,1,0,0,0,0,0,0,0,0,0,0,0,0,0,0,0,0,0,0,0,0,0,0,0,0,0,0,0,0,0,0,1,0,0,0,0,0,0,0,0,0,0,0,0,0,0,0,0,0,0,0,0,0,0,0,0,0,0,0,0,0,0,0,0,0,0,0,0,0,0,0,1
273,88,38,12,14,4,4,3,1,0,0,1,1,0,2,0,0,0,1,0,0,0,1,1,0,0,0,0,0,0,0,0,0,0,0,0,0,0,0,0,0,0,0,0,0,0,0,0,0,1,0,0,0,0,0,0,0,0,0,0,0,0,0,0,0,0,0,0,0,0,0,0,0,0,0,0,0,0,0,0,0,0,0,0,0,0,0,0,0,0,0,0,0,0,0,0,0,0,0,1
582,47,17,11,9,4,6,7,2,2,3,2,2,1,0,0,1,4,2,0,0,0,0,1,0,0,0,1,1,0,0,0,0,0,0,0,0,0,0,0,0,1,0,0,1,0,0,0,0,0,0,0,0,0,0,0,0,0,0,0,0,0,0,0,0,0,0,0,0,0,0,0,0,0,0,0,0,0,0,0,0,0,0,0,0,0,0,0,0,0,0,0,0,0,0,0,0,0,0,1
620,315,123,74,35,21,13,8,2,0,4,3,4,1,0,0,0,1,0,0,0,2,1,0,0,0,0,0,0,0,0,0,0,0,0,0,0,0,0,0,0,0,0,1,0,0,0,0,0,0,0,0,0,0,0,0,0,0,0,0,0,0,0,0,0,1,0,0,0,0,0,0,0,0,0,0,0,0,0,0,0,0,0,0,0,0,0,0,0,0,0,0,0,0,0,0,0,0,0,1
152,52,21,15,13,9,3,2,2,4,1,1,1,0,0,0,1,1,0,1,2,1,1,1,0,2,0,0,0,0,0,0,0,0,1,0,0,0,0,0,0,0,0,0,0,0,0,0,0,0,0,0,0,0,0,0,0,0,0,0,0,0,0,0,0,0,0,0,0,0,0,0,0,0,0,0,0,0,0,0,0,0,0,0,0,0,0,0,0,0,0,0,0,0,0,0,0,0,0,1
303,66,28,20,11,1,3,2,1,0,3,0,3,0,0,0,0,0,0,0,0,1,0,0,0,0,0,1,0,0,0,0,0,0,0,0,0,0,0,0,0,0,0,0,0,0,0,0,0,0,0,0,0,0,0,0,0,0,0,0,0,0,0,0,0,0,0,0,0,0,0,0,0,0,0,0,0,0,0,0,0,0,0,0,0,0,0,0,0,0,0,0,0,0,0,0,0,0,0,1
147,44,7,4,1,2,1,1,1,1,0,0,0,1,0,0,0,0,0,0,0,0,0,0,0,0,0,0,0,0,0,0,0,0,0,0,0,0,0,1,0,0,0,0,0,0,0,0,0,0,0,0,0,0,0,0,0,0,0,0,0,0,0,0,0,0,0,1,0,0,0,0,0,0,0,0,0,0,0,0,0,0,0,0,0,0,0,0,0,0,0,0,0,0,0,0,0,0,0,1
28,8,11,6,2,3,2,2,1,2,3,1,1,1,2,0,1,1,0,0,0,0,0,1,0,0,0,0,0,0,0,0,0,0,0,0,0,0,0,0,0,0,0,0,0,0,0,0,1,0,0,0,0,0,0,0,0,0,0,0,0,0,0,0,0,1,1,0,0,0,0,0,0,0,0,0,0,0,0,0,0,1,0,0,0,0,0,0,0,0,0,0,0,0,0,0,0,0,0,1
161,81,25,20,7,4,4,2,3,1,2,2,2,0,1,2,0,2,0,1,0,1,1,0,1,0,0,0,0,1,0,0,1,0,0,0,0,0,0,0,0,0,0,0,0,0,0,0,0,0,0,0,0,0,0,0,0,0,0,0,0,1,0,0,0,0,0,0,0,0,0,0,0,0,0,0,0,0,0,0,0,0,0,0,0,0,0,0,0,0,0,0,0,0,0,0,0,0,0,1
27,71,52,47,31,32,31,18,13,13,16,9,7,7,9,2,3,4,3,4,2,3,4,3,1,3,0,1,1,0,0,1,1,1,0,1,1,0,0,0,1,0,1,0,0,0,0,0,0,0,1,0,0,0,0,0,0,0,0,2,0,0,0,0,1,0,0,0,1,1,0,1,0,0,0,0,0,0,0,0,0,0,0,0,0,0,0,0,0,0,0,0,0,0,0,0,0,0,0,1
179,70,22,15,9,1,6,4,5,1,7,2,1,2,2,1,1,2,0,0,1,2,0,1,0,2,0,0,0,0,0,0,1,0,0,0,0,1,0,0,0,0,0,1,0,0,0,0,0,0,0,0,0,0,0,0,0,1,0,0,1,0,0,0,0,0,0,0,0,0,0,0,0,0,0,0,0,0,0,0,0,0,0,0,0,0,0,0,0,0,0,0,0,0,0,0,0,0,0,1
139,91,47,32,17,12,10,6,4,4,3,1,1,1,2,1,2,1,2,0,1,0,0,0,0,0,0,1,0,0,1,0,0,0,0,0,0,0,1,0,0,0,0,0,0,0,0,0,0,0,0,0,0,1,0,0,0,0,0,0,0,1,0,0,0,0,0,0,0,0,0,0,0,0,0,0,0,0,0,0,0,0,0,0,0,0,0,0,0,0,0,0,0,0,0,0,0,0,0,1
165,62,19,7,12,5,5,4,2,3,1,1,2,1,1,0,0,0,0,2,1,0,0,0,0,0,0,1,0,0,0,0,0,0,0,1,0,0,0,0,0,0,0,0,0,0,0,0,0,0,0,0,0,0,0,0,0,0,0,0,0,0,0,0,0,0,0,0,0,0,0,0,0,0,0,0,0,0,0,0,0,0,0,0,0,0,0,0,0,0,0,0,0,0,0,0,0,0,0,1
29,26,16,13,12,10,14,5,7,5,7,10,1,3,8,4,0,2,3,4,0,1,0,1,0,0,1,0,0,1,0,1,0,0,0,0,0,1,1,0,0,0,0,1,0,0,0,1,0,0,0,0,0,0,0,0,0,0,0,0,0,0,0,0,0,0,0,0,0,0,1,0,1,0,0,1,0,0,0,0,0,1,0,0,1,0,0,0,0,0,0,0,0,0,0,0,0,0,0,1
1,0,1,0,1,0,0,0,0,0,0,0,0,0,0,0,0,0,0,0,0,0,0,0,0,0,0,0,0,0,0,0,0,0,0,0,0,0,0,0,0,0,0,0,0,0,0,0,0,0,0,0,0,0,0,0,0,0,0,0,0,0,0,0,0,0,0,0,0,0,0,0,0,0,0,0,0,0,0,0,0,0,0,0,0,0,0,0,0,0,0,0,0,0,0,0,0,0,0,1
307,37,34,17,3,3,1,0,0,1,0,1,0,0,0,1,0,0,0,1,2,0,0,1,0,0,0,0,0,0,0,1,3,1,0,0,0,0,0,0,0,0,0,0,0,0,0,0,0,0,0,0,0,0,0,0,0,0,0,0,0,0,0,1,0,0,0,0,0,0,0,0,0,0,0,0,0,0,0,0,0,0,0,1,0,0,0,0,0,0,0,0,0,0,0,0,0,0,0,1
740,50,21,15,4,6,2,0,1,0,0,0,0,1,1,0,1,0,0,0,1,2,0,1,0,0,0,0,0,0,1,0,1,0,0,1,0,0,0,0,0,3,0,1,0,0,1,0,0,0,0,0,0,0,0,0,0,0,0,0,0,0,0,0,0,0,0,1,0,0,0,0,0,0,0,0,0,0,0,0,0,1,0,0,0,0,1,1,0,0,0,0,0,0,0,0,1,0,0,1
128,43,25,20,12,8,11,5,0,2,1,1,1,0,0,1,0,0,1,2,0,0,0,0,0,0,0,0,0,0,0,0,0,0,0,0,0,0,0,1,0,0,0,0,0,0,0,0,0,0,0,0,0,0,0,0,0,0,0,0,0,0,0,0,0,0,0,0,0,0,0,0,0,0,0,0,0,0,0,0,0,0,0,0,0,0,0,0,0,0,0,1,0,0,0,1,0,0,0,1
1361,46,31,15,4,7,2,5,5,6,2,5,1,0,2,2,1,0,1,1,1,2,1,1,2,1,0,3,0,1,2,2,1,3,0,0,0,0,1,0,0,0,0,0,0,0,2,0,0,0,0,1,0,0,0,1,0,0,0,1,0,0,0,0,0,0,0,0,1,0,0,0,0,0,0,0,0,0,0,0,1,1,0,0,0,0,1,1,0,0,0,1,0,0,0,0,0,0,0,1
1246,34,7,8,5,2,5,4,1,4,1,1,3,1,1,1,0,2,1,0,2,0,0,0,0,0,0,1,0,0,0,0,0,0,0,0,0,0,0,0,0,0,0,0,1,0,0,0,0,0,0,0,0,0,0,0,0,0,0,0,0,0,0,0,0,0,0,0,0,0,0,0,0,0,0,0,0,0,0,0,0,0,0,0,0,0,0,0,0,0,0,0,0,0,0,0,0,0,0,1
1,0,0,0,0,0,0,0,0,0,0,0,0,0,0,0,0,0,0,0,0,0,0,0,0,0,0,0,0,0,0,0,0,0,0,0,0,0,0,0,0,0,0,0,0,0,0,0,0,0,0,0,0,0,0,0,0,0,0,0,0,0,0,0,0,0,0,0,0,0,0,0,0,0,0,0,0,0,0,0,0,0,0,0,0,0,0,0,0,0,0,0,0,0,0,0,0,0,0,1
352,27,37,11,3,6,4,2,3,0,1,2,0,1,1,1,0,1,0,1,2,1,2,2,3,6,8,14,13,11,18,16,25,28,24,25,22,16,10,11,8,18,11,9,5,7,7,7,4,8,6,5,5,6,3,1,2,1,1,0,4,0,2,2,5,2,2,1,1,1,1,1,0,2,1,1,0,0,0,1,1,1,0,1,0,2,0,0,0,0,0,1,0,0,0,1,1,0,0,1
1,0,0,0,0,0,0,0,0,0,0,0,0,0,0,0,0,0,0,0,0,0,0,0,0,0,0,0,0,0,0,0,0,0,0,0,0,0,0,0,1,0,0,0,0,0,0,0,0,0,0,0,0,0,0,0,0,0,0,0,0,0,0,0,0,0,0,0,0,0,0,0,0,0,0,0,0,0,1,0,0,0,0,0,0,0,0,0,0,0,0,0,0,0,0,0,0,0,0,1
449,362,304,287,278,240,208,214,168,169,124,125,122,108,81,82,88,56,50,60,58,40,44,34,39,31,40,25,26,22,14,16,20,21,12,16,21,8,9,7,5,10,4,7,4,3,7,3,3,8,3,1,4,2,0,2,0,2,2,0,2,1,1,1,0,0,1,0,0,1,2,0,0,0,1,0,0,0,0,0,0,0,0,0,1,0,0,0,0,0,0,0,0,1,0,0,0,0,0,1
81,30,9,17,10,4,2,2,7,6,11,22,10,34,35,32,20,16,11,4,4,5,4,7,6,13,11,11,10,9,5,11,10,4,7,3,3,6,3,7,1,4,4,4,3,4,5,4,1,1,6,4,5,4,3,3,2,2,1,3,2,1,4,1,1,2,3,3,1,2,0,1,3,1,0,1,1,2,4,0,3,0,0,0,0,2,2,0,1,2,2,1,1,1,3,1,1,0,1,2
809,49,31,13,10,5,4,1,8,8,6,3,4,1,1,0,1,1,1,7,4,3,4,1,4,4,4,2,5,2,1,2,0,3,1,3,3,4,3,1,0,0,0,1,2,3,0,1,1,0,1,2,1,0,1,1,2,2,0,0,0,1,3,0,1,1,1,0,0,0,0,1,0,0,1,2,0,0,0,0,0,0,0,0,1,0,0,1,0,0,0,0,0,0,1,0,0,0,0,1
1051,63,46,29,30,19,17,17,9,20,20,20,16,19,14,15,16,4,29,14,10,12,17,22,13,14,14,16,17,17,8,13,17,13,14,13,16,14,8,6,12,12,5,6,11,6,8,3,4,7,6,5,3,5,4,3,4,3,6,2,2,3,3,0,2,1,4,1,1,1,1,2,1,0,2,0,1,0,0,0,0,0,1,1,1,1,0,0,0,0,1,0,0,0,0,0,0,0,0,1
422,59,46,26,7,1,5,3,4,0,0,4,2,4,0,0,4,2,0,0,0,1,0,0,0,1,1,0,0,1,1,1,0,1,1,0,1,1,0,1,0,1,1,0,0,0,0,0,0,0,0,0,0,0,0,0,0,0,0,1,0,0,1,0,0,0,0,1,0,0,1,0,2,0,0,0,0,0,0,0,0,0,0,0,0,0,1,1,0,0,0,0,0,1,0,0,0,0,0,2
55,30,10,8,1,0,2,3,4,5,10,32,33,47,51,62,54,64,51,45,33,25,34,27,19,16,12,9,7,7,4,10,6,5,7,5,5,3,2,2,2,2,2,3,5,1,3,1,3,4,0,1,3,0,2,1,0,2,3,0,3,0,2,1,0,1,2,2,2,1,1,0,1,0,0,1,2,0,0,0,0,1,2,1,1,0,1,1,0,0,0,0,0,0,0,0,0,0,1,1
658,33,32,18,9,3,2,3,1,3,3,3,4,2,0,2,1,1,1,0,0,1,2,0,0,0,1,0,0,0,1,1,0,1,2,0,1,1,0,0,0,1,0,0,0,1,0,0,0,0,0,0,1,0,0,0,0,0,0,0,0,0,0,0,0,0,0,0,0,0,0,0,0,0,0,0,0,0,0,0,0,0,0,0,0,0,0,0,0,0,0,0,0,0,0,0,0,0,0,1
1,0,0,0,0,0,1,0,1,0,0,0,0,0,0,0,1,0,0,0,0,0,0,1,0,0,0,0,0,0,1,0,0,1,0,0,0,0,0,0,0,0,0,0,0,2,0,0,0,0,0,0,0,0,0,0,0,0,0,0,0,0,0,0,0,0,0,1,0,0,0,0,1,0,0,0,0,0,0,0,0,0,0,1,0,0,0,0,0,0,0,0,0,0,0,0,1,0,0,1
1,0,0,0,0,0,0,0,0,0,0,0,0,0,0,0,0,0,0,0,0,0,0,0,0,0,0,0,0,0,0,0,0,0,0,0,0,0,0,0,0,0,0,0,0,0,0,0,0,0,0,0,0,0,0,0,0,0,0,0,0,0,0,0,0,0,0,0,0,0,0,0,0,0,0,0,0,0,0,0,0,0,0,0,0,0,0,0,0,0,0,0,0,0,0,0,0,0,0,1
471,12,3,2,1,0,0,2,0,0,1,0,0,0,0,0,0,0,1,0,0,0,0,0,0,0,0,0,0,0,0,0,0,0,0,1,0,0,0,0,0,0,0,0,0,0,0,0,0,0,0,0,0,0,0,0,0,0,0,0,0,0,0,0,0,0,0,0,0,0,0,0,0,0,0,0,0,0,0,0,0,0,0,0,0,0,0,0,0,0,0,0,0,0,0,0,0,0,0,1
328,5,1,0,1,0,0,0,0,0,0,0,0,0,0,0,0,0,0,0,0,0,0,0,0,0,0,0,0,0,0,0,0,0,0,1,0,0,0,0,0,0,0,0,0,0,0,0,0,0,0,0,0,0,0,0,0,0,0,0,0,0,0,0,0,0,0,0,0,0,0,0,0,0,0,0,0,0,0,0,0,0,0,0,0,0,0,0,0,0,0,0,0,0,0,0,0,0,0,1
336,3,0,0,0,1,0,0,0,0,0,0,0,0,0,0,0,0,0,0,0,0,0,0,0,0,0,0,0,0,0,0,0,0,0,1,0,0,0,0,0,0,0,0,0,0,0,0,0,0,0,0,0,0,0,0,0,0,0,0,0,0,0,0,0,0,0,0,0,0,0,0,0,0,0,0,0,0,0,0,0,0,0,0,0,0,0,0,0,0,0,0,0,0,0,0,0,0,0,1
465,7,4,1,0,0,0,1,0,0,0,0,0,0,0,1,0,0,0,0,0,0,0,0,0,0,0,0,0,0,0,0,0,0,0,0,0,0,0,0,0,0,0,1,0,0,0,0,0,0,0,0,0,0,0,0,0,0,0,0,0,0,0,0,0,0,0,0,0,0,0,0,0,0,0,0,0,0,0,0,0,0,0,0,0,0,0,0,0,0,0,0,0,0,0,0,0,0,0,1
395,2,0,1,0,0,1,0,0,0,0,0,0,0,0,0,0,0,0,0,0,0,0,0,0,0,0,0,0,0,0,0,0,0,1,0,0,0,0,0,0,0,0,0,0,0,0,0,0,0,0,0,0,0,0,0,0,0,0,0,0,0,0,0,0,0,0,0,0,0,0,0,0,0,0,0,0,0,0,0,0,0,0,0,0,0,0,0,0,0,0,0,0,0,0,0,0,0,0,1
331,5,0,0,2,0,0,0,0,0,0,0,0,0,0,0,0,0,0,0,0,0,0,0,0,0,0,0,0,0,0,0,0,0,1,0,0,0,0,0,0,0,0,0,0,0,0,0,0,0,0,0,0,0,0,0,0,0,0,0,0,0,0,0,0,0,0,0,0,0,0,0,0,0,0,0,0,0,0,0,0,0,0,0,0,0,0,0,0,0,0,0,0,0,0,0,0,0,0,1
523,9,3,2,0,0,0,0,0,1,0,0,0,0,0,0,0,1,0,0,0,0,0,0,0,0,0,0,0,0,0,0,0,0,0,0,0,0,0,0,1,0,0,0,0,0,0,0,0,0,0,0,0,0,0,0,0,0,0,0,0,0,0,0,0,0,0,0,0,0,0,0,0,0,0,0,0,0,0,0,0,0,0,0,0,0,0,0,0,0,0,0,0,0,0,0,0,0,0,1
495,8,0,1,0,0,0,0,0,0,0,0,0,0,0,0,0,0,0,0,0,0,0,0,0,0,0,0,0,0,0,0,0,0,0,0,1,0,0,0,0,0,0,0,0,0,0,0,0,0,0,0,0,0,0,0,0,0,0,0,0,0,0,0,0,0,0,0,0,0,0,0,0,0,0,0,0,0,0,0,0,0,0,0,0,0,0,0,0,0,0,0,0,0,0,0,0,0,0,1
428,2,0,0,1,1,0,0,0,0,0,0,0,0,0,0,0,0,0,0,0,0,0,0,0,0,0,0,0,0,0,0,0,0,1,0,0,0,0,0,0,0,0,0,0,0,0,0,0,0,0,0,0,0,0,0,0,0,0,0,0,0,0,0,0,0,0,0,0,0,0,0,0,0,0,0,0,0,0,0,0,0,0,0,0,0,0,0,0,0,0,0,0,0,0,0,0,0,0,1
390,5,1,0,1,0,0,0,0,0,0,0,0,0,0,0,0,0,0,0,0,0,0,0,0,0,0,0,0,0,0,0,1,0,0,0,0,0,0,0,0,0,0,0,0,0,0,0,0,0,0,0,0,0,0,0,0,0,0,0,0,0,0,0,0,0,0,0,0,0,0,0,0,0,0,0,0,0,0,0,0,0,0,0,0,0,0,0,0,0,0,0,0,0,0,0,0,0,0,1
389,106,33,17,8,5,4,2,2,1,0,2,0,2,0,1,0,0,0,0,0,0,1,0,1,0,0,1,0,0,0,0,0,0,0,0,0,0,0,0,0,0,0,0,0,0,0,0,0,0,0,0,0,0,0,0,0,0,0,0,0,0,0,0,0,0,0,0,0,0,0,0,0,0,0,0,0,0,0,0,0,0,0,0,0,0,0,0,0,0,0,0,0,0,0,0,0,0,0,1
109,60,42,34,13,10,5,5,6,3,0,3,0,0,1,1,0,0,1,0,0,1,0,0,0,2,1,0,0,0,0,0,0,1,1,0,0,0,0,0,0,0,0,0,0,0,0,0,0,0,0,0,0,0,1,0,0,0,1,0,0,0,0,0,0,1,0,0,0,0,0,0,0,0,0,0,0,0,0,0,0,0,1,0,0,0,0,0,0,0,0,0,0,0,0,0,0,0,0,1
98,68,51,25,18,9,4,7,6,5,2,3,3,0,1,1,0,2,0,0,2,1,1,1,2,0,1,0,0,1,1,0,0,0,0,0,0,0,0,0,0,0,0,0,0,1,0,0,0,0,0,0,0,0,0,0,0,0,0,0,0,0,0,0,0,0,0,0,0,1,0,0,0,0,0,0,0,0,0,0,0,0,0,0,0,0,0,0,0,0,0,0,0,0,0,0,0,0,0,1
1049,54,18,16,5,4,4,3,1,2,3,3,2,1,4,7,3,1,1,3,0,0,1,2,3,1,2,4,3,6,5,2,3,5,3,3,0,1,6,6,4,2,6,0,1,3,0,2,0,2,3,3,1,1,3,0,1,1,1,3,3,0,1,2,3,0,0,1,0,3,1,0,0,1,1,2,1,1,2,1,1,1,0,0,0,2,0,0,0,1,1,3,2,0,3,1,2,1,2,2
209,53,56,28,23,19,15,18,11,18,15,17,19,16,13,12,16,4,27,15,12,12,15,18,15,15,12,13,19,15,7,11,16,13,16,9,15,14,9,6,12,12,6,4,10,5,11,3,5,7,6,5,2,5,3,4,4,3,6,1,3,3,2,0,2,1,4,2,1,0,1,2,1,1,3,0,1,1,0,0,0,0,2,2,1,1,0,0,0,0,1,0,1,0,0,0,1,0,0,1
165,21,25,24,10,7,2,4,3,3,0,1,1,0,0,0,0,1,2,1,0,0,0,0,0,0,0,0,0,0,0,0,0,0,0,0,1,0,1,0,0,1,0,0,1,2,0,1,0,0,0,0,0,0,0,0,0,0,0,1,0,0,0,1,0,0,0,1,0,0,0,0,0,0,0,0,0,0,0,0,0,0,0,0,0,0,0,0,0,0,0,0,0,0,0,0,0,0,0,1
278,35,35,12,6,1,1,0,3,6,0,2,1,0,3,1,2,2,0,1,3,1,0,1,1,0,0,0,0,0,2,0,0,0,0,0,1,1,2,0,0,1,1,0,0,0,0,0,0,0,0,0,0,0,0,0,0,0,0,0,0,0,1,0,0,0,0,0,0,0,0,2,0,0,0,0,0,0,1,0,0,0,0,0,0,0,0,0,0,0,0,0,0,0,0,0,0,0,0,1
207,817,477,97,34,13,10,15,8,4,5,9,6,4,5,7,6,5,5,2,2,8,6,6,3,2,3,5,3,3,3,1,5,4,1,5,3,3,6,5,4,1,5,5,1,0,4,4,1,5,8,2,2,3,4,0,2,1,3,1,2,3,6,1,6,4,1,5,0,3,1,4,1,2,2,1,1,2,3,2,1,3,1,0,2,1,0,2,0,4,3,2,0,1,1,2,1,1,0,2
96,1,0,0,0,0,1,0,0,0,0,1,0,0,0,0,0,0,0,0,4,0,6,5,8,8,3,6,6,6,1,5,5,1,1,5,1,1,2,1,0,0,0,0,0,0,0,0,0,0,0,0,0,0,0,0,0,0,0,1,1,0,0,0,0,0,0,0,2,0,0,0,0,0,0,0,0,0,0,0,1,0,0,0,0,0,0,0,0,0,0,0,0,0,0,0,0,0,1,1
89,9,2,2,0,0,0,0,1,0,0,0,0,0,0,1,2,3,1,4,1,3,6,7,6,7,11,5,4,11,9,9,11,8,14,5,3,6,3,4,3,7,5,5,3,1,2,2,1,1,3,0,1,1,1,3,2,1,0,1,0,0,1,2,2,0,1,1,0,0,1,1,1,0,2,0,1,0,2,0,0,1,1,1,0,0,0,0,0,0,0,1,0,0,0,0,0,0,1,1
30,8,0,4,6,3,3,4,2,1,2,3,0,3,1,2,0,0,1,1,0,2,1,0,0,2,0,0,1,1,0,0,0,0,0,0,0,1,0,1,0,2,1,0,0,0,1,0,0,0,0,0,0,0,0,0,0,0,0,1,0,0,0,0,0,0,0,0,0,0,0,1,0,1,0,0,0,2,0,1,1,0,0,0,1,0,0,0,0,2,1,1,1,1,0,0,0,0,1,2
1138,1054,845,794,665,591,526,481,424,388,317,303,286,215,197,172,161,137,146,130,101,99,76,62,61,47,57,34,38,36,24,26,31,19,16,19,8,10,10,8,9,6,4,6,3,2,4,6,2,2,4,4,1,3,0,2,0,3,2,2,0,0,0,0,0,0,2,0,0,0,0,0,0,0,0,1,0,0,0,0,0,0,0,0,0,1,0,0,0,0,0,0,1,0,0,0,0,0,0,1
112,129,23,4,4,1,0,1,0,0,1,1,0,0,1,1,0,0,0,0,0,0,0,0,1,0,0,1,0,0,0,0,0,0,0,0,0,0,0,0,0,0,0,0,0,0,0,0,0,0,0,0,0,0,1,0,0,0,0,1,1,0,0,0,0,0,0,0,0,0,0,0,0,0,0,0,0,0,0,0,0,0,0,0,0,0,0,0,0,0,0,0,0,0,0,1,0,0,0,1
337,175,116,142,111,97,96,86,58,48,51,50,51,38,44,34,42,31,23,25,32,29,24,17,24,14,16,12,12,11,5,7,6,11,9,12,4,10,3,8,7,5,5,5,3,5,2,2,2,2,3,4,3,2,2,2,0,4,2,1,3,0,1,1,1,2,2,1,0,1,0,0,2,0,0,0,0,0,1,0,0,0,0,0,0,0,0,0,0,0,0,0,0,0,3,0,0,0,0,1
232,98,80,59,67,62,45,47,58,42,35,46,25,39,28,25,24,18,20,25,25,18,19,17,14,18,19,13,16,12,11,11,18,10,14,6,9,2,5,6,10,2,7,5,5,4,5,5,6,1,1,1,1,3,4,0,3,2,1,5,2,1,2,0,1,1,2,3,0,1,1,2,0,1,1,3,0,0,2,2,0,0,1,1,0,1,1,0,0,0,0,0,0,0,2,1,0,0,0,1
339,73,16,8,1,6,1,2,1,0,0,0,0,0,0,0,0,0,0,0,0,1,0,1,0,0,0,0,0,0,0,0,1,1,0,0,0,0,0,0,0,0,0,1,0,0,1,0,0,0,0,0,0,0,0,0,1,1,0,0,0,0,0,0,0,0,0,1,0,0,0,0,0,0,0,0,0,0,0,2,1,1,0,0,0,0,1,0,0,0,2,2,0,0,0,0,0,0,0,1
291,277,205,202,190,178,153,169,136,136,147,129,101,95,95,79,57,80,69,56,54,50,57,36,40,37,33,31,30,22,20,20,18,17,18,18,11,15,11,10,7,7,11,11,10,6,6,5,1,5,7,3,4,4,1,3,3,1,5,0,1,0,1,1,0,1,1,0,1,1,1,0,0,0,0,0,0,1,0,0,0,1,1,0,0,1,1,1,0,0,0,0,0,0,0,1,0,0,0,2
2,1,0,0,0,0,0,0,1,0,0,1,1,0,0,0,0,0,1,2,0,1,1,1,0,0,1,1,0,1,0,3,1,0,1,0,1,0,1,0,0,0,1,0,0,1,0,2,0,0,0,1,0,0,0,0,0,1,1,0,1,0,0,1,0,0,0,0,0,1,0,1,1,0,0,0,1,0,2,0,0,0,1,0,0,0,0,1,0,1,0,0,1,0,1,0,0,0,1,2
6,13,19,21,17,20,8,12,6,13,6,7,12,8,1,6,11,7,3,2,8,5,1,0,2,0,3,0,0,1,3,3,2,0,0,0,2,0,2,1,1,0,0,0,0,1,1,0,0,0,0,0,1,0,3,0,1,0,2,0,1,0,0,0,0,0,0,0,0,2,0,0,1,0,0,0,0,0,0,0,0,0,0,0,0,0,0,0,0,0,0,0,0,0,0,0,0,0,0,1
94,120,104,127,95,85,44,46,33,36,23,22,10,6,5,13,2,7,1,1,2,7,4,1,1,3,0,1,2,4,0,2,1,1,3,2,0,0,2,1,0,1,0,0,2,0,2,1,0,0,0,0,1,1,0,1,1,0,3,3,1,0,0,2,1,2,2,1,1,3,0,2,1,0,3,1,3,2,3,0,1,2,1,3,2,2,0,0,4,2,3,2,0,1,1,1,1,0,1,2
0,0,0,0,0,0,0,0,0,0,0,0,0,0,0,0,0,0,0,0,0,0,0,0,0,0,0,0,0,0,0,0,0,0,0,0,0,0,0,0,0,0,0,0,0,0,0,0,0,0,1,0,0,0,0,0,0,0,0,0,0,0,0,0,0,0,0,0,0,0,0,0,0,0,0,0,0,0,0,0,0,0,0,0,0,0,0,0,0,0,0,0,0,0,0,0,0,0,0,0
1,1,1,14,22,44,67,49,52,41,36,29,33,19,18,14,10,10,11,5,1,6,0,4,0,3,1,1,1,1,0,2,1,2,0,0,0,0,0,0,2,1,0,1,0,0,1,0,0,0,0,0,1,0,0,0,0,1,0,0,0,0,1,0,0,0,0,0,0,0,0,0,0,0,0,0,0,0,0,0,0,0,0,0,0,0,1,0,1,0,0,0,0,0,0,0,0,0,0,1
3,2,4,8,9,16,11,14,10,17,12,14,7,4,2,7,3,5,3,2,1,3,3,1,1,1,2,3,2,1,3,2,0,1,2,0,0,0,0,0,0,0,0,0,1,0,0,0,0,0,0,1,0,1,0,0,0,0,1,0,0,0,1,0,0,0,0,1,0,0,0,1,0,0,0,0,0,0,0,0,0,0,0,0,0,0,0,0,0,0,1,0,0,0,0,0,0,0,0,1
91,16,5,0,1,2,1,0,0,0,0,0,0,0,0,0,0,0,0,0,0,0,0,0,0,0,0,0,0,0,0,0,0,0,0,0,0,0,0,0,0,0,0,0,0,0,0,0,0,1,0,0,0,0,0,0,0,1,0,0,0,0,0,0,0,0,0,0,0,0,0,0,0,0,0,1,0,0,0,0,0,0,0,0,0,0,1,0,0,0,0,0,0,0,0,0,0,0,0,1
15,6,1,10,20,37,58,58,48,48,39,27,34,19,23,18,8,12,11,5,2,2,3,3,1,3,1,2,1,0,1,1,2,1,1,0,0,0,0,0,1,1,0,1,0,0,1,0,0,0,0,0,1,0,0,0,0,1,0,0,0,0,1,0,0,0,0,0,0,0,0,0,0,0,0,0,0,0,0,0,0,0,0,0,0,0,1,0,1,0,0,0,0,0,0,0,0,0,0,1
1,1,3,4,3,5,3,3,2,5,1,2,2,0,3,2,2,1,5,0,2,0,3,3,1,2,2,1,1,0,1,3,3,1,2,0,1,0,1,1,1,0,1,0,0,2,0,0,1,0,0,0,1,1,0,0,0,0,0,0,0,0,0,1,0,1,1,0,1,2,0,0,0,0,0,0,0,0,0,1,1,0,1,1,1,1,1,1,1,0,0,2,0,0,0,0,0,0,2,4
131,12,5,4,0,0,0,0,0,0,1,2,1,1,0,3,0,1,2,0,4,4,5,5,4,7,4,5,3,6,4,4,2,3,0,3,2,0,0,3,2,4,0,0,0,1,0,1,2,0,1,1,0,1,0,0,0,0,0,0,0,0,0,0,0,0,1,1,0,0,0,0,0,0,0,0,0,0,0,0,0,0,0,0,0,0,0,1,0,0,0,0,0,1,0,0,0,0,0,1
52,25,14,12,12,13,5,6,9,8,17,8,9,11,11,10,7,2,5,7,2,2,2,2,2,0,2,3,1,0,1,2,0,1,2,0,1,0,1,0,0,1,0,0,1,1,0,0,0,0,0,0,1,0,0,0,0,0,1,0,0,0,0,0,2,0,0,0,0,1,0,0,1,0,0,0,0,0,0,0,0,0,0,0,0,0,0,0,0,0,1,0,0,0,0,0,0,0,0,1
19,29,17,26,15,14,11,15,12,13,10,11,17,13,13,13,5,14,16,19,17,13,18,11,18,16,13,10,12,6,7,13,16,4,7,6,7,8,4,4,4,7,4,3,3,2,1,4,1,1,1,0,0,1,0,0,0,0,0,0,1,0,0,0,0,0,0,0,0,0,1,0,0,0,0,0,0,1,0,0,0,0,0,0,0,0,0,0,0,0,0,0,0,1,0,0,0,0,0,1
33,7,1,4,6,3,4,4,2,1,1,3,0,3,1,2,0,0,1,1,0,2,1,0,0,2,0,0,1,1,0,0,0,0,0,0,0,1,0,0,1,2,1,0,0,0,1,0,0,0,0,0,0,0,0,0,0,0,0,1,0,0,0,0,0,0,0,0,0,0,0,1,0,1,0,0,0,2,0,1,1,0,0,0,1,0,0,0,0,2,1,1,1,1,0,0,0,0,1,2
144,113,107,113,105,99,85,84,76,74,54,64,63,55,53,44,30,31,49,43,33,32,40,27,21,19,31,30,15,28,18,21,10,19,2,13,11,11,8,9,6,7,5,3,3,6,4,7,3,3,4,2,2,3,1,4,0,3,2,1,2,2,3,3,3,3,1,0,1,1,0,0,0,1,0,1,0,1,1,0,0,1,1,0,0,0,0,0,0,0,1,1,0,0,0,0,0,1,0,1
42,29,88,206,266,235,159,120,70,62,55,32,30,18,16,14,10,6,7,4,3,6,2,2,1,1,2,1,0,0,0,0,3,1,1,1,0,2,1,0,1,1,1,0,1,1,0,0,0,1,1,1,1,0,2,3,0,0,1,3,0,1,1,1,2,0,1,1,1,0,0,3,2,1,2,1,3,5,1,0,0,1,0,1,0,0,0,0,1,1,2,0,0,0,0,0,2,1,1,2
249,96,37,10,5,2,2,1,1,1,0,0,0,0,1,0,0,0,0,1,0,0,0,0,0,0,0,0,0,0,0,0,0,0,0,0,0,0,0,0,0,0,0,0,0,0,0,0,0,0,0,0,0,0,0,1,0,0,0,0,1,0,0,0,0,0,0,0,0,0,1,1,0,0,0,0,0,0,0,0,0,0,0,0,0,0,0,0,0,0,0,0,0,0,0,0,0,0,0,1
1,3,2,4,1,1,8,10,3,4,9,4,3,2,9,8,7,11,10,11,20,15,22,32,17,12,19,20,15,12,17,11,12,6,10,3,10,4,5,4,4,3,6,3,8,2,2,2,0,1,3,2,1,0,1,0,1,0,1,0,0,0,1,1,0,0,1,0,0,0,0,0,0,0,0,1,0,0,0,0,1,0,0,1,0,0,0,0,0,0,0,1,0,0,0,1,1,1,0,1
84,72,34,22,8,6,2,6,2,2,1,0,0,0,1,0,0,1,3,0,0,1,1,0,0,0,1,1,0,0,0,0,0,0,0,0,0,0,0,0,0,0,0,0,0,0,0,0,0,0,1,0,0,0,0,0,0,0,0,0,0,0,0,0,0,0,0,0,0,0,0,0,0,0,1,0,0,0,0,0,0,0,0,0,0,0,0,0,0,0,0,0,0,0,0,1,0,0,0,1
124,58,54,41,21,9,9,6,13,7,5,6,4,2,7,4,4,2,5,4,4,2,7,4,7,1,5,2,3,0,3,2,1,0,1,1,2,0,0,1,0,1,1,1,0,1,0,0,0,0,1,0,1,0,0,1,0,1,0,0,2,0,0,1,2,1,1,0,2,0,1,1,0,0,2,1,0,2,2,1,0,1,1,0,3,1,1,1,2,2,2,0,0,1,0,3,3,7,5,4
115,47,63,38,27,13,8,7,9,10,6,4,6,2,6,4,5,1,5,3,6,2,6,5,7,1,5,2,2,1,3,2,1,0,1,1,2,0,0,1,0,1,1,1,0,1,0,0,0,0,0,1,1,0,0,0,1,1,0,0,2,0,0,1,2,1,1,0,2,0,1,1,0,0,2,1,0,2,2,1,0,0,2,0,3,1,1,1,2,1,3,0,0,1,0,3,3,7,5,4
772,1244,1393,1418,1330,1240,1116,1050,939,867,787,698,612,560,524,443,384,384,356,283,258,285,246,182,154,166,139,124,104,106,101,97,92,61,62,51,76,40,40,35,29,33,32,23,23,22,14,20,21,13,15,12,9,9,7,11,8,9,7,4,4,9,4,2,4,2,2,1,2,4,3,2,4,1,4,0,2,1,1,2,1,0,0,0,0,0,0,0,0,1,0,0,0,0,0,0,0,0,0,1
651,855,1007,920,807,762,704,618,576,513,460,429,390,340,284,309,273,257,233,190,180,144,127,136,128,96,87,93,82,68,63,45,42,56,51,41,23,35,16,25,21,16,24,11,16,19,14,15,15,9,12,6,9,6,9,5,2,5,7,3,3,2,4,2,0,2,1,1,3,1,1,3,2,2,0,1,0,0,0,0,0,0,0,0,0,0,0,0,0,0,0,0,0,0,0,1,0,0,0,2
13,29,27,24,26,19,15,21,18,16,17,19,15,21,16,22,18,11,17,8,16,20,14,15,14,9,16,11,10,15,6,7,8,12,7,10,12,8,4,6,6,4,3,6,5,4,3,3,0,2,2,2,1,2,1,0,1,1,1,1,0,0,2,2,2,0,0,0,0,0,0,0,0,0,1,0,0,0,0,1,0,0,0,0,1,0,0,0,0,0,0,0,0,0,0,0,0,0,0,3
190,155,45,23,25,28,30,54,50,51,50,35,31,20,7,11,9,6,9,4,3,2,4,2,0,2,0,2,0,2,0,0,0,1,0,1,0,0,0,0,0,0,0,0,0,0,0,0,0,0,0,0,0,0,0,0,0,0,0,0,0,0,0,0,0,0,0,0,0,0,0,0,0,0,0,0,0,0,0,0,0,0,0,0,0,0,0,0,0,0,0,0,0,0,0,0,0,0,0,1
5,9,15,78,169,142,76,35,24,20,11,5,7,1,2,1,0,1,1,1,0,0,0,1,0,0,2,0,0,0,0,0,1,0,0,0,0,0,0,0,0,0,0,0,0,0,0,1,0,0,0,0,0,0,0,0,0,0,0,0,0,0,0,0,0,0,1,0,0,0,0,0,0,0,0,0,0,0,0,0,0,0,0,0,0,0,0,0,0,0,0,0,0,0,0,0,0,0,0,1
5,1,4,6,0,4,10,4,1,3,4,3,2,2,1,1,0,2,3,3,2,1,1,1,2,1,0,3,0,2,0,2,5,2,0,3,2,2,1,2,1,0,5,2,1,1,0,1,0,1,0,1,2,1,0,1,0,0,1,1,0,1,1,1,1,1,0,0,0,0,1,0,0,0,0,1,0,1,0,0,0,2,2,1,1,0,0,0,0,1,0,1,2,1,0,1,2,1,0,1
207,817,477,97,34,13,10,15,8,4,5,9,6,4,5,7,6,5,5,2,2,8,6,6,3,2,3,5,3,3,3,1,5,4,1,5,3,3,6,5,4,1,5,5,1,0,4,4,1,5,8,2,2,3,4,0,2,1,3,1,2,3,6,1,6,4,1,5,0,3,1,4,1,2,2,1,1,2,3,2,1,3,1,0,2,1,0,2,0,4,3,2,0,1,1,2,1,1,0,2
96,1,0,0,0,0,1,0,0,0,0,1,0,0,0,0,0,0,0,0,4,0,6,5,8,8,3,6,6,6,1,5,5,1,1,5,1,1,2,1,0,0,0,0,0,0,0,0,0,0,0,0,0,0,0,0,0,0,0,1,1,0,0,0,0,0,0,0,2,0,0,0,0,0,0,0,0,0,0,0,1,0,0,0,0,0,0,0,0,0,0,0,0,0,0,0,0,0,1,1
89,9,2,2,0,0,0,0,1,0,0,0,0,0,0,1,2,3,1,4,1,3,6,7,6,7,11,5,4,11,9,9,11,8,14,5,3,6,3,4,3,7,5,5,3,1,2,2,1,1,3,0,1,1,1,3,2,1,0,1,0,0,1,2,2,0,1,1,0,0,1,1,1,0,2,0,1,0,2,0,0,1,1,1,0,0,0,0,0,0,0,1,0,0,0,0,0,0,1,1
30,8,0,4,6,3,3,4,2,1,2,3,0,3,1,2,0,0,1,1,0,2,1,0,0,2,0,0,1,1,0,0,0,0,0,0,0,1,0,1,0,2,1,0,0,0,1,0,0,0,0,0,0,0,0,0,0,0,0,1,0,0,0,0,0,0,0,0,0,0,0,1,0,1,0,0,0,2,0,1,1,0,0,0,1,0,0,0,0,2,1,1,1,1,0,0,0,0,1,2
1138,1054,845,794,665,591,526,481,424,388,317,303,286,215,197,172,161,137,146,130,101,99,76,62,61,47,57,34,38,36,24,26,31,19,16,19,8,10,10,8,9,6,4,6,3,2,4,6,2,2,4,4,1,3,0,2,0,3,2,2,0,0,0,0,0,0,2,0,0,0,0,0,0,0,0,1,0,0,0,0,0,0,0,0,0,1,0,0,0,0,0,0,1,0,0,0,0,0,0,1
112,129,23,4,4,1,0,1,0,0,1,1,0,0,1,1,0,0,0,0,0,0,0,0,1,0,0,1,0,0,0,0,0,0,0,0,0,0,0,0,0,0,0,0,0,0,0,0,0,0,0,0,0,0,1,0,0,0,0,1,1,0,0,0,0,0,0,0,0,0,0,0,0,0,0,0,0,0,0,0,0,0,0,0,0,0,0,0,0,0,0,0,0,0,0,1,0,0,0,1
337,175,116,142,111,97,96,86,58,48,51,50,51,38,44,34,42,31,23,25,32,29,24,17,24,14,16,12,12,11,5,7,6,11,9,12,4,10,3,8,7,5,5,5,3,5,2,2,2,2,3,4,3,2,2,2,0,4,2,1,3,0,1,1,1,2,2,1,0,1,0,0,2,0,0,0,0,0,1,0,0,0,0,0,0,0,0,0,0,0,0,0,0,0,3,0,0,0,0,1
232,98,80,59,67,62,45,47,58,42,35,46,25,39,28,25,24,18,20,25,25,18,19,17,14,18,19,13,16,12,11,11,18,10,14,6,9,2,5,6,10,2,7,5,5,4,5,5,6,1,1,1,1,3,4,0,3,2,1,5,2,1,2,0,1,1,2,3,0,1,1,2,0,1,1,3,0,0,2,2,0,0,1,1,0,1,1,0,0,0,0,0,0,0,2,1,0,0,0,1
339,73,16,8,1,6,1,2,1,0,0,0,0,0,0,0,0,0,0,0,0,1,0,1,0,0,0,0,0,0,0,0,1,1,0,0,0,0,0,0,0,0,0,1,0,0,1,0,0,0,0,0,0,0,0,0,1,1,0,0,0,0,0,0,0,0,0,1,0,0,0,0,0,0,0,0,0,0,0,2,1,1,0,0,0,0,1,0,0,0,2,2,0,0,0,0,0,0,0,1
291,277,205,202,190,178,153,169,136,136,147,129,101,95,95,79,57,80,69,56,54,50,57,36,40,37,33,31,30,22,20,20,18,17,18,18,11,15,11,10,7,7,11,11,10,6,6,5,1,5,7,3,4,4,1,3,3,1,5,0,1,0,1,1,0,1,1,0,1,1,1,0,0,0,0,0,0,1,0,0,0,1,1,0,0,1,1,1,0,0,0,0,0,0,0,1,0,0,0,2
2,1,0,0,0,0,0,0,1,0,0,1,1,0,0,0,0,0,1,2,0,1,1,1,0,0,1,1,0,1,0,3,1,0,1,0,1,0,1,0,0,0,1,0,0,1,0,2,0,0,0,1,0,0,0,0,0,1,1,0,1,0,0,1,0,0,0,0,0,1,0,1,1,0,0,0,1,0,2,0,0,0,1,0,0,0,0,1,0,1,0,0,1,0,1,0,0,0,1,2
6,13,19,21,17,20,8,12,6,13,6,7,12,8,1,6,11,7,3,2,8,5,1,0,2,0,3,0,0,1,3,3,2,0,0,0,2,0,2,1,1,0,0,0,0,1,1,0,0,0,0,0,1,0,3,0,1,0,2,0,1,0,0,0,0,0,0,0,0,2,0,0,1,0,0,0,0,0,0,0,0,0,0,0,0,0,0,0,0,0,0,0,0,0,0,0,0,0,0,1
94,120,104,127,95,85,44,46,33,36,23,22,10,6,5,13,2,7,1,1,2,7,4,1,1,3,0,1,2,4,0,2,1,1,3,2,0,0,2,1,0,1,0,0,2,0,2,1,0,0,0,0,1,1,0,1,1,0,3,3,1,0,0,2,1,2,2,1,1,3,0,2,1,0,3,1,3,2,3,0,1,2,1,3,2,2,0,0,4,2,3,2,0,1,1,1,1,0,1,2
0,0,0,0,0,0,0,0,0,0,0,0,0,0,0,0,0,0,0,0,0,0,0,0,0,0,0,0,0,0,0,0,0,0,0,0,0,0,0,0,0,0,0,0,0,0,0,0,0,0,1,0,0,0,0,0,0,0,0,0,0,0,0,0,0,0,0,0,0,0,0,0,0,0,0,0,0,0,0,0,0,0,0,0,0,0,0,0,0,0,0,0,0,0,0,0,0,0,0,0
1,1,1,14,22,44,67,49,52,41,36,29,33,19,18,14,10,10,11,5,1,6,0,4,0,3,1,1,1,1,0,2,1,2,0,0,0,0,0,0,2,1,0,1,0,0,1,0,0,0,0,0,1,0,0,0,0,1,0,0,0,0,1,0,0,0,0,0,0,0,0,0,0,0,0,0,0,0,0,0,0,0,0,0,0,0,1,0,1,0,0,0,0,0,0,0,0,0,0,1
3,2,4,8,9,16,11,14,10,17,12,14,7,4,2,7,3,5,3,2,1,3,3,1,1,1,2,3,2,1,3,2,0,1,2,0,0,0,0,0,0,0,0,0,1,0,0,0,0,0,0,1,0,1,0,0,0,0,1,0,0,0,1,0,0,0,0,1,0,0,0,1,0,0,0,0,0,0,0,0,0,0,0,0,0,0,0,0,0,0,1,0,0,0,0,0,0,0,0,1
91,16,5,0,1,2,1,0,0,0,0,0,0,0,0,0,0,0,0,0,0,0,0,0,0,0,0,0,0,0,0,0,0,0,0,0,0,0,0,0,0,0,0,0,0,0,0,0,0,1,0,0,0,0,0,0,0,1,0,0,0,0,0,0,0,0,0,0,0,0,0,0,0,0,0,1,0,0,0,0,0,0,0,0,0,0,1,0,0,0,0,0,0,0,0,0,0,0,0,1
15,6,1,10,20,37,58,58,48,48,39,27,34,19,23,18,8,12,11,5,2,2,3,3,1,3,1,2,1,0,1,1,2,1,1,0,0,0,0,0,1,1,0,1,0,0,1,0,0,0,0,0,1,0,0,0,0,1,0,0,0,0,1,0,0,0,0,0,0,0,0,0,0,0,0,0,0,0,0,0,0,0,0,0,0,0,1,0,1,0,0,0,0,0,0,0,0,0,0,1
1,1,3,4,3,5,3,3,2,5,1,2,2,0,3,2,2,1,5,0,2,0,3,3,1,2,2,1,1,0,1,3,3,1,2,0,1,0,1,1,1,0,1,0,0,2,0,0,1,0,0,0,1,1,0,0,0,0,0,0,0,0,0,1,0,1,1,0,1,2,0,0,0,0,0,0,0,0,0,1,1,0,1,1,1,1,1,1,1,0,0,2,0,0,0,0,0,0,2,4
131,12,5,4,0,0,0,0,0,0,1,2,1,1,0,3,0,1,2,0,4,4,5,5,4,7,4,5,3,6,4,4,2,3,0,3,2,0,0,3,2,4,0,0,0,1,0,1,2,0,1,1,0,1,0,0,0,0,0,0,0,0,0,0,0,0,1,1,0,0,0,0,0,0,0,0,0,0,0,0,0,0,0,0,0,0,0,1,0,0,0,0,0,1,0,0,0,0,0,1
52,25,14,12,12,13,5,6,9,8,17,8,9,11,11,10,7,2,5,7,2,2,2,2,2,0,2,3,1,0,1,2,0,1,2,0,1,0,1,0,0,1,0,0,1,1,0,0,0,0,0,0,1,0,0,0,0,0,1,0,0,0,0,0,2,0,0,0,0,1,0,0,1,0,0,0,0,0,0,0,0,0,0,0,0,0,0,0,0,0,1,0,0,0,0,0,0,0,0,1
19,29,17,26,15,14,11,15,12,13,10,11,17,13,13,13,5,14,16,19,17,13,18,11,18,16,13,10,12,6,7,13,16,4,7,6,7,8,4,4,4,7,4,3,3,2,1,4,1,1,1,0,0,1,0,0,0,0,0,0,1,0,0,0,0,0,0,0,0,0,1,0,0,0,0,0,0,1,0,0,0,0,0,0,0,0,0,0,0,0,0,0,0,1,0,0,0,0,0,1
33,7,1,4,6,3,4,4,2,1,1,3,0,3,1,2,0,0,1,1,0,2,1,0,0,2,0,0,1,1,0,0,0,0,0,0,0,1,0,0,1,2,1,0,0,0,1,0,0,0,0,0,0,0,0,0,0,0,0,1,0,0,0,0,0,0,0,0,0,0,0,1,0,1,0,0,0,2,0,1,1,0,0,0,1,0,0,0,0,2,1,1,1,1,0,0,0,0,1,2
144,113,107,113,105,99,85,84,76,74,54,64,63,55,53,44,30,31,49,43,33,32,40,27,21,19,31,30,15,28,18,21,10,19,2,13,11,11,8,9,6,7,5,3,3,6,4,7,3,3,4,2,2,3,1,4,0,3,2,1,2,2,3,3,3,3,1,0,1,1,0,0,0,1,0,1,0,1,1,0,0,1,1,0,0,0,0,0,0,0,1,1,0,0,0,0,0,1,0,1
42,29,88,206,266,235,159,120,70,62,55,32,30,18,16,14,10,6,7,4,3,6,2,2,1,1,2,1,0,0,0,0,3,1,1,1,0,2,1,0,1,1,1,0,1,1,0,0,0,1,1,1,1,0,2,3,0,0,1,3,0,1,1,1,2,0,1,1,1,0,0,3,2,1,2,1,3,5,1,0,0,1,0,1,0,0,0,0,1,1,2,0,0,0,0,0,2,1,1,2
249,96,37,10,5,2,2,1,1,1,0,0,0,0,1,0,0,0,0,1,0,0,0,0,0,0,0,0,0,0,0,0,0,0,0,0,0,0,0,0,0,0,0,0,0,0,0,0,0,0,0,0,0,0,0,1,0,0,0,0,1,0,0,0,0,0,0,0,0,0,1,1,0,0,0,0,0,0,0,0,0,0,0,0,0,0,0,0,0,0,0,0,0,0,0,0,0,0,0,1
1,3,2,4,1,1,8,10,3,4,9,4,3,2,9,8,7,11,10,11,20,15,22,32,17,12,19,20,15,12,17,11,12,6,10,3,10,4,5,4,4,3,6,3,8,2,2,2,0,1,3,2,1,0,1,0,1,0,1,0,0,0,1,1,0,0,1,0,0,0,0,0,0,0,0,1,0,0,0,0,1,0,0,1,0,0,0,0,0,0,0,1,0,0,0,1,1,1,0,1
84,72,34,22,8,6,2,6,2,2,1,0,0,0,1,0,0,1,3,0,0,1,1,0,0,0,1,1,0,0,0,0,0,0,0,0,0,0,0,0,0,0,0,0,0,0,0,0,0,0,1,0,0,0,0,0,0,0,0,0,0,0,0,0,0,0,0,0,0,0,0,0,0,0,1,0,0,0,0,0,0,0,0,0,0,0,0,0,0,0,0,0,0,0,0,1,0,0,0,1
124,58,54,41,21,9,9,6,13,7,5,6,4,2,7,4,4,2,5,4,4,2,7,4,7,1,5,2,3,0,3,2,1,0,1,1,2,0,0,1,0,1,1,1,0,1,0,0,0,0,1,0,1,0,0,1,0,1,0,0,2,0,0,1,2,1,1,0,2,0,1,1,0,0,2,1,0,2,2,1,0,1,1,0,3,1,1,1,2,2,2,0,0,1,0,3,3,7,5,4
115,47,63,38,27,13,8,7,9,10,6,4,6,2,6,4,5,1,5,3,6,2,6,5,7,1,5,2,2,1,3,2,1,0,1,1,2,0,0,1,0,1,1,1,0,1,0,0,0,0,0,1,1,0,0,0,1,1,0,0,2,0,0,1,2,1,1,0,2,0,1,1,0,0,2,1,0,2,2,1,0,0,2,0,3,1,1,1,2,1,3,0,0,1,0,3,3,7,5,4
772,1244,1393,1418,1330,1240,1116,1050,939,867,787,698,612,560,524,443,384,384,356,283,258,285,246,182,154,166,139,124,104,106,101,97,92,61,62,51,76,40,40,35,29,33,32,23,23,22,14,20,21,13,15,12,9,9,7,11,8,9,7,4,4,9,4,2,4,2,2,1,2,4,3,2,4,1,4,0,2,1,1,2,1,0,0,0,0,0,0,0,0,1,0,0,0,0,0,0,0,0,0,1
651,855,1007,920,807,762,704,618,576,513,460,429,390,340,284,309,273,257,233,190,180,144,127,136,128,96,87,93,82,68,63,45,42,56,51,41,23,35,16,25,21,16,24,11,16,19,14,15,15,9,12,6,9,6,9,5,2,5,7,3,3,2,4,2,0,2,1,1,3,1,1,3,2,2,0,1,0,0,0,0,0,0,0,0,0,0,0,0,0,0,0,0,0,0,0,1,0,0,0,2
13,29,27,24,26,19,15,21,18,16,17,19,15,21,16,22,18,11,17,8,16,20,14,15,14,9,16,11,10,15,6,7,8,12,7,10,12,8,4,6,6,4,3,6,5,4,3,3,0,2,2,2,1,2,1,0,1,1,1,1,0,0,2,2,2,0,0,0,0,0,0,0,0,0,1,0,0,0,0,1,0,0,0,0,1,0,0,0,0,0,0,0,0,0,0,0,0,0,0,3
190,155,45,23,25,28,30,54,50,51,50,35,31,20,7,11,9,6,9,4,3,2,4,2,0,2,0,2,0,2,0,0,0,1,0,1,0,0,0,0,0,0,0,0,0,0,0,0,0,0,0,0,0,0,0,0,0,0,0,0,0,0,0,0,0,0,0,0,0,0,0,0,0,0,0,0,0,0,0,0,0,0,0,0,0,0,0,0,0,0,0,0,0,0,0,0,0,0,0,1
5,9,15,78,169,142,76,35,24,20,11,5,7,1,2,1,0,1,1,1,0,0,0,1,0,0,2,0,0,0,0,0,1,0,0,0,0,0,0,0,0,0,0,0,0,0,0,1,0,0,0,0,0,0,0,0,0,0,0,0,0,0,0,0,0,0,1,0,0,0,0,0,0,0,0,0,0,0,0,0,0,0,0,0,0,0,0,0,0,0,0,0,0,0,0,0,0,0,0,1
5,1,4,6,0,4,10,4,1,3,4,3,2,2,1,1,0,2,3,3,2,1,1,1,2,1,0,3,0,2,0,2,5,2,0,3,2,2,1,2,1,0,5,2,1,1,0,1,0,1,0,1,2,1,0,1,0,0,1,1,0,1,1,1,1,1,0,0,0,0,1,0,0,0,0,1,0,1,0,0,0,2,2,1,1,0,0,0,0,1,0,1,2,1,0,1,2,1,0,1
195,67,41,13,3,4,1,1,1,0,0,1,0,0,0,0,0,0,0,0,0,0,2,0,0,0,1,1,0,2,0,0,0,1,2,1,0,0,0,0,0,0,0,0,0,0,1,0,0,1,0,2,0,0,1,0,0,1,0,0,0,0,1,0,0,1,0,0,1,0,1,0,0,2,1,0,1,1,0,0,0,0,0,0,0,0,2,0,0,0,0,0,0,0,0,0,0,1,0,1
195,200,97,49,28,17,17,11,9,4,3,2,3,1,2,2,0,1,2,3,1,0,0,0,1,1,0,0,0,0,0,1,0,0,1,1,1,0,1,1,0,1,0,0,1,0,1,1,1,0,2,0,1,1,2,1,3,1,0,0,1,0,1,0,0,0,1,0,0,0,1,0,0,1,1,0,1,1,1,0,0,0,2,2,2,2,0,0,1,0,1,0,2,0,2,0,0,1,0,1
1,0,1,0,3,2,7,26,13,29,30,31,21,15,25,15,19,13,12,12,9,7,4,11,6,5,3,4,3,5,1,3,3,0,1,0,2,2,2,1,0,1,1,0,2,2,0,0,2,0,0,0,1,1,1,0,0,0,1,0,1,0,1,0,1,2,0,0,1,0,0,0,0,0,1,0,0,0,0,0,0,1,0,0,1,0,0,0,0,0,0,0,0,0,0,0,0,0,0,1
5,9,4,9,9,18,24,39,54,46,41,44,49,32,29,31,20,14,14,14,8,13,8,7,8,3,6,3,3,3,4,5,2,0,6,5,0,1,4,1,0,3,0,0,2,1,2,1,0,2,5,2,7,1,1,1,2,1,1,1,1,0,2,0,1,1,1,0,0,2,2,1,1,0,1,1,0,2,0,0,0,1,1,0,3,0,1,1,1,0,1,1,1,1,3,3,0,1,2,2
2,3,0,1,3,2,3,6,5,23,11,21,34,29,47,43,27,22,22,16,15,14,13,11,7,8,6,5,2,6,3,9,5,0,3,5,2,5,0,0,1,1,1,1,2,1,0,0,0,0,0,0,1,0,0,0,2,2,0,1,0,0,0,1,0,1,1,0,0,0,1,0,0,0,0,0,1,0,2,0,0,0,1,1,0,0,0,1,0,0,0,0,1,0,0,0,0,0,0,1
1,0,0,0,0,0,0,0,0,0,0,0,0,0,0,0,0,0,0,0,0,0,0,0,0,0,0,0,0,0,0,0,0,0,0,0,0,0,0,0,0,0,0,0,0,0,0,0,0,0,0,0,0,0,0,0,0,0,0,0,0,0,0,0,0,0,0,0,0,0,0,0,0,0,0,0,0,0,0,0,0,0,0,0,0,0,0,0,0,0,0,0,0,0,0,0,0,0,0,1
31,39,23,23,21,26,19,13,10,9,8,8,5,4,4,0,5,2,1,3,1,3,2,0,1,4,3,1,1,0,2,5,0,1,1,1,1,1,1,2,3,1,3,1,2,1,0,2,1,1,1,1,2,0,2,2,2,2,1,1,2,0,2,0,1,1,2,0,0,2,1,0,2,3,1,0,1,1,2,1,1,0,2,0,0,4,2,1,1,1,0,1,0,0,0,0,1,1,0,2
1,0,0,0,0,0,1,0,0,0,0,0,0,0,0,0,0,0,0,0,1,0,0,0,0,0,0,1,0,0,0,0,0,0,0,0,0,1,0,0,0,0,0,0,0,0,0,0,0,0,0,0,0,0,0,0,0,0,0,0,0,0,0,0,0,0,0,0,0,0,0,0,0,0,0,0,0,0,0,0,0,0,0,0,0,0,0,0,0,0,0,0,0,0,0,0,0,0,0,1
22,22,17,4,5,3,3,4,2,3,2,2,2,0,2,2,1,1,1,0,0,3,1,3,0,1,1,1,0,1,2,2,0,0,0,0,0,0,1,0,0,2,0,0,0,1,0,0,0,1,0,0,0,0,0,1,1,0,0,0,0,0,1,0,0,0,0,0,0,0,1,0,0,0,0,0,0,0,1,0,0,0,0,1,0,0,0,0,0,0,1,0,0,0,0,0,0,0,0,1
113,10,5,3,2,0,0,2,1,0,0,0,0,0,0,0,0,1,0,0,0,0,1,1,0,1,0,1,2,0,0,0,2,1,1,1,1,1,0,2,0,1,0,1,0,0,0,0,0,2,1,0,0,0,1,0,2,0,0,0,0,0,0,0,0,0,0,0,0,1,0,0,0,0,0,0,0,1,0,0,0,0,0,1,0,0,0,0,0,0,1,0,0,0,1,1,1,0,0,2
292,50,8,7,1,1,3,1,3,2,1,2,0,0,1,1,2,1,1,1,1,1,1,0,0,0,0,0,0,3,0,0,0,0,1,1,1,1,1,0,0,2,0,0,1,1,1,1,1,0,0,1,0,0,0,0,1,0,0,0,0,0,0,0,1,0,0,0,1,0,0,1,0,1,0,1,0,1,1,0,0,1,0,1,0,1,0,0,1,0,1,0,1,0,0,0,0,0,1,1
297,130,128,127,53,50,43,38,31,43,33,26,23,14,21,18,23,23,23,22,26,22,22,17,12,14,5,5,11,13,4,9,9,3,6,2,1,3,2,2,3,3,1,3,0,2,0,3,0,0,1,3,1,2,3,0,1,0,0,1,0,2,0,0,1,2,2,0,0,1,0,2,1,1,0,0,0,2,2,1,0,1,0,1,1,0,0,0,1,0,0,2,0,0,0,0,0,0,0,1
227,152,77,53,65,32,37,31,19,26,21,19,24,13,24,15,20,11,20,15,13,12,3,12,1,6,7,11,5,8,5,2,4,0,2,2,2,2,3,3,2,5,3,2,2,0,2,1,0,0,3,2,1,2,8,1,4,3,0,2,6,0,0,2,1,0,5,3,0,0,0,0,1,0,1,0,2,0,0,0,1,3,0,0,1,1,1,0,0,1,0,2,1,2,1,1,1,1,1,2
232,95,32,18,12,16,5,4,3,4,6,7,5,6,6,5,9,2,6,2,3,5,2,2,2,3,1,1,2,4,2,0,5,2,4,4,4,4,0,4,1,2,2,4,1,0,0,1,2,2,0,0,2,4,2,3,2,1,0,1,1,2,2,0,0,2,0,0,0,1,1,3,2,1,0,1,0,0,0,0,1,1,1,0,2,2,0,1,1,0,2,0,0,1,0,0,0,0,0,1
301,226,99,55,38,22,17,15,7,3,5,7,5,1,4,4,0,5,2,3,0,1,2,1,2,2,1,1,2,1,0,0,3,1,1,0,1,1,1,3,1,1,0,0,1,0,2,0,2,0,3,0,1,1,0,2,0,1,2,0,0,0,0,2,0,0,0,0,0,0,2,1,2,1,1,0,2,0,0,0,1,0,1,0,0,0,1,1,0,1,0,0,0,0,0,0,1,0,0,1
107,129,86,35,13,12,5,5,1,1,2,0,0,1,0,1,0,1,1,1,0,1,0,0,0,1,0,0,0,0,0,0,0,0,0,0,1,0,0,1,0,0,1,0,0,1,0,0,0,0,1,0,0,1,0,0,0,1,0,0,0,1,0,1,0,1,3,0,0,0,0,1,0,0,0,0,0,0,0,2,0,0,0,0,0,0,0,0,0,0,0,0,1,0,0,0,0,0,0,1
21,15,9,8,7,5,4,2,0,2,0,0,2,0,1,0,0,1,0,0,0,0,0,0,0,0,0,0,0,0,0,0,0,0,0,0,0,0,0,0,0,0,0,0,0,0,0,0,0,0,0,0,0,0,0,0,0,0,0,0,0,0,0,0,0,0,0,0,0,0,0,0,0,0,0,0,0,0,0,0,0,0,0,0,0,0,0,0,0,0,0,0,0,0,0,0,0,0,0,1
3,1,1,0,0,0,0,1,2,8,3,2,5,0,0,0,0,0,0,0,0,1,1,4,2,1,0,2,0,0,2,1,1,1,2,2,0,3,1,1,0,0,1,1,1,3,0,1,1,0,0,1,0,0,0,0,0,1,1,1,0,0,0,1,1,0,0,0,0,0,2,0,0,0,0,0,1,1,1,0,2,0,0,0,0,1,0,1,0,0,0,1,3,0,0,0,0,1,0,1
83,38,32,26,24,15,8,3,5,3,1,6,4,3,3,2,1,2,2,2,1,2,0,3,0,1,0,0,3,1,2,1,1,0,2,1,0,0,0,2,2,1,2,1,0,1,1,2,2,0,0,0,2,2,1,1,0,1,1,0,0,0,0,1,1,0,0,0,0,0,0,0,2,0,0,0,1,0,1,1,0,0,0,0,0,0,0,0,1,0,0,0,0,1,0,0,0,1,0,1
72,42,23,22,11,9,9,9,10,4,9,2,4,4,3,9,1,1,6,3,1,5,4,2,4,1,6,4,3,4,1,2,2,3,1,1,0,1,2,2,0,3,1,4,2,2,2,0,2,5,3,3,2,0,2,0,1,2,4,2,5,4,2,0,1,2,5,5,2,1,2,0,2,5,2,5,1,6,3,3,1,3,2,1,6,3,5,4,2,2,1,1,2,2,2,7,4,4,3,3
93,45,14,8,2,3,0,4,4,1,0,2,1,1,1,1,1,0,2,1,1,0,5,0,0,2,0,0,0,0,0,1,1,1,1,0,0,1,0,1,2,1,0,0,1,2,1,1,1,0,3,0,2,0,0,0,1,0,1,1,0,1,0,0,2,0,0,0,0,0,0,0,0,0,1,0,0,3,0,0,0,1,0,1,0,0,1,0,0,2,0,0,0,1,1,0,0,0,1,1
4,2,3,0,2,0,0,0,0,1,0,0,0,0,0,0,0,0,0,0,0,0,0,0,0,0,0,0,0,0,0,0,0,0,0,0,0,0,1,0,0,0,0,0,0,0,0,0,0,0,0,0,0,0,0,0,0,0,0,0,0,0,0,0,0,0,0,0,0,0,0,0,0,0,0,0,0,0,0,0,0,0,0,0,1,0,0,0,0,0,0,0,0,0,0,1,0,0,0,1
44,37,15,6,10,7,6,8,7,9,5,2,1,5,4,3,7,3,2,4,4,6,2,1,2,2,2,3,3,0,1,1,1,4,2,1,4,1,1,1,1,1,3,3,3,5,4,1,2,3,3,2,1,0,1,3,1,2,1,1,1,1,1,1,0,0,0,0,0,1,1,1,1,0,0,1,0,0,0,1,2,0,1,0,3,0,0,1,0,0,0,1,1,0,0,2,0,3,0,3
6,11,10,16,7,5,7,10,8,5,4,4,3,3,2,2,6,4,3,8,2,8,2,5,7,2,2,3,4,2,7,1,6,2,2,2,4,4,3,1,3,5,9,3,1,3,1,2,3,5,3,4,4,2,0,2,4,1,2,3,2,1,1,2,7,3,3,4,2,3,3,1,5,2,2,0,0,3,1,2,1,1,2,1,2,0,1,1,5,2,0,1,1,0,2,1,1,2,1,2
20,1,1,1,0,0,0,0,0,0,1,0,0,0,0,0,0,0,0,0,0,0,1,0,0,0,0,0,0,0,0,0,0,0,0,0,0,0,0,0,0,0,0,0,0,0,0,1,0,0,0,0,0,0,0,0,0,0,1,0,0,0,0,0,0,0,0,1,0,0,0,0,0,0,1,0,0,0,0,0,0,0,0,0,0,1,0,0,0,0,0,0,0,0,0,0,0,0,0,1
67,25,7,5,3,1,0,1,1,3,1,0,2,3,1,0,0,0,1,0,0,0,0,0,1,0,1,0,0,0,0,0,0,0,0,1,2,0,0,0,2,1,0,0,0,1,0,0,1,2,0,0,0,0,0,0,2,0,0,0,0,0,1,1,2,2,1,1,2,0,2,1,1,2,0,0,1,2,2,0,0,1,0,1,0,1,2,1,1,1,3,0,1,0,1,2,1,3,1,4
464,151,66,35,28,24,16,14,14,18,11,13,16,15,8,17,12,12,9,7,12,6,5,6,7,2,8,4,7,2,3,5,6,3,3,6,10,2,5,1,6,2,1,7,5,1,1,4,3,6,5,1,1,0,3,2,1,3,1,2,3,2,3,1,2,1,2,1,0,1,1,1,0,0,1,0,0,1,0,0,1,1,3,1,3,1,2,1,1,0,0,0,0,1,0,0,1,0,0,1
1,0,0,0,1,0,0,0,0,0,0,0,0,0,1,0,0,2,1,0,0,0,0,0,0,1,1,1,0,0,0,1,0,1,0,0,0,0,0,0,0,2,0,0,1,0,1,0,1,0,0,0,0,0,0,0,0,0,0,0,0,0,0,0,1,0,0,0,0,0,0,0,0,0,0,0,0,1,0,1,1,0,0,1,0,0,0,1,0,0,0,0,0,0,0,1,0,1,0,2
371,54,28,18,15,9,10,8,5,4,4,2,2,5,0,3,0,4,6,5,3,1,2,6,4,1,2,2,2,2,4,0,5,3,3,1,0,3,3,3,1,4,2,3,1,5,1,2,1,1,1,0,2,1,1,2,0,1,1,1,4,0,0,0,0,1,1,1,0,0,1,1,4,2,0,0,1,0,0,0,2,2,0,0,0,0,0,3,1,1,0,0,0,2,1,0,0,1,0,1
29,16,13,6,5,7,2,3,2,0,0,2,0,0,0,0,2,0,3,0,0,1,0,0,0,0,1,0,0,0,0,0,0,0,0,1,0,0,0,1,1,0,0,0,1,0,0,0,1,0,1,0,0,0,0,0,0,0,0,0,0,0,0,0,0,1,0,0,0,0,0,0,0,0,3,0,0,0,0,0,0,0,0,0,0,1,1,0,0,0,0,0,0,0,0,0,0,0,0,1
1,0,0,0,0,0,0,0,0,0,0,0,0,0,0,0,0,0,0,1,0,0,0,0,0,0,0,0,0,0,0,0,1,0,0,0,0,0,0,0,0,0,0,0,0,0,0,0,0,0,0,0,0,0,0,0,0,0,0,0,0,1,0,0,0,0,0,0,0,1,1,0,0,0,0,0,0,0,0,0,0,0,0,0,0,0,0,0,0,0,0,0,0,0,0,0,0,0,0,1
1,0,0,0,0,0,0,0,0,0,0,0,0,0,0,0,0,0,0,0,0,0,0,0,0,0,0,0,0,0,0,0,0,0,0,0,0,0,0,0,0,0,0,0,0,0,0,0,0,0,0,0,0,0,0,1,0,0,0,0,0,0,0,0,0,0,0,0,0,0,0,0,1,0,0,0,0,0,0,0,0,0,0,0,0,0,0,0,0,0,0,0,0,0,0,0,0,0,1,1
183,68,69,52,35,34,21,15,6,9,9,11,10,9,3,3,6,1,2,3,4,1,0,0,4,0,3,1,0,2,0,1,0,0,0,1,0,0,0,0,0,0,0,0,1,0,0,0,0,0,0,0,0,0,2,0,0,1,0,0,0,0,0,0,0,0,0,1,0,0,0,0,0,0,0,1,0,0,0,0,0,0,0,0,0,0,0,0,0,0,0,0,0,0,0,0,0,0,0,1
2,0,1,1,0,0,0,0,0,1,1,0,0,1,0,1,3,2,1,7,7,6,7,10,11,6,12,18,12,11,9,14,12,5,7,10,10,7,9,12,8,4,10,5,11,6,3,4,6,5,5,7,5,2,5,4,5,1,3,3,5,5,1,2,2,5,1,1,1,4,1,2,1,3,3,2,3,1,2,0,2,0,4,1,2,2,1,1,0,2,1,3,0,1,1,1,0,1,0,1
354,218,92,53,43,23,13,13,5,4,6,3,3,3,1,2,2,1,1,1,3,0,0,1,0,0,0,0,1,0,0,0,4,0,2,1,2,1,1,1,3,2,0,1,3,2,2,1,1,0,0,1,2,0,0,3,0,1,0,2,0,1,0,0,0,0,0,1,1,0,1,0,1,1,0,1,0,0,0,0,0,1,0,1,0,2,0,2,1,0,0,0,0,0,1,0,1,0,0,1
405,28,2,2,0,0,0,0,0,0,0,0,0,0,0,0,0,0,0,0,0,1,0,0,0,2,0,0,1,2,2,4,3,1,7,2,0,2,1,2,0,0,0,1,1,2,1,0,1,0,0,0,0,1,0,1,0,0,3,0,1,3,1,0,4,1,2,0,0,1,2,1,0,0,1,0,3,1,0,0,0,0,1,0,1,1,0,1,0,0,1,0,0,1,2,0,3,1,0,2
69,37,20,15,6,4,8,7,10,5,13,12,5,6,6,3,4,1,0,4,0,2,0,2,0,1,1,0,1,0,0,0,1,0,0,0,0,0,0,0,0,0,0,0,0,0,0,0,0,0,0,1,0,0,0,0,0,0,0,0,0,0,0,0,0,0,0,0,0,0,0,0,0,0,0,0,0,0,0,0,0,0,0,0,0,0,0,0,0,0,0,0,0,0,0,0,0,0,0,1
34,14,5,9,5,3,4,2,1,1,2,2,2,0,1,0,0,0,0,1,0,0,0,1,0,0,0,0,0,0,0,1,0,0,0,0,1,0,0,0,1,0,0,0,0,0,0,0,0,1,0,0,0,1,0,0,0,0,1,0,0,0,0,1,1,0,0,1,0,0,0,0,0,0,0,0,0,0,1,0,0,0,0,0,0,1,0,0,0,0,0,0,1,0,0,0,0,0,1,1
722,67,9,0,2,1,0,0,0,0,0,0,0,0,0,1,2,0,1,0,1,2,1,1,0,2,1,1,1,0,3,0,1,0,0,2,1,2,4,2,1,0,1,1,3,0,0,2,1,1,0,2,0,2,3,0,1,5,2,1,3,1,2,1,2,0,1,1,1,2,1,0,4,0,0,3,2,0,1,0,0,1,1,0,3,2,0,1,3,1,1,2,0,1,0,0,1,1,0,1
191,26,7,1,2,0,0,0,0,0,0,0,0,0,0,0,0,0,0,0,1,0,1,3,3,4,2,8,4,9,9,7,14,8,5,9,3,7,4,6,10,1,4,4,1,2,6,2,0,0,1,1,1,1,1,0,0,0,0,0,0,0,0,0,1,1,2,0,0,0,0,1,0,0,0,0,2,0,1,0,0,1,0,0,0,0,0,0,0,0,0,0,0,0,0,0,0,0,0,1
196,71,33,32,9,8,15,8,10,5,4,5,5,2,1,5,0,3,1,2,3,2,2,0,0,0,1,1,0,2,0,2,0,1,0,0,1,2,0,1,0,0,0,0,2,0,1,0,0,0,0,0,1,1,0,0,0,0,1,0,0,0,0,0,0,0,0,1,0,2,0,0,0,0,0,0,0,0,1,0,0,0,0,0,0,1,0,0,0,0,0,0,0,0,0,0,0,0,1,3
16,21,26,33,38,43,38,38,23,39,26,30,18,23,19,18,13,6,5,4,11,3,2,2,4,3,2,1,2,2,2,0,0,3,0,0,0,1,1,0,1,0,1,0,0,1,0,0,0,0,0,0,0,0,1,0,1,0,1,0,1,0,0,1,1,0,0,1,1,0,0,0,2,0,0,0,0,0,0,0,0,0,1,1,0,0,1,0,1,0,1,1,1,0,0,1,0,0,1,1
16,21,26,33,38,42,39,38,23,39,26,30,18,23,19,18,13,6,5,4,11,3,2,2,4,3,2,1,2,2,2,0,0,3,0,0,0,1,1,0,1,0,1,0,0,1,0,0,0,0,0,0,0,0,1,0,1,0,1,0,1,0,0,1,1,0,0,1,1,0,0,0,2,0,0,0,0,0,0,0,0,0,1,1,0,0,1,0,1,0,1,1,1,0,0,1,0,0,1,1
157,45,14,12,10,7,4,5,1,2,4,2,2,2,0,1,1,1,2,0,0,1,0,0,1,1,0,1,1,1,1,0,0,0,1,0,1,1,0,0,0,0,1,0,0,0,1,0,0,0,0,0,1,0,0,1,0,0,0,0,0,1,0,1,1,1,0,0,0,1,1,1,0,0,0,0,1,0,1,0,1,0,0,1,0,0,1,0,0,2,0,1,0,0,0,1,1,0,1,2
38,8,8,8,5,16,7,12,24,20,26,17,20,13,13,10,14,10,13,22,12,11,13,9,9,8,9,10,9,8,13,8,10,7,2,5,6,2,4,3,1,3,1,1,1,1,1,3,2,6,2,1,1,2,1,1,1,0,1,0,0,0,2,0,1,2,0,2,0,0,0,1,0,0,0,0,0,0,2,0,0,0,0,3,0,0,1,0,0,0,0,2,1,0,0,0,0,0,0,1
370,154,32,19,11,1,5,1,0,1,3,1,2,1,0,1,1,4,0,0,1,3,2,4,1,0,2,1,0,0,2,0,0,0,1,1,1,0,2,2,0,2,2,0,1,2,2,2,1,1,2,2,4,2,1,1,1,0,1,0,2,1,1,0,1,0,1,0,0,1,2,2,1,0,1,0,0,2,0,1,0,1,1,0,1,0,0,0,0,1,2,1,0,1,0,0,1,1,1,3
4,6,5,5,6,28,47,70,89,101,81,66,65,54,31,37,31,22,18,14,16,8,9,5,7,3,2,2,3,3,0,1,1,1,0,1,2,0,2,1,0,0,1,0,0,1,0,1,0,1,2,1,0,1,0,2,0,0,2,0,0,0,0,1,0,0,0,1,0,0,1,0,0,0,0,0,0,0,0,0,0,0,1,0,0,0,0,0,0,0,0,0,0,0,1,0,0,0,0,1
1673,68,20,7,7,1,2,0,0,0,0,0,0,0,0,0,0,0,0,0,0,0,0,0,0,0,0,0,0,0,0,0,0,0,0,0,0,0,0,0,0,0,0,0,0,0,0,0,0,0,0,0,0,0,0,0,0,0,0,0,0,0,0,0,0,0,0,0,0,0,0,0,0,0,0,0,0,0,0,0,0,0,0,0,0,0,0,0,0,0,0,0,0,0,0,0,0,0,0,1
152,65,33,17,11,5,4,3,5,4,1,2,4,1,1,4,0,0,0,0,5,1,1,2,0,3,0,0,2,0,1,3,0,0,1,1,0,1,0,0,1,0,1,0,0,0,0,0,1,1,0,0,0,0,1,0,0,0,0,0,0,0,1,1,1,0,0,0,1,0,0,0,1,0,0,0,1,0,0,0,0,0,0,0,1,0,0,0,0,0,0,0,0,1,0,0,0,0,0,2
228,156,63,55,52,56,66,64,56,53,43,42,41,30,23,26,27,32,20,20,24,16,18,13,16,11,9,9,12,5,11,7,8,11,5,8,10,12,7,6,3,6,2,6,2,3,5,8,3,1,6,4,0,3,4,5,3,2,1,1,2,1,4,1,0,2,1,0,1,0,0,4,2,0,1,0,0,0,2,2,0,0,2,1,1,2,0,1,0,1,1,0,2,0,1,0,0,0,0,1
4,9,10,7,15,15,8,8,10,12,6,3,6,3,4,4,2,5,6,2,7,4,6,4,6,5,4,2,3,5,3,6,0,7,2,2,4,4,1,3,4,2,5,10,2,1,4,1,2,1,8,1,4,4,2,2,1,4,1,3,2,2,2,0,5,5,4,5,1,3,2,3,3,5,1,2,0,2,1,2,1,2,2,2,2,0,1,0,4,2,2,1,2,0,2,1,1,3,0,2
1,0,0,0,1,0,0,0,0,1,0,1,0,0,0,0,0,0,0,1,0,0,0,0,0,0,1,0,0,0,1,0,0,0,0,0,0,0,0,1,0,0,0,0,0,0,0,0,0,0,0,0,0,0,0,0,0,0,0,0,0,0,0,0,0,0,0,0,0,0,0,0,0,0,0,0,1,0,0,0,0,0,0,0,0,0,0,0,0,0,0,0,0,0,0,0,0,0,0,3
45,34,13,8,6,3,1,0,3,1,0,0,1,0,0,0,0,0,0,0,0,0,1,2,1,2,0,0,0,0,1,0,1,1,2,2,2,1,0,0,2,1,0,0,0,1,0,0,0,0,0,1,0,1,0,1,1,0,1,0,0,0,1,1,0,1,0,0,0,0,1,0,1,0,0,0,0,1,0,0,0,0,0,0,0,0,0,0,1,0,0,2,1,0,0,0,0,0,0,1
91,24,16,17,16,21,11,17,18,14,10,11,11,10,11,7,14,12,5,3,9,3,4,9,9,3,4,6,11,5,1,6,7,3,4,8,4,1,3,3,3,2,1,1,6,3,1,1,1,3,1,2,2,2,0,2,2,0,1,2,1,1,2,2,2,1,1,2,1,3,1,1,2,2,3,1,1,3,2,2,3,1,1,0,0,1,1,1,3,1,0,1,2,2,1,3,0,0,1,2
177,167,69,30,24,13,8,9,7,6,3,0,3,1,1,1,1,0,0,3,2,0,0,1,0,0,0,0,0,0,0,0,0,0,0,0,0,0,1,0,0,1,0,0,0,0,0,0,0,1,1,0,0,0,0,0,0,0,0,0,0,0,0,0,0,0,0,0,0,0,0,0,0,0,0,1,0,0,0,0,0,0,0,0,1,0,0,0,0,1,0,0,1,0,0,0,0,0,1,1
23,24,22,16,13,11,6,3,5,10,4,1,3,5,3,0,0,4,0,0,1,0,0,1,4,1,1,0,2,1,0,1,0,2,0,0,0,0,3,0,2,1,0,1,0,0,0,1,0,0,0,1,1,0,0,0,1,2,0,1,0,0,2,0,0,0,1,0,0,0,2,0,0,0,2,0,1,0,0,0,0,0,0,0,0,0,1,0,0,0,0,0,0,0,0,0,0,0,0,2
211,154,119,74,84,61,56,61,46,50,42,36,31,22,30,23,21,18,18,15,14,26,13,15,15,11,6,10,13,13,11,3,5,4,2,7,7,6,2,5,3,3,5,4,1,3,5,2,1,3,3,4,3,0,5,3,1,1,3,2,5,3,2,3,3,1,2,3,0,2,3,1,3,1,1,1,2,0,3,1,0,1,5,1,3,0,2,0,0,1,0,0,1,1,0,0,2,0,0,2
789,137,32,22,18,8,13,7,6,8,4,2,3,2,2,4,5,1,3,1,1,2,2,4,2,2,3,2,3,1,3,8,3,2,7,1,6,1,6,5,8,3,1,5,1,1,4,4,2,7,2,3,6,2,4,2,4,4,3,2,4,2,4,3,4,4,1,4,5,3,2,4,4,2,0,5,1,5,6,6,2,3,1,1,1,1,3,1,2,1,5,1,3,2,1,3,2,3,1,3
1,0,0,1,0,1,0,1,0,0,0,0,0,0,0,0,0,0,0,0,0,0,0,1,0,0,0,0,0,0,0,0,0,0,0,0,0,0,0,0,0,0,0,0,0,0,0,0,0,0,0,0,0,0,0,0,0,0,0,0,0,0,0,0,0,0,0,0,0,0,0,0,0,0,0,0,0,0,0,0,1,0,0,0,0,1,0,1,0,0,0,0,0,0,0,0,0,0,1,1
457,60,17,7,5,1,1,2,0,0,0,0,0,2,1,1,1,1,0,0,0,0,0,1,1,0,1,0,0,1,0,1,0,0,2,1,0,1,1,0,0,1,1,1,4,1,0,1,0,0,0,0,0,1,0,0,1,2,0,0,0,0,0,1,0,0,0,1,0,0,0,0,1,0,0,0,1,0,0,0,0,1,0,0,0,1,2,0,0,0,0,0,2,0,0,0,0,0,0,1
4,2,2,1,2,4,1,3,5,3,0,0,2,0,2,1,1,0,0,1,1,1,0,2,2,1,0,0,0,1,0,1,0,0,0,0,1,1,1,0,0,0,0,0,0,0,0,0,0,0,0,0,1,0,0,0,0,0,0,0,0,0,0,0,0,0,0,0,0,1,0,0,0,0,0,0,0,1,0,0,0,0,0,0,0,0,0,0,0,1,1,0,0,0,0,0,0,1,0,1
185,171,117,95,68,52,45,41,23,28,20,22,14,18,14,17,13,9,14,10,9,7,5,14,10,5,8,4,7,2,10,5,4,9,12,7,2,7,8,5,9,4,5,7,8,3,8,4,0,1,1,5,7,6,5,0,2,2,2,3,3,6,2,3,2,4,2,4,2,3,2,2,2,1,0,1,2,4,2,2,3,2,2,0,1,4,0,1,0,2,0,3,2,0,2,0,2,3,0,1
553,67,22,11,11,7,9,9,13,18,18,16,11,20,16,19,8,13,10,7,11,4,3,6,1,3,3,3,2,4,6,3,4,4,2,2,3,3,3,0,1,1,1,1,2,4,4,2,0,3,3,3,0,2,0,2,0,1,1,1,0,0,0,0,1,3,1,1,1,0,1,1,0,1,0,0,2,2,2,3,1,1,0,4,1,0,1,1,0,0,1,0,2,1,1,0,0,1,1,2
342,138,26,11,17,8,7,5,4,3,5,3,4,3,1,5,3,3,3,2,2,5,0,1,3,1,4,0,3,2,2,0,1,1,2,1,2,1,5,0,1,1,0,1,2,2,0,0,3,3,1,0,1,0,1,2,1,0,2,2,1,1,1,0,2,0,1,1,0,3,0,0,1,1,0,0,1,1,2,0,0,1,1,1,3,1,0,2,2,1,2,1,1,1,3,1,2,1,0,1
60,41,25,25,21,9,8,11,7,4,5,2,2,5,7,1,3,0,6,4,2,3,0,0,0,2,0,0,1,0,2,3,1,2,0,0,2,1,2,1,0,2,0,1,0,0,1,2,2,1,1,1,2,0,0,1,0,2,0,1,1,1,2,1,0,1,1,0,1,2,4,0,1,1,1,0,3,0,3,1,0,1,1,2,1,1,0,2,1,0,1,0,0,1,0,0,0,1,1,1
1,0,1,0,3,2,7,26,13,30,29,31,21,16,24,15,19,13,12,12,9,7,4,11,6,5,3,4,3,5,1,3,3,0,1,0,2,2,2,1,0,1,1,0,2,2,0,0,2,0,0,0,1,1,1,0,0,0,1,0,1,0,1,0,1,2,0,0,1,0,0,0,0,0,1,0,0,0,0,0,0,1,0,0,1,0,0,0,0,0,0,0,0,0,0,0,0,0,0,1
195,67,41,13,3,4,1,1,1,0,0,1,0,0,0,0,0,0,0,0,0,0,2,0,0,0,1,1,0,2,0,0,0,1,2,1,0,0,0,0,0,0,0,0,0,0,1,0,0,1,0,2,0,0,1,0,0,1,0,0,0,0,1,0,0,1,0,0,1,0,1,0,0,2,1,0,1,1,0,0,0,0,0,0,0,0,2,0,0,0,0,0,0,0,0,0,0,1,0,1
195,200,97,49,28,17,17,11,9,4,3,2,3,1,2,2,0,1,2,3,1,0,0,0,1,1,0,0,0,0,0,1,0,0,1,1,1,0,1,1,0,1,0,0,1,0,1,1,1,0,2,0,1,1,2,1,3,1,0,0,1,0,1,0,0,0,1,0,0,0,1,0,0,1,1,0,1,1,1,0,0,0,2,2,2,2,0,0,1,0,1,0,2,0,2,0,0,1,0,1
1,0,1,0,3,2,7,26,13,29,30,31,21,15,25,15,19,13,12,12,9,7,4,11,6,5,3,4,3,5,1,3,3,0,1,0,2,2,2,1,0,1,1,0,2,2,0,0,2,0,0,0,1,1,1,0,0,0,1,0,1,0,1,0,1,2,0,0,1,0,0,0,0,0,1,0,0,0,0,0,0,1,0,0,1,0,0,0,0,0,0,0,0,0,0,0,0,0,0,1
5,9,4,9,9,18,24,39,54,46,41,44,49,32,29,31,20,14,14,14,8,13,8,7,8,3,6,3,3,3,4,5,2,0,6,5,0,1,4,1,0,3,0,0,2,1,2,1,0,2,5,2,7,1,1,1,2,1,1,1,1,0,2,0,1,1,1,0,0,2,2,1,1,0,1,1,0,2,0,0,0,1,1,0,3,0,1,1,1,0,1,1,1,1,3,3,0,1,2,2
2,3,0,1,3,2,3,6,5,23,11,21,34,29,47,43,27,22,22,16,15,14,13,11,7,8,6,5,2,6,3,9,5,0,3,5,2,5,0,0,1,1,1,1,2,1,0,0,0,0,0,0,1,0,0,0,2,2,0,1,0,0,0,1,0,1,1,0,0,0,1,0,0,0,0,0,1,0,2,0,0,0,1,1,0,0,0,1,0,0,0,0,1,0,0,0,0,0,0,1
1,0,0,0,0,0,0,0,0,0,0,0,0,0,0,0,0,0,0,0,0,0,0,0,0,0,0,0,0,0,0,0,0,0,0,0,0,0,0,0,0,0,0,0,0,0,0,0,0,0,0,0,0,0,0,0,0,0,0,0,0,0,0,0,0,0,0,0,0,0,0,0,0,0,0,0,0,0,0,0,0,0,0,0,0,0,0,0,0,0,0,0,0,0,0,0,0,0,0,1
31,39,23,23,21,26,19,13,10,9,8,8,5,4,4,0,5,2,1,3,1,3,2,0,1,4,3,1,1,0,2,5,0,1,1,1,1,1,1,2,3,1,3,1,2,1,0,2,1,1,1,1,2,0,2,2,2,2,1,1,2,0,2,0,1,1,2,0,0,2,1,0,2,3,1,0,1,1,2,1,1,0,2,0,0,4,2,1,1,1,0,1,0,0,0,0,1,1,0,2
1,0,0,0,0,0,1,0,0,0,0,0,0,0,0,0,0,0,0,0,1,0,0,0,0,0,0,1,0,0,0,0,0,0,0,0,0,1,0,0,0,0,0,0,0,0,0,0,0,0,0,0,0,0,0,0,0,0,0,0,0,0,0,0,0,0,0,0,0,0,0,0,0,0,0,0,0,0,0,0,0,0,0,0,0,0,0,0,0,0,0,0,0,0,0,0,0,0,0,1
22,22,17,4,5,3,3,4,2,3,2,2,2,0,2,2,1,1,1,0,0,3,1,3,0,1,1,1,0,1,2,2,0,0,0,0,0,0,1,0,0,2,0,0,0,1,0,0,0,1,0,0,0,0,0,1,1,0,0,0,0,0,1,0,0,0,0,0,0,0,1,0,0,0,0,0,0,0,1,0,0,0,0,1,0,0,0,0,0,0,1,0,0,0,0,0,0,0,0,1
113,10,5,3,2,0,0,2,1,0,0,0,0,0,0,0,0,1,0,0,0,0,1,1,0,1,0,1,2,0,0,0,2,1,1,1,1,1,0,2,0,1,0,1,0,0,0,0,0,2,1,0,0,0,1,0,2,0,0,0,0,0,0,0,0,0,0,0,0,1,0,0,0,0,0,0,0,1,0,0,0,0,0,1,0,0,0,0,0,0,1,0,0,0,1,1,1,0,0,2
292,50,8,7,1,1,3,1,3,2,1,2,0,0,1,1,2,1,1,1,1,1,1,0,0,0,0,0,0,3,0,0,0,0,1,1,1,1,1,0,0,2,0,0,1,1,1,1,1,0,0,1,0,0,0,0,1,0,0,0,0,0,0,0,1,0,0,0,1,0,0,1,0,1,0,1,0,1,1,0,0,1,0,1,0,1,0,0,1,0,1,0,1,0,0,0,0,0,1,1
297,130,128,127,53,50,43,38,31,43,33,26,23,14,21,18,23,23,23,22,26,22,22,17,12,14,5,5,11,13,4,9,9,3,6,2,1,3,2,2,3,3,1,3,0,2,0,3,0,0,1,3,1,2,3,0,1,0,0,1,0,2,0,0,1,2,2,0,0,1,0,2,1,1,0,0,0,2,2,1,0,1,0,1,1,0,0,0,1,0,0,2,0,0,0,0,0,0,0,1
227,152,77,53,65,32,37,31,19,26,21,19,24,13,24,15,20,11,20,15,13,12,3,12,1,6,7,11,5,8,5,2,4,0,2,2,2,2,3,3,2,5,3,2,2,0,2,1,0,0,3,2,1,2,8,1,4,3,0,2,6,0,0,2,1,0,5,3,0,0,0,0,1,0,1,0,2,0,0,0,1,3,0,0,1,1,1,0,0,1,0,2,1,2,1,1,1,1,1,2
232,95,32,18,12,16,5,4,3,4,6,7,5,6,6,5,9,2,6,2,3,5,2,2,2,3,1,1,2,4,2,0,5,2,4,4,4,4,0,4,1,2,2,4,1,0,0,1,2,2,0,0,2,4,2,3,2,1,0,1,1,2,2,0,0,2,0,0,0,1,1,3,2,1,0,1,0,0,0,0,1,1,1,0,2,2,0,1,1,0,2,0,0,1,0,0,0,0,0,1
301,226,99,55,38,22,17,15,7,3,5,7,5,1,4,4,0,5,2,3,0,1,2,1,2,2,1,1,2,1,0,0,3,1,1,0,1,1,1,3,1,1,0,0,1,0,2,0,2,0,3,0,1,1,0,2,0,1,2,0,0,0,0,2,0,0,0,0,0,0,2,1,2,1,1,0,2,0,0,0,1,0,1,0,0,0,1,1,0,1,0,0,0,0,0,0,1,0,0,1
107,129,86,35,13,12,5,5,1,1,2,0,0,1,0,1,0,1,1,1,0,1,0,0,0,1,0,0,0,0,0,0,0,0,0,0,1,0,0,1,0,0,1,0,0,1,0,0,0,0,1,0,0,1,0,0,0,1,0,0,0,1,0,1,0,1,3,0,0,0,0,1,0,0,0,0,0,0,0,2,0,0,0,0,0,0,0,0,0,0,0,0,1,0,0,0,0,0,0,1
21,15,9,8,7,5,4,2,0,2,0,0,2,0,1,0,0,1,0,0,0,0,0,0,0,0,0,0,0,0,0,0,0,0,0,0,0,0,0,0,0,0,0,0,0,0,0,0,0,0,0,0,0,0,0,0,0,0,0,0,0,0,0,0,0,0,0,0,0,0,0,0,0,0,0,0,0,0,0,0,0,0,0,0,0,0,0,0,0,0,0,0,0,0,0,0,0,0,0,1
3,1,1,0,0,0,0,1,2,8,3,2,5,0,0,0,0,0,0,0,0,1,1,4,2,1,0,2,0,0,2,1,1,1,2,2,0,3,1,1,0,0,1,1,1,3,0,1,1,0,0,1,0,0,0,0,0,1,1,1,0,0,0,1,1,0,0,0,0,0,2,0,0,0,0,0,1,1,1,0,2,0,0,0,0,1,0,1,0,0,0,1,3,0,0,0,0,1,0,1
83,38,32,26,24,15,8,3,5,3,1,6,4,3,3,2,1,2,2,2,1,2,0,3,0,1,0,0,3,1,2,1,1,0,2,1,0,0,0,2,2,1,2,1,0,1,1,2,2,0,0,0,2,2,1,1,0,1,1,0,0,0,0,1,1,0,0,0,0,0,0,0,2,0,0,0,1,0,1,1,0,0,0,0,0,0,0,0,1,0,0,0,0,1,0,0,0,1,0,1
72,42,23,22,11,9,9,9,10,4,9,2,4,4,3,9,1,1,6,3,1,5,4,2,4,1,6,4,3,4,1,2,2,3,1,1,0,1,2,2,0,3,1,4,2,2,2,0,2,5,3,3,2,0,2,0,1,2,4,2,5,4,2,0,1,2,5,5,2,1,2,0,2,5,2,5,1,6,3,3,1,3,2,1,6,3,5,4,2,2,1,1,2,2,2,7,4,4,3,3
93,45,14,8,2,3,0,4,4,1,0,2,1,1,1,1,1,0,2,1,1,0,5,0,0,2,0,0,0,0,0,1,1,1,1,0,0,1,0,1,2,1,0,0,1,2,1,1,1,0,3,0,2,0,0,0,1,0,1,1,0,1,0,0,2,0,0,0,0,0,0,0,0,0,1,0,0,3,0,0,0,1,0,1,0,0,1,0,0,2,0,0,0,1,1,0,0,0,1,1
4,2,3,0,2,0,0,0,0,1,0,0,0,0,0,0,0,0,0,0,0,0,0,0,0,0,0,0,0,0,0,0,0,0,0,0,0,0,1,0,0,0,0,0,0,0,0,0,0,0,0,0,0,0,0,0,0,0,0,0,0,0,0,0,0,0,0,0,0,0,0,0,0,0,0,0,0,0,0,0,0,0,0,0,1,0,0,0,0,0,0,0,0,0,0,1,0,0,0,1
44,37,15,6,10,7,6,8,7,9,5,2,1,5,4,3,7,3,2,4,4,6,2,1,2,2,2,3,3,0,1,1,1,4,2,1,4,1,1,1,1,1,3,3,3,5,4,1,2,3,3,2,1,0,1,3,1,2,1,1,1,1,1,1,0,0,0,0,0,1,1,1,1,0,0,1,0,0,0,1,2,0,1,0,3,0,0,1,0,0,0,1,1,0,0,2,0,3,0,3
6,11,10,16,7,5,7,10,8,5,4,4,3,3,2,2,6,4,3,8,2,8,2,5,7,2,2,3,4,2,7,1,6,2,2,2,4,4,3,1,3,5,9,3,1,3,1,2,3,5,3,4,4,2,0,2,4,1,2,3,2,1,1,2,7,3,3,4,2,3,3,1,5,2,2,0,0,3,1,2,1,1,2,1,2,0,1,1,5,2,0,1,1,0,2,1,1,2,1,2
20,1,1,1,0,0,0,0,0,0,1,0,0,0,0,0,0,0,0,0,0,0,1,0,0,0,0,0,0,0,0,0,0,0,0,0,0,0,0,0,0,0,0,0,0,0,0,1,0,0,0,0,0,0,0,0,0,0,1,0,0,0,0,0,0,0,0,1,0,0,0,0,0,0,1,0,0,0,0,0,0,0,0,0,0,1,0,0,0,0,0,0,0,0,0,0,0,0,0,1
67,25,7,5,3,1,0,1,1,3,1,0,2,3,1,0,0,0,1,0,0,0,0,0,1,0,1,0,0,0,0,0,0,0,0,1,2,0,0,0,2,1,0,0,0,1,0,0,1,2,0,0,0,0,0,0,2,0,0,0,0,0,1,1,2,2,1,1,2,0,2,1,1,2,0,0,1,2,2,0,0,1,0,1,0,1,2,1,1,1,3,0,1,0,1,2,1,3,1,4
464,151,66,35,28,24,16,14,14,18,11,13,16,15,8,17,12,12,9,7,12,6,5,6,7,2,8,4,7,2,3,5,6,3,3,6,10,2,5,1,6,2,1,7,5,1,1,4,3,6,5,1,1,0,3,2,1,3,1,2,3,2,3,1,2,1,2,1,0,1,1,1,0,0,1,0,0,1,0,0,1,1,3,1,3,1,2,1,1,0,0,0,0,1,0,0,1,0,0,1
1,0,0,0,1,0,0,0,0,0,0,0,0,0,1,0,0,2,1,0,0,0,0,0,0,1,1,1,0,0,0,1,0,1,0,0,0,0,0,0,0,2,0,0,1,0,1,0,1,0,0,0,0,0,0,0,0,0,0,0,0,0,0,0,1,0,0,0,0,0,0,0,0,0,0,0,0,1,0,1,1,0,0,1,0,0,0,1,0,0,0,0,0,0,0,1,0,1,0,2
371,54,28,18,15,9,10,8,5,4,4,2,2,5,0,3,0,4,6,5,3,1,2,6,4,1,2,2,2,2,4,0,5,3,3,1,0,3,3,3,1,4,2,3,1,5,1,2,1,1,1,0,2,1,1,2,0,1,1,1,4,0,0,0,0,1,1,1,0,0,1,1,4,2,0,0,1,0,0,0,2,2,0,0,0,0,0,3,1,1,0,0,0,2,1,0,0,1,0,1
29,16,13,6,5,7,2,3,2,0,0,2,0,0,0,0,2,0,3,0,0,1,0,0,0,0,1,0,0,0,0,0,0,0,0,1,0,0,0,1,1,0,0,0,1,0,0,0,1,0,1,0,0,0,0,0,0,0,0,0,0,0,0,0,0,1,0,0,0,0,0,0,0,0,3,0,0,0,0,0,0,0,0,0,0,1,1,0,0,0,0,0,0,0,0,0,0,0,0,1
1,0,0,0,0,0,0,0,0,0,0,0,0,0,0,0,0,0,0,1,0,0,0,0,0,0,0,0,0,0,0,0,1,0,0,0,0,0,0,0,0,0,0,0,0,0,0,0,0,0,0,0,0,0,0,0,0,0,0,0,0,1,0,0,0,0,0,0,0,1,1,0,0,0,0,0,0,0,0,0,0,0,0,0,0,0,0,0,0,0,0,0,0,0,0,0,0,0,0,1
1,0,0,0,0,0,0,0,0,0,0,0,0,0,0,0,0,0,0,0,0,0,0,0,0,0,0,0,0,0,0,0,0,0,0,0,0,0,0,0,0,0,0,0,0,0,0,0,0,0,0,0,0,0,0,1,0,0,0,0,0,0,0,0,0,0,0,0,0,0,0,0,1,0,0,0,0,0,0,0,0,0,0,0,0,0,0,0,0,0,0,0,0,0,0,0,0,0,1,1
183,68,69,52,35,34,21,15,6,9,9,11,10,9,3,3,6,1,2,3,4,1,0,0,4,0,3,1,0,2,0,1,0,0,0,1,0,0,0,0,0,0,0,0,1,0,0,0,0,0,0,0,0,0,2,0,0,1,0,0,0,0,0,0,0,0,0,1,0,0,0,0,0,0,0,1,0,0,0,0,0,0,0,0,0,0,0,0,0,0,0,0,0,0,0,0,0,0,0,1
2,0,1,1,0,0,0,0,0,1,1,0,0,1,0,1,3,2,1,7,7,6,7,10,11,6,12,18,12,11,9,14,12,5,7,10,10,7,9,12,8,4,10,5,11,6,3,4,6,5,5,7,5,2,5,4,5,1,3,3,5,5,1,2,2,5,1,1,1,4,1,2,1,3,3,2,3,1,2,0,2,0,4,1,2,2,1,1,0,2,1,3,0,1,1,1,0,1,0,1
354,218,92,53,43,23,13,13,5,4,6,3,3,3,1,2,2,1,1,1,3,0,0,1,0,0,0,0,1,0,0,0,4,0,2,1,2,1,1,1,3,2,0,1,3,2,2,1,1,0,0,1,2,0,0,3,0,1,0,2,0,1,0,0,0,0,0,1,1,0,1,0,1,1,0,1,0,0,0,0,0,1,0,1,0,2,0,2,1,0,0,0,0,0,1,0,1,0,0,1
405,28,2,2,0,0,0,0,0,0,0,0,0,0,0,0,0,0,0,0,0,1,0,0,0,2,0,0,1,2,2,4,3,1,7,2,0,2,1,2,0,0,0,1,1,2,1,0,1,0,0,0,0,1,0,1,0,0,3,0,1,3,1,0,4,1,2,0,0,1,2,1,0,0,1,0,3,1,0,0,0,0,1,0,1,1,0,1,0,0,1,0,0,1,2,0,3,1,0,2
69,37,20,15,6,4,8,7,10,5,13,12,5,6,6,3,4,1,0,4,0,2,0,2,0,1,1,0,1,0,0,0,1,0,0,0,0,0,0,0,0,0,0,0,0,0,0,0,0,0,0,1,0,0,0,0,0,0,0,0,0,0,0,0,0,0,0,0,0,0,0,0,0,0,0,0,0,0,0,0,0,0,0,0,0,0,0,0,0,0,0,0,0,0,0,0,0,0,0,1
34,14,5,9,5,3,4,2,1,1,2,2,2,0,1,0,0,0,0,1,0,0,0,1,0,0,0,0,0,0,0,1,0,0,0,0,1,0,0,0,1,0,0,0,0,0,0,0,0,1,0,0,0,1,0,0,0,0,1,0,0,0,0,1,1,0,0,1,0,0,0,0,0,0,0,0,0,0,1,0,0,0,0,0,0,1,0,0,0,0,0,0,1,0,0,0,0,0,1,1
722,67,9,0,2,1,0,0,0,0,0,0,0,0,0,1,2,0,1,0,1,2,1,1,0,2,1,1,1,0,3,0,1,0,0,2,1,2,4,2,1,0,1,1,3,0,0,2,1,1,0,2,0,2,3,0,1,5,2,1,3,1,2,1,2,0,1,1,1,2,1,0,4,0,0,3,2,0,1,0,0,1,1,0,3,2,0,1,3,1,1,2,0,1,0,0,1,1,0,1
191,26,7,1,2,0,0,0,0,0,0,0,0,0,0,0,0,0,0,0,1,0,1,3,3,4,2,8,4,9,9,7,14,8,5,9,3,7,4,6,10,1,4,4,1,2,6,2,0,0,1,1,1,1,1,0,0,0,0,0,0,0,0,0,1,1,2,0,0,0,0,1,0,0,0,0,2,0,1,0,0,1,0,0,0,0,0,0,0,0,0,0,0,0,0,0,0,0,0,1
196,71,33,32,9,8,15,8,10,5,4,5,5,2,1,5,0,3,1,2,3,2,2,0,0,0,1,1,0,2,0,2,0,1,0,0,1,2,0,1,0,0,0,0,2,0,1,0,0,0,0,0,1,1,0,0,0,0,1,0,0,0,0,0,0,0,0,1,0,2,0,0,0,0,0,0,0,0,1,0,0,0,0,0,0,1,0,0,0,0,0,0,0,0,0,0,0,0,1,3
16,21,26,33,38,43,38,38,23,39,26,30,18,23,19,18,13,6,5,4,11,3,2,2,4,3,2,1,2,2,2,0,0,3,0,0,0,1,1,0,1,0,1,0,0,1,0,0,0,0,0,0,0,0,1,0,1,0,1,0,1,0,0,1,1,0,0,1,1,0,0,0,2,0,0,0,0,0,0,0,0,0,1,1,0,0,1,0,1,0,1,1,1,0,0,1,0,0,1,1
16,21,26,33,38,42,39,38,23,39,26,30,18,23,19,18,13,6,5,4,11,3,2,2,4,3,2,1,2,2,2,0,0,3,0,0,0,1,1,0,1,0,1,0,0,1,0,0,0,0,0,0,0,0,1,0,1,0,1,0,1,0,0,1,1,0,0,1,1,0,0,0,2,0,0,0,0,0,0,0,0,0,1,1,0,0,1,0,1,0,1,1,1,0,0,1,0,0,1,1
157,45,14,12,10,7,4,5,1,2,4,2,2,2,0,1,1,1,2,0,0,1,0,0,1,1,0,1,1,1,1,0,0,0,1,0,1,1,0,0,0,0,1,0,0,0,1,0,0,0,0,0,1,0,0,1,0,0,0,0,0,1,0,1,1,1,0,0,0,1,1,1,0,0,0,0,1,0,1,0,1,0,0,1,0,0,1,0,0,2,0,1,0,0,0,1,1,0,1,2
38,8,8,8,5,16,7,12,24,20,26,17,20,13,13,10,14,10,13,22,12,11,13,9,9,8,9,10,9,8,13,8,10,7,2,5,6,2,4,3,1,3,1,1,1,1,1,3,2,6,2,1,1,2,1,1,1,0,1,0,0,0,2,0,1,2,0,2,0,0,0,1,0,0,0,0,0,0,2,0,0,0,0,3,0,0,1,0,0,0,0,2,1,0,0,0,0,0,0,1
370,154,32,19,11,1,5,1,0,1,3,1,2,1,0,1,1,4,0,0,1,3,2,4,1,0,2,1,0,0,2,0,0,0,1,1,1,0,2,2,0,2,2,0,1,2,2,2,1,1,2,2,4,2,1,1,1,0,1,0,2,1,1,0,1,0,1,0,0,1,2,2,1,0,1,0,0,2,0,1,0,1,1,0,1,0,0,0,0,1,2,1,0,1,0,0,1,1,1,3
4,6,5,5,6,28,47,70,89,101,81,66,65,54,31,37,31,22,18,14,16,8,9,5,7,3,2,2,3,3,0,1,1,1,0,1,2,0,2,1,0,0,1,0,0,1,0,1,0,1,2,1,0,1,0,2,0,0,2,0,0,0,0,1,0,0,0,1,0,0,1,0,0,0,0,0,0,0,0,0,0,0,1,0,0,0,0,0,0,0,0,0,0,0,1,0,0,0,0,1
1673,68,20,7,7,1,2,0,0,0,0,0,0,0,0,0,0,0,0,0,0,0,0,0,0,0,0,0,0,0,0,0,0,0,0,0,0,0,0,0,0,0,0,0,0,0,0,0,0,0,0,0,0,0,0,0,0,0,0,0,0,0,0,0,0,0,0,0,0,0,0,0,0,0,0,0,0,0,0,0,0,0,0,0,0,0,0,0,0,0,0,0,0,0,0,0,0,0,0,1
152,65,33,17,11,5,4,3,5,4,1,2,4,1,1,4,0,0,0,0,5,1,1,2,0,3,0,0,2,0,1,3,0,0,1,1,0,1,0,0,1,0,1,0,0,0,0,0,1,1,0,0,0,0,1,0,0,0,0,0,0,0,1,1,1,0,0,0,1,0,0,0,1,0,0,0,1,0,0,0,0,0,0,0,1,0,0,0,0,0,0,0,0,1,0,0,0,0,0,2
228,156,63,55,52,56,66,64,56,53,43,42,41,30,23,26,27,32,20,20,24,16,18,13,16,11,9,9,12,5,11,7,8,11,5,8,10,12,7,6,3,6,2,6,2,3,5,8,3,1,6,4,0,3,4,5,3,2,1,1,2,1,4,1,0,2,1,0,1,0,0,4,2,0,1,0,0,0,2,2,0,0,2,1,1,2,0,1,0,1,1,0,2,0,1,0,0,0,0,1
4,9,10,7,15,15,8,8,10,12,6,3,6,3,4,4,2,5,6,2,7,4,6,4,6,5,4,2,3,5,3,6,0,7,2,2,4,4,1,3,4,2,5,10,2,1,4,1,2,1,8,1,4,4,2,2,1,4,1,3,2,2,2,0,5,5,4,5,1,3,2,3,3,5,1,2,0,2,1,2,1,2,2,2,2,0,1,0,4,2,2,1,2,0,2,1,1,3,0,2
1,0,0,0,1,0,0,0,0,1,0,1,0,0,0,0,0,0,0,1,0,0,0,0,0,0,1,0,0,0,1,0,0,0,0,0,0,0,0,1,0,0,0,0,0,0,0,0,0,0,0,0,0,0,0,0,0,0,0,0,0,0,0,0,0,0,0,0,0,0,0,0,0,0,0,0,1,0,0,0,0,0,0,0,0,0,0,0,0,0,0,0,0,0,0,0,0,0,0,3
45,34,13,8,6,3,1,0,3,1,0,0,1,0,0,0,0,0,0,0,0,0,1,2,1,2,0,0,0,0,1,0,1,1,2,2,2,1,0,0,2,1,0,0,0,1,0,0,0,0,0,1,0,1,0,1,1,0,1,0,0,0,1,1,0,1,0,0,0,0,1,0,1,0,0,0,0,1,0,0,0,0,0,0,0,0,0,0,1,0,0,2,1,0,0,0,0,0,0,1
91,24,16,17,16,21,11,17,18,14,10,11,11,10,11,7,14,12,5,3,9,3,4,9,9,3,4,6,11,5,1,6,7,3,4,8,4,1,3,3,3,2,1,1,6,3,1,1,1,3,1,2,2,2,0,2,2,0,1,2,1,1,2,2,2,1,1,2,1,3,1,1,2,2,3,1,1,3,2,2,3,1,1,0,0,1,1,1,3,1,0,1,2,2,1,3,0,0,1,2
177,167,69,30,24,13,8,9,7,6,3,0,3,1,1,1,1,0,0,3,2,0,0,1,0,0,0,0,0,0,0,0,0,0,0,0,0,0,1,0,0,1,0,0,0,0,0,0,0,1,1,0,0,0,0,0,0,0,0,0,0,0,0,0,0,0,0,0,0,0,0,0,0,0,0,1,0,0,0,0,0,0,0,0,1,0,0,0,0,1,0,0,1,0,0,0,0,0,1,1
23,24,22,16,13,11,6,3,5,10,4,1,3,5,3,0,0,4,0,0,1,0,0,1,4,1,1,0,2,1,0,1,0,2,0,0,0,0,3,0,2,1,0,1,0,0,0,1,0,0,0,1,1,0,0,0,1,2,0,1,0,0,2,0,0,0,1,0,0,0,2,0,0,0,2,0,1,0,0,0,0,0,0,0,0,0,1,0,0,0,0,0,0,0,0,0,0,0,0,2
211,154,119,74,84,61,56,61,46,50,42,36,31,22,30,23,21,18,18,15,14,26,13,15,15,11,6,10,13,13,11,3,5,4,2,7,7,6,2,5,3,3,5,4,1,3,5,2,1,3,3,4,3,0,5,3,1,1,3,2,5,3,2,3,3,1,2,3,0,2,3,1,3,1,1,1,2,0,3,1,0,1,5,1,3,0,2,0,0,1,0,0,1,1,0,0,2,0,0,2
789,137,32,22,18,8,13,7,6,8,4,2,3,2,2,4,5,1,3,1,1,2,2,4,2,2,3,2,3,1,3,8,3,2,7,1,6,1,6,5,8,3,1,5,1,1,4,4,2,7,2,3,6,2,4,2,4,4,3,2,4,2,4,3,4,4,1,4,5,3,2,4,4,2,0,5,1,5,6,6,2,3,1,1,1,1,3,1,2,1,5,1,3,2,1,3,2,3,1,3
1,0,0,1,0,1,0,1,0,0,0,0,0,0,0,0,0,0,0,0,0,0,0,1,0,0,0,0,0,0,0,0,0,0,0,0,0,0,0,0,0,0,0,0,0,0,0,0,0,0,0,0,0,0,0,0,0,0,0,0,0,0,0,0,0,0,0,0,0,0,0,0,0,0,0,0,0,0,0,0,1,0,0,0,0,1,0,1,0,0,0,0,0,0,0,0,0,0,1,1
457,60,17,7,5,1,1,2,0,0,0,0,0,2,1,1,1,1,0,0,0,0,0,1,1,0,1,0,0,1,0,1,0,0,2,1,0,1,1,0,0,1,1,1,4,1,0,1,0,0,0,0,0,1,0,0,1,2,0,0,0,0,0,1,0,0,0,1,0,0,0,0,1,0,0,0,1,0,0,0,0,1,0,0,0,1,2,0,0,0,0,0,2,0,0,0,0,0,0,1
4,2,2,1,2,4,1,3,5,3,0,0,2,0,2,1,1,0,0,1,1,1,0,2,2,1,0,0,0,1,0,1,0,0,0,0,1,1,1,0,0,0,0,0,0,0,0,0,0,0,0,0,1,0,0,0,0,0,0,0,0,0,0,0,0,0,0,0,0,1,0,0,0,0,0,0,0,1,0,0,0,0,0,0,0,0,0,0,0,1,1,0,0,0,0,0,0,1,0,1
185,171,117,95,68,52,45,41,23,28,20,22,14,18,14,17,13,9,14,10,9,7,5,14,10,5,8,4,7,2,10,5,4,9,12,7,2,7,8,5,9,4,5,7,8,3,8,4,0,1,1,5,7,6,5,0,2,2,2,3,3,6,2,3,2,4,2,4,2,3,2,2,2,1,0,1,2,4,2,2,3,2,2,0,1,4,0,1,0,2,0,3,2,0,2,0,2,3,0,1
553,67,22,11,11,7,9,9,13,18,18,16,11,20,16,19,8,13,10,7,11,4,3,6,1,3,3,3,2,4,6,3,4,4,2,2,3,3,3,0,1,1,1,1,2,4,4,2,0,3,3,3,0,2,0,2,0,1,1,1,0,0,0,0,1,3,1,1,1,0,1,1,0,1,0,0,2,2,2,3,1,1,0,4,1,0,1,1,0,0,1,0,2,1,1,0,0,1,1,2
342,138,26,11,17,8,7,5,4,3,5,3,4,3,1,5,3,3,3,2,2,5,0,1,3,1,4,0,3,2,2,0,1,1,2,1,2,1,5,0,1,1,0,1,2,2,0,0,3,3,1,0,1,0,1,2,1,0,2,2,1,1,1,0,2,0,1,1,0,3,0,0,1,1,0,0,1,1,2,0,0,1,1,1,3,1,0,2,2,1,2,1,1,1,3,1,2,1,0,1
60,41,25,25,21,9,8,11,7,4,5,2,2,5,7,1,3,0,6,4,2,3,0,0,0,2,0,0,1,0,2,3,1,2,0,0,2,1,2,1,0,2,0,1,0,0,1,2,2,1,1,1,2,0,0,1,0,2,0,1,1,1,2,1,0,1,1,0,1,2,4,0,1,1,1,0,3,0,3,1,0,1,1,2,1,1,0,2,1,0,1,0,0,1,0,0,0,1,1,1
1,0,1,0,3,2,7,26,13,30,29,31,21,16,24,15,19,13,12,12,9,7,4,11,6,5,3,4,3,5,1,3,3,0,1,0,2,2,2,1,0,1,1,0,2,2,0,0,2,0,0,0,1,1,1,0,0,0,1,0,1,0,1,0,1,2,0,0,1,0,0,0,0,0,1,0,0,0,0,0,0,1,0,0,1,0,0,0,0,0,0,0,0,0,0,0,0,0,0,1
