0,1,2,3,4,5,6,7,8,9,10,11,12,13,14,15,16,17,18,19,20,21,22,23,24,25,26,27,28,29,30,31,32,33,34,35,36,37,38,39,40,41,42,43,44,45,46,47,48,49,50,51,52,53,54,55,56,57,58,59,60,61,62,63,64,65,66,67,68,69,70,71,72,73,74,75,76,77,78,79,80,81,82,83,84,85,86,87,88,89,90,91,92,93,94,95,96,97,98,99
201,4967,9498,29588,61315,68404,69661,69054,63063,55216,46696,37992,31782,26272,21568,17309,14353,11510,9484,7729,6207,5071,4078,3550,2899,2406,1998,1608,1389,1152,977,815,682,616,476,419,358,379,274,273,213,193,180,187,140,120,124,108,82,106,90,91,72,75,72,48,63,44,38,55,44,40,36,45,39,45,27,34,43,26,30,30,36,37,20,26,15,25,23,14,15,20,20,22,13,15,9,9,13,13,9,14,14,7,11,3,9,6,15,8
4,99,254,278,787,1862,3161,4466,5288,6516,6961,6982,6894,6435,5659,5116,4420,4104,3530,3057,2617,2250,1942,1635,1489,1222,1105,1036,882,711,667,609,501,452,415,402,337,316,280,273,244,198,191,181,163,149,147,136,94,111,105,83,95,80,77,72,75,79,63,65,56,56,58,40,39,53,49,42,34,45,19,24,29,30,27,21,28,21,26,27,18,22,20,11,10,17,13,20,17,14,21,4,8,12,7,8,11,7,7,7
4868,26,34,26,26,26,24,26,16,17,22,21,15,20,21,22,21,26,29,25,15,22,17,26,30,25,32,77,142,148,183,248,393,578,864,1140,1386,1714,2098,2585,3028,3576,4109,4553,4836,5397,5771,6066,6308,6394,6270,6083,6029,5841,5583,5352,4850,4489,4117,3748,3322,2992,2574,2260,1955,1771,1532,1267,1067,970,847,750,615,544,475,407,367,327,284,235,235,239,208,184,161,139,145,146,178,148,161,147,173,168,187,185,181,217,226,224
923,1243,2094,2180,1992,1954,1942,2211,2314,2753,3380,3949,4802,5464,6259,6858,7386,7557,7855,7987,7843,7262,6694,6379,5592,5345,4693,4163,3784,3454,2918,2491,2314,2018,1813,1577,1465,1258,1115,1012,933,868,714,726,654,587,504,452,419,395,353,355,332,302,292,234,210,215,212,176,179,166,147,144,139,127,127,129,111,86,101,104,103,94,85,77,71,72,86,76,49,61,47,49,50,52,56,46,45,50,42,36,49,39,38,28,31,22,31,39
183,344,590,558,559,633,561,586,527,554,541,519,516,496,486,452,468,434,453,442,448,458,375,422,393,423,415,428,379,404,378,340,334,332,369,337,359,328,340,303,319,299,289,307,315,280,302,279,306,319,271,259,265,239,277,270,278,237,223,265,207,228,230,222,216,222,201,202,227,222,195,195,214,196,201,209,172,173,179,197,163,164,162,176,144,181,159,168,156,166,162,144,140,143,146,136,157,147,152,149
1285,1063,1378,1560,2349,3204,3886,4690,5364,6143,6757,6996,7067,6786,6733,6136,5809,5356,4866,4555,4216,3885,3405,3351,2989,2833,2585,2367,2321,2102,1936,1722,1617,1599,1470,1322,1284,1218,1072,961,1000,919,873,830,752,743,690,619,584,549,512,486,457,396,373,404,366,367,322,313,311,262,270,222,235,224,198,206,205,164,173,151,146,150,109,138,111,104,105,111,89,99,96,65,76,69,83,60,63,47,62,46,42,45,42,46,43,37,30,40
12,85,122,168,143,160,102,114,102,86,63,62,42,39,29,31,20,27,19,20,13,14,13,14,9,5,15,17,12,9,9,8,8,9,10,17,17,15,11,12,15,18,24,20,29,30,29,17,35,35,36,36,42,45,38,44,43,53,61,39,49,51,42,38,43,65,46,38,50,54,52,46,46,50,57,48,41,32,38,52,38,32,39,35,41,41,32,33,41,28,28,26,28,21,22,18,23,23,20,27
76,2223,7597,9438,9922,9391,7601,6117,5348,4973,5029,4631,4573,4458,4405,4365,4199,4117,4027,4012,3958,3759,3637,3383,3026,2840,2658,2455,2202,2106,1917,1771,1604,1414,1368,1280,1190,1042,903,850,789,755,618,575,505,520,458,440,364,353,353,278,240,265,276,216,189,174,192,143,169,173,147,119,143,124,117,109,107,113,103,99,124,101,105,86,105,93,94,86,96,90,100,106,86,91,95,103,87,99,93,92,88,85,77,103,102,85,99,110
1381,1306,3022,2296,2090,2007,1682,1543,1666,1765,1971,1789,1866,1851,1769,1685,1705,1673,1692,1721,1713,1681,1620,1612,1539,1432,1433,1312,1279,1182,1184,1169,1191,1081,1100,1010,1057,1010,966,877,813,801,745,755,715,713,629,591,538,550,563,462,457,425,401,397,424,411,404,340,392,344,334,282,249,285,287,295,246,236,214,261,216,224,227,212,221,186,183,183,178,188,190,168,164,154,153,158,152,120,154,136,114,107,103,134,116,98,114,116
1545,898,2729,2922,2968,3169,3634,5182,7626,10296,12968,15004,14927,13723,11400,8807,6732,5136,3986,3268,3056,3107,3185,3112,3036,2905,2746,2622,2393,2060,1707,1608,1401,1224,1179,1164,1044,939,892,823,779,656,684,652,540,512,503,439,389,340,381,343,322,289,264,275,228,240,228,249,172,174,170,153,169,155,111,125,125,103,108,110,70,78,73,65,59,68,50,50,54,63,43,43,46,40,39,34,18,25,18,23,32,20,23,19,24,20,21,20
1076,2137,4694,4115,3484,3303,3919,6696,11523,16661,19880,20085,18237,15223,11304,7977,5589,4323,3638,3326,3274,3241,3294,3197,2939,2624,2289,2004,1729,1402,1239,1056,940,910,799,808,676,652,557,549,472,454,413,348,324,289,280,253,234,238,238,190,193,180,172,160,138,133,131,123,96,104,98,87,117,86,76,97,87,78,82,69,70,57,71,63,67,59,66,61,62,56,45,50,48,42,34,44,41,40,37,35,33,20,34,25,28,18,29,35
790,525,373,155,129,91,70,117,185,396,849,1522,2316,3136,4029,4813,5317,5415,5409,5384,5285,4933,4715,4301,3999,3662,3270,2803,2600,2325,1993,1784,1648,1351,1303,1153,1119,937,854,776,679,615,599,516,478,436,377,376,311,269,294,271,220,221,196,182,190,166,157,155,116,131,121,122,108,98,93,84,96,76,69,71,67,55,61,58,64,52,59,66,57,45,52,51,42,37,36,50,35,41,39,27,28,20,40,30,40,42,24,22
1232,3192,3699,3394,3875,5430,6508,7302,7760,8269,7870,6900,6359,5610,4963,4429,4436,4216,4030,3851,3705,3483,3310,3164,3007,2637,2523,2343,2266,2037,1986,1847,1799,1695,1502,1423,1341,1257,1116,1113,1054,986,887,850,793,781,703,640,680,603,555,530,491,456,420,439,382,345,355,329,305,281,270,297,251,234,231,200,202,186,178,158,161,143,136,135,123,133,103,112,88,99,83,92,80,66,81,68,59,50,58,58,53,48,46,43,28,26,36,36
1986,1700,2154,2007,2579,3304,3901,4332,4903,5662,5963,6527,6970,7226,7426,7080,6944,6402,5931,5573,5143,4632,4180,3640,3241,2986,2623,2517,2298,2083,1904,1741,1623,1432,1359,1323,1244,1125,952,928,852,805,711,738,628,602,562,538,494,445,419,383,372,316,325,327,300,266,244,239,242,198,218,188,191,162,130,145,134,108,129,131,100,100,97,99,88,78,89,77,69,65,66,65,55,62,63,59,43,38,50,50,42,40,39,35,37,29,35,34
83,688,4712,61795,44259,14316,9774,10560,11739,12380,12843,14177,16768,20307,22598,23284,22725,21235,19129,16806,14535,12097,10312,8398,6907,5728,4713,3763,3243,2539,2159,1766,1504,1279,1106,954,810,718,644,548,499,435,417,353,307,285,260,240,204,177,170,156,136,134,102,115,75,86,96,88,75,69,65,50,64,65,53,72,33,60,41,31,40,36,31,32,29,25,30,30,25,21,26,25,30,27,22,19,16,12,24,15,11,11,14,11,16,11,11,12
0,0,0,0,0,0,0,0,0,0,0,0,0,0,0,0,0,0,0,0,0,0,0,0,0,0,0,0,0,0,0,0,0,0,0,0,0,0,0,0,0,0,0,0,0,0,0,0,0,0,0,0,0,0,0,0,0,0,0,0,0,0,0,0,0,0,0,0,0,0,0,0,0,0,0,0,0,0,0,0,0,0,0,0,0,0,0,0,0,0,0,0,0,0,0,0,0,0,0,0
1,0,0,0,0,0,0,0,0,0,0,0,0,0,0,0,0,0,0,0,0,0,0,0,0,0,0,0,0,0,0,0,0,0,0,0,0,0,0,0,0,0,0,0,0,0,0,1,0,0,0,0,0,0,0,0,0,0,0,0,0,0,0,0,0,0,0,0,0,0,0,0,0,0,1,0,0,0,0,0,0,0,0,0,0,0,0,0,0,0,0,0,0,0,0,0,0,0,0,1
887,1265,1245,977,721,585,464,357,331,312,297,225,225,174,179,152,136,117,105,88,94,85,91,68,66,87,107,88,76,94,103,95,137,108,120,127,162,157,150,146,143,181,180,184,153,157,198,187,200,165,174,187,173,165,170,169,160,151,154,134,149,139,138,145,128,108,107,122,119,94,111,98,108,80,76,89,69,67,63,67,63,55,44,54,51,54,63,46,40,41,49,27,29,37,29,37,29,35,24,24
2,0,0,3,3,8,2,2,1,10,6,9,7,9,6,6,14,23,48,142,289,467,846,1241,1658,2188,2701,3108,3406,3575,3596,3825,3768,3546,3348,3135,2962,2915,2642,2290,2230,2038,1850,1824,1678,1595,1520,1461,1405,1342,1315,1222,1244,1159,1163,1089,1017,1002,932,901,807,785,796,809,684,640,600,549,508,473,453,466,424,384,373,341,287,287,302,258,269,253,230,204,180,170,169,146,161,132,139,120,135,115,106,70,92,95,83,77
9,12,16,13,15,19,13,12,17,18,14,13,27,11,16,12,24,23,26,65,134,145,191,360,729,1157,1658,2035,2746,3242,3664,3613,3830,3872,3647,3530,3223,2951,2779,2427,2189,2031,1881,1813,1752,1623,1560,1487,1395,1358,1261,1224,1127,1104,1057,1069,979,971,920,883,801,766,754,690,639,643,581,560,554,538,452,436,409,414,384,379,333,350,295,328,261,263,267,261,220,226,203,208,182,193,188,173,152,158,155,136,143,136,130,134
2,5788,10097,6651,5196,5058,6592,9393,13196,18795,25321,30478,32192,31559,27523,20407,14106,9673,6766,4699,3654,2921,2474,2126,1836,1638,1429,1265,1047,856,733,647,530,452,381,277,261,231,208,213,167,173,155,108,112,86,92,85,83,63,76,87,70,66,70,63,60,63,53,48,52,55,56,39,47,66,50,54,45,50,47,42,51,45,49,56,42,57,58,55,53,41,53,47,40,50,39,45,33,43,37,41,33,31,25,19,23,29,21,18
804,4383,3394,2708,2192,1734,1384,1213,935,690,509,375,338,262,257,204,168,139,111,97,98,77,60,57,54,57,35,42,47,32,36,31,21,27,30,8,19,18,22,15,14,26,15,21,18,19,15,16,15,20,14,20,11,15,18,12,15,19,16,18,10,15,23,15,12,16,17,8,12,14,14,17,12,11,10,12,5,14,10,9,19,14,12,12,8,15,16,17,7,11,8,12,12,13,17,5,14,10,14,13
23,347,500,916,1012,998,1005,1172,1439,1780,1909,2033,2143,2154,2095,1890,1853,1467,1322,1160,1047,970,1019,859,791,698,694,718,685,660,609,642,612,596,608,596,526,537,519,473,534,520,511,512,477,505,446,415,461,404,447,404,408,404,393,394,367,340,361,304,354,332,330,307,293,316,301,269,287,237,255,224,240,242,229,228,239,203,206,217,243,202,195,222,180,177,165,181,166,159,158,153,147,161,156,158,126,136,147,128
39,68,2294,512,310,551,1455,3918,8010,13499,20087,24047,27287,26744,25985,22988,19223,16308,12687,10375,7840,6175,4746,3542,2825,2024,1643,1303,1119,857,657,669,524,510,382,372,398,282,296,246,235,191,186,165,135,135,113,106,95,83,71,57,49,41,35,39,28,29,16,19,19,18,23,19,11,14,8,10,11,6,10,7,9,13,5,7,12,6,3,8,2,5,3,2,3,3,5,3,3,2,4,3,1,2,0,5,2,0,2,4
2211,154,688,1909,1041,2606,5792,10205,16155,21790,27189,29480,28725,27864,23784,20518,16783,13418,11025,8439,6813,5091,4198,3286,2518,2119,1663,1448,1139,965,836,736,643,547,509,448,418,373,340,282,262,229,228,197,162,160,160,133,118,111,117,108,89,72,58,65,74,42,43,41,33,40,34,32,21,27,20,19,18,20,24,23,17,15,21,12,19,7,4,17,7,8,7,6,9,11,6,10,8,2,2,4,4,6,4,3,3,2,4,4
998,930,5440,11753,9667,9071,10823,13243,16289,19290,22196,22953,23844,23438,22129,19351,17527,15297,13178,10675,9080,7556,6147,5063,4331,3493,2773,2396,2061,1686,1466,1254,1084,899,762,683,604,533,473,398,381,290,306,255,254,209,191,130,158,144,129,128,83,84,102,81,94,71,71,67,54,42,44,47,31,52,36,44,53,33,41,34,34,32,31,24,26,25,27,22,18,21,13,11,25,19,12,23,15,23,17,18,18,11,14,22,17,12,19,18
31,66,120,108,291,736,1787,3031,4950,7419,9736,12296,13785,15276,15174,14844,14292,12761,11683,10344,9049,7731,6876,5904,4956,4313,3658,3153,2670,2378,1982,1704,1585,1381,1212,1152,905,820,759,703,637,597,506,454,429,399,359,284,278,254,230,210,220,179,162,177,148,154,137,129,106,104,104,92,65,81,59,54,52,44,60,41,38,40,46,43,25,30,37,24,33,31,25,26,22,27,26,23,18,21,14,21,16,14,11,13,16,9,11,14
424,927,883,852,899,1007,940,937,1072,1256,1628,2134,2602,3457,4058,4614,4947,5267,5496,5601,5407,5418,5343,5024,4788,4531,4290,4036,3828,3521,3296,2976,2695,2462,2351,2224,1931,1961,1761,1655,1570,1419,1270,1135,1078,1087,1009,934,864,795,718,763,619,633,570,512,515,486,446,417,386,370,365,323,350,291,264,257,254,258,223,246,204,216,184,189,180,146,179,149,146,162,134,139,136,124,109,120,106,85,100,98,108,103,97,76,76,72,80,80
757,21,25,22,35,92,337,783,1696,3067,5136,7373,9916,12195,14082,15145,15359,15234,14418,13191,11956,10242,8947,7466,6270,5327,4402,3642,3109,2547,2201,1842,1580,1322,1173,1017,839,808,698,631,547,512,464,451,371,354,380,290,302,265,273,213,224,188,175,179,166,154,150,129,134,107,106,117,89,113,104,87,86,69,81,78,66,61,60,48,59,47,40,44,50,33,45,28,30,26,23,21,28,21,22,24,22,28,22,21,17,18,13,18
1,1,0,0,0,0,0,0,0,0,0,0,1,0,0,0,0,0,0,2,0,0,0,0,2,0,0,0,0,0,2,0,1,0,0,0,0,0,0,1,1,0,0,0,0,0,0,0,0,0,1,0,1,0,1,0,1,0,1,1,0,0,1,2,1,1,0,0,0,0,0,0,0,0,0,0,0,0,1,1,1,0,0,1,0,2,0,1,1,0,1,1,0,0,0,1,1,0,0,1
1,1,0,0,0,0,0,0,0,0,0,0,1,0,0,0,0,0,0,2,0,0,0,0,2,0,0,0,0,0,2,0,1,0,0,0,0,0,0,1,1,0,0,0,0,0,0,0,0,0,1,0,1,0,1,0,1,0,1,1,0,0,1,2,1,1,0,0,0,0,0,0,0,0,0,0,0,0,1,1,1,0,0,1,0,2,0,1,1,0,1,1,0,0,0,1,1,0,0,1
2,0,0,1,1,0,0,1,0,0,0,0,0,2,0,0,0,0,0,0,1,0,0,0,0,1,0,0,1,0,0,1,0,1,0,0,0,0,1,0,0,0,0,0,0,0,0,0,0,0,0,2,0,1,0,0,0,1,0,0,0,0,0,0,2,0,0,0,0,0,1,0,0,0,0,1,0,1,0,0,0,0,1,1,0,0,1,0,0,1,0,0,1,0,1,0,0,0,0,1
1,0,0,0,0,0,0,0,0,0,1,0,0,0,0,0,0,0,0,0,0,0,0,0,0,0,0,0,0,0,0,0,0,0,0,0,0,0,0,0,0,0,0,0,0,0,0,0,0,0,1,0,0,0,0,0,0,0,0,0,0,0,0,0,0,1,0,0,0,0,0,0,0,0,0,0,0,0,0,0,0,0,0,0,0,0,0,0,0,0,0,0,0,0,1,0,0,0,0,1
4,53,216,460,754,1061,1365,1522,1761,1690,1746,1710,1642,1662,1506,1484,1489,1347,1257,1200,1193,1047,993,1011,958,900,794,845,773,734,652,621,612,599,563,591,550,521,538,457,434,440,398,403,406,410,374,358,323,338,298,303,293,283,242,242,256,231,264,266,217,200,198,204,211,216,181,203,183,153,162,178,180,148,154,153,137,164,138,137,139,120,149,126,131,129,127,121,125,108,122,128,105,99,112,107,96,75,91,97
51,6389,5276,2987,2167,2000,2222,3049,5043,9331,14914,20450,22355,21250,20298,18413,16614,13978,10851,8288,6261,4615,3307,2267,1491,1078,720,647,505,422,328,287,292,246,197,175,177,161,164,148,123,141,132,107,112,98,105,102,79,86,100,106,74,73,72,69,67,43,64,51,54,60,69,56,54,45,45,45,43,32,36,45,33,37,19,31,29,34,31,27,24,28,13,21,20,22,19,24,23,17,13,11,20,20,13,17,7,12,14,12
149,29,55,32,63,185,441,818,1343,1889,2605,3268,3980,4450,5251,5469,5668,5825,5792,5662,5623,5088,4848,4414,3950,3686,3413,3184,2662,2588,2353,2054,1868,1755,1650,1461,1388,1276,1191,1053,1038,879,837,776,710,705,636,609,592,499,505,429,431,376,367,340,345,312,302,323,264,210,208,201,180,196,183,183,152,130,161,141,123,117,122,128,105,116,96,94,85,88,75,65,78,59,59,52,50,72,54,65,52,54,47,48,52,54,41,50
706,849,1033,1795,2257,2394,2597,2897,3343,3599,4053,4396,4332,4391,4171,4113,3817,3649,3391,3009,2800,2666,2458,2373,2155,2012,1932,1816,1791,1568,1553,1422,1349,1261,1225,1170,1080,987,928,934,905,872,797,781,722,718,661,631,657,527,523,539,506,505,477,444,414,386,394,373,367,363,340,296,297,304,332,284,265,275,242,230,230,243,228,195,195,184,192,208,160,183,179,161,153,145,119,142,131,127,138,124,125,124,128,121,112,130,99,86
1160,1192,2422,1516,1655,1846,1900,2269,2846,3325,3846,4193,4461,4751,4855,4470,4219,3900,3605,3416,3172,2951,2662,2585,2489,2341,2191,2161,2121,2082,1886,1832,1780,1615,1595,1548,1533,1305,1336,1222,1160,1165,1065,1090,920,901,890,900,775,753,697,733,690,691,601,577,600,503,570,497,489,483,427,441,395,412,358,373,360,346,289,290,282,265,242,278,262,233,218,201,187,185,184,182,161,174,162,138,147,142,139,156,140,149,119,127,108,110,96,103
2,0,0,0,0,0,0,1,0,0,0,0,0,0,0,0,0,0,0,0,0,0,0,0,0,1,0,1,0,0,0,0,0,0,0,0,0,0,0,0,0,0,0,0,0,0,0,0,0,0,0,0,0,0,0,0,0,0,0,0,0,0,0,0,0,0,0,0,0,0,0,0,0,0,0,0,0,0,0,0,0,0,0,0,0,0,0,0,0,0,0,0,0,0,0,0,0,0,0,1
555,3164,4193,3136,2022,1427,987,649,489,423,279,243,195,181,149,147,116,95,108,123,105,90,100,103,97,83,75,90,99,77,84,63,87,91,96,86,67,82,71,78,82,67,65,76,65,71,74,61,72,68,88,66,64,68,70,54,70,73,62,72,62,60,76,65,79,62,70,69,76,72,65,68,62,72,63,66,46,71,63,67,67,69,82,60,80,71,72,72,47,73,64,62,58,72,51,51,66,53,51,60
1,0,0,0,0,0,0,0,0,0,0,0,0,0,0,0,0,1,1,0,0,3,1,2,4,3,3,4,0,4,0,5,4,1,1,8,3,4,6,7,2,6,5,7,10,5,5,11,10,12,7,14,8,8,10,22,15,8,16,8,15,23,10,13,12,13,12,11,9,6,4,8,12,4,15,11,14,10,6,7,7,11,6,10,4,7,12,8,8,15,8,7,7,13,12,11,13,1,8,10
16,59,100,151,175,215,210,234,186,223,215,220,228,196,218,214,232,218,226,203,201,241,255,201,275,263,290,310,334,365,365,364,480,407,447,449,484,522,585,539,605,660,597,633,615,664,656,691,734,735,674,785,788,781,786,841,794,788,856,789,784,775,765,767,722,776,732,744,633,631,681,671,636,666,628,599,581,584,544,551,516,485,448,435,406,405,399,344,359,336,357,283,318,324,259,299,239,249,252,227
2,5,53,311,678,975,1227,1403,1452,1574,1678,1612,1615,1650,1612,1494,1420,1364,1347,1253,1287,1225,1149,1053,1013,1052,957,918,880,823,809,732,828,713,690,680,658,606,611,584,580,533,513,495,486,488,471,428,449,404,396,406,395,372,403,311,346,321,347,306,304,310,299,259,249,281,254,261,241,238,238,242,235,247,210,201,181,213,210,196,195,178,180,196,161,185,177,154,157,166,152,146,155,137,133,143,154,145,122,113
6,13,64,133,221,268,308,329,354,391,322,300,284,293,277,297,279,256,299,262,288,325,314,291,284,344,325,366,392,358,366,449,433,475,495,533,583,604,550,647,662,656,688,669,726,734,729,701,738,724,761,735,744,812,771,768,827,787,805,845,789,845,785,803,729,717,756,708,721,703,641,663,643,636,590,596,573,559,541,523,548,555,488,506,431,469,441,423,384,366,363,332,321,321,307,294,278,271,249,236
38,59,86,58,73,61,45,51,60,53,69,58,60,52,58,61,62,62,59,58,63,68,54,68,56,61,56,74,70,99,140,194,301,398,547,647,850,970,1112,1405,1568,1903,2262,2528,2833,3185,3218,3372,3288,3156,3130,2782,2711,2358,2130,1798,1603,1301,1092,969,866,736,599,523,436,385,314,277,264,216,207,185,166,135,161,130,152,121,112,125,120,123,111,114,122,90,102,113,119,137,122,108,126,115,113,113,123,114,98,115
279,137,527,372,353,375,333,372,424,494,626,891,1094,1507,1793,2293,2527,3047,3270,3561,3963,4180,4040,4106,4083,4023,3702,3740,3447,3170,3068,2835,2620,2408,2258,2017,1826,1607,1591,1389,1225,1142,1079,904,853,834,704,683,596,566,498,498,480,426,371,366,345,329,318,284,286,259,243,216,187,180,167,198,160,163,173,149,158,115,133,147,114,119,84,96,106,96,92,101,84,85,70,63,79,73,78,59,49,59,57,63,57,63,56,49
3,4,5,2,4,1,1,2,1,5,3,4,3,2,2,3,3,2,2,4,1,1,2,4,4,5,4,1,2,0,3,2,6,1,3,2,0,4,2,1,2,5,3,3,2,2,4,4,1,4,11,84,237,603,1258,2039,2875,3517,3958,4213,4187,3934,3732,3379,2933,2454,1975,1536,1170,798,619,448,308,243,176,134,122,90,74,63,60,53,34,37,34,32,32,18,23,17,21,22,14,11,10,8,9,10,9,11
102,2,0,0,0,0,0,0,0,0,0,0,0,1,1,0,0,0,0,0,0,0,0,0,0,0,0,0,0,0,3,4,5,12,66,589,2352,4505,5897,6402,5927,4250,3404,3708,5715,8229,8382,7135,5096,4174,4384,5136,5481,5538,5807,6042,5886,6258,6390,6042,4864,3507,1962,959,376,122,44,34,11,3,3,3,6,2,8,2,7,4,0,0,1,1,0,0,2,0,2,2,3,1,0,0,0,1,0,0,1,2,1,1
960,1482,1632,1416,1421,1454,1327,1411,1678,2113,2938,4131,5692,8447,12207,15102,16484,13795,10350,7740,5635,3477,1936,1146,861,822,837,1122,1525,1861,2423,2801,2901,2724,2487,2053,1535,1082,777,588,453,377,335,366,444,552,583,726,785,792,654,512,437,374,313,268,208,163,139,146,159,176,208,215,215,221,219,206,152,138,116,105,81,68,55,61,64,79,77,78,76,64,67,63,68,55,37,35,36,34,29,22,21,21,18,25,24,20,28,24
1,0,0,0,0,0,0,0,0,0,0,0,0,0,0,0,0,0,0,0,0,0,0,0,0,0,0,0,0,0,0,0,0,0,0,0,0,0,0,0,0,0,0,0,0,0,0,0,0,0,0,0,0,0,0,1,0,0,0,0,0,0,0,0,0,0,0,0,0,0,0,0,0,0,0,0,0,0,0,0,0,1,0,1,0,0,0,0,0,0,0,0,0,0,0,1,0,0,1,1
4578,732,1353,726,740,805,831,915,1072,1248,1512,1830,2019,2475,2924,3299,3727,4015,4270,4313,4448,4371,4254,4029,3879,3678,3578,3380,3197,2995,2844,2718,2505,2394,2321,2170,2047,1870,1781,1600,1556,1428,1359,1215,1140,1061,984,933,875,836,801,652,691,688,639,602,544,494,516,462,441,436,417,400,340,340,348,379,323,294,276,260,249,254,222,215,218,193,173,185,175,153,167,140,142,139,154,121,108,106,121,100,115,107,114,111,75,86,78,82
14,1266,15699,18574,14949,12659,10820,9793,8915,7905,7595,7031,6462,6108,5561,5248,5001,4570,4291,3987,3760,3598,3342,3109,2959,2761,2508,2372,2371,2078,2059,1835,1798,1676,1590,1483,1452,1351,1338,1215,1135,1076,1010,1014,884,858,872,759,712,712,691,643,600,575,543,525,513,472,424,438,407,356,376,373,349,331,315,287,280,278,241,232,250,212,218,200,209,176,181,176,186,166,161,169,147,112,114,131,124,139,119,120,119,105,87,93,102,102,76,69
488,574,815,560,869,2987,5468,6425,6069,5177,4657,4075,3562,3163,2900,2509,2337,2064,1873,1697,1476,1367,1260,1189,1153,1024,998,853,852,746,681,678,656,568,505,492,485,424,399,377,345,322,288,303,274,267,245,234,235,213,175,197,186,147,172,155,156,131,148,105,109,100,102,115,107,80,79,82,82,82,78,76,82,62,64,59,53,62,49,49,47,54,46,41,44,33,41,44,29,36,40,25,36,31,23,22,35,29,38,32
96,160,341,973,6317,13019,18080,22512,25695,26424,25177,22372,19311,16373,13636,11471,9123,7766,6495,5431,4690,4042,3353,2999,2557,2199,1872,1617,1351,1302,1088,914,883,768,702,613,541,493,436,412,365,337,280,276,273,203,224,199,178,168,136,155,133,118,112,104,111,85,82,101,98,76,53,75,60,64,66,49,36,47,35,45,45,41,33,23,31,33,29,20,29,32,21,28,25,20,15,24,17,18,18,14,14,13,20,14,13,15,18,16
23,1141,1120,894,845,778,692,571,485,344,305,254,169,141,113,100,71,57,29,40,30,18,33,14,13,11,10,11,8,7,7,12,5,6,8,2,6,2,4,9,5,4,7,3,1,0,2,1,3,2,3,4,3,1,2,1,3,0,1,4,2,1,1,0,3,0,2,0,1,1,0,2,2,1,2,0,0,2,1,2,1,4,0,0,0,2,1,3,1,2,1,0,1,0,0,0,1,0,2,1
1447,673,4246,9010,15504,22881,29348,34646,38439,37543,35147,31472,26187,21131,16801,12670,10156,7812,6141,4692,3764,3043,2427,1809,1522,1281,1027,874,692,583,470,441,326,267,240,232,191,138,127,126,92,108,84,61,54,46,36,38,30,21,25,21,18,17,10,19,20,21,13,13,16,6,16,7,6,12,9,6,6,4,8,6,12,2,7,4,6,7,1,3,2,1,4,4,5,4,3,3,1,1,3,2,5,4,3,3,1,1,3,3
3,3,3,6,2,0,0,0,0,0,4,8,12,7,9,2,6,5,7,6,20,15,16,20,20,23,13,18,25,29,13,18,24,15,17,24,20,24,17,25,15,19,24,22,9,19,16,10,24,25,29,35,42,54,52,62,74,60,90,96,110,102,91,121,109,116,140,137,126,124,108,130,124,109,130,118,119,113,127,114,90,98,91,93,105,120,92,79,71,87,88,95,87,86,65,77,70,76,67,69
1,0,0,0,0,1,2,4,2,6,4,3,2,4,5,3,5,5,5,2,5,2,2,2,4,6,1,0,1,0,1,4,6,3,7,2,6,8,3,3,5,3,4,2,3,3,3,3,1,2,4,3,0,1,2,5,3,2,3,3,2,2,3,4,5,8,7,0,4,7,4,6,4,2,6,7,1,5,9,10,9,9,8,6,17,16,15,21,16,19,22,24,20,19,23,27,29,31,44,27
83,12164,12161,7807,5695,4942,4467,3837,3759,3392,3247,3001,2908,2694,2618,2439,2403,2259,2193,2122,1940,1874,1896,1728,1714,1646,1633,1445,1429,1394,1322,1257,1175,1238,1092,994,1025,922,902,833,741,740,675,687,590,563,575,493,473,467,429,437,350,355,294,279,299,284,238,226,231,211,183,196,173,198,144,166,138,138,132,105,113,102,91,94,98,97,87,69,71,82,81,70,68,63,65,64,51,68,52,74,58,46,59,53,48,58,42,72
1,0,2,5,25,44,128,364,825,1383,1968,2742,3604,5499,7772,9939,11169,11996,12356,12572,12478,12010,10820,9609,8229,6997,5699,4688,3456,2784,2113,1598,1253,997,826,625,546,423,340,281,258,228,203,188,169,150,111,88,73,76,71,71,50,46,31,34,35,17,26,24,17,11,21,21,15,13,9,7,5,14,8,7,6,5,7,4,7,4,5,2,2,0,4,4,4,3,2,2,5,4,2,1,2,4,0,2,1,1,3,2
16,81,66,34,51,62,47,47,65,51,43,36,49,49,44,42,39,54,65,58,37,48,48,51,42,44,31,43,43,69,87,222,604,1197,1848,2705,3626,4301,4863,5316,4461,3952,4641,5656,5400,3720,2085,964,265,61,38,15,9,5,10,13,14,18,10,16,14,22,30,53,75,121,178,183,189,296,313,407,483,495,541,583,600,539,590,619,562,457,433,483,469,536,607,717,672,573,506,374,294,213,122,103,62,36,36,40
3,2,191,545,575,623,505,361,293,306,344,426,606,791,978,1238,1444,1525,1305,998,777,653,576,458,437,474,482,456,491,518,522,517,501,492,517,492,505,519,510,500,540,518,530,469,500,488,465,454,448,432,378,401,424,436,331,365,337,295,285,280,252,220,226,214,210,183,178,171,149,154,130,155,123,117,112,102,90,91,96,88,95,97,78,76,78,64,66,74,71,62,54,61,56,58,51,59,51,57,56,48
1,1,72,385,675,719,581,716,907,1144,1410,1633,1609,1468,1359,1238,1284,1443,1646,1528,1395,1187,1052,921,830,874,789,818,812,826,801,801,784,795,797,774,719,719,692,700,627,617,619,556,504,485,465,451,435,430,374,354,314,294,278,283,246,263,224,216,191,201,173,161,156,149,131,124,123,105,122,117,101,96,82,106,79,75,84,83,76,67,71,42,46,47,55,57,40,47,53,56,33,46,37,33,30,46,38,25
3,1,0,0,0,0,0,2,2,1,0,0,0,0,1,0,0,0,1,0,0,0,0,0,1,0,0,0,0,0,0,0,0,0,0,0,0,0,0,0,1,1,0,0,0,1,2,0,1,2,1,1,34,136,597,1487,2296,2631,2558,2097,1823,1512,1434,1336,1257,1151,1056,796,674,518,412,332,329,229,238,246,248,296,326,295,308,249,269,227,225,188,162,124,139,155,142,101,102,105,123,126,131,112,124,106
4,5,7,4,3,5,3,5,2,8,17,66,182,476,937,1526,2475,3277,3971,4184,4542,4576,4456,3830,3192,2612,1984,1543,1170,982,803,720,678,587,580,564,531,556,529,514,526,541,542,546,496,463,445,441,358,321,291,262,191,199,155,155,153,147,132,114,92,103,98,112,123,118,92,115,118,102,104,101,101,85,72,73,54,56,48,61,36,43,59,40,52,39,53,43,42,34,41,46,30,32,33,28,37,30,31,36
1399,28,35,26,21,19,64,521,3113,10280,21559,29379,30523,25171,16793,9717,5082,3011,1823,1239,949,896,958,1189,1204,1112,895,660,507,342,244,185,159,149,133,118,112,85,77,73,65,41,40,22,28,18,18,16,20,16,15,6,9,9,3,8,8,5,7,9,5,7,5,4,5,3,6,1,1,1,1,4,4,0,3,2,2,3,1,0,0,1,2,1,0,2,0,0,1,0,1,0,3,0,0,0,0,2,0,1
509,4,15,464,3677,6496,8850,6152,3928,1799,1196,1068,695,505,528,550,661,826,1135,1642,1924,1844,1464,979,777,615,534,512,510,620,575,573,601,536,560,532,557,587,624,634,723,763,831,940,890,945,919,895,841,863,848,736,722,626,587,519,504,433,380,373,309,305,261,243,216,182,184,141,153,147,98,110,110,98,81,90,57,72,70,68,64,51,41,53,48,49,52,39,45,40,36,39,45,51,26,40,43,41,37,40
795,2759,3388,2644,2277,2059,1740,1589,1481,1309,1290,1188,1118,1168,1177,1275,1345,1465,1632,1773,1771,1846,1827,1987,1944,1957,1917,1803,1720,1567,1417,1257,1205,1087,1005,986,954,872,904,855,832,767,732,701,799,747,745,632,645,648,637,601,579,563,548,516,544,478,497,514,465,462,462,423,391,379,431,377,355,383,355,289,311,298,292,309,278,281,260,267,243,253,237,222,242,218,229,194,221,199,213,189,157,168,178,173,164,154,144,141
309,360,498,563,698,720,641,691,675,693,677,665,655,644,612,612,598,589,593,546,581,561,510,528,522,545,530,509,464,484,497,490,473,448,453,476,437,400,405,417,405,403,404,406,432,409,382,355,401,349,377,307,353,326,340,332,324,341,330,334,309,293,314,307,298,309,270,269,282,278,259,265,288,265,238,224,220,285,251,229,254,256,264,247,210,219,246,192,187,196,189,219,158,196,186,206,212,186,193,184
534,1045,987,733,727,1067,1175,1554,2940,4618,5752,6283,6355,5539,4424,3827,3165,2710,2528,2457,2493,2641,2646,2819,2788,2693,2609,2375,2331,2116,2075,2060,1940,2039,1869,1923,1797,1714,1762,1618,1556,1462,1449,1417,1394,1351,1316,1230,1252,1259,1135,1154,1106,1056,1004,989,970,968,950,824,953,837,724,813,725,745,684,656,688,625,652,649,589,653,544,546,568,556,496,497,455,492,434,412,425,390,421,345,398,374,342,370,375,326,315,323,312,302,273,261
210,378,968,1593,2239,2737,2863,2978,2941,2900,2926,2739,2703,2563,2558,2482,2348,2254,2294,2065,2043,1915,1881,1803,1795,1743,1664,1607,1566,1484,1460,1371,1376,1267,1273,1147,1222,1079,1077,1020,1026,1024,978,906,868,885,800,805,749,758,723,707,667,640,613,580,559,561,554,511,499,521,495,479,454,453,390,419,378,392,372,325,331,358,329,326,325,300,305,261,304,268,263,261,249,263,219,211,219,220,228,205,195,198,183,180,165,178,153,154
619,5,180,820,1128,1298,1296,1445,1585,1627,1725,1599,1779,1877,1941,2061,1952,1947,1926,1731,1783,1710,1709,1715,1700,1759,1681,1730,1708,1733,1753,1637,1684,1701,1599,1663,1549,1561,1444,1465,1434,1415,1391,1284,1285,1238,1150,1155,1138,1109,984,987,971,959,920,878,817,770,766,758,692,718,660,627,635,554,586,508,538,495,429,436,442,394,374,394,348,317,298,293,273,260,240,245,250,220,201,210,186,187,189,151,160,145,141,150,144,118,131,99
5,1,3,4,13,10,16,17,23,60,85,126,168,177,296,393,420,505,553,550,629,600,703,718,783,694,738,615,613,536,551,525,584,592,646,636,689,623,687,619,574,498,506,499,468,463,452,454,433,416,405,397,411,409,413,367,342,316,341,336,323,350,321,328,312,312,315,291,300,279,255,279,276,271,261,269,250,245,253,230,245,226,222,237,201,203,199,177,169,184,174,183,170,175,179,185,172,158,172,151
1000,561,778,712,703,891,961,1192,1509,1862,2183,2357,2794,2981,3304,3520,3910,3942,4105,4137,4155,3998,3963,3614,3497,3398,3064,2714,2510,2355,2261,2063,2013,1818,1713,1701,1616,1612,1494,1508,1427,1233,1284,1180,1141,1098,1007,961,876,882,845,778,774,745,693,645,624,608,564,542,518,492,457,464,435,398,389,372,350,333,314,284,305,266,295,248,260,230,248,209,225,230,189,164,188,159,156,149,168,143,171,132,124,112,141,103,112,105,109,105
1,0,0,0,0,0,0,0,0,0,0,0,0,0,0,0,0,0,1,0,0,0,0,0,0,0,0,0,0,0,0,0,0,0,0,0,0,0,0,0,0,0,0,0,0,0,0,0,0,0,0,0,0,0,0,0,0,0,0,0,0,0,0,0,0,0,0,0,0,0,0,0,0,0,0,0,0,0,0,0,0,0,0,0,0,0,0,0,0,0,0,0,0,0,0,0,0,0,1,1
13,11,10,9,9,7,11,7,12,13,8,9,6,5,7,6,19,10,3,5,8,8,9,6,8,7,6,7,9,4,9,4,12,4,5,8,9,10,10,7,9,5,8,11,6,7,8,4,5,12,8,11,11,9,6,7,6,7,6,7,13,10,6,4,8,7,5,11,6,8,8,9,11,6,4,8,9,10,9,14,3,3,4,5,5,4,9,5,8,7,8,9,5,12,6,7,2,2,9,8
7593,6300,9829,8494,19920,29389,27428,24253,20757,16725,14022,11782,10280,8989,8065,6901,6430,5850,5044,4639,4116,3769,3486,3127,2866,2630,2371,2134,2047,1933,1778,1544,1466,1369,1281,1166,1082,988,920,873,802,735,709,626,596,566,481,480,460,387,419,361,342,296,293,299,300,276,229,217,229,217,200,177,168,171,125,121,121,133,131,140,141,116,138,109,104,85,75,93,81,74,64,73,62,49,41,70,52,54,51,58,40,43,44,45,43,35,33,33
1290,906,1310,1251,1765,2377,2898,3581,4133,4325,4375,3958,3758,3469,3133,3000,2690,2544,2335,2106,2011,1880,1775,1712,1608,1594,1425,1372,1288,1260,1138,1076,1041,988,912,936,817,694,740,677,653,639,632,562,544,571,557,552,550,487,497,456,451,386,431,427,384,365,409,351,339,343,332,357,314,294,305,282,262,268,285,266,256,242,224,233,248,257,224,231,230,226,220,175,194,172,186,161,208,168,165,151,174,150,151,157,154,152,154,141
509,1553,1789,1760,1829,2605,3609,4736,5641,6332,6565,6258,5987,5462,5049,4428,4116,3859,3605,3495,3222,3054,3027,2988,2889,2694,2639,2607,2281,2365,2206,1979,1918,1809,1701,1618,1564,1501,1420,1376,1356,1285,1208,1172,1097,987,983,911,921,855,823,822,771,720,704,694,629,649,557,526,561,520,524,502,485,460,423,415,369,341,365,305,329,324,301,274,275,272,254,221,211,184,198,194,180,191,186,164,165,148,150,136,135,137,144,130,120,106,90,113
1014,461,794,1790,3570,5973,7800,9549,11144,12617,13641,14373,14476,13831,13838,13125,12402,11260,10363,9645,8549,7479,6560,5892,4997,4402,3674,3260,2887,2464,2122,1862,1599,1455,1161,1159,906,797,691,559,535,478,426,377,386,320,297,240,248,178,150,152,152,135,100,102,84,84,80,83,68,60,47,50,49,34,33,25,29,22,28,19,22,16,19,17,14,11,9,14,8,9,9,9,12,5,11,8,7,4,5,6,4,1,3,3,5,4,3,3
1,1,0,0,0,0,0,0,0,0,0,0,0,0,0,1,0,2,0,0,0,0,0,0,0,0,0,0,2,1,0,0,0,0,0,2,0,0,0,1,0,0,0,1,0,0,0,1,1,0,1,1,0,0,0,0,0,0,0,1,1,0,0,0,0,0,0,1,0,0,0,0,0,0,1,0,0,0,0,1,0,0,0,1,0,1,0,0,0,0,0,0,1,1,0,0,0,0,0,1
202,439,475,556,768,830,919,983,1144,1188,1246,1230,1228,1202,1159,1180,1109,1077,995,962,995,912,962,882,887,851,871,794,822,780,779,794,725,724,714,737,689,684,661,676,684,690,540,638,569,554,533,540,504,497,531,498,467,500,513,464,439,432,464,453,446,404,433,423,429,375,409,363,408,375,335,373,377,318,364,324,327,302,331,271,271,285,283,276,271,284,288,263,266,261,272,279,231,218,222,236,223,208,223,174
393,1041,803,836,1011,1481,1918,2251,2513,2917,2923,3036,3025,2879,2769,2647,2548,2481,2310,2140,2133,2080,1999,1946,1915,1745,1768,1745,1686,1700,1678,1512,1433,1430,1366,1345,1240,1179,1220,1165,1159,1005,1010,1057,1005,965,926,930,855,801,814,792,769,744,670,676,662,613,637,644,569,546,544,523,524,479,495,464,470,441,408,387,394,384,354,355,358,354,347,328,296,305,288,284,303,266,266,264,276,250,215,228,225,224,191,213,163,198,192,161
1,2,2,0,0,4,0,0,0,0,2,1,1,2,1,2,1,2,0,0,2,2,1,1,1,1,1,1,2,0,0,0,0,1,0,1,0,1,2,0,2,0,1,0,0,1,2,1,1,2,1,1,1,2,0,1,0,0,0,1,1,0,3,0,2,0,0,1,1,1,0,0,0,0,1,0,0,0,3,0,1,1,0,0,0,1,1,0,0,0,2,1,2,0,1,1,2,0,0,1
1,0,0,0,0,1,1,0,0,0,1,0,0,0,1,0,0,1,0,0,1,0,0,0,0,0,1,1,0,0,1,0,0,0,0,0,0,1,0,0,0,0,0,0,0,0,0,0,1,1,0,0,1,0,0,0,0,0,0,0,0,0,0,0,1,0,0,0,0,0,1,1,1,0,0,1,0,0,2,0,1,1,1,0,0,1,1,0,0,0,1,1,1,0,0,0,0,0,0,1
1,0,0,0,0,0,0,0,0,0,0,0,0,0,0,0,0,0,0,0,0,0,0,0,0,0,0,0,0,0,0,0,0,0,0,0,0,1,1,0,0,0,0,0,0,0,0,0,0,0,1,0,0,1,0,0,0,0,0,0,0,0,0,0,0,1,0,1,0,0,0,0,1,0,0,0,0,0,0,0,0,0,0,0,0,0,0,0,0,0,1,0,0,1,1,0,0,0,0,1
2,6,1,3,0,1,4,3,0,0,2,1,1,1,0,0,0,1,1,0,2,3,1,2,1,0,0,5,1,0,1,1,0,0,3,0,0,0,4,2,3,0,1,0,0,1,0,2,0,1,1,1,1,2,1,0,0,0,0,1,0,2,2,4,1,1,0,4,0,0,0,1,0,1,0,0,0,1,2,2,0,0,1,1,0,0,3,4,1,1,0,0,1,0,1,2,0,0,1,1
2,1,3,2,6,3,11,8,5,5,8,14,14,11,16,18,23,25,23,19,11,12,15,13,15,18,13,24,23,19,12,23,17,18,19,15,11,16,14,11,18,12,12,16,12,12,16,11,17,19,11,16,17,17,24,20,26,33,29,27,32,29,41,32,48,54,68,68,82,89,84,115,101,123,139,144,168,174,162,217,230,229,246,259,296,289,322,346,353,321,376,397,429,407,434,486,480,416,473,481
8,2,0,0,0,0,0,0,0,2,0,0,0,0,0,0,0,1,1,0,0,0,0,0,0,0,1,0,0,0,0,1,0,0,0,0,0,0,0,0,0,0,0,0,0,0,1,0,0,1,12,29,106,259,502,863,1185,1455,1569,1604,1731,1770,1950,1924,2253,2692,3545,4539,5582,6066,5871,4939,3756,2598,1710,945,523,248,148,73,41,20,17,18,13,12,11,4,8,8,7,5,7,6,3,4,4,6,5,5
6,5,10,9,5,5,9,3,7,5,2,11,1,5,4,0,1,4,10,6,4,9,3,4,3,4,3,6,6,5,3,9,7,10,8,4,5,9,9,6,8,4,6,5,3,8,4,5,9,6,11,8,5,6,3,5,10,11,47,100,158,189,215,230,336,391,436,451,450,538,623,872,1095,1433,1825,2097,2223,2466,2426,2413,2288,2257,1951,1825,1654,1404,1208,1077,922,816,705,667,529,487,436,407,323,364,302,264
4,0,1,0,0,1,0,1,0,1,4,4,10,13,13,13,26,27,36,37,34,49,48,40,39,38,32,34,34,30,41,31,29,34,36,30,33,33,30,39,27,41,40,39,42,65,50,54,62,64,68,73,66,82,88,79,84,90,105,105,121,130,114,144,136,139,145,139,176,157,180,171,178,189,201,200,254,250,238,259,254,263,267,271,258,282,295,308,305,298,318,275,355,293,321,340,332,311,314,359
1108,75,120,112,535,1078,1418,1695,1912,1857,1924,1966,1963,1930,1883,1906,1970,2047,2126,2190,2235,2508,2653,2724,2835,2983,3044,3183,3338,3359,3443,3513,3551,3676,3662,3803,3670,3718,3698,3607,3822,3795,3685,3582,3431,3413,3155,3076,3004,2710,2500,2312,2189,1992,1925,1699,1589,1369,1140,1063,962,860,768,671,539,461,415,362,304,287,231,207,158,171,120,100,106,95,83,78,63,60,57,40,46,42,31,35,31,25,22,23,27,22,24,13,13,15,14,10
9,12,13,4,9,9,10,9,9,5,6,5,5,4,13,8,5,15,8,8,9,10,11,8,7,9,8,8,15,13,8,4,8,11,5,11,9,4,8,11,11,12,10,27,54,100,196,310,530,791,1280,1939,2609,3165,3674,3928,3898,3757,3507,3352,2957,2530,2139,1884,1527,1149,944,743,647,424,336,283,197,159,139,106,84,76,49,42,56,28,25,26,18,12,14,14,10,18,18,13,13,22,25,32,33,31,53,61
1,0,0,0,0,0,3,0,0,1,0,1,0,0,1,1,0,2,2,1,0,0,1,0,1,1,0,1,0,1,1,1,0,1,2,2,1,0,3,1,3,2,1,1,2,3,2,1,0,1,3,1,2,1,1,1,3,2,5,1,2,5,5,12,17,32,62,63,61,79,92,125,135,177,249,259,303,323,334,389,420,477,510,543,541,558,568,594,588,607,603,615,599,597,580,572,577,618,551,516
23,15,25,18,15,17,17,44,128,241,216,205,166,169,198,326,558,847,1144,1550,1874,2335,2632,2863,3104,3302,3446,3735,3866,4004,3945,3810,3862,3607,3383,3149,2917,2630,2369,2125,1853,1698,1465,1320,1152,1031,994,875,780,719,692,627,592,544,488,462,483,428,421,428,403,402,326,342,323,370,282,309,252,290,274,249,251,194,230,188,205,168,179,152,168,167,135,123,111,122,115,125,114,110,101,118,91,93,83,97,80,96,95,89
4,1,3,3,4,3,4,1,3,1,2,1,2,2,2,3,2,5,3,1,5,4,3,2,2,1,1,4,2,1,1,5,2,1,3,1,3,5,16,58,130,149,230,310,318,351,434,703,1064,1439,1833,2063,2030,1897,1598,1387,1051,899,941,883,911,814,838,820,967,948,980,968,916,808,817,690,620,603,553,572,570,555,589,558,543,541,528,441,453,442,433,384,375,327,336,314,325,309,295,272,274,263,268,281
52,65,61,66,66,69,57,57,74,79,64,73,71,74,77,76,63,58,63,65,63,80,61,58,67,60,62,72,66,65,60,68,64,54,63,61,79,66,68,71,54,58,57,68,61,63,67,66,68,62,61,59,70,69,55,68,83,71,93,119,161,184,218,292,319,387,457,532,616,626,669,718,711,690,812,820,776,816,847,881,814,804,836,803,796,748,757,717,701,634,581,570,545,549,483,525,513,412,449,405
38,276,564,1482,3341,6277,10705,16653,24150,30064,34164,35057,31645,27014,21618,16284,11880,8466,5969,4109,2828,1993,1399,1004,751,590,412,275,251,169,149,120,103,65,69,53,44,33,29,29,22,18,12,16,9,13,7,4,5,1,5,4,3,4,5,3,3,1,4,2,5,0,6,0,0,1,1,1,2,1,0,0,1,1,1,0,0,0,0,0,1,0,0,0,0,0,0,0,0,2,0,0,0,0,0,0,0,0,1,1
3,1,1,0,1,3,2,0,1,0,0,0,1,2,0,0,2,0,0,1,1,1,1,0,2,1,0,0,0,0,0,2,0,0,0,0,1,2,0,1,2,0,0,0,1,1,2,2,1,1,2,1,0,0,1,2,1,0,1,0,0,0,3,1,0,2,2,1,0,1,1,0,1,0,1,2,0,1,0,1,1,1,0,2,0,0,2,0,0,0,0,2,4,9,15,17,21,28,34,42
1523,1951,3728,4948,6029,6305,6113,5729,5362,4966,4563,4082,4040,3818,3633,3339,3172,2968,2929,2834,2596,2518,2521,2242,2306,2175,2157,2007,2123,1944,1845,1824,1815,1549,1577,1459,1447,1433,1461,1344,1165,1144,1009,993,1019,896,838,861,756,726,709,672,692,583,556,528,500,473,471,441,450,422,403,362,379,364,357,323,328,300,302,299,263,250,253,267,252,227,248,219,221,227,211,196,197,189,191,166,171,159,139,150,154,157,147,115,131,138,127,126
8899,12963,14780,12776,12058,11795,9826,9248,8468,7887,7432,6544,6231,5755,5459,5044,4715,4415,4114,4039,3640,3388,3164,3091,2886,2656,2380,2309,2195,1983,1868,1833,1684,1649,1531,1437,1393,1228,1235,1098,1066,1006,962,947,866,851,806,769,740,672,655,557,568,557,518,501,499,430,414,433,405,396,371,356,303,326,279,277,272,262,269,273,249,210,183,204,180,185,175,162,159,151,151,139,134,109,131,120,113,124,108,93,88,101,87,92,85,79,70,67
18441,12177,17827,14816,14301,13958,12558,11975,11010,10599,9543,9015,8462,7829,7295,6633,6116,5567,5321,4841,4430,4189,3700,3477,3350,3003,2800,2652,2372,2135,2048,1876,1762,1657,1485,1332,1367,1184,1178,1099,1117,1004,944,865,856,728,708,657,560,543,535,498,429,455,425,408,331,336,351,299,299,259,236,256,239,244,197,201,194,172,149,122,140,152,133,115,115,115,107,119,90,92,64,78,74,82,56,75,65,65,66,51,57,63,53,52,42,61,54,37
1370,156,327,1019,1906,2385,2424,2272,2106,1895,1915,1740,1633,1539,1394,1315,1287,1291,1334,1213,1247,1180,1270,1352,1412,1485,1625,1823,2022,2258,2399,2698,3022,3196,3393,3755,3921,4184,4222,4396,4387,4395,4525,4340,4166,4094,3784,3727,3530,3108,2892,2727,2405,2148,1825,1739,1512,1399,1253,1053,957,853,709,609,569,533,410,402,374,325,280,258,205,188,183,134,142,94,126,96,86,74,69,66,60,44,47,55,31,37,26,24,25,28,24,20,20,22,18,15
10676,6735,9031,8706,8633,8387,7765,7719,7136,6948,6793,6307,6117,5936,5526,5351,4933,4756,4602,4209,4188,3806,3605,3409,3178,3010,2748,2671,2416,2291,2223,2108,1937,1888,1670,1653,1636,1369,1266,1275,1218,1146,1048,975,905,955,823,802,784,719,676,657,661,531,550,545,467,426,420,403,383,372,376,371,325,341,294,271,269,284,238,216,223,241,212,180,176,180,184,150,171,160,137,136,128,130,121,92,120,84,97,119,88,80,84,79,74,75,70,67
4,6,18,27,28,18,21,13,7,13,10,17,14,12,10,10,7,10,7,11,9,4,10,7,9,7,11,6,7,3,8,9,15,13,20,18,14,14,20,19,21,24,18,20,23,19,26,23,25,26,20,22,36,42,47,75,95,107,136,187,203,277,351,358,426,559,614,667,711,834,918,1000,1084,1134,1224,1283,1281,1353,1387,1391,1406,1410,1411,1409,1330,1342,1325,1285,1220,1113,1066,988,970,898,813,751,716,684,634,582
2,0,0,3,0,0,3,6,0,2,6,12,28,32,60,97,134,194,254,282,384,487,567,695,706,763,953,1033,1308,1615,2011,2372,2908,3362,3819,4317,4617,4893,4702,4292,4163,3799,3179,2694,2025,1696,1349,1001,761,547,410,288,230,139,97,65,48,39,15,24,10,11,6,6,6,4,5,6,6,3,5,4,4,2,4,1,1,0,0,4,2,0,2,2,1,2,0,1,0,1,1,3,0,1,2,2,0,1,3,2
47,553,8118,13187,11509,10357,9227,8291,7405,6879,6251,5590,5489,4960,4641,4249,4097,3834,3746,3366,3235,3057,2805,2763,2626,2334,2207,2080,1957,1851,1909,1735,1716,1547,1450,1319,1257,1178,1158,1094,1080,1058,1003,890,867,842,755,788,715,711,698,636,608,570,549,523,525,490,466,455,429,379,407,393,374,376,345,328,321,301,312,269,292,259,281,255,229,207,192,220,221,176,219,185,186,160,169,171,187,158,146,147,138,122,108,133,113,103,112,109
2,0,0,0,0,0,0,0,0,0,0,0,0,0,0,0,0,0,0,0,0,0,0,0,0,0,0,0,0,0,0,1,2,0,1,1,0,0,3,3,2,2,6,7,3,5,3,7,10,14,12,11,12,15,13,20,18,20,24,18,22,25,30,29,23,23,43,37,47,36,41,47,41,50,54,33,50,56,62,54,54,48,64,66,70,77,65,83,96,99,80,83,92,116,136,122,131,142,164,163
10203,10,595,5148,3356,738,339,207,161,184,289,391,488,649,705,855,972,1066,1129,1169,1156,1204,1199,1187,1158,1119,1100,1038,1003,951,905,879,817,780,702,757,666,617,606,600,525,497,450,454,388,384,382,386,328,325,299,326,280,259,250,240,225,210,198,169,172,189,162,150,162,162,170,152,140,146,115,110,133,106,92,90,98,92,107,97,90,82,82,76,89,93,69,74,68,71,77,81,73,67,53,56,61,42,53,59
1,32,117,350,477,519,525,473,464,319,244,162,196,117,119,93,74,55,63,47,40,27,27,35,21,24,25,16,16,17,15,22,13,11,9,12,14,13,15,12,10,8,14,5,18,10,14,11,16,12,16,20,19,18,12,14,11,16,13,16,20,12,18,15,8,10,18,13,10,15,15,12,10,12,12,8,12,11,18,3,8,7,12,8,8,7,10,3,5,10,8,7,15,7,3,9,6,6,10,12
19,3,12,2,3,6,4,3,4,5,3,5,7,7,7,11,10,8,7,17,14,57,249,1127,3628,7538,10776,11875,12383,14075,15790,16810,16237,13384,9393,5573,2816,1139,440,171,83,45,43,30,31,19,17,16,8,9,7,9,7,3,2,4,3,5,0,3,5,6,2,7,10,4,6,2,7,4,3,2,2,0,0,1,1,0,1,0,0,0,0,0,0,0,0,0,0,0,0,0,0,0,0,0,0,0,0,1
46,36,50,42,43,43,35,46,31,37,44,39,57,35,42,36,32,35,41,42,34,37,22,42,30,30,31,26,36,45,42,33,50,30,42,32,32,37,45,48,38,66,54,72,108,125,142,189,225,240,353,363,441,465,547,605,705,762,805,842,923,950,931,1037,1071,1094,1112,1128,1131,1081,1155,1079,1071,1066,1083,1000,965,950,856,845,825,777,751,754,655,652,618,617,529,550,508,442,472,380,404,340,338,316,295,304
32,79,98,62,67,73,79,69,69,74,69,82,64,76,74,74,61,68,68,93,76,79,70,73,65,66,87,76,76,121,409,1826,5955,12712,18460,18571,14424,10179,7183,5459,4014,2861,1865,1147,669,376,170,79,39,16,14,5,4,0,1,2,1,0,1,3,1,0,6,16,39,83,119,152,219,238,279,209,207,186,134,126,137,130,138,117,128,116,108,103,99,87,61,55,25,33,14,17,6,6,1,3,1,1,1,2
946,261,325,283,362,591,814,928,892,1075,1387,1728,2049,2420,2759,3164,3292,3641,3877,3855,3700,3488,2871,2473,2085,1889,1692,1499,1396,1351,1309,1396,1317,1401,1421,1403,1519,1545,1574,1485,1657,1444,1445,1348,1392,1278,1172,1121,1106,1034,946,925,903,880,934,888,958,884,839,869,889,870,838,853,762,738,717,702,687,698,660,629,610,663,567,602,593,549,556,531,545,538,523,512,511,448,489,407,420,443,428,407,401,430,391,395,390,361,343,364
70,165,717,1203,1479,1813,2812,5675,9984,13347,14284,12597,10063,7326,5153,4006,3331,2812,2634,2308,2291,2219,2226,2303,2373,2372,2301,2394,2397,2300,2256,2172,2211,2220,2241,2179,2257,2109,2094,2021,2050,1982,1948,1895,1733,1636,1628,1564,1478,1432,1412,1286,1229,1156,1093,992,1010,857,816,815,826,692,719,678,641,661,598,580,494,460,400,447,406,391,380,381,398,357,324,287,295,279,237,262,240,232,238,221,195,214,214,170,174,168,173,156,148,139,139,151
4,15,24,47,47,66,77,103,105,119,122,106,110,112,107,111,125,113,113,98,90,87,107,99,100,102,90,73,79,70,90,92,85,63,76,56,64,67,68,56,54,48,54,54,47,41,40,49,52,59,40,29,31,15,31,28,31,30,23,26,19,28,26,20,19,14,23,29,29,22,18,20,15,20,21,17,13,19,13,11,13,15,13,12,17,16,9,20,16,13,10,12,13,13,10,7,7,14,11,7
130,373,455,270,247,351,289,279,306,277,276,302,285,293,297,280,310,288,260,294,310,325,307,287,283,294,294,280,294,298,265,303,336,291,333,326,346,377,375,363,326,328,294,339,302,276,284,284,324,314,344,375,382,391,382,420,394,487,715,1047,1486,1878,2148,2339,2471,2569,2742,3003,3137,3192,3066,2978,2679,2527,2041,1729,1409,1070,876,648,519,416,352,257,226,181,128,120,116,95,84,87,76,70,72,60,50,64,58,47
26,38,37,32,28,36,31,36,35,45,39,32,39,50,36,64,29,34,33,33,35,35,45,42,32,32,45,32,41,38,36,44,44,34,31,29,33,35,37,44,32,36,37,53,41,43,38,42,29,30,26,36,37,35,36,43,39,41,36,34,49,37,50,85,149,254,417,574,629,695,750,759,804,960,1129,1375,1742,2017,2442,2570,2868,2932,2703,2526,2357,2068,1784,1588,1231,980,709,519,329,260,146,100,66,33,21,16
75,46,41,51,41,33,61,43,42,46,36,43,41,38,36,47,34,32,42,50,41,48,32,45,35,43,56,41,32,44,34,43,43,37,38,51,41,41,39,43,38,33,53,38,41,36,33,31,41,41,36,37,39,46,44,44,42,40,45,41,39,34,36,47,40,35,41,57,87,194,533,1118,2333,3950,5367,6151,5908,5012,4077,3036,2012,1225,622,330,167,67,32,18,11,4,6,1,2,3,4,6,1,1,2,3
23,53,43,31,33,28,37,38,43,50,41,31,36,33,39,44,40,47,46,38,33,34,37,31,36,41,50,29,39,44,54,50,61,53,72,70,73,68,81,94,118,148,142,184,215,181,191,218,226,250,340,416,474,524,649,707,710,758,806,853,850,843,885,903,916,862,934,916,952,874,852,842,770,731,696,566,517,456,394,341,295,261,231,198,166,135,121,116,111,103,68,82,68,73,79,77,59,71,55,52
160,2842,2656,2020,1716,1651,1683,2216,2657,2809,3168,3492,4157,4909,5488,5431,4988,4116,3127,2413,1968,1681,1511,1394,1460,1461,1454,1531,1501,1674,1676,1642,1489,1270,1131,1000,870,755,711,586,615,538,548,580,560,586,600,554,568,520,494,414,402,354,334,327,281,268,264,258,227,253,238,246,250,216,181,195,182,177,158,155,118,127,113,140,111,118,126,119,111,98,124,86,79,91,105,63,75,87,52,67,73,65,61,53,49,50,51,45
148,310,171,122,97,76,80,83,103,104,117,148,149,165,205,179,223,211,206,256,207,232,284,249,246,275,302,298,301,311,293,284,348,317,336,298,333,310,350,334,303,329,334,327,355,316,309,304,304,344,357,359,347,325,307,297,313,300,308,342,280,320,295,314,297,293,317,267,281,278,251,299,279,265,275,280,262,265,279,277,254,266,255,268,225,248,236,212,227,242,248,217,209,226,239,232,223,193,222,219
497,184,356,145,190,230,202,204,187,203,221,204,193,212,205,188,197,183,170,190,201,193,199,186,203,191,202,202,196,198,166,182,184,206,220,316,624,1198,2412,4435,6959,9353,10663,11082,9910,8131,5972,4144,2637,1723,985,620,378,223,160,106,77,70,45,43,33,22,23,21,14,14,8,8,14,23,7,12,18,16,18,30,28,48,85,119,162,215,281,338,366,373,359,340,326,249,231,178,131,99,66,57,46,34,16,18
100,1866,4552,13664,18252,10988,6992,6395,6607,7503,8450,7865,6656,5192,4510,4114,4305,4446,4967,5480,5951,6091,5663,5284,4422,3726,3102,2559,1954,1737,1401,1143,1031,971,898,823,817,763,773,724,776,813,753,758,726,683,693,651,589,526,498,390,362,357,328,312,271,253,265,230,224,215,182,215,202,175,203,184,162,171,150,153,152,160,146,132,121,133,129,97,107,107,88,81,101,109,74,66,90,81,77,68,49,66,69,67,56,66,44,63
2,0,0,1,1,2,2,4,2,1,8,1,2,3,1,2,2,1,3,3,2,3,3,2,2,3,2,2,1,4,0,2,1,4,2,1,2,1,5,0,1,1,0,1,2,2,4,1,1,0,2,1,1,2,3,0,2,0,1,1,2,3,0,3,0,3,1,0,0,1,0,2,1,2,1,0,0,1,1,1,1,1,0,0,0,1,1,0,0,1,1,0,0,3,2,0,0,0,0,2
136,1260,2630,3166,3452,3774,3758,3643,3423,3275,3241,3418,3772,4402,5162,5984,6595,7077,7439,7180,6743,6018,5133,4610,4117,3911,3880,3905,4238,4496,4793,5301,5513,6071,6447,6525,6599,6629,6341,6160,5922,5387,5024,4476,4012,3554,3195,2737,2411,1968,1773,1489,1249,1098,1011,895,783,742,653,597,456,490,427,378,423,386,367,344,329,280,236,255,234,260,235,185,229,179,188,184,171,148,130,152,122,123,131,109,134,105,111,84,95,120,104,71,75,70,60,58
1,1,0,2,2,5,2,3,2,5,5,3,12,4,4,7,9,7,6,8,9,12,7,14,12,13,5,12,12,10,11,25,17,15,18,17,28,23,16,21,16,23,17,29,31,33,23,26,19,33,30,25,34,30,42,27,38,46,47,44,49,39,50,48,45,60,49,59,56,54,70,67,62,64,81,78,71,77,75,72,80,74,86,95,74,102,99,102,98,93,101,102,138,120,107,142,108,115,122,103
1,0,1,0,0,1,0,0,0,0,0,0,0,0,0,0,0,0,0,0,0,0,0,0,0,1,0,0,0,0,0,0,0,0,1,0,0,1,0,0,0,0,0,0,0,0,0,0,0,0,0,1,0,0,0,0,0,0,0,0,0,0,0,0,0,0,0,0,0,0,0,0,0,0,0,0,0,0,0,0,0,0,0,1,0,0,0,0,0,0,1,0,1,0,0,0,0,0,0,1
2,24,40,71,71,81,100,121,113,90,89,67,78,66,39,36,31,34,27,25,14,12,17,18,6,6,13,16,6,7,6,8,9,8,10,11,4,17,10,7,12,13,13,8,10,10,10,18,22,11,15,9,6,10,16,17,12,16,17,13,19,22,17,16,20,12,18,13,18,13,15,10,10,10,10,14,11,12,16,14,12,13,8,9,7,13,8,8,10,6,12,10,11,7,6,4,9,12,14,11
430,575,2201,3379,3886,4211,3781,3672,3773,3399,3346,3172,3016,2792,2751,2622,2573,2363,2420,2225,2109,1975,1892,1875,1814,1741,1549,1533,1487,1422,1317,1324,1163,1133,1215,1062,1045,1032,1010,926,852,834,842,826,664,766,708,665,691,692,618,607,549,540,555,482,497,463,453,442,454,440,428,368,369,400,350,386,328,346,333,302,329,323,302,292,273,257,265,267,227,265,248,201,211,203,187,183,184,174,194,191,189,178,170,184,147,147,151,139
963,1777,2324,2317,5573,7844,9085,11231,13534,15147,15948,16296,15735,14472,12878,11438,10071,8594,7304,6448,5595,4895,4479,3982,3831,3237,3008,2751,2519,2215,1999,1816,1625,1426,1335,1252,1098,987,961,821,760,713,670,555,479,465,414,427,351,347,313,287,258,221,231,202,184,172,179,146,141,131,126,102,102,104,89,81,74,69,64,62,47,56,53,45,52,38,41,45,44,38,43,21,26,30,24,22,18,16,23,14,9,14,14,12,13,11,10,10
21,26,31,25,36,21,17,20,18,16,19,18,24,30,30,25,24,20,20,20,21,22,17,18,21,17,19,17,22,28,25,17,22,23,20,19,13,8,26,19,23,21,15,21,19,18,21,18,10,17,22,18,20,18,24,24,24,24,35,37,34,42,42,53,74,83,78,83,113,114,148,132,138,165,177,153,180,176,164,196,209,220,221,229,232,242,267,291,304,315,333,354,394,343,430,408,445,468,437,496
293,14,286,967,1136,1161,1115,1194,1450,1732,2338,2754,3108,2972,2839,2597,2770,2960,3048,2922,2543,2076,1726,1433,1233,1153,1040,1001,958,975,953,898,971,921,904,945,890,869,868,831,896,838,799,795,743,727,674,660,608,593,608,579,523,488,491,458,483,452,397,374,413,354,311,331,320,327,288,272,273,255,241,244,238,238,198,206,200,189,190,188,149,177,154,135,146,134,116,128,142,123,123,96,103,92,111,95,112,99,83,75
148,166,387,460,768,1401,2344,5564,10952,13719,13990,13642,14302,15140,15897,17281,15986,13441,10997,8707,6669,5242,4325,3927,3322,2928,2549,2340,2119,2026,1891,1726,1550,1285,1068,999,839,814,717,627,631,543,498,451,435,433,363,322,315,306,293,235,204,224,177,177,171,140,141,144,129,110,111,96,85,94,63,75,65,64,54,60,59,53,41,59,50,47,27,29,27,25,22,25,25,16,21,18,18,16,15,9,14,11,7,9,11,15,8,15
1230,720,583,579,647,833,1167,1434,1650,1599,1727,1879,2057,2386,2692,2848,2866,3083,3129,2894,2877,2874,2922,2652,2550,2241,2054,1907,1910,1937,1831,1849,1791,1585,1679,1683,1655,1655,1551,1435,1288,1255,1111,1050,1030,924,907,789,826,699,671,700,666,639,566,591,593,512,463,436,425,402,366,310,312,311,266,288,239,228,213,210,201,181,163,174,154,130,135,125,117,85,95,110,79,71,69,81,72,47,58,57,52,46,55,46,43,47,37,44
2,3,4,2,10,20,71,203,372,416,494,639,847,1249,2114,2880,3608,4556,5257,5701,5202,5191,5691,6438,6008,5510,5480,5119,5049,4665,4144,3478,2937,2154,1991,1707,1535,1291,1089,909,789,675,418,388,286,269,231,216,200,170,187,163,135,129,133,103,98,103,76,81,66,71,64,43,53,36,39,29,24,30,15,17,11,16,10,7,9,9,10,3,7,7,10,2,1,4,3,1,1,2,1,3,2,1,1,3,1,1,1,1
1371,174,193,195,195,186,193,215,177,168,201,225,190,190,202,200,194,194,236,231,229,215,231,244,236,245,261,267,233,257,260,272,258,253,272,240,278,232,277,269,251,246,257,241,225,236,257,232,212,210,212,208,215,200,196,204,186,185,201,220,177,161,191,170,178,160,154,172,164,160,156,168,151,141,118,134,153,126,132,152,136,112,129,122,106,123,91,119,104,87,108,112,104,84,103,89,110,85,111,96
1,0,0,0,1,0,0,0,2,0,0,0,0,0,0,0,1,0,2,1,4,36,334,1797,5884,12191,17665,18912,15371,10279,6194,3540,2139,1356,796,505,357,260,205,154,155,105,91,85,59,48,40,28,35,39,84,111,142,170,226,213,267,208,168,152,119,76,68,60,37,26,11,9,10,6,10,5,3,3,3,3,3,3,2,3,1,3,6,1,6,6,4,7,7,4,3,1,1,0,0,1,1,0,0,3
1,1,0,0,0,0,0,0,1,0,0,0,0,2,0,0,0,0,1,0,2,1,1,0,1,1,2,1,0,0,1,0,0,0,2,0,1,0,1,0,0,0,1,0,0,0,0,0,0,0,1,0,0,0,1,0,0,1,3,1,0,0,0,1,1,0,0,0,2,3,1,0,0,0,1,0,1,1,0,0,2,1,1,4,4,3,8,10,21,26,35,53,70,92,104,130,135,165,192,216
1,0,0,1,0,0,1,0,0,0,3,3,2,1,2,1,2,0,0,1,2,3,2,2,3,1,0,5,2,0,3,1,1,5,4,4,4,7,14,6,8,3,12,13,27,25,34,52,49,76,94,136,166,223,279,391,456,569,624,765,911,953,1095,1079,1191,1220,1310,1320,1397,1320,1336,1350,1309,1237,1181,1131,1065,1003,966,875,787,733,648,652,572,494,468,417,354,351,331,267,243,203,188,159,163,148,135,103
36,167,175,84,98,120,100,96,90,106,98,92,105,94,86,103,75,85,89,97,100,110,99,102,86,95,97,93,86,92,98,98,139,228,402,575,677,942,1399,2097,3204,4336,5220,5455,5002,3960,2753,1780,1044,598,330,162,97,59,51,29,37,27,24,29,30,18,22,31,30,26,29,44,59,74,73,79,95,83,100,108,151,180,231,250,334,393,473,496,564,572,571,617,587,494,461,402,308,289,217,167,108,82,60,60
26,172,116,107,118,182,329,558,965,1307,1781,2143,2504,2971,3204,2998,2760,2346,1895,1630,1397,1251,1162,1157,1312,1457,1534,1637,1632,1584,1450,1249,1149,1079,867,865,805,783,852,855,905,936,873,837,874,797,733,739,619,609,556,542,492,511,568,531,542,482,492,476,439,433,359,406,386,358,321,354,314,332,297,288,288,276,286,245,247,235,251,216,210,164,175,197,184,181,182,183,167,154,175,151,147,136,113,125,139,121,130,124
9597,10565,9519,9213,10182,11297,13582,16751,20390,23942,24294,23735,22940,18561,14214,10804,8114,5804,4007,2611,1670,1169,907,660,554,469,362,298,200,189,144,126,89,65,57,33,31,25,28,19,14,18,13,14,12,12,12,2,3,5,5,6,3,2,5,6,2,0,1,0,1,3,2,0,3,1,3,1,4,1,1,1,1,5,0,3,0,0,0,1,0,0,0,0,0,0,1,0,0,1,1,0,0,0,0,0,0,0,0,1
2374,1395,1958,3778,4600,3798,2928,2424,1981,1704,1373,1138,983,797,733,688,613,556,541,557,492,497,522,474,464,510,501,480,476,480,479,453,457,473,474,457,405,399,434,402,393,410,347,359,348,341,304,331,349,337,353,318,303,309,309,330,280,282,296,251,302,250,266,266,276,287,257,254,245,276,237,244,209,231,222,229,227,228,221,207,233,208,225,208,207,220,187,169,159,216,216,185,193,165,161,159,170,156,157,160
184,342,692,952,1345,1745,1745,1620,1339,1233,1035,950,1033,1376,1910,2647,3223,3462,3221,2503,1879,1314,1107,915,840,848,886,862,850,839,833,837,861,878,958,985,1005,1071,1143,1133,1148,1154,1143,1112,1134,1212,1114,1078,1092,993,1004,974,847,868,798,744,672,619,606,514,481,472,370,431,377,334,335,305,282,264,251,231,207,218,191,181,158,159,147,149,151,138,126,137,118,107,95,113,118,94,80,90,105,86,80,99,89,84,60,58
9105,19310,13887,10408,10295,11174,15036,19803,21035,22578,24700,22931,20078,17244,14737,11803,8751,6276,4429,3288,2627,2231,2067,1998,1911,1789,1644,1405,1238,1115,942,782,678,601,572,472,437,400,412,339,331,298,249,258,221,219,185,161,160,165,177,127,121,127,123,138,104,103,98,93,102,71,64,75,68,60,74,61,69,73,58,47,43,53,46,49,36,44,43,36,35,33,32,29,37,25,33,27,28,18,19,16,18,16,11,15,19,17,18,17
4797,6337,5249,4030,2981,2124,1613,1230,850,621,499,379,369,329,332,350,396,461,579,655,718,790,903,927,989,1033,1032,991,973,933,801,714,653,545,501,392,328,304,285,202,205,199,199,180,151,142,138,127,140,125,114,100,113,97,95,94,68,64,79,73,62,41,47,47,54,43,51,36,36,39,37,35,31,41,22,28,32,29,24,17,31,21,24,26,19,26,16,26,28,27,24,21,17,21,19,19,17,19,15,13
106,3,7,5,22,28,25,34,46,39,48,52,60,77,87,93,114,97,107,119,104,114,110,97,101,111,103,104,95,97,92,75,73,94,70,89,65,65,59,85,73,67,55,73,62,59,63,55,61,64,53,45,51,66,60,54,48,42,58,35,43,51,42,54,55,43,38,47,51,39,43,31,33,55,46,42,36,49,57,38,46,47,45,43,37,46,42,38,32,41,32,35,47,40,42,25,38,32,36,23
1676,56,37,98,198,394,1014,3512,11132,17711,20712,21667,24151,25790,27569,29182,28222,19880,11286,6263,3509,2172,1599,1441,1378,1313,1205,1059,833,648,598,497,403,311,269,213,163,178,137,156,127,125,112,80,79,81,67,50,46,44,38,41,32,27,30,23,18,20,17,12,9,14,12,11,1,10,9,7,6,6,2,4,1,3,2,4,2,4,2,4,1,2,2,1,1,2,1,3,2,0,0,1,2,1,1,1,1,1,2,1
190,211,3242,22293,30164,29037,27574,26395,24370,21878,19236,17246,14585,12465,10581,8967,7564,6452,5393,4483,3705,3392,2965,2497,2078,1778,1538,1365,1204,997,871,750,695,612,568,440,389,374,348,298,275,243,222,211,176,204,173,147,137,115,112,108,110,78,77,87,91,75,61,58,55,54,69,67,50,28,54,35,43,27,42,32,32,29,28,31,22,16,19,20,10,24,19,18,21,23,13,15,15,13,14,6,12,8,5,5,10,13,12,12
1070,0,128,769,1402,1645,1224,988,1004,1195,1287,1368,1885,2690,3737,4376,4402,3525,2566,1647,1135,897,875,785,723,645,534,485,434,427,387,389,388,408,426,432,430,453,489,515,455,505,534,552,489,522,565,543,558,597,633,617,582,600,578,631,607,607,587,660,540,601,574,570,544,493,478,505,529,482,447,431,440,393,398,380,333,339,322,289,289,311,274,259,216,253,184,207,188,172,168,179,130,144,134,142,119,121,112,98
38,709,1070,1066,1334,2078,4641,18775,29057,25184,21461,19008,16837,14676,13399,10229,4064,2039,1400,1392,1286,1416,1553,1457,1024,683,514,402,380,487,546,546,499,377,360,257,262,224,208,222,210,184,190,181,153,187,143,128,108,106,99,91,117,88,94,100,90,66,68,70,67,66,79,77,72,61,51,53,41,44,58,43,47,47,35,38,40,30,29,39,39,29,27,28,41,30,35,25,30,21,24,22,22,23,21,37,20,17,16,19
1,1,7029,47439,48113,31341,26884,25013,23265,21177,18976,16528,13954,12244,10196,8373,6929,5848,4675,3908,3080,2608,2139,1700,1365,1104,994,810,688,535,424,318,319,263,242,202,181,148,109,112,92,83,71,64,59,42,34,40,39,30,23,25,24,24,24,18,18,20,25,11,16,18,12,13,15,12,6,9,8,9,9,10,2,5,8,6,7,12,10,6,8,5,6,2,6,5,4,4,2,4,2,5,2,3,3,2,4,5,2,3
30,2362,1817,1518,1349,1152,1126,1295,1299,1267,1610,2829,2150,1584,1577,1573,1554,1476,1368,1254,1174,1223,1483,1480,1053,749,641,715,751,717,736,730,850,915,1085,1115,1009,645,577,520,509,509,492,489,523,562,641,681,570,468,415,420,410,445,449,424,433,448,475,407,386,312,315,287,296,306,284,343,351,355,376,351,309,282,240,217,179,228,222,243,249,252,277,215,232,208,182,180,167,171,182,142,211,189,173,190,165,179,119,153
11466,8385,22467,17866,18475,22058,24630,25365,22630,20498,19145,18184,17078,15149,12743,10764,9611,8244,7117,5661,4333,3090,2525,1943,1507,1111,808,595,427,345,215,179,139,94,65,49,41,27,23,17,18,11,14,6,12,9,9,8,14,9,8,8,7,11,10,14,10,15,8,8,7,7,13,12,6,2,9,9,4,1,4,1,5,6,4,0,2,2,0,1,0,0,0,0,0,0,0,1,1,0,0,0,0,3,1,0,0,0,0,2
1204,1958,4066,4669,3783,3079,3254,3846,6541,9728,8580,5801,5417,5848,7543,10148,13082,12182,9692,6642,4343,2824,1959,1485,1463,1537,1579,1747,1508,1376,1166,946,883,795,752,694,627,605,533,523,470,445,402,347,381,327,344,352,290,324,303,309,285,236,243,251,242,179,188,153,161,117,138,137,104,105,116,105,95,87,74,78,69,59,77,60,54,70,48,57,38,40,39,38,31,29,44,43,23,40,35,36,33,39,28,20,27,31,24,34
2,5,2,4,3,2,2,4,4,4,2,3,5,9,5,7,16,11,17,12,17,12,19,9,15,14,14,18,20,16,25,18,27,20,21,19,16,18,32,32,27,18,25,35,21,42,38,28,27,46,38,41,45,37,31,39,42,51,46,44,60,60,50,47,69,57,51,66,57,60,62,68,49,56,49,63,69,70,65,62,63,64,62,59,57,62,66,52,72,58,61,71,66,76,64,76,59,72,68,74
1,0,1,0,2,1,3,15,29,46,56,63,110,132,147,206,366,518,735,1101,1892,2636,3435,3630,3666,3845,4098,4258,4399,4304,4270,4059,4011,4382,4266,4088,3685,3143,2482,1741,1168,648,387,189,83,42,25,15,11,12,10,11,9,7,3,8,2,3,3,4,2,6,3,5,4,4,4,5,2,4,4,10,5,5,6,8,6,5,7,10,9,4,18,13,7,12,15,18,7,14,10,13,13,8,18,12,10,8,13,6
460,474,3304,5222,4426,3788,3082,2687,2313,2147,1964,1789,1703,1666,1630,1555,1574,1501,1500,1527,1531,1515,1540,1609,1575,1640,1686,1660,1800,1717,1845,1851,1859,1895,1813,1948,2017,1960,2000,1940,2116,2033,2001,1987,2031,2034,2002,2022,1883,1874,1889,1842,1772,1898,1831,1724,1674,1680,1602,1616,1658,1559,1477,1480,1333,1289,1267,1210,1183,1232,1153,1095,1048,1018,1019,958,924,859,872,829,836,741,747,757,650,715,662,610,569,589,560,518,516,509,484,474,480,426,376,379
3,0,17,381,888,1240,1364,1436,1350,1278,1237,1251,1305,1282,1320,1397,1468,1703,1793,1942,2155,2200,2234,2151,2015,2093,1927,1888,1770,1722,1588,1443,1385,1320,1190,1084,987,941,888,769,711,685,623,551,493,477,454,383,399,375,331,302,290,260,256,245,236,209,218,200,200,175,169,167,169,151,160,154,131,145,148,143,128,110,139,123,134,122,131,115,120,116,106,92,107,116,116,111,113,108,82,99,86,70,88,90,79,75,72,73
277,49,3,3,2,2,3,0,1,0,4,2,2,0,0,2,4,2,2,2,3,4,2,1,1,1,2,1,5,3,6,8,42,144,495,1154,2277,3532,4775,5800,6949,7607,7741,7363,6668,5787,4862,3939,3011,2215,1515,1081,732,505,291,210,164,129,106,120,72,51,46,35,32,21,23,19,11,6,9,23,23,19,42,52,67,61,75,92,112,97,108,106,91,87,94,73,71,65,55,52,37,32,32,23,22,15,19,9
1143,52,103,36,30,26,25,25,30,24,28,29,21,28,31,21,19,21,31,18,24,22,20,28,27,34,26,27,23,18,33,14,28,20,44,76,197,567,1356,2615,4136,5950,7351,8534,8981,8637,7830,6672,5316,3884,2626,1853,1064,673,365,190,110,42,18,8,2,2,3,1,1,0,0,0,0,0,0,0,0,0,0,1,0,3,3,8,6,4,9,9,18,8,12,9,10,8,14,12,10,10,9,10,5,5,5,7
2037,2799,3019,2521,2586,3072,4857,10895,20522,26435,26691,24628,20984,20814,19988,16898,15026,12970,9890,6696,4203,2960,1983,1365,1169,1057,1143,1001,864,736,515,383,384,330,340,320,276,222,203,141,129,121,118,112,113,94,99,84,57,71,62,52,43,40,38,36,29,20,22,23,15,20,12,17,10,10,10,6,2,6,8,10,6,5,4,3,3,4,6,3,4,0,2,2,1,2,3,2,1,1,1,2,0,1,1,2,0,1,3,2
49,5296,7975,4738,3729,3481,4538,6855,9453,11328,13424,15074,16223,16710,16759,15823,14101,12222,10333,9058,7884,6586,5749,4787,3814,2875,2280,1862,1521,1218,1080,938,745,621,508,414,375,333,308,232,225,218,215,169,171,121,138,120,119,81,95,97,93,88,79,83,61,87,73,50,46,53,48,40,48,49,55,52,40,31,34,38,20,23,22,27,10,12,10,15,9,14,12,13,9,8,9,10,7,5,9,3,1,3,6,3,3,5,3,5
49,734,1987,2462,2708,2633,2086,1631,1416,1436,1583,1925,2366,2741,3128,3369,3456,3243,2598,2100,1608,1295,1183,1054,960,863,840,866,896,940,914,900,986,976,954,1007,1129,1087,1106,994,991,1023,1106,1060,1086,1007,942,893,891,849,825,807,739,734,700,657,630,551,538,520,490,463,455,446,365,339,347,331,307,264,282,241,241,245,204,182,191,176,157,164,157,148,134,131,137,114,125,119,127,116,104,100,100,105,86,78,79,88,59,70
189,272,205,227,284,289,254,261,288,307,314,334,351,458,507,550,659,681,842,881,916,1099,1123,1185,1265,1290,1411,1292,1329,1309,1325,1312,1285,1279,1139,1106,1124,1012,1035,916,919,844,810,794,729,752,722,646,620,611,632,525,534,519,553,538,525,466,493,426,471,462,391,416,382,420,380,335,349,345,337,357,303,354,312,306,312,269,269,278,298,233,268,237,239,246,230,215,246,215,242,239,201,234,184,206,197,196,193,151
75,132,345,972,1791,2080,2125,2320,2931,3397,4178,4735,5511,5828,6438,6450,6546,6390,6314,6040,5723,5389,4795,4556,4114,3804,3435,3272,2838,2778,2482,2144,2193,1976,1850,1552,1564,1448,1356,1210,1229,1087,987,965,923,862,795,726,714,638,648,584,562,507,451,463,459,428,370,356,359,294,313,287,266,276,221,243,222,208,191,193,181,156,152,165,149,131,137,127,146,91,97,108,80,91,97,89,92,79,75,81,64,68,57,52,48,48,51,48
163,503,769,533,766,1230,1831,2908,4465,6434,9026,10899,12749,12881,12930,11716,10419,8619,7379,5918,5175,4316,3761,3554,3357,3378,3191,3021,2909,2666,2615,2245,2064,1813,1674,1520,1380,1321,1168,1087,970,905,881,794,719,697,663,566,562,548,435,431,411,384,347,319,291,253,250,237,240,182,202,166,186,176,146,140,142,117,104,95,107,90,86,85,86,75,68,64,60,44,64,57,43,36,50,36,31,29,25,27,26,32,21,20,27,24,23,17
49,312,641,954,1369,1779,3001,6097,9497,9645,8784,8406,8128,8107,9258,11196,11651,10366,8302,6766,6103,5901,5945,5581,4878,4156,3360,2693,2279,2039,1790,1661,1482,1279,1071,951,734,659,514,483,455,392,344,328,283,236,213,180,172,128,126,102,97,89,76,84,66,60,61,59,44,58,26,38,42,34,29,27,19,23,14,20,16,18,12,9,9,12,7,5,5,6,3,7,6,4,10,8,7,7,6,2,5,6,5,3,9,4,2,5
9366,3210,1942,1904,2163,2084,1990,2146,2445,2620,3085,3948,4989,5565,5497,4597,3381,2617,2214,2169,2286,2190,2434,2639,2993,3447,3772,3955,3785,3539,3282,2874,2761,2314,2154,1831,1681,1563,1493,1373,1302,1189,1029,970,777,768,598,558,451,460,401,341,306,280,291,251,250,214,196,180,169,169,146,139,117,114,88,100,78,73,72,73,61,56,60,50,50,43,53,39,48,45,40,27,33,21,33,33,28,24,13,24,22,15,20,19,16,14,14,12
20276,9,7,11,24,97,478,1436,3782,7662,13260,20868,26156,28319,27224,23793,17519,12192,7719,4610,2777,1826,1151,773,494,398,303,253,224,206,204,189,196,177,185,175,165,153,173,148,155,145,146,141,167,147,146,168,151,150,144,154,130,121,138,121,98,131,103,88,89,88,84,58,61,59,48,59,43,28,39,42,32,28,23,27,27,23,26,20,9,11,11,18,21,15,5,11,7,11,7,10,9,7,5,11,5,9,6,13
9039,2582,4031,4249,5206,7065,13660,24118,26889,25449,18899,12452,8398,6559,5184,4567,5060,5342,5248,4791,4131,3079,2084,1723,1614,1645,1781,1828,1823,1410,1074,937,818,754,813,732,645,594,568,500,485,476,431,382,338,285,288,315,292,262,218,194,195,182,190,179,155,154,117,110,113,107,99,120,104,77,96,87,92,65,62,57,66,56,57,43,40,44,43,44,41,35,31,26,34,46,33,38,32,31,29,28,27,18,20,24,19,22,20,36
569,2016,3497,20173,110953,149738,92855,43571,23606,16291,11855,8703,6370,4421,3049,2317,1710,1199,935,755,559,431,380,302,261,227,172,169,132,125,93,76,77,69,60,49,54,56,49,32,42,38,16,20,26,23,19,22,18,18,12,13,18,12,13,11,13,13,9,18,8,8,9,13,11,4,6,6,7,3,9,5,14,7,2,6,4,1,10,7,6,4,2,5,8,7,6,3,1,4,3,1,8,3,2,4,4,4,4,5
1,0,0,0,0,0,0,0,0,0,0,0,2,0,0,0,0,0,0,0,0,0,0,0,0,0,0,0,0,0,0,0,0,0,0,0,1,1,0,0,1,0,0,1,0,0,3,0,0,0,0,3,0,0,0,0,1,0,0,0,1,0,0,1,0,0,0,1,0,1,0,0,0,0,0,2,0,0,1,0,1,4,0,2,1,0,1,1,1,0,1,2,0,2,0,0,0,0,0,3
991,152,169,154,151,217,2203,5249,5411,4926,4475,3786,3188,2697,2367,2068,1785,1522,1401,1255,1078,939,832,834,748,774,671,610,624,558,451,461,430,436,400,383,350,363,350,334,318,312,249,263,256,252,232,220,219,202,178,212,173,178,158,178,173,145,147,171,167,115,125,150,121,122,102,106,84,98,91,79,105,96,86,93,97,94,89,73,72,64,72,65,52,82,60,82,58,54,72,72,54,53,49,37,48,57,44,42
5708,515,1012,372,426,679,1386,2611,3726,4656,5097,5656,5847,5853,5898,5751,5607,5540,5261,4987,4838,4691,4437,4278,3996,3722,3489,3390,3180,3035,2879,2742,2557,2374,2276,2075,1976,1903,1724,1651,1487,1447,1310,1290,1180,1135,1088,1034,897,883,809,755,765,795,650,647,640,585,561,570,511,525,472,428,413,392,371,381,365,340,327,302,289,283,267,252,249,265,232,251,218,200,229,178,171,170,165,143,168,156,163,144,150,126,123,105,124,123,114,126
222,31862,41553,11641,6620,4329,3452,3116,3216,3583,4607,5883,7257,8591,9727,11061,11951,13121,14351,15088,15904,15856,14848,13379,12291,10930,9472,7957,6744,5587,4558,3683,2895,2114,1713,1379,1108,956,792,731,617,588,479,466,409,413,404,393,351,292,333,289,262,265,260,254,235,227,215,198,198,208,203,185,177,204,196,182,191,200,187,182,199,175,192,161,166,177,172,202,185,194,140,158,163,155,147,120,134,122,120,119,110,104,109,124,97,88,83,83
3723,8519,9068,8744,8566,8456,8494,8844,9948,11214,12783,13281,13770,12420,12781,13517,15051,16823,17791,17137,15210,12385,10095,8414,7089,5917,5183,4365,3859,3083,2478,1919,1642,1262,1038,905,754,709,568,469,392,339,306,255,220,193,164,154,135,121,131,101,87,79,67,66,74,47,48,42,57,45,31,38,35,32,19,29,25,32,18,24,13,19,16,12,5,12,6,3,9,9,7,5,8,3,7,5,1,5,0,2,4,2,4,9,1,0,1,2
222,4,8,294,1577,2789,2820,2786,2969,2974,3042,2831,2806,2637,2615,2569,2575,2469,2526,2423,2499,2368,2510,2483,2293,2356,2186,2285,2173,2163,2010,1886,1945,1784,1790,1689,1754,1557,1608,1429,1431,1399,1313,1247,1151,1137,1150,1075,1010,972,930,922,824,793,735,729,706,705,630,647,621,563,545,522,526,499,429,435,452,391,395,372,378,362,372,370,335,302,298,301,269,295,242,235,258,228,225,220,195,222,192,174,182,173,177,188,153,153,161,146
64,33,87,160,249,353,400,447,482,544,657,911,1342,1707,2087,2454,2768,2928,2848,2486,2286,1807,1505,1314,1054,991,901,784,788,739,736,668,690,657,703,665,638,653,660,589,639,606,612,594,513,601,552,547,527,512,525,524,480,468,476,429,436,411,414,420,398,379,357,382,341,356,325,339,288,291,278,303,280,269,264,265,271,228,225,210,222,205,204,226,191,198,184,168,180,169,182,148,171,153,141,142,128,117,139,133
243,191,224,201,220,206,188,224,200,268,374,583,1080,1876,3285,4887,6741,7880,8219,7471,6607,5081,3827,2851,1940,1357,963,810,733,838,984,1257,1582,1705,2100,2330,2489,2599,2448,2276,2087,1780,1461,1246,1017,797,793,752,738,702,798,780,831,904,1011,995,983,903,912,848,783,788,644,571,481,460,462,420,418,449,454,448,461,431,471,441,429,438,462,365,342,315,329,274,273,233,228,228,220,215,216,194,237,234,255,248,215,215,206,211
18,543,3923,6446,8348,10395,12677,15420,18691,20027,21152,20373,19023,18000,16666,15563,14360,13575,12025,9838,8523,7016,5836,4576,3396,2591,1959,1390,1040,775,570,478,424,348,375,341,294,281,257,228,194,181,151,157,124,122,107,118,112,108,92,96,101,98,85,87,108,86,89,66,83,78,84,57,84,64,89,71,81,71,61,87,81,89,70,86,67,67,81,69,80,69,70,78,70,95,76,78,75,75,82,81,80,76,93,80,64,81,87,90
363,4615,4197,2484,1643,1151,830,620,508,385,326,298,224,205,202,158,159,166,147,124,125,108,114,108,96,84,93,90,77,74,77,65,71,59,46,53,59,45,56,69,42,47,50,35,39,44,30,29,45,35,36,42,31,27,31,26,23,24,16,29,25,18,25,14,9,17,18,25,13,17,21,13,13,16,14,19,8,7,10,10,10,12,14,13,9,11,12,12,11,9,4,12,12,17,11,4,11,9,13,13
22,0,3,0,2,1,1,0,2,0,0,0,0,1,2,0,0,1,1,0,1,1,1,1,0,2,0,1,0,0,1,1,2,0,0,1,0,5,3,6,14,10,14,18,20,34,38,44,44,48,53,63,63,86,100,123,177,220,295,393,529,688,887,1058,1280,1461,1741,1997,2265,2290,2529,2566,2661,2561,2429,2368,2309,2078,1951,1834,1613,1515,1319,1220,1062,993,918,792,744,706,621,570,461,529,427,352,384,340,308,278
85,3,6,4,2,13,7,3,11,7,3,5,2,8,3,4,1,7,7,3,4,5,5,9,6,6,68,969,5536,18426,35517,46146,33608,15125,4292,860,163,35,21,12,8,9,2,2,1,1,1,3,0,3,1,0,0,0,0,2,6,8,5,18,27,37,30,50,34,31,17,10,5,6,0,1,0,1,0,0,0,0,0,0,0,0,0,0,0,0,0,0,0,0,0,0,0,0,0,0,0,0,0,1
7,3,7,0,1,4,2,4,3,1,2,2,2,0,0,0,2,1,1,4,2,1,1,2,2,1,1,3,0,1,4,1,1,2,1,2,4,1,3,1,1,2,1,0,2,10,12,16,23,26,22,37,55,45,41,45,38,58,66,67,65,87,84,97,113,123,132,149,187,193,199,204,201,213,229,257,274,250,276,303,294,325,310,327,312,340,343,345,356,379,364,353,340,361,354,335,393,387,357,362
87,44,51,45,43,34,39,40,48,42,41,49,43,31,41,35,39,62,52,42,46,44,44,52,50,48,51,53,61,49,55,48,66,54,46,52,54,66,49,56,60,78,100,98,102,128,136,159,255,386,579,738,1115,1400,1835,2317,2723,3116,3427,3799,3847,3763,3486,3217,2943,2815,2499,2309,2005,1877,1653,1380,1176,975,871,780,706,580,575,492,437,458,426,462,436,452,444,403,411,342,305,303,269,241,223,205,164,151,145,124
1437,2162,6010,19576,115667,218911,222336,178479,130152,81532,49014,27556,15547,7921,4315,2471,1408,788,480,322,227,162,103,79,69,38,31,40,32,21,14,4,10,9,6,8,2,3,3,11,4,6,2,3,2,2,1,4,0,1,1,3,1,1,0,1,1,1,0,0,2,0,0,1,1,0,0,0,0,0,0,0,0,0,0,0,0,1,0,0,0,0,0,0,1,0,0,0,0,0,0,0,0,0,0,0,0,1,0,1
562,74,122,77,319,666,875,857,802,777,768,760,693,639,730,739,801,838,988,991,1186,1361,1436,1636,1780,1984,2035,2263,2418,2554,2777,2768,2944,3010,3054,3193,3156,3219,3189,3040,3084,3069,2872,2806,2678,2533,2438,2385,2194,2155,2045,1889,1791,1591,1490,1346,1298,1182,1090,1039,982,887,743,743,680,647,574,534,525,472,426,376,354,329,318,336,284,263,281,245,224,235,205,193,194,191,181,169,146,153,141,118,120,120,108,71,103,90,82,71
1194,552,2331,3927,6242,8125,9838,11221,11765,11667,11451,11418,10978,10667,10367,9816,9545,9203,9063,8793,8362,8001,7499,7086,6514,5936,5218,4725,4294,3857,3531,3055,2664,2364,2098,1869,1628,1336,1128,1100,895,854,736,653,497,488,448,444,347,301,272,257,239,211,185,166,154,164,142,128,138,102,105,70,73,65,79,61,52,48,50,51,38,45,50,29,34,28,26,32,26,25,32,32,21,17,15,15,24,21,13,15,14,15,13,8,6,21,12,6
52,85,72,61,67,69,71,80,83,161,219,291,362,472,513,556,653,663,748,818,909,946,1001,1083,1064,1056,1049,992,1013,933,882,846,840,777,699,699,716,678,672,656,645,623,633,632,570,586,604,538,539,514,547,505,517,469,526,469,438,454,384,385,371,393,334,357,329,337,318,350,313,312,286,298,294,252,264,254,261,282,254,261,225,258,219,225,191,227,238,212,221,222,200,207,200,204,172,171,167,179,151,183
81,106,107,108,115,111,113,105,106,114,124,121,117,97,111,90,127,204,432,871,1873,3335,4637,4456,2941,1351,485,244,135,100,108,92,105,88,93,148,154,216,245,334,470,624,853,1130,1474,1637,1639,1408,1094,714,477,287,178,139,102,111,137,147,162,196,218,279,300,395,496,520,624,672,706,718,682,575,529,419,334,213,197,151,151,120,134,161,167,167,216,241,261,288,312,332,383,369,381,367,323,319,270,233,205,157
133,246,558,931,1264,1263,1089,936,831,664,558,422,341,364,328,402,370,450,509,581,659,806,652,750,819,808,843,879,898,919,942,969,881,892,826,814,743,695,661,582,555,529,488,475,372,392,326,315,302,255,227,208,212,203,174,172,153,169,172,138,130,127,120,113,125,96,104,113,97,97,88,83,81,73,75,69,59,56,64,60,66,52,43,49,43,47,42,42,57,41,20,22,25,37,34,28,22,23,23,34
5503,2615,2816,2714,2682,2926,3411,4731,7694,12267,18292,23499,26358,27908,25874,21917,16411,10961,6985,4398,3067,2699,3132,4072,5002,6288,6593,6496,5804,4884,3666,2483,1677,1148,943,1008,1249,1252,1499,1648,1535,1397,1243,1048,824,645,565,453,316,347,388,362,382,401,362,375,331,285,212,176,154,154,104,122,101,106,121,96,94,98,72,63,49,51,46,40,43,41,35,40,39,30,26,35,23,23,28,13,13,9,12,15,11,9,12,9,9,8,4,7
14,7893,11089,8478,6994,6539,6587,7179,7821,8254,8608,8748,8892,9305,9730,10485,11392,11890,12021,11607,11153,10078,9045,8066,7312,6462,5704,5330,4652,4064,3662,3067,2972,2601,2160,1988,1733,1511,1314,1222,1021,939,826,757,650,519,545,450,370,320,293,279,231,225,187,176,179,149,134,121,131,106,118,108,92,96,88,84,66,78,61,63,62,53,32,42,50,52,31,29,27,42,30,20,32,34,23,27,25,26,24,29,22,13,26,20,13,23,12,19
181,3856,13157,14488,13948,12499,10644,8235,6093,4588,3761,3247,3045,3174,3253,3381,3403,3492,3440,3545,3641,3466,3538,3422,3364,3293,3105,3082,2972,2991,2765,2501,2275,1994,1752,1537,1283,1044,913,850,757,662,517,497,481,453,391,329,336,328,300,287,271,269,251,238,191,227,236,227,200,196,224,194,198,195,202,175,187,182,201,202,189,188,181,204,205,235,231,244,241,288,284,292,324,374,364,399,430,414,451,481,474,479,541,547,526,541,589,525
480,543,694,701,749,839,865,917,1052,1098,1206,1148,1128,1175,1144,1123,1051,1009,1010,1010,944,945,869,948,953,1004,946,960,1006,1017,1037,1015,1020,1019,975,977,988,964,912,932,870,878,773,784,734,755,775,684,682,595,591,593,608,519,526,531,560,510,503,453,417,404,404,437,370,380,358,370,367,316,350,304,280,278,293,261,247,265,225,265,216,238,203,236,214,180,221,217,165,189,175,175,167,187,175,190,123,162,160,149
6542,8486,11210,67989,82361,43413,32186,30752,29853,27680,25009,21617,19646,17136,14978,12751,11047,9436,8186,6878,5845,5037,4292,3806,3233,2812,2399,2077,1849,1594,1368,1291,1148,932,819,749,678,595,544,470,429,401,333,287,253,226,222,208,190,159,152,100,105,97,93,83,81,76,58,62,55,64,54,44,41,28,37,31,44,26,22,24,28,11,21,24,20,12,16,18,17,6,6,10,11,15,7,9,7,7,7,6,10,9,6,6,8,5,3,7
2455,1233,1635,1481,1544,1515,1501,1519,1426,1549,1572,9985,483854,40485,9,8,4,7,5,7,7,2,3,29,1068,1878,112,1,0,0,0,0,0,0,0,0,3,15,11,0,0,0,0,0,0,0,0,0,0,0,2,0,0,0,0,0,0,0,0,0,0,0,0,0,0,0,0,0,0,0,0,0,0,0,0,0,0,0,0,0,0,0,0,0,0,0,0,0,0,0,0,0,0,0,0,0,0,0,0,1
84,116,104,123,244,472,752,895,1001,1071,1184,1499,2268,3697,5237,6286,6127,5563,4914,4843,4775,5127,5556,5892,6140,6030,5638,5118,4486,3608,2962,2453,1948,1565,1287,1030,850,716,511,478,438,383,320,306,324,292,330,322,312,291,299,306,325,305,270,318,270,257,237,240,203,216,188,188,188,161,148,116,144,144,119,131,119,125,121,136,130,109,97,107,104,105,80,96,79,103,96,87,92,96,76,83,73,95,54,80,71,61,61,73
4,3,2,1,4,6,2,7,5,9,3,9,5,8,6,6,7,3,9,8,9,6,3,4,7,2,7,13,7,5,4,9,7,7,6,8,3,4,14,10,4,6,6,5,7,5,8,8,4,5,11,3,11,8,10,7,11,8,6,8,8,9,6,11,5,11,7,10,6,6,8,7,6,10,10,11,12,9,12,8,10,5,9,12,8,11,7,10,12,9,12,9,10,3,19,8,9,7,6,16
40,25,41,14,25,29,17,30,36,36,15,36,17,31,32,29,26,19,25,22,30,20,28,28,31,35,27,22,28,28,35,31,38,77,77,142,193,255,393,590,770,894,872,861,680,679,504,397,342,299,362,417,472,541,601,710,852,950,1071,1144,1231,1382,1489,1539,1693,1626,1745,1810,1685,1754,1767,1762,1706,1646,1505,1510,1492,1469,1324,1307,1244,1232,1067,1051,985,964,888,857,801,770,633,659,558,558,465,447,425,419,399,330
50,15,23,18,13,10,20,10,10,9,13,20,13,12,18,11,20,18,16,12,18,16,4,15,11,16,9,13,10,24,23,13,22,19,24,19,19,20,21,21,20,17,25,25,27,12,26,25,11,11,18,19,17,20,22,20,25,39,51,46,75,70,86,129,156,205,211,254,286,266,327,314,390,394,430,439,482,472,502,528,478,492,531,514,546,541,529,501,546,540,510,497,520,473,492,479,435,478,480,465
601,541,3352,5812,7138,7766,8442,8929,9400,9852,10098,10350,10508,10021,10051,9872,9330,8671,8036,7679,7233,6551,6317,5620,5301,4881,4507,4130,3765,3513,3197,2945,2666,2401,2276,1985,1862,1792,1550,1558,1420,1318,1228,1077,1039,878,906,774,767,666,617,542,489,490,461,421,415,356,383,320,300,288,235,257,224,203,192,179,194,152,157,157,126,129,118,118,121,116,110,93,97,92,82,72,64,72,64,51,73,55,60,49,47,50,41,42,44,37,27,30
55,46,35,29,54,65,75,68,47,51,43,37,39,29,17,38,23,34,24,18,22,26,21,26,33,33,56,122,203,293,381,516,683,938,1262,1532,1647,1954,2192,2248,2392,2511,2730,2729,2703,2758,2614,2696,2583,2566,2326,2410,2209,2107,2152,1992,1914,1780,1696,1617,1558,1467,1338,1304,1214,1099,1036,975,940,866,811,766,721,679,599,595,518,536,456,403,392,423,381,346,322,345,264,262,232,231,216,210,184,181,168,167,168,161,146,122
127,2239,4974,5118,6241,8080,10828,14783,18187,21113,23581,25169,26157,25261,21687,17361,13436,10236,7509,5413,3764,2574,1821,1398,1161,1027,935,755,664,546,431,374,308,223,186,174,160,163,141,129,95,118,104,102,117,92,78,88,84,84,70,87,75,61,80,88,69,63,69,83,81,89,77,75,87,81,76,80,69,79,80,76,74,75,75,81,91,86,107,85,81,75,88,88,93,125,125,114,108,133,150,146,164,157,170,155,193,189,195,209
288,249,348,323,290,350,356,439,551,702,1109,1919,3869,7038,11637,15960,19366,19996,18663,15710,12651,9654,7068,5033,3570,2621,2189,1763,1819,1824,2089,2264,2491,2736,2825,2659,2597,2390,2119,1915,1702,1509,1300,1057,1023,829,766,744,710,677,606,628,603,523,492,473,454,431,364,306,336,310,268,250,222,186,183,157,151,187,152,133,129,116,124,95,85,91,87,87,56,75,69,70,55,63,40,41,30,37,36,30,26,38,29,28,33,18,28,21
1,0,1,0,0,0,0,0,0,0,0,0,0,0,0,0,0,0,0,0,0,0,0,0,0,0,0,0,0,1,0,0,0,0,0,0,0,0,0,0,1,0,0,0,0,0,0,0,0,0,0,0,0,0,0,0,0,1,0,0,0,0,0,0,0,0,0,0,0,0,0,0,0,1,1,0,0,0,0,0,0,0,0,0,0,1,1,0,0,0,0,0,0,1,0,0,0,0,0,1
28,0,2,4,10,9,18,18,28,20,45,36,45,42,43,61,46,68,45,49,49,55,71,77,68,65,79,68,67,65,69,81,68,73,75,77,75,113,88,84,77,100,89,89,102,127,102,113,132,131,125,127,118,152,135,130,132,158,165,183,143,138,151,189,184,173,178,179,169,207,184,177,172,183,201,180,192,177,179,174,159,203,182,186,210,190,171,193,165,179,164,175,165,191,168,183,198,165,156,154
309,5440,3383,2696,2176,1957,1769,1514,1340,1105,989,815,708,639,481,460,332,278,276,232,185,187,156,118,131,111,116,89,80,65,64,61,60,46,31,41,42,31,37,22,22,25,19,15,15,25,23,18,15,12,7,16,8,11,14,9,7,4,13,8,9,7,10,7,10,8,7,8,8,4,7,5,7,5,4,13,7,11,2,9,7,7,10,6,5,11,8,4,4,5,5,4,9,5,13,7,7,13,6,11
2481,1039,1389,1344,1574,2072,2718,4045,6074,9065,12237,15500,18590,20439,21219,19067,15014,9117,5068,2476,1333,927,695,727,855,1114,1396,1904,2058,2258,2273,2055,1895,1548,1280,994,828,702,650,682,676,748,759,898,882,868,912,848,858,777,745,634,634,581,531,549,553,511,493,568,556,548,555,590,511,513,508,462,433,407,383,321,338,296,304,263,263,250,230,204,213,220,190,192,164,169,151,157,165,128,118,117,131,124,129,126,125,102,96,101
304,113,106,94,106,126,109,143,398,953,1963,2965,3791,3858,3316,2450,1686,1209,826,560,470,434,489,606,718,838,969,968,1017,930,843,707,553,471,406,324,321,309,311,335,339,370,401,385,343,338,332,284,283,251,218,195,208,221,203,193,242,229,234,237,211,212,191,205,170,148,193,153,153,152,145,163,141,142,154,141,134,124,143,126,116,126,130,113,119,103,117,100,97,119,123,110,113,83,112,106,91,92,103,95
1612,1587,1769,1600,1568,1727,1930,2532,4012,6391,9210,11393,12663,12833,11959,10434,8884,6876,5584,4531,4072,3724,3503,3406,3487,3606,3546,3651,3413,3355,3043,2671,2521,2272,2097,1969,1852,1699,1564,1549,1470,1355,1292,1236,1144,1162,1088,1021,984,914,774,799,746,685,668,597,535,556,513,477,489,410,460,389,379,348,319,318,296,282,269,235,268,219,201,209,188,207,194,182,158,170,151,150,126,115,99,99,112,109,99,109,89,62,77,80,98,70,70,72
1,0,0,0,1,0,0,0,0,0,0,0,0,0,0,0,0,0,0,0,0,0,14,85,244,411,573,919,1374,1905,2413,2733,3036,3338,3372,3490,3531,3674,3551,3563,3648,3620,3598,3437,3297,3263,3111,3054,2846,2613,2492,2391,2131,2007,1789,1689,1516,1450,1235,1181,1039,985,910,779,719,650,594,603,476,455,400,342,332,331,273,251,230,175,220,170,155,168,143,118,93,113,93,85,67,83,61,66,67,47,55,54,59,49,38,39
37,399,933,531,551,690,667,695,841,946,1021,1271,1732,2388,3397,4406,5815,7062,8348,9144,9864,10090,10040,9659,9304,8621,8027,7260,6816,5865,5200,4528,3955,3638,3147,2793,2501,2210,1839,1702,1471,1292,1144,941,915,820,797,652,631,541,500,428,438,393,310,339,288,251,239,204,174,191,173,135,131,145,95,124,101,82,73,70,71,62,51,69,45,36,35,38,29,38,29,26,20,24,20,26,23,20,12,15,22,17,11,12,16,16,8,9
1052,2445,2243,2492,2271,2405,2861,3528,5168,10486,18623,25599,25715,20097,12739,7228,4014,2563,2151,2480,3124,4129,5395,5806,5936,5733,4831,4170,3265,2591,2028,1838,1686,1676,1792,1806,1752,1784,1651,1564,1430,1321,1129,1057,966,898,786,750,724,655,694,614,549,603,526,491,484,436,388,399,369,358,292,292,264,227,252,207,233,202,190,206,178,190,162,146,150,139,124,115,95,94,93,103,86,91,96,65,81,63,64,63,48,58,51,50,59,48,47,47
13,8,6,5,8,9,8,10,6,7,9,5,6,5,7,4,6,8,4,6,6,7,10,7,7,7,6,9,5,10,4,8,14,7,13,4,2,2,5,10,3,6,4,3,7,6,5,5,7,5,1,3,4,5,3,6,9,8,6,6,3,9,4,8,6,6,6,10,9,7,3,5,6,4,4,8,3,3,7,4,4,9,2,3,5,3,2,4,9,5,13,3,8,7,7,4,6,7,8,6
1,0,0,1,0,0,0,0,0,0,0,0,0,1,0,0,0,0,0,1,0,0,0,0,0,0,0,0,0,0,0,0,0,0,0,0,0,0,0,0,0,1,0,0,0,0,0,0,0,0,0,0,0,0,0,0,1,0,0,0,0,0,0,1,0,0,0,0,0,0,0,0,0,0,0,0,0,0,0,0,0,0,1,1,0,2,0,0,1,0,1,0,1,0,0,0,0,0,0,1
1,0,0,0,0,0,0,0,0,0,0,0,0,0,0,0,0,0,0,0,0,0,0,0,0,0,0,0,0,0,0,0,0,0,0,0,0,0,0,0,0,0,0,0,0,0,0,0,0,0,0,0,0,0,0,0,0,0,0,0,0,0,0,0,0,0,0,0,0,1,0,0,0,0,0,0,0,0,0,0,0,0,0,0,0,0,0,0,0,0,0,0,0,0,0,0,0,0,0,1
53,66,183,262,414,582,662,844,1045,1492,2237,3051,3524,3269,2972,2487,2237,1868,1884,1925,2037,2270,2525,2684,2646,2481,2180,1765,1507,1266,1133,995,997,926,986,948,950,1003,1035,1001,990,1007,1032,993,1021,1050,1018,1039,1001,1019,981,952,914,951,945,894,914,820,773,824,837,721,693,670,691,611,571,580,508,532,480,463,429,399,433,372,353,328,297,333,314,315,253,243,243,213,178,163,169,174,177,158,139,152,123,118,131,127,90,116
11117,83828,36895,21512,14538,10990,8700,7571,6695,6526,6226,6692,7381,8009,8717,8989,9594,9895,10726,10514,10368,9668,9356,8568,7905,7116,6322,5943,5141,4429,3903,3372,3041,2681,2454,2120,1891,1749,1564,1364,1307,1126,1078,1007,912,902,845,731,693,669,612,574,543,529,435,459,401,359,342,306,295,283,263,265,274,259,263,240,227,222,210,188,202,183,198,194,180,186,186,175,187,156,173,197,190,184,188,180,222,193,198,205,210,242,210,227,231,227,250,220
142,11,17,2,12,9,4,7,7,8,6,11,13,8,3,10,12,10,11,9,6,8,7,11,11,16,8,19,9,9,7,8,15,8,11,16,66,254,390,412,281,154,220,234,137,166,131,140,124,141,110,109,103,137,156,249,411,711,1014,1309,1587,1785,2002,1963,1862,1829,1882,2317,2488,2699,2642,2647,2696,3021,3760,4157,4373,4120,3455,2737,1968,1369,929,527,385,248,160,118,67,58,35,31,23,20,16,5,5,15,1,5
247,28,179,475,795,756,877,506,602,865,1277,1592,2497,3342,4263,5227,5841,5488,4263,2856,2115,1659,1399,1250,1139,1111,1081,1112,1065,1157,1160,1126,1294,1312,1431,1528,1602,1592,1714,1822,1949,1972,1965,2041,1990,2104,2005,1854,1894,1803,1759,1628,1541,1443,1324,1305,1160,1079,974,929,867,741,744,655,580,564,514,490,415,393,359,314,267,256,266,249,239,215,194,187,171,160,135,151,138,131,107,117,110,75,105,81,100,68,70,62,69,77,59,65
1604,17,26,18,16,24,22,24,21,12,9,19,21,70,186,451,773,1351,2143,3478,4650,6021,7353,7898,8818,8812,8726,8563,8103,7608,6975,6220,5786,4995,4701,4016,3599,3172,2709,2414,2230,1835,1720,1503,1295,1133,1046,893,814,776,666,578,537,473,440,407,358,332,279,268,242,250,220,190,184,159,136,141,120,126,117,110,108,91,85,87,84,91,76,62,66,58,57,52,51,53,46,39,35,36,26,36,23,34,28,23,29,30,17,21
595,5,10,1,4,15,8,9,11,11,15,11,17,16,8,18,34,107,250,471,689,1089,1297,1849,2466,3487,4514,5880,7222,8386,9299,9917,10377,9906,9670,9037,8078,7180,6628,5634,4943,4228,3683,3080,2677,2163,1929,1647,1392,1162,978,842,726,643,601,491,446,377,356,287,270,242,214,208,168,143,140,124,114,89,90,80,73,67,68,56,49,46,42,30,31,28,16,27,24,14,11,20,10,16,11,9,6,6,14,9,8,8,6,5
1,1,0,0,0,1,0,0,0,0,0,0,0,0,1,0,0,0,1,0,0,0,0,1,0,1,0,0,0,0,0,0,0,0,0,1,0,0,0,0,0,0,0,0,0,0,0,0,0,0,0,0,0,0,0,0,0,0,1,0,0,0,1,0,0,0,0,0,0,0,0,0,0,0,0,0,0,0,0,0,0,0,0,0,0,0,0,0,2,2,0,1,3,2,4,5,7,9,8,10
213,23,30,20,10,16,19,18,14,11,18,15,16,21,17,8,21,30,12,17,23,17,14,17,8,20,13,16,35,57,118,166,200,265,386,552,878,1424,2128,3102,4312,5474,6166,6366,6373,6308,5928,5586,5089,4530,4371,4086,3655,3382,3166,2870,2555,2289,1936,1766,1561,1363,1171,1096,955,800,719,655,545,493,452,354,363,311,300,239,222,181,199,184,184,148,127,117,120,122,88,85,78,75,69,59,72,61,62,52,50,37,50,26
42,227,279,253,266,247,224,243,232,230,245,231,275,226,235,218,223,222,229,227,244,241,240,261,250,233,245,257,335,378,456,613,802,1157,1659,2037,2335,2610,3078,3424,4122,4720,4808,4714,4203,3986,3603,3558,3356,3349,3014,2559,2111,1726,1592,1317,1290,1130,991,847,684,666,546,500,429,410,351,336,358,337,317,313,310,296,318,302,309,338,359,379,378,434,464,477,440,501,488,473,426,428,473,445,443,444,395,380,375,350,328,332
871,2378,9136,20931,32631,37718,42112,40986,39620,38226,35037,30157,27130,23578,19924,17073,13822,12069,10257,8783,7388,6291,5214,4745,4022,3403,2863,2388,2078,1859,1503,1332,1054,929,896,721,596,538,441,420,341,281,267,227,175,159,138,130,106,93,83,73,64,48,49,35,33,25,29,13,24,12,21,13,11,10,6,7,10,5,6,4,3,1,2,7,6,0,2,1,6,2,2,0,0,1,1,0,5,4,0,0,0,0,0,2,0,0,0,1
1,3,0,0,3,2,0,0,0,2,1,1,0,3,0,2,1,1,2,3,1,3,2,0,2,0,3,1,0,1,1,0,1,0,3,0,3,1,2,1,3,0,2,0,1,0,4,1,0,2,0,1,1,1,1,3,3,1,2,1,3,2,2,0,2,1,0,1,1,0,1,2,3,1,6,14,31,41,52,60,68,70,59,59,46,38,43,42,25,35,31,30,27,29,28,28,23,22,20,24
2495,569,1134,2911,5649,8797,12853,16478,19991,22587,24302,24499,24099,22457,20770,18378,15954,13640,11822,10042,8898,7536,6607,5774,5103,4465,4090,3469,3297,2821,2565,2269,2016,1770,1605,1446,1288,1162,1031,904,816,762,697,657,546,475,459,409,392,297,317,280,247,227,219,176,182,170,140,150,137,124,118,103,93,97,96,87,73,59,61,66,61,39,43,49,49,29,43,39,33,34,31,31,19,24,21,24,21,17,26,26,10,22,9,20,9,13,15,11
349,272,2152,4187,5054,4028,3066,3016,3413,3646,3722,4556,5426,5847,6318,6638,6783,6001,4821,3728,3171,2862,2697,2895,2594,2693,2489,2474,2332,2341,2382,2280,2316,2282,2257,2136,2115,2060,2010,2067,1948,1875,1888,1768,1650,1701,1622,1615,1442,1454,1301,1194,1236,1171,1098,1067,988,928,866,767,737,663,659,677,617,574,495,509,453,395,406,407,376,335,333,277,295,282,286,250,242,212,198,226,233,197,196,170,198,160,172,161,151,130,129,140,120,122,99,92
1,0,0,0,0,0,0,0,0,0,1,1,1,1,0,0,2,2,3,0,4,1,4,7,4,6,7,7,10,20,17,14,15,30,21,36,34,46,45,48,60,69,67,74,66,113,125,120,150,155,177,185,245,238,271,306,292,302,339,364,371,400,409,436,418,402,418,403,386,386,384,408,370,384,341,376,313,342,329,339,285,286,287,280,261,257,237,254,209,238,239,212,209,202,208,201,172,165,187,129
8,7,5,6,8,5,2,9,6,5,6,1,4,21,22,30,23,61,90,74,51,103,131,127,136,114,100,127,142,175,199,302,474,636,921,1636,3218,5661,8475,10584,11299,10317,7955,5423,3569,2362,1685,1487,1722,2234,2901,3578,3937,4034,3815,3175,2463,1801,1251,867,576,355,232,120,87,47,40,29,20,20,23,8,21,11,8,4,7,4,11,2,3,4,5,10,5,9,3,3,2,0,3,2,3,1,2,3,2,0,0,4
373,25,33,43,39,43,37,31,34,40,33,35,31,39,33,35,42,32,37,47,37,26,29,29,32,45,23,28,33,26,29,26,30,37,24,37,29,42,37,39,41,30,27,42,33,33,27,27,26,29,33,36,36,39,26,35,38,35,30,33,39,57,100,126,284,506,803,1179,1630,2161,2557,2931,3030,3267,3402,3580,3658,3661,3740,3534,3254,2865,2538,2089,1792,1407,1177,893,631,517,437,341,238,226,159,134,90,80,88,69
42,54,85,50,70,54,56,55,36,49,45,55,41,62,49,44,53,53,49,46,64,50,46,51,57,65,44,61,50,52,61,55,56,72,50,53,44,55,59,50,46,56,59,51,59,69,43,35,47,53,56,59,61,63,80,65,79,94,81,92,121,134,156,175,175,197,191,232,263,312,417,580,798,1072,1417,1830,2281,2683,2975,3306,3483,3693,3539,3364,3142,2927,2604,2289,1874,1596,1384,1071,920,725,583,460,418,301,260,221
12,17,3,2,5,1,2,3,6,8,2,1,9,3,4,3,4,3,6,4,4,3,4,7,3,6,1,5,5,7,1,2,4,5,3,5,7,5,5,3,4,6,3,3,2,2,4,5,9,16,11,25,27,36,65,58,86,104,123,179,145,201,210,264,294,289,309,347,385,358,357,360,392,389,426,380,403,390,411,389,393,403,351,378,313,340,357,332,303,314,287,274,270,223,251,272,217,225,206,207
209,303,396,342,302,323,324,326,316,321,333,271,319,317,322,324,328,347,321,304,303,318,305,323,291,329,324,309,361,356,322,334,402,395,443,480,555,574,683,749,787,809,1040,1065,1103,1229,1320,1413,1440,1538,1544,1575,1646,1670,1762,1635,1742,1697,1628,1553,1607,1565,1522,1506,1450,1391,1379,1224,1245,1185,1159,1012,986,924,920,930,830,797,736,745,729,695,620,560,552,537,551,513,464,442,422,407,319,335,350,303,334,309,292,276
16,0,0,0,0,0,0,0,0,0,0,0,0,1,0,0,0,0,0,0,0,4,20,72,38,30,30,26,9,8,14,10,10,17,11,12,13,16,3,5,12,9,6,9,22,30,36,18,19,19,18,17,19,28,40,36,56,44,51,63,69,73,70,86,86,79,106,128,130,168,241,367,628,1021,1511,2191,3111,3949,4988,5366,5887,5954,5590,5315,4488,4053,3388,2786,2344,1871,1457,1195,976,759,606,439,372,303,288,201
15,3,11,3,4,7,7,8,9,4,3,5,6,9,10,6,18,9,11,6,12,18,16,13,16,21,25,15,14,11,16,9,20,15,10,21,26,13,26,24,18,28,18,28,16,22,20,38,31,37,36,58,49,66,90,105,101,136,177,180,239,266,293,304,392,373,440,407,483,473,484,516,520,504,496,472,419,507,488,447,433,409,364,415,330,368,366,340,324,291,309,272,245,259,213,206,209,230,230,194
113,20,42,20,24,22,21,26,24,31,20,30,15,24,25,20,18,22,27,25,41,34,44,45,41,88,209,547,1182,2241,3436,4628,5798,6572,7229,7669,7827,7598,7263,6865,6299,6040,5583,5203,4795,4243,3665,3075,2729,2392,2154,1950,1748,1635,1566,1324,1204,1035,989,856,727,606,621,535,508,447,462,438,439,391,409,379,367,364,353,332,284,287,290,256,253,188,186,173,170,150,142,126,129,115,88,95,88,85,89,88,95,71,77,89
318,21,16,14,10,15,15,18,19,9,6,7,12,13,14,15,18,27,25,53,86,199,341,604,995,1533,2226,2839,3733,4367,5052,5412,5845,5916,6068,6058,6007,5581,5341,5071,4393,4088,3512,3108,2570,2132,1817,1553,1284,995,901,693,576,521,451,436,434,393,396,471,527,558,649,726,730,823,851,867,887,953,899,937,913,883,844,868,770,733,690,630,586,541,480,415,382,330,293,284,264,231,197,207,172,160,185,156,197,165,157,171
72,2343,6400,7324,9054,13660,25577,49000,75072,93415,90576,73432,56944,41559,27042,17128,9819,5591,3610,2675,2088,1685,1395,1055,850,692,548,508,442,380,333,314,280,257,207,211,186,165,173,129,127,110,92,101,76,76,67,62,43,48,43,36,37,35,31,33,30,27,27,25,19,20,15,19,15,21,14,16,13,12,8,9,10,7,11,9,12,6,1,5,5,11,2,2,6,4,4,4,4,4,0,3,1,2,4,2,1,2,1,1
183,200,231,220,174,224,172,214,195,230,208,200,212,208,199,198,215,232,238,268,314,400,432,482,574,563,647,684,656,707,784,725,764,687,667,628,643,607,590,501,534,517,529,490,522,499,497,499,459,447,476,480,453,438,400,428,413,405,341,367,359,334,322,356,394,387,374,425,530,597,695,867,1038,1227,1416,1707,1956,2005,2152,2257,2328,2327,2192,2224,2114,2059,1876,1866,1666,1673,1537,1407,1343,1198,1178,1057,1040,945,866,819
40,42,34,40,32,41,38,24,38,36,33,24,33,31,30,43,38,48,40,28,39,43,31,33,37,33,41,34,31,27,38,33,30,35,35,28,29,43,48,71,81,122,155,194,295,301,382,458,522,584,595,663,673,778,821,877,916,936,859,842,792,839,711,773,698,696,649,617,565,548,552,501,446,455,398,414,319,321,320,297,287,263,275,263,231,198,215,216,231,200,175,222,225,214,227,215,229,226,222,209
326,399,437,347,405,401,335,357,356,342,386,370,387,387,363,352,378,377,350,367,399,427,501,653,800,984,1274,1515,1837,2102,2286,2408,2519,2597,2550,2420,2546,2369,2181,2032,1841,1659,1443,1295,1085,977,785,712,604,508,462,431,361,378,383,358,348,396,436,465,521,572,604,696,721,821,752,811,839,894,849,821,837,797,842,748,750,727,650,591,544,506,510,446,386,367,321,313,308,251,316,270,268,274,290,262,254,276,302,281
536,136,149,148,146,170,160,201,273,462,816,1266,2071,3397,5718,8385,11913,15039,18324,19177,18160,16666,13977,11342,8598,6493,4779,3419,2476,1789,1477,1357,1404,1538,1944,2341,2584,2921,3056,3019,2928,2752,2474,2138,1662,1349,1167,960,724,638,538,508,470,525,539,646,680,711,677,688,639,654,587,515,439,435,373,319,285,237,230,190,206,189,178,215,215,205,206,195,164,195,148,178,133,125,117,95,98,89,82,87,81,64,80,59,71,72,73,63
2875,453,561,547,616,690,928,1819,4371,9546,17305,26301,37977,51942,63704,64528,46225,28748,15180,7000,3136,1525,912,874,801,886,949,959,944,853,921,745,661,570,547,421,401,358,323,302,248,199,195,175,176,148,144,112,118,116,111,102,83,84,76,68,88,71,71,62,71,62,68,63,56,58,53,41,44,52,40,50,38,45,40,39,25,39,18,24,30,27,29,19,26,29,27,28,15,22,21,17,16,13,12,13,13,7,6,16
6223,7749,8358,8303,8314,8541,9962,13669,24340,42282,51304,50336,44052,34805,27449,20902,14649,10675,7413,5496,4283,3398,2916,2491,2034,1616,1218,920,726,594,546,589,424,439,361,292,260,229,156,148,133,114,79,89,76,74,60,48,39,39,40,44,27,22,14,22,17,19,12,18,8,10,8,15,5,10,5,5,5,5,3,3,6,2,4,0,1,1,1,1,1,2,1,1,2,3,2,1,1,5,3,0,0,0,2,0,0,0,0,1
10,11,18,35,52,63,84,49,25,35,36,41,36,38,40,29,32,34,21,25,27,38,65,81,106,127,145,162,177,254,334,491,643,777,1002,1089,1092,971,821,663,484,366,300,243,220,171,160,139,118,120,96,106,104,92,73,84,92,84,98,87,100,71,69,82,74,77,86,85,92,96,95,87,94,82,93,73,82,63,42,54,45,44,50,40,28,23,27,21,21,32,22,25,14,28,30,19,14,15,21,18
1698,1666,1656,1583,1635,1706,2215,5408,9683,11407,12771,15830,18382,24462,32380,32003,20614,11676,7010,4291,2525,2164,2595,3500,3851,4213,4241,4526,4842,4558,3865,2812,2018,1309,841,688,698,711,932,1015,974,944,926,890,823,663,521,346,266,210,201,175,192,189,242,238,224,201,172,150,125,94,83,63,44,61,53,59,48,54,49,45,38,36,28,18,20,21,23,17,21,19,18,9,19,8,14,11,6,4,7,3,2,4,5,3,3,7,5,4
10,2,1,0,0,0,0,0,0,1,2,1,0,0,0,0,1,1,0,1,0,0,0,0,0,1,1,1,1,0,1,0,0,0,3,20,207,1123,2326,4106,6206,7263,7833,8253,8328,8259,8075,7661,7189,6199,5406,4255,3251,2502,1843,1269,861,558,347,206,128,67,37,32,23,13,14,8,9,3,6,5,4,3,1,2,1,2,0,0,2,0,0,1,0,1,0,0,1,1,2,0,0,0,0,0,0,0,0,1
237,922,740,582,453,550,610,549,506,513,565,515,562,705,772,985,1190,1298,1450,1716,1801,1966,2096,2189,2293,2424,2370,2429,2577,2609,2522,2546,2489,2380,2286,2223,2148,2074,1922,1804,1712,1629,1490,1381,1286,1319,1237,1081,1055,974,893,899,801,785,771,632,655,609,587,547,544,491,512,468,428,388,426,385,376,387,354,297,295,271,283,321,258,277,249,235,206,209,204,196,204,184,185,151,159,170,176,130,166,137,140,121,123,135,100,141
1,4,4,2,0,5,1,0,3,6,1,0,0,2,2,1,2,0,4,3,3,1,1,0,0,1,2,0,1,1,3,2,1,5,2,3,0,0,0,0,3,2,0,2,3,1,1,0,0,1,1,2,1,3,0,2,2,0,0,2,2,0,3,0,3,5,4,0,3,0,4,3,2,3,6,1,2,3,2,3,2,1,3,0,2,3,1,4,2,4,2,3,4,4,2,5,5,4,2,4
9,5,3,5,5,2,3,6,3,6,5,7,7,8,3,3,3,8,4,10,3,4,3,3,5,6,3,2,3,2,3,1,4,5,3,6,9,5,5,4,5,5,1,7,4,4,5,4,5,4,2,6,4,7,8,3,5,3,6,8,4,4,2,3,6,4,1,7,1,4,5,4,4,3,7,6,6,8,18,24,32,47,84,103,125,167,235,290,333,381,464,470,539,544,639,683,708,692,692,723
73,25,63,46,37,45,38,40,47,31,46,38,27,52,45,36,42,46,41,32,42,45,39,39,44,40,38,35,38,43,34,39,44,43,34,41,44,36,36,50,40,47,28,32,48,36,40,42,49,36,47,33,55,90,224,635,1670,3960,7139,9649,11044,10787,9247,6794,4995,2839,1395,567,212,73,22,10,7,3,4,4,4,3,7,2,6,2,5,2,3,1,6,1,2,1,4,4,3,4,3,4,1,1,4,4
100,121,77,82,69,65,67,70,71,69,72,82,84,83,79,111,115,127,135,162,205,255,301,356,382,475,578,725,854,1063,1193,1424,1498,1417,1390,1397,1480,1356,1352,1252,1250,1056,1004,882,826,727,657,609,531,439,382,332,346,280,293,250,298,305,292,257,324,336,374,400,393,400,420,402,401,408,393,388,404,444,364,395,386,360,358,356,323,305,277,281,259,249,230,216,219,203,188,219,207,181,208,208,204,186,181,190
1243,1676,2317,4232,7472,12020,18130,23474,24526,22900,21020,18779,16943,15137,13426,11734,10070,9028,8126,7118,6408,5702,5202,4460,4134,3625,3224,2921,2625,2381,2181,1987,1767,1644,1542,1393,1294,1194,1077,1078,943,849,745,731,662,570,565,556,448,430,396,397,371,304,303,254,242,215,216,204,190,166,161,145,128,123,113,90,99,108,91,83,77,91,80,79,74,69,62,54,62,43,45,50,61,58,41,56,44,31,39,44,35,43,51,61,45,46,47,33
12,14,21,19,32,50,118,187,284,417,503,547,624,614,631,619,597,587,509,456,392,346,335,253,220,206,174,142,147,129,109,104,72,70,60,55,53,62,53,42,40,46,24,37,30,22,19,23,22,24,17,20,25,22,21,10,16,10,10,9,16,6,9,14,11,11,10,10,7,6,9,6,10,11,5,12,8,10,7,8,12,2,12,8,10,6,9,12,7,9,6,5,6,3,5,4,6,3,10,6
46,20,110,164,164,134,180,213,257,304,330,348,361,334,411,362,363,356,398,369,352,389,369,367,378,369,379,364,350,360,356,349,338,294,288,299,281,307,268,270,242,256,256,259,227,264,227,224,216,233,228,207,214,218,210,199,195,232,194,202,190,173,170,180,143,145,162,142,164,145,145,149,119,167,149,129,160,131,121,130,120,105,109,125,114,100,103,114,98,95,123,114,111,100,94,116,87,81,99,97
465,754,1223,1607,1593,1679,1825,1957,1748,1850,1916,1881,1836,1731,1734,1633,1615,1652,1452,1441,1411,1376,1323,1301,1267,1266,1179,1133,1052,1101,1000,968,955,924,913,868,834,778,808,742,787,740,728,732,619,729,631,647,641,605,569,531,575,522,545,530,491,481,470,482,436,467,435,401,412,429,380,412,378,362,361,346,385,323,358,318,321,285,324,301,296,299,263,291,285,321,276,267,237,260,254,238,261,240,225,242,197,202,241,219
1758,133,219,187,234,295,411,484,534,712,854,1015,1221,1472,1802,2087,2360,2596,3108,3445,3707,3990,4158,4433,4476,4535,4571,4576,4578,4494,4312,4202,3951,3829,3664,3597,3307,3032,2868,2795,2598,2563,2290,2111,2082,1908,1876,1702,1637,1523,1390,1423,1193,1149,1114,1081,983,926,931,852,808,761,738,677,667,544,606,530,531,509,491,479,427,408,389,361,349,327,310,300,332,291,285,274,215,245,224,198,201,184,171,201,151,166,176,147,179,136,144,148
39,2445,1272,516,551,743,951,1193,1619,2162,2623,3511,4342,5444,6803,8030,9391,11219,12105,13255,14582,14568,14340,14401,13075,11674,10429,8355,6875,5625,4335,3306,2440,1675,1277,978,698,556,393,275,229,185,155,121,80,75,58,50,46,22,30,29,9,22,11,15,7,4,13,7,9,7,3,5,3,1,1,4,0,6,1,0,5,2,2,3,1,0,1,0,1,0,0,2,1,0,1,1,0,1,0,1,2,1,1,0,0,1,0,1
167,4,3,5,2,3,9,9,5,11,8,9,14,20,18,25,31,35,44,67,65,73,93,105,141,136,163,200,198,195,243,233,246,233,253,282,251,285,271,270,259,261,233,247,239,199,199,180,181,178,177,182,154,165,154,139,123,136,114,128,126,100,100,77,80,100,88,76,73,64,72,48,63,62,38,69,56,62,52,67,47,57,52,57,46,37,57,49,44,43,33,39,35,57,39,36,36,37,32,39
2,0,0,0,1,1,0,0,3,2,0,0,0,1,1,1,1,0,0,2,0,1,1,1,0,0,1,1,0,1,0,0,0,2,1,0,0,1,0,1,1,0,2,0,1,0,0,0,0,1,0,1,0,0,0,0,0,1,2,1,0,1,0,1,1,0,3,1,0,1,0,0,1,1,0,0,0,1,0,1,1,1,0,1,0,0,0,0,1,0,0,0,0,0,1,0,0,2,0,2
7254,8121,13174,12963,14654,16879,18652,21074,23799,25853,27854,28541,28434,27660,26608,25041,23000,20906,18611,16853,14956,13146,11731,10339,9002,8027,6996,6176,5475,4751,4223,3770,3382,2950,2599,2281,2054,1797,1693,1467,1229,1137,1064,873,756,756,693,607,516,495,447,382,328,342,279,237,216,197,187,178,152,121,117,100,102,71,85,64,59,47,56,54,50,54,38,39,28,12,27,34,26,14,17,12,22,16,13,7,14,16,13,5,8,9,11,3,6,2,7,5
2,0,1,4,3,3,4,1,1,4,1,4,5,1,0,1,1,0,0,0,1,0,0,0,1,1,0,2,1,1,0,0,0,1,0,1,0,1,1,0,0,1,1,0,2,0,1,0,0,2,0,0,0,1,0,0,0,0,0,0,1,1,0,1,0,0,2,0,0,0,1,1,0,1,0,3,1,0,4,1,5,2,3,0,4,3,3,4,2,4,4,4,4,7,8,7,10,6,4,9
12,1,1,1,3,0,0,4,1,2,3,3,0,3,1,3,2,1,0,1,3,2,7,15,10,7,13,10,13,17,24,30,46,41,31,30,32,31,41,57,61,73,77,85,103,95,90,90,98,102,83,94,70,85,86,97,84,87,101,77,73,84,80,86,90,63,88,72,83,84,68,63,66,55,55,44,55,66,57,78,66,62,86,82,58,70,79,96,84,118,101,108,131,136,133,156,143,143,141,159
370,30978,17657,10237,7130,5243,3886,2991,2195,1597,1165,840,513,446,303,234,172,156,106,87,65,52,42,28,32,28,28,25,23,31,17,14,17,20,12,17,13,17,13,17,13,15,19,5,13,11,11,7,13,8,10,10,9,13,13,10,15,12,9,12,10,11,14,10,10,17,13,5,9,11,12,14,12,12,17,10,9,9,14,12,13,9,14,15,13,9,12,20,15,11,9,14,14,11,12,22,16,17,16,16
62,96,61,42,36,34,49,36,29,43,74,86,130,194,272,345,460,562,763,865,1110,1282,1507,1757,1947,2045,2059,2129,2000,1965,1662,1525,1202,952,801,603,490,385,301,220,198,170,211,194,181,203,235,247,270,292,317,314,333,345,345,353,303,356,303,294,267,270,226,180,165,161,146,123,123,92,98,90,95,75,96,100,111,95,87,124,103,104,113,91,99,110,105,94,77,92,68,69,73,75,71,83,59,57,56,60
1,0,1,1,0,0,0,0,0,0,0,0,0,0,0,0,0,0,0,0,0,0,0,1,0,0,0,0,0,0,0,0,0,0,0,0,0,0,0,0,0,0,0,0,0,0,0,0,0,0,0,0,0,0,0,0,0,0,0,0,0,0,0,0,0,0,0,0,0,0,0,0,0,0,0,0,1,0,0,0,0,0,0,0,0,0,0,0,0,0,0,0,1,0,0,1,0,2,0,1
91,132,149,127,141,153,142,150,163,143,152,167,146,150,137,154,154,142,158,186,172,183,205,215,235,261,299,384,443,537,593,688,730,805,909,951,1001,973,965,983,1035,991,992,934,910,897,912,733,777,703,666,598,576,513,517,500,446,409,384,387,366,340,322,349,283,284,258,274,259,253,258,238,207,237,242,197,206,160,192,168,174,202,152,149,158,143,151,142,150,173,127,134,128,129,137,137,102,116,125,149
4765,2731,5390,7249,10401,16364,27261,43021,56585,66412,67054,60793,51678,41531,31987,24657,17573,13459,10196,7615,5837,4579,3570,2832,2285,1821,1486,1269,1025,793,668,521,417,365,304,241,195,176,146,125,110,88,79,58,59,57,45,37,39,27,24,24,15,11,19,7,9,4,8,5,9,4,8,2,0,3,10,3,4,5,1,1,2,2,1,2,1,2,0,2,0,0,1,1,3,0,0,1,2,1,0,1,2,0,0,0,0,0,0,1
529,512,536,681,544,515,575,639,583,613,792,975,1208,1637,2337,2905,3627,4320,4951,5189,5438,5323,5146,4743,4366,4045,3402,3106,2589,2403,2112,1849,1684,1610,1577,1598,1605,1533,1577,1682,1741,1748,1704,1663,1636,1598,1513,1539,1446,1359,1278,1206,1088,1128,1051,977,951,899,863,859,812,843,748,758,763,748,634,729,664,653,696,619,631,554,530,519,501,513,454,452,485,387,407,413,361,368,353,371,349,313,362,281,328,286,294,300,261,262,262,209
24,126,229,140,160,198,152,192,231,297,295,349,414,411,468,502,619,649,763,933,966,1127,1306,1520,1734,1941,2055,2344,2444,2645,2687,2699,2785,2849,2658,2698,2539,2372,2384,2181,2132,1947,1730,1691,1586,1583,1490,1389,1317,1280,1227,1139,1128,1061,1023,963,901,825,878,763,719,721,699,595,606,622,554,529,469,471,475,467,372,378,366,333,300,318,310,280,257,257,228,240,220,200,194,166,162,172,154,146,145,154,138,118,117,116,102,93
3681,2572,3901,2846,3175,5079,10911,23304,41002,59434,69676,66940,55117,41843,29409,20064,13595,9107,6103,4216,3152,2336,1860,1513,1114,917,749,631,512,404,320,290,221,169,141,96,105,78,84,58,50,65,51,46,48,38,42,40,32,36,36,37,47,32,49,44,44,41,28,33,40,33,30,18,24,27,24,33,35,33,26,23,23,22,22,22,28,26,33,25,23,30,20,26,26,16,23,26,25,14,21,27,26,20,17,13,16,13,14,20
365,48,97,172,1205,7010,17580,24340,23176,18395,11988,7277,4338,2800,1853,1430,1149,1000,845,678,512,360,312,215,207,157,132,106,76,77,58,41,40,26,34,23,17,18,14,7,5,7,4,6,10,5,9,1,6,4,1,6,3,2,3,1,2,1,1,0,1,5,1,1,0,0,1,1,0,1,1,0,0,0,0,1,1,1,2,0,0,0,1,0,1,1,0,0,0,1,1,2,0,0,0,1,0,1,0,1
5925,64,106,949,8446,13446,16471,20949,27288,31888,35395,36165,34297,30251,25461,20275,15637,11626,8625,6201,4633,3488,2552,2027,1647,1335,1061,947,827,699,566,573,440,416,391,301,295,302,283,238,208,190,181,181,155,158,140,124,137,118,120,120,103,94,78,97,83,77,79,66,79,49,54,53,59,50,53,50,48,45,46,31,37,45,34,35,23,39,30,47,29,23,23,23,26,21,29,24,16,24,13,19,13,9,24,18,17,24,17,13
566,147,172,166,283,476,1255,3167,6052,9193,11988,12877,12099,11226,10519,9625,9010,8663,7995,7577,7117,6456,5942,5363,4681,4435,4075,3862,3591,3463,3200,3017,2828,2610,2351,2258,2111,1982,1806,1672,1501,1414,1320,1173,1122,1048,878,781,772,689,653,602,598,540,546,460,434,379,382,349,338,295,304,287,235,233,229,214,188,187,164,160,142,146,147,152,152,113,120,101,86,108,88,84,87,70,70,86,75,67,55,53,47,50,62,46,45,39,27,42
1,0,0,0,0,0,0,0,0,0,0,0,0,0,0,0,0,0,0,0,1,0,0,0,0,0,1,0,1,0,0,0,0,0,0,1,1,0,0,0,0,0,0,1,0,0,0,0,0,0,1,0,0,0,0,0,0,0,0,0,0,0,0,0,1,0,1,0,0,0,0,0,0,0,0,0,0,0,0,1,0,3,0,1,0,0,0,0,3,1,0,1,0,1,0,0,0,0,1,2
572,15871,12445,10037,8359,7750,6866,6371,6024,5854,5545,5273,5173,4869,4740,4524,4375,4165,3916,3747,3561,3385,3081,3068,2958,2807,2639,2520,2330,2301,2263,1955,1966,1800,1711,1632,1533,1460,1375,1282,1282,1232,1227,1136,1032,1035,980,964,839,841,831,794,771,721,675,640,601,587,564,538,555,505,485,467,452,425,386,403,423,410,395,379,341,335,378,340,344,356,278,286,300,259,307,271,228,236,242,245,255,213,250,221,232,218,243,218,180,184,183,196
212,5369,3070,2988,3379,3683,3142,2436,2008,1614,1310,1251,1233,1260,1296,1426,1555,1614,1653,1816,1687,1808,1880,1930,1891,1941,1951,1933,1794,1746,1610,1688,1481,1318,1249,1123,1100,914,850,733,645,636,574,585,500,481,412,395,373,380,313,314,304,298,262,294,231,229,236,218,197,199,164,192,195,146,165,126,131,121,122,124,137,113,103,102,105,83,93,105,81,90,90,82,74,70,69,81,72,62,65,63,54,55,50,38,43,47,42,38
6,1,2,1,3,7,12,20,28,47,64,52,61,30,35,27,35,28,41,24,41,49,44,53,53,52,59,70,93,81,118,113,128,126,153,174,191,204,202,242,242,241,294,291,308,343,316,307,335,340,364,307,292,290,315,280,303,296,256,232,261,213,196,215,179,182,150,170,155,143,154,135,112,105,95,89,100,77,84,87,77,70,66,76,56,70,61,69,63,66,54,33,43,55,40,34,34,34,36,39
1706,211,2840,5323,9783,15042,18661,22759,26108,27036,29846,30482,26349,23037,22464,24026,25592,26444,24908,22116,18182,14421,10777,7908,6034,4634,3496,2716,2226,1787,1507,1346,1125,949,847,834,714,683,570,530,538,436,367,417,357,299,297,299,284,248,257,275,205,235,204,181,175,147,175,172,121,155,123,151,129,123,132,113,138,93,101,92,97,89,77,87,98,95,82,69,70,86,64,68,75,69,62,63,62,59,48,66,49,41,44,46,49,43,48,51
1366,265,346,245,238,272,334,417,356,342,333,294,334,337,375,413,493,571,678,894,1048,1186,1515,1654,1888,2193,2402,2572,2924,3019,3313,3341,3535,3652,3771,3731,3732,3837,3812,3786,3753,3664,3577,3414,3220,3281,3138,3006,2852,2723,2447,2477,2427,2205,2123,1894,1836,1756,1718,1666,1590,1443,1340,1294,1269,1141,1118,1061,961,890,900,847,816,766,788,688,664,617,611,581,542,488,503,462,452,438,406,414,385,347,366,334,330,289,279,244,246,234,257,204
2905,1187,2647,2639,3404,3245,2708,2496,2805,3230,4226,5959,8966,12779,17634,22737,26815,29407,29861,28391,25259,21586,18378,14874,12294,9888,8114,6682,5703,4721,4082,3481,3066,2657,2404,2071,1889,1625,1454,1378,1265,1076,917,817,822,686,630,563,551,474,441,398,369,333,334,304,279,271,236,234,196,209,195,154,159,140,159,143,147,127,123,134,131,119,114,102,110,82,98,86,81,70,81,65,81,74,42,65,64,49,44,55,51,51,45,49,49,43,29,42
1,0,0,0,0,0,0,0,0,0,0,0,0,0,0,0,1,0,0,0,0,0,0,0,0,0,0,1,0,1,0,1,0,1,0,0,0,0,1,0,1,2,1,1,2,3,1,2,1,2,1,2,1,1,1,1,0,5,2,2,0,3,3,1,3,2,2,1,3,4,3,4,3,3,3,3,1,2,1,4,6,2,5,4,4,1,2,3,3,3,1,2,4,5,2,3,2,3,2,5
151,736,973,982,1268,3350,9668,21180,35551,48244,55386,55385,48439,39756,30358,22084,15926,11466,8436,6741,5385,4656,4031,3527,3026,2724,2294,2027,1762,1469,1264,1015,882,751,699,596,515,413,368,343,310,302,251,182,175,136,145,120,122,94,95,78,82,58,57,49,49,49,35,50,31,33,30,30,22,28,24,15,15,20,19,14,7,9,10,18,12,12,8,9,6,6,15,7,7,6,10,1,4,3,8,5,5,3,3,5,5,3,7,5
1,1,0,0,0,1,1,0,0,1,2,0,1,0,2,0,1,2,0,0,1,0,1,1,0,0,1,2,0,0,0,0,0,2,0,0,0,0,0,0,1,1,0,2,0,0,0,0,0,0,0,2,0,1,0,1,0,1,0,1,1,1,1,2,1,2,2,1,1,1,1,0,1,2,0,3,2,1,2,1,2,1,2,1,0,0,1,3,1,4,0,1,2,2,0,1,0,0,0,3
215,196,201,191,193,184,236,181,174,212,192,187,205,210,183,192,170,187,182,178,191,209,185,185,175,174,211,189,181,190,178,176,194,148,185,182,176,187,160,168,193,178,149,163,167,190,178,172,154,185,164,140,183,196,152,138,179,170,180,166,153,165,166,157,136,172,155,149,212,169,187,197,187,220,233,256,299,386,538,703,991,1295,1753,2105,2408,2622,2721,2618,2425,2208,1878,1561,1226,1040,804,593,494,390,333,258
487,170,121,111,102,89,112,101,91,97,95,102,105,101,116,89,102,102,105,94,111,116,93,98,111,104,105,111,91,87,100,100,101,81,110,144,107,127,141,219,300,438,663,941,1182,1577,1839,2195,2431,2482,2683,2584,2525,2401,2188,1989,1750,1544,1326,1097,1004,793,698,572,445,350,296,247,210,155,147,106,75,92,70,56,48,25,22,25,28,20,31,13,25,31,27,31,39,42,40,53,60,64,85,79,107,109,110,124
274,1017,372,419,404,381,425,448,434,439,460,455,484,535,670,733,735,660,587,464,444,411,378,420,399,424,427,447,413,486,443,430,412,431,417,410,402,373,315,329,308,345,317,336,322,363,300,276,298,314,320,280,262,264,241,262,250,228,254,256,221,224,253,242,261,287,271,280,279,332,383,337,441,486,548,678,755,940,1114,1191,1345,1475,1595,1671,1790,1727,1702,1753,1684,1626,1526,1385,1300,1215,1114,1073,973,944,839,737
1563,50,77,70,57,74,63,65,58,68,62,64,67,61,68,58,59,58,64,70,66,50,56,60,69,45,50,55,58,66,58,42,48,55,48,57,43,52,62,98,122,180,190,287,428,828,1944,3701,5759,7164,7378,6839,5741,5121,4944,4885,4205,3212,2237,1810,1401,1202,1064,904,814,692,586,477,322,279,205,156,142,102,94,93,59,76,75,64,72,68,59,64,53,55,69,67,61,74,75,83,106,160,165,189,202,246,270,284
2,2,1,2,0,1,0,0,0,1,0,0,0,0,1,0,0,1,1,0,0,0,0,0,1,0,1,0,1,0,1,0,0,1,2,1,2,1,0,1,1,2,2,0,0,1,0,1,0,1,2,0,1,2,1,3,2,2,0,3,1,7,5,5,7,13,10,8,12,15,16,15,30,28,25,35,29,37,37,35,60,55,69,41,57,52,63,66,86,74,65,69,62,89,88,95,86,103,75,103
11,7,4,9,12,10,7,5,15,9,5,10,5,8,5,8,3,14,10,10,6,7,11,17,9,12,9,5,11,10,8,11,11,8,7,18,16,30,38,24,35,58,113,107,136,141,229,288,402,389,434,536,547,541,468,416,360,309,264,222,185,142,111,75,78,69,59,40,45,26,28,22,29,30,21,14,17,14,13,13,16,10,8,12,12,10,5,11,9,8,4,8,5,11,9,8,8,9,14,3
33,11,8,6,12,6,12,7,3,4,9,8,9,8,8,5,8,11,10,11,3,12,6,5,11,10,8,10,20,31,37,35,38,39,23,20,23,20,28,35,46,73,99,110,174,250,294,355,502,568,794,956,1125,1281,1350,1514,1626,1576,1608,1686,1686,1590,1457,1401,1193,1181,1094,925,850,731,650,595,512,495,430,364,347,325,269,230,214,225,159,160,139,123,111,97,82,79,76,52,56,64,50,43,36,48,36,38
3450,5304,5567,4938,5526,7552,8805,10264,12090,12743,13448,12839,12925,11575,10189,8680,7508,6312,4932,4070,3329,2820,2218,1932,1661,1434,1288,1081,1034,872,719,606,568,499,407,361,323,272,252,232,183,161,157,151,115,96,93,71,76,63,59,63,59,36,35,37,21,33,30,35,20,19,20,14,20,22,17,18,11,14,12,14,11,10,13,14,11,5,11,9,9,10,18,12,14,10,6,3,7,10,8,9,4,3,8,3,6,6,7,6
27,61,70,76,59,74,74,59,63,69,61,62,76,65,58,77,67,76,65,69,62,75,65,80,83,89,121,127,150,180,196,230,250,300,327,392,431,455,490,556,590,653,715,732,808,789,828,969,925,1044,1083,1110,1057,1080,1132,1194,1186,1138,1176,1197,1145,1122,1063,1045,1005,977,932,892,869,819,803,741,747,682,625,635,542,513,477,502,470,462,421,421,365,331,341,353,310,310,269,283,267,256,208,252,230,209,223,199
2,0,0,0,0,0,1,1,0,1,0,0,0,0,0,0,0,0,0,0,0,0,0,0,0,0,1,1,0,0,1,0,0,0,2,0,0,0,0,2,0,0,0,0,0,0,0,0,0,0,0,0,0,2,1,1,0,1,1,0,0,0,1,0,0,0,1,0,0,0,0,1,1,0,0,0,0,1,1,2,1,0,3,1,2,1,1,2,0,2,0,0,0,1,0,0,0,0,0,1
8,6,2,0,0,2,2,19,104,249,263,209,186,177,192,202,211,220,229,241,253,253,295,300,310,269,320,316,374,382,353,398,374,387,380,391,394,409,430,437,437,435,464,505,501,493,505,506,557,490,517,545,583,522,602,578,570,544,586,588,545,570,590,585,618,624,626,628,641,631,640,612,635,592,593,589,583,610,553,563,574,586,560,540,499,531,476,557,450,501,498,501,456,461,440,402,405,410,396,375
752,1269,1482,1390,1909,3846,6151,7771,9099,10121,9680,8596,7324,5937,5021,4089,3753,3419,3277,3154,3108,2845,2828,2733,2425,2406,2208,2127,1921,1780,1721,1644,1456,1470,1489,1337,1300,1237,1102,1158,980,1043,905,942,918,871,844,837,725,718,731,670,649,652,627,592,559,513,493,501,494,502,458,435,463,409,436,433,366,357,347,348,348,320,309,347,324,285,290,287,236,227,293,224,241,238,218,235,192,220,203,198,175,197,187,178,161,169,172,170
779,2,4,2,2,1,1,0,1,2,0,2,2,3,3,1,1,1,3,4,2,2,7,9,23,25,21,15,13,20,15,29,66,71,110,96,119,88,72,51,64,59,72,85,100,103,95,110,76,99,98,123,117,116,122,142,169,168,190,182,205,196,188,216,222,231,210,194,225,224,228,226,228,194,224,221,243,241,225,228,216,247,230,242,212,234,241,235,232,223,240,240,233,218,217,223,242,217,228,216
476,106,113,154,176,192,199,227,525,1147,2337,3958,5503,6270,5734,4517,3356,2702,2276,1955,1760,1624,1519,1362,1335,1291,1324,1390,1427,1440,1430,1548,1514,1543,1517,1606,1502,1500,1576,1460,1516,1384,1414,1346,1315,1235,1223,1112,1125,1046,988,965,893,903,812,750,676,687,659,600,573,595,519,454,470,477,433,404,352,336,322,319,312,296,255,231,213,243,237,189,194,182,183,160,148,152,136,136,151,138,115,130,114,98,97,96,91,88,98,83
644,986,947,925,967,913,943,980,1012,1013,1097,1222,1376,1789,2482,3459,4490,5582,6583,7047,7429,7492,7175,6815,6275,5806,5279,4729,4211,4019,3483,3251,2922,2587,2551,2329,2163,2080,2048,1897,1806,1769,1692,1552,1502,1421,1409,1261,1266,1207,1063,1041,1024,923,899,826,848,774,724,721,683,625,598,585,575,506,487,477,437,416,435,386,360,375,336,344,339,324,288,267,257,233,212,247,205,211,216,201,198,189,193,173,158,151,134,144,120,140,127,113
2933,290,322,222,144,135,153,254,464,1105,2581,4848,7660,9179,9984,10333,9927,9593,9198,8646,7862,7220,6409,5942,5344,4730,4333,3905,3476,3172,2816,2471,2370,2117,1994,1841,1660,1491,1349,1310,1173,1136,1078,997,897,843,794,721,676,595,602,578,542,531,487,534,410,427,396,397,397,347,308,319,280,269,273,263,251,229,232,221,211,219,183,193,205,178,158,173,150,175,158,144,141,141,115,139,135,130,114,97,123,101,98,77,104,84,77,93
456,439,658,613,542,630,662,645,595,668,726,773,897,1064,1450,1781,2240,2678,2985,3021,3223,3150,3082,2871,2839,2590,2410,2270,2083,1860,1801,1806,1627,1521,1414,1366,1309,1170,1101,1105,1088,1099,1013,908,872,830,788,762,726,692,627,649,627,565,532,548,564,500,488,502,445,470,399,414,412,394,367,353,304,338,324,271,310,298,288,282,266,244,216,243,238,247,239,218,215,182,187,176,178,183,159,167,183,172,180,147,142,138,128,148
6,0,2,0,1,0,1,0,0,0,1,0,3,1,2,1,2,0,0,0,1,3,5,2,1,3,1,1,2,0,0,0,2,0,2,1,3,4,0,2,1,1,0,1,0,1,2,0,1,0,2,0,2,0,1,0,1,0,2,0,2,0,0,0,0,1,0,3,0,0,1,1,3,2,2,1,2,1,1,0,2,2,1,0,2,0,1,1,0,0,2,0,0,2,0,1,2,1,1,2
1,1,0,0,0,1,0,0,0,0,1,1,0,0,1,0,1,0,0,0,0,0,0,0,0,0,0,0,0,0,0,0,0,0,1,2,0,1,0,0,0,0,0,0,0,0,0,0,0,1,1,1,0,0,1,0,0,0,0,0,0,0,0,0,0,2,1,1,1,0,1,0,0,0,1,1,1,1,1,0,1,2,0,3,1,3,3,3,2,0,1,1,1,0,1,2,1,1,0,5
1973,3088,22640,26604,46915,48661,42810,38863,38570,39461,40179,39263,37598,34308,30663,27131,22494,19102,15876,13093,10963,8892,7371,5942,4967,4100,3292,2901,2391,2025,1751,1418,1200,1100,976,811,712,677,544,510,486,430,439,418,380,380,362,345,353,369,334,381,384,362,357,302,397,338,344,311,299,286,245,239,220,204,198,203,185,185,172,166,167,156,135,121,126,109,106,111,94,94,68,78,71,83,71,70,62,54,68,46,46,46,60,39,29,36,24,41
486,392,490,490,489,472,468,470,477,500,560,587,703,883,1282,1698,2188,2659,3465,4102,5179,6084,6741,7356,7777,7993,7903,7813,7964,7649,7661,7309,6774,5977,5539,4837,4484,4070,3765,3362,3112,2617,2388,2033,1882,1624,1488,1379,1215,1107,997,947,843,772,702,661,593,524,523,441,431,428,383,381,342,352,301,280,280,226,261,248,201,218,176,193,188,162,170,162,138,129,136,147,123,126,130,115,93,107,103,97,93,97,91,89,112,85,85,95
9515,12315,14284,26257,51367,57488,51684,39831,30526,29029,29124,26232,22796,20873,19492,17253,15571,14170,12824,11631,10396,9575,8672,7741,7018,6384,5829,5338,4734,4386,3983,3546,3365,3008,2784,2512,2264,2086,1964,1843,1604,1551,1378,1275,1116,999,968,820,831,712,673,604,476,539,461,446,419,363,354,314,253,234,253,235,225,197,164,181,155,156,132,123,129,128,79,87,75,73,66,65,66,65,57,52,43,57,44,43,36,39,20,41,22,34,27,23,30,20,18,19
1,2,2,1,1,0,0,1,0,0,0,0,0,0,0,0,2,1,0,3,0,0,1,0,1,0,1,1,0,1,0,1,0,0,0,0,0,0,0,1,1,1,2,1,0,0,1,1,0,0,1,1,0,0,2,1,0,1,1,0,1,2,0,1,2,1,0,0,0,0,2,1,2,0,0,0,0,0,0,2,1,1,1,2,1,0,0,1,1,2,3,2,0,2,0,0,3,4,3,3
1260,1570,1801,2188,2248,3992,7768,11835,14268,16209,15017,12797,11223,9473,8417,7464,6952,6553,6387,5982,5593,5251,4884,4591,4427,4044,3764,3700,3350,3233,2971,2692,2575,2429,2253,2163,2010,1915,1776,1630,1560,1478,1421,1319,1255,1117,1098,999,858,911,821,782,748,719,622,569,534,537,506,470,482,388,415,363,371,332,313,275,262,271,269,214,209,206,216,210,173,161,161,160,124,126,108,112,116,110,120,95,72,73,78,91,58,72,55,76,44,65,47,44
2547,2479,3586,3448,3600,4445,6777,10270,14428,20204,24499,25663,25747,24610,21199,19167,16435,13446,11583,9505,8085,7046,5924,5353,4584,4102,3640,3275,2775,2535,2321,1955,1752,1537,1276,1224,1017,952,789,752,643,562,492,479,390,384,317,273,272,211,198,190,173,129,138,100,103,84,61,69,55,59,50,64,36,48,34,21,27,19,22,19,14,19,10,9,10,8,8,11,6,7,5,6,8,5,8,3,5,1,2,1,5,6,2,0,2,0,2,1
835,302,729,801,998,1078,1095,1346,1716,2414,3079,3627,4248,4615,4949,5046,5310,5157,5159,4872,4767,4444,4286,4047,3697,3438,3258,3093,2753,2634,2471,2287,2020,1988,1800,1673,1502,1410,1325,1248,1210,1079,1057,986,912,882,786,766,672,653,634,607,565,538,486,506,452,431,409,412,317,328,353,309,327,304,273,263,236,222,234,202,220,199,199,187,183,170,173,152,165,168,122,140,137,117,130,112,123,131,107,95,107,105,97,67,81,77,109,85
1,0,0,0,0,0,0,0,0,0,0,0,0,0,0,0,0,0,0,0,0,0,0,0,0,0,0,0,0,0,0,0,0,0,0,0,0,0,0,0,0,0,0,0,0,0,0,0,1,0,0,0,0,0,1,0,0,0,0,0,0,0,0,0,1,0,0,0,0,0,0,0,0,0,1,0,0,1,0,0,0,1,0,0,1,0,0,0,1,0,1,0,0,1,0,0,0,1,0,1
12,9,6,10,10,5,6,9,4,2,8,3,5,2,3,6,6,3,3,5,2,3,4,5,1,4,4,3,2,7,2,3,3,6,3,2,3,2,5,6,2,3,7,0,4,5,2,7,3,5,4,4,4,5,2,3,3,1,5,2,1,2,1,4,6,5,2,4,5,5,6,2,3,9,2,4,4,4,5,2,4,5,1,5,4,2,3,2,8,4,1,2,3,6,6,5,5,5,3,5
2425,2862,4183,3794,3762,4657,6709,10315,14936,19845,22463,24298,24057,22726,20118,17435,15163,12688,10677,9044,7685,6376,5474,4941,4421,3767,3257,2912,2658,2341,1995,1844,1490,1466,1216,1055,1030,840,802,688,590,558,515,430,380,336,304,285,242,234,206,202,148,173,144,125,96,107,96,82,70,64,68,56,45,44,39,37,39,42,40,27,25,22,19,22,16,18,21,19,18,14,9,10,17,7,11,5,4,9,4,6,9,6,7,8,5,4,7,3
1274,1862,2674,2589,2791,3371,4859,7206,10608,14088,15800,16336,16343,15306,13799,12205,11024,9538,8333,7421,6577,6088,5415,5106,4478,4275,3804,3576,3255,3020,2786,2569,2331,2154,1991,1824,1679,1535,1368,1303,1319,1063,1001,932,886,834,735,690,617,560,524,481,427,433,376,380,354,308,295,325,252,241,204,202,184,163,154,137,142,114,140,97,105,101,82,104,86,58,77,69,63,61,72,47,56,58,43,31,32,34,28,24,32,24,24,23,18,16,16,13
217,607,997,974,862,914,863,881,867,947,1161,1475,1783,2203,2670,3129,3665,4050,4277,4538,4744,4753,4770,4733,4353,4368,4286,3976,3786,3650,3450,3210,2958,2911,2707,2507,2222,2091,2018,1800,1733,1626,1479,1384,1322,1187,1183,1080,1016,918,841,745,778,702,687,647,662,570,574,497,453,511,406,379,391,378,343,314,324,317,296,254,281,269,233,232,265,205,235,198,204,197,217,162,135,164,137,123,133,140,138,104,106,112,128,98,92,121,97,71
1014,946,971,965,940,971,968,1035,961,1082,1331,2304,4066,6408,8724,8909,8126,6085,4210,2725,1766,1138,859,771,717,886,1125,1647,2418,2949,3372,3332,3067,2383,1873,1256,821,638,568,442,513,590,764,1043,1197,1403,1514,1362,1250,1011,870,601,474,409,317,315,338,378,455,523,619,651,618,617,512,471,407,350,300,236,206,201,234,269,240,285,315,299,287,298,259,223,195,166,152,152,141,140,136,146,135,132,162,142,165,170,155,124,117,116
3,0,0,0,0,0,0,0,0,0,0,0,0,1,0,0,2,0,1,0,0,1,0,0,0,0,1,0,1,0,0,1,2,0,0,0,3,0,1,0,0,0,0,1,1,2,0,0,0,0,2,0,1,2,2,0,1,0,0,0,0,1,0,2,0,2,0,2,1,0,2,0,0,0,1,1,0,0,2,2,3,0,1,0,1,0,1,0,0,1,1,0,1,0,0,1,1,0,2,2
27,0,0,0,0,0,0,0,0,0,0,0,0,0,0,0,0,0,0,0,0,0,0,0,0,0,0,0,0,0,0,0,0,0,1,1,2,8,9,5,4,8,5,8,12,8,18,20,30,54,58,68,87,110,97,138,141,179,235,202,220,304,297,284,363,398,408,423,457,479,501,497,482,533,530,552,526,568,515,593,566,559,628,615,599,564,579,565,604,647,644,601,635,653,667,601,652,650,685,665
622,1,3,0,1,0,2,3,2,0,0,0,2,1,0,0,3,1,2,1,2,5,18,85,368,1138,2244,2820,2222,1285,431,154,20,4,1,3,3,2,1,0,2,3,1,0,0,1,4,6,22,54,158,317,521,634,694,624,431,254,159,68,28,14,7,0,2,0,1,2,2,0,3,0,2,4,20,37,73,111,181,231,254,264,218,156,116,78,49,28,19,3,4,0,0,2,1,1,0,3,4,13
929,186,182,168,162,173,188,186,193,193,174,218,485,1460,3265,5764,8239,9634,9335,7548,5293,2654,1120,426,135,57,26,16,28,33,67,107,163,242,296,286,280,207,176,109,71,32,19,21,17,13,8,13,15,19,28,37,44,41,42,27,20,22,12,9,3,7,4,2,5,7,9,17,13,20,18,22,25,20,14,10,6,8,3,5,1,3,4,2,9,9,5,9,6,10,14,11,7,8,7,1,2,5,2,6
1692,72,66,62,62,73,50,61,66,66,71,63,52,64,53,50,58,71,65,52,69,66,60,59,173,718,3257,10278,22424,31992,31773,21151,10128,3359,947,198,36,6,9,9,9,8,8,5,4,7,7,12,8,5,9,8,12,47,162,332,740,1169,1632,1911,1833,1540,994,638,357,152,58,24,5,3,1,1,0,0,0,0,1,1,1,0,1,2,3,13,30,39,65,93,107,118,143,119,98,92,44,30,22,10,7,3
69,87,74,67,50,59,65,52,62,76,64,59,57,68,55,63,67,67,67,59,49,53,61,62,50,62,44,58,65,61,59,74,63,64,68,61,56,65,55,53,50,46,64,57,55,63,57,64,51,46,62,48,56,62,52,49,58,59,61,79,71,64,72,50,58,83,87,103,110,111,142,174,258,269,312,391,484,527,666,739,803,816,947,1076,1187,1167,1243,1286,1346,1316,1248,1248,1295,1308,1200,1264,1107,1160,1113,971
13,20041,23272,12505,9264,7752,7427,7566,8188,9494,11603,14575,17360,19531,20145,19569,17988,15889,13768,12071,10624,8941,7713,6501,5347,4390,3739,2981,2578,2005,1748,1405,1229,979,859,813,617,585,512,394,396,328,310,270,224,205,192,162,142,154,148,136,139,134,135,104,111,109,89,80,84,69,85,71,61,60,75,70,69,71,67,50,46,44,70,54,57,52,56,56,47,61,44,46,58,43,32,37,50,43,35,40,47,38,29,47,50,43,50,36
14,52,59,180,293,322,365,479,509,583,600,686,851,1033,1349,2089,2857,3727,4405,4742,4642,4304,3833,3649,3402,3241,3220,3047,2884,2875,2933,2844,2918,2949,2905,2964,2767,2772,2699,2598,2387,2253,2046,2008,1846,1711,1657,1414,1360,1246,1163,1122,958,928,851,756,738,633,646,584,537,495,437,424,389,364,341,319,344,297,252,258,224,220,242,206,189,193,163,155,173,164,162,122,116,114,104,112,121,105,83,86,93,83,67,83,83,67,72,67
609,208,1224,1698,2026,2294,2345,2353,2311,2135,2250,2630,3241,4470,5701,6857,7262,7381,7217,7467,8016,8874,9509,9884,9859,9561,8494,7538,6195,5191,4177,3308,2798,2300,2001,1726,1569,1370,1220,1083,1076,987,978,857,860,864,745,725,783,661,661,585,586,502,457,418,425,389,381,320,282,275,269,219,221,160,196,152,137,159,141,132,132,94,116,93,74,99,89,76,67,56,66,53,62,61,40,40,35,48,44,43,40,33,42,26,31,29,37,33
4164,74,61,66,175,350,545,730,766,928,949,897,942,981,956,1033,1132,1202,1454,1662,1864,2240,2610,2864,3283,3782,4113,4378,4870,4964,5223,5406,5513,5348,5433,5301,5156,4934,4682,4433,4190,3744,3512,3199,2933,2549,2209,2099,1782,1566,1378,1265,1051,970,759,707,604,575,456,445,390,355,275,238,255,192,212,181,151,138,136,130,89,101,111,83,96,75,83,72,65,55,47,60,44,35,28,28,29,43,36,31,25,24,32,15,13,22,13,11
42,130,200,261,252,203,227,205,209,187,230,207,202,219,247,248,315,374,487,676,956,1422,1718,1887,1674,1269,910,639,494,378,361,264,242,276,233,256,280,285,258,309,319,340,319,316,323,377,360,356,361,345,309,309,237,242,225,236,210,207,195,189,220,214,209,198,183,205,211,232,242,225,225,233,241,214,237,202,201,214,166,193,202,179,166,174,175,175,171,176,170,186,154,166,141,136,150,155,125,142,136,144
635,10,11,16,12,20,16,22,15,19,18,17,17,11,11,20,15,22,12,15,20,19,16,24,24,186,827,3368,10955,25056,38477,41222,31961,17483,8086,2711,780,135,28,4,1,0,0,0,1,0,0,0,0,0,0,0,0,0,0,2,9,16,50,92,127,156,176,170,126,109,51,42,19,8,7,1,0,0,0,0,0,0,0,0,0,0,0,0,0,0,0,0,1,1,0,0,1,1,2,1,2,0,2,1
84,169,286,394,261,220,185,168,145,175,124,135,99,86,108,103,157,228,257,262,304,402,574,911,1289,1528,1828,1672,1388,1113,807,735,564,444,388,348,301,265,252,214,207,246,228,222,214,204,201,171,174,175,142,160,175,143,158,143,126,140,147,122,122,111,124,110,93,115,119,108,112,99,95,97,109,96,105,108,90,94,81,78,90,88,82,77,64,78,71,78,64,82,64,67,74,76,59,79,63,66,61,59
303,15,69,211,246,230,213,226,211,147,226,376,321,500,1413,2799,3141,2040,1373,961,770,684,683,735,697,629,711,737,791,1074,1496,1875,2126,2306,2316,2367,2417,2434,2323,2225,2026,1740,1719,1491,1371,1168,1001,979,844,729,624,483,475,429,376,367,354,318,296,307,326,303,320,380,403,375,411,425,419,435,436,435,413,468,457,455,400,421,420,399,384,352,330,316,303,303,271,251,257,234,202,208,204,190,178,184,177,163,159,128
24,282,78,23,13,9,20,8,16,12,12,13,14,13,17,9,9,10,13,16,12,13,18,21,28,16,18,26,23,10,12,10,15,12,25,20,33,38,25,27,25,21,25,31,28,28,26,22,35,37,51,66,71,87,99,123,144,153,151,206,232,226,293,300,328,376,408,442,446,478,516,527,508,507,527,543,514,471,524,500,484,487,511,489,479,431,434,371,391,364,375,372,343,328,289,271,272,238,258,237
5,1,4,3,6,2,2,1,6,2,2,5,5,7,9,11,10,16,8,8,9,13,8,20,11,20,18,21,15,14,21,19,19,18,21,27,27,29,31,29,26,29,27,37,23,34,37,43,27,39,19,20,25,36,35,28,39,38,37,32,43,38,32,44,37,29,28,26,31,35,31,38,22,28,40,32,32,30,25,26,25,32,30,22,26,24,21,26,27,22,25,33,28,22,25,26,24,17,18,22
8,1,2,1,5,1,0,2,3,3,2,7,1,1,2,2,5,1,1,0,2,0,2,3,1,1,1,5,1,4,0,2,2,3,3,4,1,2,1,0,3,2,2,4,0,1,7,2,4,1,1,3,7,2,1,1,1,2,4,4,2,3,2,3,4,3,2,2,0,1,2,1,3,3,0,3,2,2,1,3,0,3,1,8,4,3,10,23,28,40,34,55,54,49,66,90,95,112,147,169
220,667,961,807,1039,1560,2490,4398,9118,14201,19443,24701,24986,23109,19967,17048,14808,12462,8577,6373,5166,4578,4608,4863,4852,4946,4910,4268,3546,3031,2681,2306,1981,1713,1558,1356,1261,1047,1036,950,950,853,832,780,690,568,491,460,390,327,306,313,302,297,256,245,212,213,160,162,163,120,113,102,96,100,97,95,82,83,55,51,52,51,41,34,39,37,30,24,23,21,21,29,19,12,11,12,7,13,14,8,12,3,11,8,6,12,11,10
661,103,153,171,235,379,434,465,520,527,596,589,614,626,668,792,898,1059,1336,1565,1833,2244,2372,2438,2503,2427,2319,2351,2258,2361,2326,2387,2491,2500,2488,2620,2482,2542,2525,2476,2354,2366,2214,2082,1939,1764,1715,1569,1497,1416,1294,1213,1107,1038,927,896,772,727,697,636,587,567,531,506,454,402,422,406,381,352,359,325,300,310,284,284,253,261,246,239,220,192,225,196,194,178,181,142,189,156,182,147,148,149,146,152,112,117,124,90
121,11,7,11,5,5,20,13,11,7,11,14,10,12,10,11,15,9,13,12,7,11,14,10,19,8,14,13,8,14,14,6,16,7,14,6,8,8,9,4,12,13,6,12,17,9,9,12,8,10,12,11,4,14,14,15,13,5,9,8,12,12,10,12,8,11,13,18,6,13,9,8,13,26,39,68,118,227,314,393,543,739,1000,1226,1428,1598,1712,1840,1870,1972,1841,1838,1780,1740,1554,1494,1397,1174,1127,935
2891,442,498,991,1684,2342,3329,5932,11902,21148,31213,39732,46129,50050,45381,33968,22898,11820,4797,2357,1306,951,933,1140,1346,1664,1692,1593,1426,1161,968,679,539,362,262,159,124,110,95,91,92,93,94,91,82,58,57,48,50,35,30,27,23,24,20,20,17,17,20,11,12,16,14,11,11,7,9,15,14,10,8,7,11,9,9,11,9,6,9,8,9,4,11,8,12,6,7,5,8,9,7,6,5,12,5,11,8,6,6,4
275,545,664,766,1323,2122,3447,5175,7336,8869,9732,9820,9888,9953,10324,10687,10936,11144,10668,10249,9350,8552,7731,6727,5838,4988,4213,3648,3233,2856,2609,2417,2189,2033,1855,1708,1749,1681,1568,1444,1432,1317,1212,1197,1117,1073,1018,1008,962,888,856,800,812,757,745,641,647,626,596,558,534,513,510,442,441,406,388,358,348,313,290,287,258,260,237,226,235,211,205,180,198,190,184,144,162,155,176,133,156,146,144,137,139,143,141,130,105,109,104,102
474,9282,5099,3028,2143,1760,1488,1386,1196,1069,867,716,655,543,450,409,321,261,212,199,162,103,109,90,70,63,50,51,49,30,29,23,23,22,15,11,14,11,8,10,10,5,5,3,2,5,4,2,1,2,1,2,0,2,3,3,4,5,0,2,5,3,3,4,1,2,1,4,3,5,6,2,2,4,4,5,4,3,4,3,4,1,4,3,4,8,4,1,4,6,10,6,8,4,3,5,9,4,6,6
1,1,0,1,3,1,6,1,2,2,0,3,6,4,4,4,2,5,3,1,1,4,3,1,3,0,3,1,1,4,4,5,7,9,13,11,14,9,17,25,24,44,49,61,65,90,116,163,180,218,258,272,328,371,431,450,469,515,543,608,629,651,664,671,702,715,623,592,649,596,581,562,536,529,500,552,475,482,507,414,420,409,369,400,331,356,330,310,324,303,284,298,281,273,248,266,243,240,260,250
24,8,12,8,9,5,5,10,5,7,7,10,6,7,2,4,13,4,6,7,8,6,6,10,7,8,7,7,8,3,6,9,7,2,2,4,6,10,3,7,5,10,8,4,5,4,4,2,4,3,6,5,3,4,6,6,4,4,4,8,12,10,3,7,6,10,12,17,12,13,19,19,22,11,8,6,8,14,13,22,28,14,22,30,35,36,31,42,55,60,64,74,89,94,88,88,109,103,117,143
213,1,2,1,2,3,0,1,0,2,3,2,3,1,2,0,1,0,8,16,25,24,18,19,24,19,35,17,15,16,17,23,25,17,9,21,17,24,31,22,31,18,19,34,25,19,26,17,21,25,24,23,32,30,25,17,20,19,14,24,26,26,23,23,15,21,17,21,16,19,28,12,26,20,28,21,25,24,17,34,34,37,42,39,67,61,77,76,99,97,116,125,155,149,186,169,239,203,209,240
34,129,584,1875,2472,2363,2475,2398,2218,2433,3058,4136,5299,6585,6878,6543,5363,4497,3657,3108,2692,2366,2142,1822,1815,1740,1560,1504,1428,1382,1406,1269,1245,1227,1196,1156,1093,1085,994,996,938,919,848,824,814,771,731,704,681,634,616,599,529,546,519,522,442,452,409,388,377,379,336,314,333,341,304,313,297,260,246,253,229,220,210,209,192,185,171,177,152,145,154,139,139,127,139,124,104,121,95,101,120,93,95,79,90,76,79,89
12,2983,6075,6248,5188,4432,3773,3291,3322,3719,5089,6862,9056,10865,12157,12783,13239,13020,12428,11848,10952,10337,9554,8455,7679,6530,5550,4640,3770,3084,2508,2119,1893,1489,1341,1125,918,831,686,607,521,465,435,361,329,326,293,247,245,207,213,199,163,177,141,148,126,136,128,132,102,123,127,110,114,122,102,116,127,140,125,125,127,114,137,114,133,128,125,103,131,112,88,103,88,80,82,70,73,68,65,62,63,53,51,44,46,43,51,41
59,71,438,457,505,477,441,403,373,313,281,231,225,194,161,169,138,142,108,99,94,75,76,81,86,70,69,65,64,58,53,55,68,59,59,56,45,59,56,54,41,42,61,54,49,52,48,61,49,53,52,47,39,54,48,49,45,61,50,37,58,39,38,46,47,49,34,39,38,52,48,35,49,49,38,46,40,37,44,48,41,45,45,41,43,34,45,46,39,38,49,34,55,38,39,40,44,37,40,38
2268,2687,1974,4460,17727,35293,42955,47943,45997,44503,38630,34417,28356,24073,19509,16290,13453,10567,8859,7078,6015,4785,4064,3231,2741,2193,1912,1484,1257,1084,852,756,656,561,450,377,322,265,238,202,151,120,132,131,110,107,70,53,48,41,51,40,48,44,33,35,24,24,28,17,31,19,22,9,11,16,7,10,8,7,7,6,7,4,8,4,7,3,9,1,5,6,0,5,3,1,3,2,2,2,2,3,1,0,0,2,1,1,1,3
551,901,1223,1066,1210,2464,4301,5265,5530,5653,5349,4536,4083,3582,3183,2741,2504,2383,2126,1998,1802,1638,1448,1395,1260,1171,1044,974,877,834,734,699,641,580,548,511,461,406,411,304,323,316,289,284,248,191,175,180,181,162,149,126,114,113,109,95,86,76,91,61,60,75,55,48,56,40,41,35,44,42,37,26,33,24,31,23,17,13,15,22,19,10,14,14,9,16,9,10,7,8,7,13,8,2,11,5,5,5,3,5
1298,1328,9704,13056,14272,14421,14344,14470,14390,14178,14145,12964,12688,11991,11077,10296,9397,8260,7580,6996,6312,5550,5171,4791,4503,4230,3952,3609,3433,3199,3009,2746,2307,2056,1927,1783,1612,1509,1433,1362,1303,1153,1186,1036,952,885,868,758,679,627,637,574,512,493,465,421,432,398,389,358,362,342,309,288,278,255,219,226,212,224,201,184,159,175,170,153,153,143,121,143,124,130,106,103,113,118,89,98,92,82,81,60,67,62,65,57,59,53,54,59
698,2333,4175,4677,5411,6664,9271,12169,15857,19928,23543,24774,24930,24228,22885,21032,19262,17789,15849,14217,12980,11867,10869,9876,8787,8082,7327,6509,5828,5264,4675,4203,3891,3474,3200,2983,2662,2449,2185,2037,1781,1593,1471,1367,1238,1138,1107,947,914,840,745,694,582,551,537,502,444,394,384,356,303,292,236,238,206,175,186,168,158,138,136,150,136,124,100,78,67,82,83,72,67,68,61,50,53,29,46,40,35,37,27,21,31,28,27,11,17,28,14,26
418,12722,10764,7910,6759,6442,7386,9922,13250,17593,23257,25063,24696,27486,31825,30914,24219,16877,12291,9198,7069,5296,4148,3274,2703,2216,1884,1663,1406,1229,1087,927,711,728,611,510,451,442,419,372,305,301,249,215,241,197,172,171,142,124,128,106,103,95,85,85,68,58,72,74,65,79,64,66,67,67,71,57,51,62,40,53,44,37,34,31,40,30,35,44,34,27,34,41,25,28,21,30,28,26,26,28,25,25,16,24,17,18,21,16
134,72,95,272,193,332,457,443,393,374,342,308,349,285,256,255,256,210,214,204,225,285,373,411,534,620,822,1067,1239,1523,1771,1740,1635,1421,1177,1023,956,822,822,797,796,737,778,720,791,764,759,810,848,934,922,1045,1146,1206,1315,1343,1482,1511,1515,1527,1632,1532,1575,1579,1461,1407,1381,1386,1298,1275,1130,1068,1009,941,899,793,715,732,614,528,541,506,451,393,356,344,319,273,197,230,216,192,149,172,152,155,156,113,121,124
1553,2558,5267,6165,6543,6688,6740,7816,9429,11978,13596,14798,16009,17381,18112,17620,16975,15868,14306,12487,10827,9112,7700,6325,5219,4380,3631,3117,2615,2290,1978,1725,1582,1361,1261,1089,983,842,797,696,669,534,478,438,408,370,315,322,278,250,245,245,191,190,180,155,146,146,140,124,104,120,115,108,81,81,86,95,75,64,52,56,70,58,52,54,53,39,37,33,38,50,42,37,39,29,27,40,28,30,28,42,30,29,30,26,24,18,32,26
274,818,1006,844,834,725,723,730,672,696,541,456,402,396,379,364,322,296,292,261,231,203,192,169,192,151,162,148,146,112,124,126,128,120,107,110,101,102,100,106,102,110,90,73,103,93,114,100,96,109,117,112,131,122,94,107,101,104,112,106,106,107,101,95,88,75,110,94,80,75,80,86,78,82,64,72,73,57,74,56,64,54,60,57,49,36,51,55,42,48,42,44,29,40,36,28,34,29,33,45
2,8,5,3,5,6,7,5,5,7,8,9,6,5,7,14,8,16,18,18,21,23,27,23,31,41,59,53,78,66,81,84,95,113,124,143,146,150,172,194,212,230,219,198,228,251,290,302,280,335,299,306,309,314,355,337,322,357,341,329,337,321,308,309,315,343,342,332,350,287,322,311,320,314,271,324,322,335,266,268,303,264,268,270,283,240,252,240,242,238,228,224,231,235,211,228,234,231,217,186
380,12,15,7,41,146,174,291,181,189,235,226,205,152,181,144,140,203,295,344,449,478,528,622,677,981,1221,1431,1624,1931,1996,1778,1533,1256,976,708,630,519,426,423,386,373,338,363,341,307,291,299,282,267,239,212,229,227,229,178,179,206,178,170,142,168,148,159,150,158,138,132,138,131,158,154,129,132,106,121,124,115,142,131,138,140,106,128,123,123,124,118,121,125,116,138,124,127,102,121,113,105,119,113
82,41,80,99,89,88,102,113,133,159,197,239,273,279,390,420,456,540,544,571,596,668,647,725,694,788,758,765,815,820,871,821,865,868,835,803,873,795,803,794,769,798,768,786,760,749,743,708,705,679,635,668,631,639,623,596,579,602,545,579,556,524,532,455,485,441,404,462,383,427,434,427,370,361,337,357,348,350,345,308,329,349,333,300,329,272,280,298,286,251,271,254,257,230,254,207,238,239,241,230
6007,40,132,809,3913,6244,7047,7957,9905,11818,13643,15350,16484,17138,17220,16498,15621,14069,12780,10707,9200,7693,6280,5169,4140,3160,2500,2061,1503,1177,914,655,552,458,307,242,231,190,151,132,111,107,67,73,58,61,79,55,49,34,42,46,40,32,32,30,30,31,33,34,39,24,34,31,19,23,21,26,14,17,22,16,20,18,10,5,14,18,10,20,14,12,17,9,10,16,16,9,9,14,6,8,13,3,5,6,6,4,1,11
304,252,314,326,331,334,316,354,331,363,343,321,356,371,585,1258,2743,6274,11632,18896,25187,31014,31099,29214,24922,19191,12986,8362,5023,2646,1339,659,329,200,80,74,79,82,98,142,171,205,262,274,318,301,326,249,215,175,120,93,73,52,28,32,13,8,10,9,7,3,4,7,2,4,7,9,10,6,2,8,5,3,2,4,3,2,1,0,1,0,0,0,0,0,0,0,2,0,0,1,0,0,0,1,0,0,1,1
1075,1724,2673,2382,2668,3828,8419,28282,47751,54677,54658,57246,50915,46185,39616,20000,8881,4239,1913,1108,972,971,1026,899,673,452,287,182,136,79,68,56,49,58,51,57,33,23,18,14,13,10,11,16,12,13,10,7,12,8,4,4,3,5,6,5,6,7,4,2,4,4,3,2,4,3,2,1,3,1,0,2,0,1,2,1,3,0,0,2,0,0,1,1,0,0,1,0,0,0,1,3,0,2,1,0,0,0,0,1
6,535,1844,1748,1585,1502,1221,998,800,725,628,544,453,408,356,301,270,239,238,230,197,190,148,151,132,136,150,135,138,139,153,144,162,141,161,179,142,166,156,171,144,160,153,141,142,137,134,114,110,104,98,74,95,84,90,77,82,87,76,100,104,82,97,91,103,110,118,116,106,96,131,141,131,120,102,142,139,147,122,105,111,123,108,126,111,118,110,103,110,93,105,102,77,86,84,94,83,74,75,78
74,9017,9357,7299,6227,5648,5614,6275,7681,9802,11960,13165,14445,15400,15621,15777,14728,13796,12796,11235,10107,8795,7692,6611,5395,4592,3710,3092,2662,2284,1949,1696,1557,1460,1295,1092,1047,946,839,786,737,644,643,549,541,463,412,406,348,351,297,293,246,269,223,216,193,194,171,145,147,121,131,124,137,107,119,91,86,99,73,87,75,82,69,52,56,47,55,61,59,50,52,53,37,45,33,43,34,37,47,28,30,35,20,37,31,33,22,24
228,205,233,266,209,215,255,241,233,265,220,220,192,237,229,268,466,999,1872,3122,5066,7170,9686,12308,13207,12456,11023,8821,6925,5096,3740,2676,1818,1142,767,481,339,249,255,266,304,452,648,781,1088,1300,1538,1707,1854,1890,1949,1775,1701,1460,1281,1129,843,721,548,490,387,318,278,238,205,192,232,237,276,260,333,335,348,348,369,382,384,348,290,293,276,230,216,172,168,141,136,110,121,87,79,88,87,79,81,88,86,79,106,97
2,2,1,0,1,0,1,1,2,0,1,1,0,0,0,0,1,1,3,0,0,0,2,3,1,0,1,0,1,1,1,4,0,0,0,1,4,1,1,2,2,0,2,1,4,3,1,2,1,4,5,1,4,1,1,4,5,3,9,3,3,3,4,0,5,2,6,4,5,9,2,4,2,2,8,8,7,6,4,1,8,0,2,2,2,4,5,6,3,9,5,3,4,3,3,7,9,4,8,5
309,313,381,723,1214,1842,2438,3236,3907,4726,5663,6938,8148,9107,10351,11329,11973,12777,13120,13024,13213,12789,12320,11497,10731,9602,8499,7651,6479,5436,4647,3865,3225,2633,2075,1647,1395,1121,908,733,565,470,412,347,293,230,244,169,177,147,123,123,86,81,77,64,65,61,47,37,22,32,23,19,24,10,9,22,14,11,8,10,10,9,10,9,4,6,4,1,5,3,1,1,0,4,1,1,3,0,0,4,1,1,0,1,0,1,0,1
151,268,3501,9625,11309,11749,11435,11456,11008,10886,10272,9969,9403,8790,8373,7724,7207,6632,6162,5412,5007,4588,4223,3792,3351,3107,2778,2633,2345,2106,1968,1768,1654,1452,1285,1134,991,989,910,798,695,623,614,532,558,479,408,369,333,338,282,266,254,226,199,182,179,174,151,140,132,124,112,104,104,98,76,69,64,57,56,63,62,54,42,37,45,35,33,28,31,36,29,22,30,23,28,24,28,16,17,24,20,15,13,16,12,17,13,16
4942,1428,6106,13658,24254,40317,48731,44724,34048,23883,16334,11839,8522,6605,5190,4145,3292,2760,2233,1923,1676,1373,1179,1116,984,851,807,654,634,577,515,499,443,390,404,376,336,297,292,271,275,242,243,224,215,189,216,190,169,153,168,152,175,127,161,145,115,139,123,105,101,117,99,88,96,95,104,87,79,90,74,82,80,94,72,72,75,57,60,63,66,63,59,58,50,47,45,69,55,58,46,39,42,57,36,43,48,51,31,35
256,87,63,65,48,48,52,47,57,50,38,64,61,55,54,57,58,42,63,46,45,55,60,52,45,56,52,47,45,56,63,42,49,43,33,54,42,46,51,50,103,159,479,881,1372,1408,1236,969,657,489,372,286,250,222,201,213,182,136,124,98,86,58,57,50,41,38,36,40,32,32,36,29,26,37,34,38,28,35,28,21,22,32,32,57,82,130,178,251,348,381,445,431,386,365,287,268,197,182,149,149
224,19,27,14,15,13,18,19,17,17,12,21,15,18,17,16,18,11,14,16,13,19,23,17,11,8,20,12,14,20,12,13,16,14,21,13,20,18,50,266,1075,3074,6228,9563,11488,11563,9706,7319,5341,4066,2927,2364,2088,1808,1491,1479,1234,1105,895,719,583,467,396,318,277,199,176,116,122,92,90,79,73,63,54,37,37,35,22,18,19,25,34,87,108,155,220,241,284,338,317,278,238,214,197,146,125,123,96,75
11005,1568,1311,1265,1287,1356,1500,1697,2236,3436,6162,10592,16938,23944,29505,31604,30379,26952,21688,16494,12198,8600,5937,4044,3045,2242,1773,1462,1326,1169,1043,980,869,751,658,529,418,356,311,262,211,182,188,162,128,112,76,84,89,78,55,54,45,30,30,23,27,20,25,16,14,16,13,12,9,12,12,10,3,11,4,3,2,4,1,4,0,3,0,2,0,1,1,2,3,1,0,0,0,0,0,0,0,0,0,0,1,2,0,2
574,394,588,444,519,719,832,1396,2127,3375,4831,6221,7975,9571,10915,11855,12436,12371,12143,11652,10887,9906,9071,7980,6781,6293,5446,4671,3982,3624,3261,2646,2361,2096,1868,1665,1504,1324,1223,1134,987,879,809,735,690,643,602,561,546,461,404,393,343,330,320,294,276,264,243,239,223,181,156,136,139,136,111,133,126,107,110,87,89,78,83,66,65,68,56,52,56,50,45,52,49,28,46,43,44,30,22,43,27,35,26,18,27,21,20,26
4,1222,4921,10063,20486,22079,21524,20434,18432,15761,13332,11131,9233,7371,5943,4789,3931,3128,2547,2054,1759,1361,1163,1020,842,669,690,544,462,404,363,363,312,279,265,217,214,211,195,180,160,155,123,151,115,128,132,104,118,108,79,78,105,79,80,75,63,63,50,55,57,49,41,41,47,42,37,38,29,49,31,30,37,27,30,28,24,22,30,16,19,27,16,21,29,13,21,18,11,11,15,14,17,17,11,17,9,7,15,8
711,3483,2210,2209,5988,14880,27874,43910,57548,69777,73156,69809,60090,50840,39413,29717,20731,15200,10722,7476,5317,3974,2861,2230,1814,1457,1245,1097,880,790,713,636,536,475,444,409,326,305,268,265,219,181,163,159,163,130,113,106,105,91,78,81,83,72,61,58,41,52,46,34,37,36,34,32,19,27,26,20,23,23,16,20,13,22,17,8,12,13,11,15,5,13,8,13,8,8,7,10,7,7,6,4,6,7,9,8,6,5,3,14
1,0,0,0,0,0,0,0,0,0,0,0,0,1,0,0,0,0,1,0,0,0,0,0,0,1,0,0,0,0,1,0,0,0,0,0,0,1,1,0,0,0,0,0,0,0,0,0,0,0,0,0,0,0,0,0,0,0,0,0,0,0,0,0,0,0,0,0,0,1,0,0,0,0,0,0,0,0,0,0,0,0,1,0,0,0,1,0,1,1,0,0,0,0,0,0,0,0,0,3
1,0,0,0,0,0,0,0,0,0,0,0,0,0,0,0,0,0,0,0,0,0,0,0,0,0,0,0,0,0,0,0,0,0,0,0,0,0,0,0,0,0,0,0,0,0,0,0,0,0,0,0,0,2,0,0,0,0,0,1,0,0,0,0,1,0,1,0,0,0,0,2,0,0,1,0,0,0,0,0,0,1,0,0,0,1,0,1,0,0,0,2,0,1,0,0,0,3,2,2
7066,4898,34162,49031,45583,47519,52203,52260,47007,38331,30082,22922,17522,13028,10380,7961,6124,5044,4118,3344,2772,2262,1918,1664,1379,1313,1058,961,790,735,658,537,492,448,410,360,312,296,276,243,233,205,184,170,135,138,138,133,114,109,98,119,58,73,80,55,62,42,69,61,47,45,36,37,44,31,30,32,27,24,27,19,25,15,21,19,14,15,10,16,22,14,12,11,11,16,13,6,11,7,15,9,9,9,10,6,12,8,4,8
286,148,123,140,160,257,348,487,716,989,1287,1709,2141,2668,3252,3797,4279,4550,5024,5063,5189,5242,5188,4896,4710,4374,4178,3849,3621,3266,3069,2840,2621,2378,2256,2086,1967,1813,1737,1665,1574,1469,1381,1285,1295,1249,1111,1103,1099,1032,930,921,820,872,807,737,726,690,690,577,614,531,556,468,475,476,423,388,389,365,324,320,300,295,283,278,295,254,241,230,205,212,199,178,180,163,153,158,146,133,127,110,116,114,130,124,117,112,98,93
486,1348,1381,1314,1375,1439,1623,1826,2315,3328,5048,8098,12028,16975,21570,24478,25700,24600,21847,18119,14158,10835,7861,5792,4167,2938,2237,1724,1452,1212,1052,944,861,802,727,651,554,509,482,409,351,308,262,231,192,161,174,135,101,78,65,66,52,57,41,35,30,24,27,22,18,15,13,13,15,8,7,9,8,2,6,1,2,5,1,3,3,2,2,2,0,1,1,0,0,0,2,0,1,0,0,0,0,0,0,0,0,0,0,1
386,32,24,20,23,23,15,25,20,29,16,23,26,22,26,31,18,25,12,14,23,28,23,23,20,18,18,25,29,21,17,15,28,22,29,15,35,86,283,693,1472,2635,3818,5147,5961,6443,6541,6096,5637,4633,4150,3630,2940,2518,2091,1871,1706,1360,1257,1156,1050,975,846,757,726,687,614,559,516,484,405,416,392,324,303,302,250,267,248,226,184,171,177,157,142,146,132,135,97,90,94,85,78,72,78,75,63,47,46,47
1062,151,546,860,1309,2171,3531,5870,8728,12156,15735,18942,21014,22495,21924,21521,19763,17662,15428,12925,10603,8673,7040,5666,4328,3479,2603,2131,1610,1317,1055,934,726,630,518,457,372,378,309,255,256,250,212,203,188,171,164,152,119,107,118,96,75,70,82,58,53,49,41,32,35,30,28,20,16,20,21,15,11,6,11,9,7,9,7,6,2,5,5,0,3,2,3,4,3,2,2,1,0,5,3,3,1,2,0,1,2,0,0,3
1,0,0,0,0,0,0,0,0,0,0,0,0,0,0,0,0,0,0,0,0,0,0,0,0,0,0,0,0,0,0,0,0,0,0,0,0,0,0,0,0,0,0,0,0,0,0,0,0,0,0,0,0,0,0,0,0,0,0,0,0,0,0,0,0,0,0,0,0,0,0,0,0,0,0,0,0,0,0,0,0,1,0,0,0,0,0,0,1,0,0,1,0,0,0,0,0,0,0,1
1,0,0,0,0,0,1,0,0,0,0,1,0,0,1,0,0,0,0,0,0,0,0,0,0,0,0,0,0,0,0,0,0,0,0,0,1,0,0,0,0,0,0,0,0,0,0,0,0,0,0,0,0,0,0,1,0,0,0,1,0,1,1,0,0,0,0,0,0,0,0,1,0,0,0,0,0,0,0,1,0,0,0,0,0,0,0,0,0,0,0,0,0,0,0,0,0,0,0,1
401,40,37,42,59,44,54,65,113,180,301,464,734,1177,1757,2388,3182,4554,5736,7222,8208,9410,10549,11218,11373,11206,10854,10003,9070,7940,6682,5457,4412,3287,2589,1978,1399,1080,700,465,341,228,183,134,116,98,93,71,72,90,78,76,74,59,59,55,51,41,32,25,24,17,20,9,12,8,9,8,13,12,11,7,14,10,11,15,16,11,8,13,17,9,13,17,9,8,12,8,2,6,6,5,4,8,5,5,4,7,12,8
4267,5453,6317,6267,6356,8977,14847,21177,26658,31469,32690,29048,25140,20912,17008,13909,11890,10627,10290,9846,9872,9562,8964,8309,7743,6744,6061,5275,4986,4404,4217,3975,3586,3380,3085,2951,2619,2578,2250,2093,2048,1788,1663,1534,1400,1341,1230,1175,1074,1034,914,889,853,767,686,646,624,535,532,488,507,454,394,412,371,342,323,294,302,252,270,235,238,217,226,172,175,159,161,160,145,126,129,110,113,123,120,100,88,81,85,90,71,60,79,40,44,53,50,44
65,8416,11418,9425,8683,8687,9312,10952,12452,15023,16554,17541,17569,16247,14715,12348,9454,7158,5668,4450,3738,3211,2827,2686,2382,2190,2073,1840,1642,1586,1459,1412,1189,1233,1263,1187,1090,1047,986,961,923,923,908,869,818,867,779,779,727,771,713,706,689,690,635,626,606,563,538,503,504,545,432,410,396,401,422,383,377,369,361,330,326,335,279,278,286,231,210,227,213,179,162,182,168,162,156,144,133,127,101,114,102,83,99,101,79,77,79,76
16,52,59,59,65,80,93,139,253,428,640,959,1371,1738,2173,2391,2597,2780,2985,3047,3212,2902,2769,2563,2268,2241,2073,1959,1844,1790,1802,1732,1731,1683,1658,1555,1575,1604,1552,1571,1507,1515,1415,1410,1410,1354,1315,1245,1282,1063,1195,1055,986,940,935,861,785,737,750,660,672,621,608,605,498,510,444,452,422,384,401,396,365,325,299,288,277,286,256,242,206,237,226,204,217,188,181,199,137,147,165,146,135,135,136,107,102,120,127,113
342,1578,2830,4354,6677,8811,10344,11617,12646,12962,13010,12666,11687,10960,10314,9549,8931,8220,7450,7123,6508,6025,5768,5293,4834,4619,4162,3761,3432,3235,2807,2599,2457,2145,1922,1698,1548,1378,1195,1093,1012,959,834,758,671,689,622,580,588,489,500,452,434,397,348,328,356,304,290,250,269,236,220,220,179,186,177,170,172,137,153,132,167,133,113,119,97,92,90,97,90,74,69,70,64,52,83,53,80,63,53,45,51,52,43,47,42,34,43,34
733,1239,1903,1832,2285,2493,2484,2531,2466,2480,2917,3010,3147,3313,4259,6521,9261,9013,6465,4779,4372,4276,4080,4081,4128,4860,6021,7411,8454,8936,8977,8311,7436,5720,4718,3602,2742,1942,1421,1054,728,570,478,367,347,316,284,241,212,223,221,175,213,187,178,183,184,154,176,145,171,163,149,146,111,127,111,116,88,89,85,69,68,69,67,58,62,53,45,40,49,48,37,42,44,31,35,34,41,32,22,31,26,28,26,26,30,18,31,35
1414,967,1110,1115,1152,1106,1119,1322,2012,3030,4573,6793,9749,12908,15803,17581,18299,18290,17995,16347,14196,11145,8342,5977,4299,3119,2365,1829,1486,1334,1149,1087,991,978,870,892,866,808,761,772,661,711,630,664,634,553,524,533,469,488,445,418,428,390,393,352,356,318,314,278,324,279,242,234,228,208,194,171,194,163,148,157,129,90,119,100,99,102,78,66,72,65,57,67,54,46,47,60,60,42,39,32,35,39,24,32,35,28,34,21
150,143,108,134,165,232,341,410,487,540,535,541,559,5280,835,567,566,563,541,581,672,686,764,830,914,950,1061,1156,1235,1348,1394,1458,1594,1632,1658,1879,1935,1913,1901,1937,1967,1961,1962,1930,1913,1932,1807,1859,1799,1816,1724,1576,1549,1506,1440,1400,1328,1301,1253,1202,1090,1100,1003,935,941,782,805,722,735,680,664,647,579,558,536,524,491,441,428,405,387,351,375,324,310,295,287,279,235,224,232,229,214,188,175,203,171,152,157,140
819,769,2443,6001,20663,32877,31283,30781,30608,31887,29535,24866,19876,14996,11357,8461,6422,4921,4033,3203,2652,2224,1871,1636,1405,1238,1092,998,877,783,700,621,585,520,503,422,418,378,344,291,309,290,273,278,239,205,203,194,221,171,142,155,151,157,155,140,113,122,117,110,104,94,93,104,102,89,93,89,88,68,76,61,79,66,55,67,57,55,60,53,58,51,42,56,43,51,48,46,44,43,47,49,36,47,47,30,36,54,36,28
23,961,2822,4120,4995,5650,5989,6659,6069,5753,6351,6756,6397,5382,4983,4851,5127,4979,4227,3099,2273,1705,1412,1234,1093,985,828,746,671,648,619,552,541,488,506,430,454,411,350,450,392,322,331,328,329,309,329,290,287,249,242,238,253,205,216,221,220,189,202,195,201,193,192,193,174,193,176,147,183,160,166,144,151,176,150,151,133,142,119,132,103,123,124,116,109,116,121,110,119,100,98,99,105,85,97,99,87,85,76,88
62,738,1309,1196,1183,1261,1271,1366,1348,1424,1394,1358,1509,1507,1584,1467,1537,1557,1564,1619,1878,2079,2342,2504,2686,3028,3153,3213,3315,3323,3262,3343,3327,3231,3165,3282,3207,3199,3146,2957,3070,2801,2741,2514,2389,2123,1988,1805,1724,1464,1378,1253,1125,1086,919,872,824,743,699,681,631,565,556,475,504,498,440,440,413,392,346,360,346,303,308,309,291,263,254,258,210,203,206,189,180,198,169,180,178,153,130,126,135,124,122,114,111,96,85,97
231,121,151,139,132,142,175,215,384,762,1638,2681,3956,4839,5941,6715,6924,6930,6921,6890,7066,7272,7467,8037,8246,8309,8126,7652,7152,6591,5997,5029,4600,3912,3498,3013,2517,2183,2027,1644,1588,1347,1189,1065,967,929,748,775,664,587,581,489,477,417,409,399,333,315,280,271,236,217,201,200,185,171,176,151,123,131,129,100,124,102,102,83,83,72,83,77,67,58,70,52,72,81,44,61,44,42,41,40,36,40,50,36,49,31,35,31
1,0,1,0,0,0,0,0,0,0,0,0,0,0,0,0,0,0,0,0,0,0,0,0,0,0,0,0,0,0,1,0,0,0,0,0,0,0,0,0,0,0,0,0,0,0,0,0,0,0,0,0,1,0,0,1,0,0,0,0,0,0,0,0,0,0,0,0,1,1,0,1,0,1,1,0,1,0,1,0,0,2,0,0,1,2,0,1,2,1,0,1,0,2,0,0,0,0,0,1
48,34,33,25,24,31,26,33,36,27,30,50,43,45,39,56,78,78,101,95,131,131,135,200,206,210,278,268,275,362,327,400,415,441,468,490,529,551,607,580,616,642,644,657,656,693,697,760,749,780,775,725,731,736,751,750,731,756,720,739,711,723,726,693,651,701,630,602,618,588,604,559,563,538,513,528,485,492,464,478,420,422,414,408,427,361,353,382,345,344,310,302,269,277,262,273,252,233,229,219
768,14,16,7,5,4,5,4,9,9,8,7,8,7,6,3,6,6,11,18,144,69,82,85,42,51,39,50,32,50,30,30,36,24,37,32,27,36,51,60,75,105,120,126,125,189,231,838,2732,6921,12102,15749,16321,14163,10748,6970,4091,2362,1283,755,436,266,155,91,50,30,22,10,9,9,3,5,3,3,2,2,1,1,0,1,0,0,3,1,1,1,0,0,0,0,0,0,0,0,0,0,1,0,0,1
13,51,63,50,54,59,50,46,56,39,57,64,56,50,59,56,65,62,49,54,53,70,49,62,73,60,56,71,57,79,95,103,142,220,335,607,994,1621,2042,2556,3007,3428,3436,3728,3773,3784,3700,3794,3544,3408,3191,2953,2686,2218,2024,1784,1582,1336,1180,1021,876,801,665,583,524,405,372,349,312,269,232,274,254,259,260,310,298,349,388,342,396,442,415,425,376,428,371,364,401,366,408,337,331,382,326,310,327,312,270,273
811,12405,9603,7611,6172,5491,5428,6170,7213,8665,9152,9652,10147,9977,10557,10773,11944,12609,12954,12059,11043,10663,9705,9158,8249,7219,6068,5018,4040,3255,2759,2339,1880,1679,1435,1300,1142,999,896,796,769,740,636,623,567,510,462,471,431,386,340,329,300,275,265,218,233,170,180,187,143,162,144,123,131,130,128,111,96,81,92,99,84,74,94,58,82,65,45,52,64,55,48,60,50,41,48,51,55,37,39,37,44,42,47,35,49,36,24,37
1,0,1,0,1,1,0,0,0,0,0,0,0,0,0,0,0,0,0,0,0,0,0,1,1,0,0,1,0,0,0,0,0,0,0,0,0,0,0,0,1,0,0,0,0,0,0,0,0,0,0,0,0,0,0,0,0,0,0,0,0,0,2,1,0,1,0,2,0,2,3,0,1,1,1,0,4,2,0,2,0,1,3,1,1,2,1,1,0,3,2,0,2,4,4,2,0,5,1,2
2673,7384,19372,25931,29826,32112,31971,31951,29678,29017,26818,24517,21735,19562,17087,14720,12462,11021,9371,7883,6764,5837,5078,4206,3565,3038,2709,2222,1930,1583,1417,1173,1075,874,855,707,583,535,432,402,336,292,265,244,210,191,148,144,149,119,106,114,106,76,69,76,68,65,38,44,49,37,47,30,36,29,31,26,17,28,26,21,19,19,19,20,19,9,19,8,8,9,11,6,4,10,13,6,6,7,7,3,5,3,5,4,2,3,4,2
166,162,192,159,154,174,223,346,1196,3052,4836,5373,4871,4214,3552,3029,2619,2436,2275,2118,2025,1934,1828,1731,1590,1482,1400,1218,1114,1028,976,973,877,853,852,780,718,702,684,652,652,574,600,574,536,528,552,503,430,497,460,405,470,416,439,405,396,407,379,352,338,348,356,345,308,332,292,326,344,330,282,282,273,275,256,266,267,233,245,247,270,213,177,207,206,223,187,168,161,202,150,162,157,156,155,130,159,151,128,111
107,106,183,96,104,114,110,84,104,113,126,131,109,98,105,100,106,118,110,110,100,108,97,100,128,113,119,123,128,118,173,171,229,283,333,487,803,1214,1605,1931,2129,2237,2289,2310,2253,2318,2473,2767,2969,3257,3634,3890,4043,4020,4078,3862,3321,2915,2571,2148,1687,1399,1214,1017,837,795,598,522,474,424,382,359,355,286,308,251,299,256,260,256,244,230,228,219,206,184,217,183,164,145,160,154,166,137,178,140,163,131,163,128
1768,943,1912,2750,6176,16193,28227,40131,47610,50318,51886,47128,42837,34801,29066,22027,17686,13735,10724,9003,7225,6436,5373,4831,4139,3612,3060,2532,2278,1754,1493,1251,1156,959,771,632,596,499,402,383,340,268,228,195,159,137,120,103,100,73,61,52,40,33,47,28,32,32,20,13,15,18,15,12,7,5,8,4,3,2,2,1,3,3,3,1,4,2,1,0,1,2,0,0,1,0,0,1,0,2,0,0,0,0,0,0,0,0,0,1
13,25,38,7,22,13,21,16,21,17,15,13,8,14,11,22,13,16,13,16,20,11,20,19,16,17,15,9,10,8,11,11,15,12,13,13,10,10,8,12,7,9,11,12,13,8,13,8,13,10,7,10,8,9,11,3,15,14,7,14,13,8,14,10,11,13,6,10,6,13,9,5,7,9,11,7,13,10,15,13,14,8,8,10,5,8,8,10,11,12,10,6,4,14,10,11,16,6,8,6
8,4,1,1,4,2,7,25,83,97,116,91,115,98,76,88,109,95,77,63,67,73,84,75,90,83,75,70,77,75,50,63,83,81,68,87,75,93,108,123,104,84,106,116,115,111,107,123,103,99,119,137,142,146,157,172,189,233,229,264,266,349,333,343,345,401,412,436,425,448,466,450,503,503,484,515,482,514,447,483,474,456,448,482,461,433,405,422,416,376,412,371,375,364,346,319,332,329,304,281
3044,409,668,1111,4582,11592,19331,26509,32009,34152,33133,30261,25820,21680,17260,14120,11496,9602,8378,7286,6500,5878,5225,4537,3877,3604,3181,2689,2318,2088,1794,1621,1375,1315,1113,1009,824,750,695,617,570,492,402,386,350,330,271,246,201,207,170,148,166,141,130,116,83,84,79,82,54,55,55,42,45,39,51,30,24,27,34,26,15,18,21,20,17,9,8,17,9,10,10,10,3,5,4,4,4,8,3,4,9,2,3,4,1,5,1,4
3,4,5,7,8,7,17,14,20,21,29,27,35,51,54,46,62,59,67,64,92,107,98,112,95,93,71,119,140,118,118,120,136,146,150,165,171,148,155,144,187,213,208,236,184,183,198,218,208,183,178,200,199,193,194,182,169,189,210,180,162,202,182,153,157,162,182,153,153,132,138,133,137,141,118,145,144,138,126,124,145,123,112,114,141,102,108,114,104,112,114,110,108,89,96,98,96,98,114,83
642,2801,6268,6806,5764,4619,3975,3675,3610,4474,6129,8926,11693,14020,15570,16948,17415,17284,16517,15189,13595,11872,9965,8507,7161,5731,4554,3721,2905,2404,2015,1686,1485,1192,1000,889,817,664,607,464,407,394,329,319,255,229,205,182,172,174,144,117,120,102,113,104,88,66,78,70,52,59,53,61,59,49,45,47,36,34,39,30,43,33,39,17,22,29,37,18,16,26,22,20,16,20,19,13,22,29,21,16,25,20,21,21,18,16,14,12
2,7,9,9,13,8,8,10,6,9,7,8,10,9,6,13,8,10,10,6,8,7,14,9,18,8,9,12,11,12,9,9,4,12,10,13,9,57,118,140,143,95,65,59,40,34,44,24,16,19,28,22,17,15,19,23,34,64,77,88,117,109,145,212,303,614,956,1727,2762,4168,5334,6319,6509,6080,4870,3879,2947,2124,1441,923,613,354,213,120,73,41,27,9,18,4,3,6,7,3,4,4,4,1,3,3
1,0,0,0,0,0,0,0,0,0,0,1,0,0,0,0,0,0,0,0,0,0,0,0,0,0,0,0,0,0,0,0,0,0,0,0,0,0,0,0,0,0,0,0,0,0,0,0,0,0,0,0,0,0,0,0,0,1,0,0,0,0,0,1,1,0,0,0,0,0,0,0,0,0,0,0,1,0,0,0,0,1,0,0,0,1,1,0,1,0,1,0,0,0,0,1,0,1,2,1
301,238,214,148,153,164,164,136,150,142,161,175,217,334,679,1215,1862,2454,3086,3406,3939,4219,4854,5469,6139,6844,7471,7732,7656,7780,7366,7040,6415,5949,5313,4729,4175,3805,3398,2941,2519,2199,1964,1807,1499,1334,1181,1053,900,776,733,632,590,506,475,460,394,337,286,300,282,234,219,214,202,165,144,148,118,112,115,108,89,93,81,75,77,58,67,67,54,53,48,41,41,28,42,30,26,32,34,27,24,21,19,17,19,15,16,9
1,0,0,2,3,2,4,5,5,13,7,7,16,11,13,13,13,16,12,10,10,9,16,12,15,12,10,10,13,15,10,17,9,13,13,7,9,11,5,13,10,12,16,14,9,11,13,7,10,10,16,6,19,8,13,10,4,19,6,8,5,9,5,12,11,7,5,6,7,16,8,7,5,10,8,16,8,6,15,11,11,12,4,12,12,13,19,11,3,9,8,13,17,8,8,9,6,8,12,12
626,0,2,0,0,1,3,0,0,0,0,1,0,3,4,12,71,143,249,417,760,1218,1830,2573,3514,4601,5705,6283,7133,7699,7818,7889,7668,7375,6967,6483,5894,5496,4850,4257,3851,3375,2977,2634,2184,1876,1638,1416,1183,1097,882,809,710,626,577,453,439,365,295,251,278,205,210,170,142,143,104,97,125,81,63,76,60,60,50,48,40,38,35,26,30,36,19,15,23,15,18,12,16,11,9,7,5,10,7,7,7,9,7,7
9,80,118,239,177,238,272,307,345,375,335,337,300,292,287,263,251,227,226,189,173,171,179,199,250,294,335,450,560,633,708,855,910,907,912,922,876,773,680,632,607,560,489,465,417,394,390,333,340,325,324,299,301,267,295,239,231,244,262,236,239,192,209,201,203,189,194,191,186,188,182,178,178,140,180,177,171,154,152,135,140,131,142,157,143,158,138,140,147,114,117,121,125,112,113,128,102,101,99,99
50,0,2,0,1,0,0,0,0,0,0,0,1,1,1,0,0,0,0,1,0,0,0,0,0,1,0,1,4,8,24,27,96,168,395,712,1554,3012,4535,5730,6813,8044,10890,15579,18445,19921,18532,14327,9655,6121,3448,1756,916,456,148,74,19,7,6,0,1,0,0,0,0,1,1,0,1,0,1,1,0,0,0,0,0,0,0,0,1,0,0,1,1,0,0,1,1,0,0,0,0,0,0,0,0,0,0,1
5347,17503,23385,18748,15301,13882,12719,12849,13036,14170,14448,15751,17536,19046,20920,22373,23058,21597,20262,17408,15014,12329,10687,8774,7209,5899,5014,4410,3738,3332,2899,2754,2475,2377,2074,1952,1772,1584,1406,1313,1146,1124,959,831,750,745,673,610,580,557,544,472,441,414,415,367,360,332,343,287,274,262,250,226,255,226,207,203,191,177,202,186,166,170,162,138,152,132,123,134,121,121,106,120,108,86,110,99,93,85,84,76,94,81,62,73,50,78,63,67
372,10015,7623,5617,4755,4385,4151,3824,3971,5355,8242,12327,13883,13172,12188,13270,15825,18117,19245,18208,16364,13498,10682,8186,6341,4925,4001,3485,2892,2796,2375,2247,2120,1974,1724,1610,1384,1228,1146,1052,808,778,625,568,514,435,428,367,369,291,250,251,226,211,198,172,165,145,126,117,122,99,100,111,88,62,77,61,74,62,49,45,56,59,39,43,39,48,37,39,22,31,21,22,35,33,23,23,19,21,21,18,12,24,17,17,11,18,22,14
194,793,838,883,935,1260,3564,10622,23070,39785,54755,60390,59117,49864,36303,25969,17002,10557,6965,4469,3116,2336,1757,1388,1080,880,736,598,431,390,311,225,202,160,125,94,82,70,45,38,33,34,28,23,19,20,17,15,20,10,12,9,7,2,8,5,8,7,5,7,4,5,1,5,6,4,2,3,1,1,0,0,2,1,3,1,3,2,3,0,1,0,2,0,0,2,0,1,1,0,0,1,0,0,0,0,0,0,0,1
7054,21712,24474,17096,12556,11026,10859,11687,12621,14194,16558,18138,20173,21501,22483,22126,21242,18423,16340,13158,10948,9085,7044,5680,4651,3846,3055,2517,2089,1712,1438,1229,1006,815,728,560,465,406,392,316,293,230,224,221,181,162,156,134,128,111,111,101,74,79,94,74,75,71,73,85,82,61,62,50,62,63,53,65,52,49,56,49,55,40,31,42,36,33,34,30,36,37,21,24,37,28,30,24,22,20,26,25,18,26,14,21,23,16,26,28
619,957,1586,2984,12673,18858,17833,17481,17777,17085,16088,14659,13174,11899,11009,10064,9300,8604,7853,7079,6676,6092,5715,5191,4720,4409,4061,3774,3488,3072,2994,2801,2557,2303,2090,2044,1837,1657,1678,1521,1381,1233,1178,1078,1065,932,887,785,744,652,640,593,546,540,503,462,399,402,370,325,322,290,249,248,227,191,195,211,192,184,152,140,134,128,110,124,110,115,107,79,93,87,82,72,65,65,60,70,51,43,46,43,30,41,41,41,27,28,35,38
12065,706,5990,18803,64308,108126,110846,93237,71196,51522,36407,25116,17160,11851,8069,5956,4449,3281,2588,2026,1648,1272,1066,853,665,535,483,407,307,269,207,178,165,163,130,134,108,97,84,85,68,78,50,49,40,50,47,49,55,40,48,34,28,29,28,27,27,37,21,19,28,26,18,24,26,25,22,24,20,18,16,25,7,19,15,14,17,14,15,7,7,22,9,19,7,11,14,10,19,16,10,12,14,11,10,10,11,9,7,12
2,1,0,1,0,0,0,0,0,1,0,0,0,0,0,0,0,0,0,0,0,0,0,0,0,1,0,0,0,1,0,0,0,0,0,0,0,1,1,0,1,0,0,0,0,1,1,0,2,0,0,0,0,0,0,0,0,1,1,0,0,1,2,1,0,0,0,0,1,0,0,0,1,1,0,2,1,2,1,1,2,1,0,1,3,1,1,3,0,1,0,0,0,0,2,1,1,0,0,1
10,27,29,20,25,27,19,28,29,24,28,81,452,1826,4224,5862,5862,5598,5935,7259,9184,10879,11301,10872,9619,8023,6689,5637,4508,3453,2745,2467,1985,1627,1460,1252,1076,1048,991,847,830,754,676,582,603,571,511,497,382,363,321,271,251,269,217,216,232,193,186,168,159,122,139,121,89,94,99,94,77,80,79,73,69,56,49,49,64,47,57,40,49,38,45,41,41,45,37,35,43,39,34,25,33,29,29,31,31,24,30,23
115,198,197,212,185,387,360,547,508,759,1188,1650,2050,2173,2366,2268,2207,2089,1985,1847,1667,1601,1380,1300,1268,1197,1065,1063,1018,890,896,916,820,800,815,762,787,691,698,668,712,636,654,628,636,645,657,643,654,600,571,562,517,494,437,406,380,325,355,331,340,336,332,330,337,326,290,306,283,265,214,223,209,213,163,182,187,169,164,159,149,147,154,134,135,133,134,139,114,133,130,88,105,107,71,100,95,90,81,85
1517,2625,5234,9452,16782,26803,38573,52190,65968,71919,74757,64974,47965,32470,21172,14373,10398,7862,6085,5098,4182,3483,2935,2408,1988,1732,1373,1103,974,832,747,628,594,513,398,378,306,265,226,222,194,193,180,158,114,131,109,106,119,100,100,86,65,70,62,71,61,61,40,57,59,46,39,36,33,43,31,31,40,26,19,34,19,28,13,19,20,14,12,23,16,15,20,13,9,11,9,11,11,17,15,8,9,8,5,11,4,3,10,8
7,0,1,0,0,0,0,0,1,0,0,1,74,100,62,37,47,35,26,23,25,32,22,35,58,84,97,107,116,111,107,163,270,417,690,1084,1487,1848,2113,2452,2556,2497,2448,2488,2662,2685,2889,3068,3278,3464,3511,3519,3510,3305,3080,2978,2602,2306,1950,1686,1419,1251,979,813,639,581,466,389,333,265,193,174,119,127,102,66,69,50,52,32,40,28,24,26,8,13,14,11,9,13,5,8,8,5,9,4,4,3,4,4
404,85,74,83,85,80,76,88,90,90,88,83,96,84,105,125,97,109,129,137,160,171,170,208,237,244,288,347,382,410,466,481,555,634,684,693,813,809,883,971,997,1019,1117,1161,1163,1255,1244,1215,1324,1278,1311,1429,1370,1387,1433,1440,1455,1442,1465,1376,1393,1411,1335,1384,1383,1380,1405,1297,1308,1263,1231,1193,1133,1171,1164,1135,1076,1052,1076,1076,978,951,908,911,897,931,897,841,830,740,794,786,695,716,673,657,674,586,605,576
2267,1167,1603,1067,2629,10145,29424,59675,92965,100889,81112,52714,34435,21790,14819,10148,7916,5869,4475,3325,2612,2044,1514,1130,961,661,488,367,242,196,141,114,108,99,52,55,40,41,25,19,22,9,10,11,10,4,5,5,4,10,2,5,6,6,5,6,7,4,2,1,1,0,2,1,0,1,1,1,0,0,1,1,1,1,1,3,1,2,1,2,2,1,0,1,0,0,0,0,0,1,1,1,2,1,1,2,0,1,0,1
7373,12173,27263,27410,43466,56804,60647,59351,54989,46903,38368,30595,23362,18179,14305,11506,9153,7411,6021,4902,4101,3408,2962,2445,2080,1729,1493,1353,1148,1011,856,774,680,591,542,456,384,393,344,254,266,222,222,184,184,155,140,128,128,108,105,86,70,79,64,82,78,59,53,60,56,44,36,39,35,44,20,40,29,29,14,31,14,21,23,20,14,17,19,24,16,15,15,14,16,19,10,9,14,13,17,13,16,14,10,15,6,5,4,10
330,18790,8519,3280,2726,3349,4426,6151,9014,13703,19668,24557,26422,25683,23203,19886,16863,13655,11569,9272,7696,6157,5279,4254,3592,2970,2706,2258,1854,1767,1413,1237,1141,970,907,837,756,678,549,533,475,459,426,403,318,328,285,270,252,253,213,203,224,167,158,172,184,136,128,137,115,101,88,110,119,107,89,112,89,91,82,78,73,86,66,74,53,65,45,57,49,51,55,53,56,46,45,49,45,40,35,47,40,42,50,39,30,29,29,29
7,5,14,12,22,34,24,44,33,48,72,54,68,79,84,73,102,100,123,136,135,148,197,205,258,312,306,342,410,427,503,535,555,655,682,745,838,856,960,1030,1083,1118,1199,1176,1238,1207,1286,1241,1334,1318,1465,1433,1392,1342,1357,1378,1349,1357,1210,1360,1313,1239,1242,1221,1153,1171,1121,1085,1119,1102,939,983,1004,906,887,886,857,835,802,704,737,723,658,670,640,575,552,529,486,499,526,449,458,434,396,366,369,380,354,330
5,0,0,0,0,0,0,4,8,11,11,12,17,22,23,30,39,36,33,56,55,58,70,67,70,80,104,94,101,116,118,118,136,125,134,136,157,155,180,183,218,204,214,212,229,264,255,246,256,303,280,307,338,366,363,349,352,382,404,425,434,471,453,426,432,473,453,443,481,476,488,517,520,503,530,512,518,525,505,530,479,527,478,465,513,494,518,468,451,460,485,461,449,434,410,434,367,426,407,383
10124,217,566,2148,15130,35141,48874,58566,60926,60719,55284,47752,38775,29678,22160,16610,11567,8116,5891,4374,3120,2418,1812,1430,1118,855,702,576,476,404,349,302,238,208,175,157,154,130,142,74,103,92,83,61,63,60,51,39,30,29,26,29,40,32,33,16,23,17,16,21,15,11,14,13,8,10,7,5,11,8,7,2,4,3,1,2,4,5,1,1,0,0,0,2,1,2,1,0,0,1,1,0,0,1,0,0,0,0,1,3
1769,2392,3267,3306,3961,6118,9722,14541,18725,21041,21179,19392,17159,14058,11810,9789,8282,7355,6584,6389,6006,5696,5284,4883,4411,4154,3731,3312,3000,2860,2437,2308,2153,1842,1748,1631,1527,1400,1230,1149,1039,1025,910,825,865,746,673,647,565,494,506,471,437,409,350,344,309,271,297,233,275,232,247,200,179,187,155,164,142,128,119,120,111,98,92,74,75,82,55,72,62,66,64,57,54,48,44,43,47,38,42,30,31,24,29,34,32,22,23,19
112,102,108,105,117,122,189,388,1062,2663,5122,8038,10659,13271,13981,12207,9146,6581,4306,2810,1839,1554,1628,2053,2575,3307,3946,4216,4426,4037,3644,2911,2382,1970,1530,1387,1269,1278,1386,1477,1626,1524,1569,1565,1442,1307,1080,990,885,754,760,725,702,744,707,689,717,657,656,601,511,443,447,430,432,396,387,348,366,310,336,328,301,279,238,253,242,217,227,219,202,204,173,198,154,166,153,151,153,161,136,138,133,119,130,121,112,97,97,106
38,20,976,2542,2415,1911,1852,1858,1496,1520,1906,2509,3199,3616,4136,4448,4854,4541,3993,2959,2312,1707,1394,1169,1009,922,752,700,661,525,594,528,477,462,450,404,419,370,387,329,315,311,270,320,244,260,244,246,236,271,257,217,216,186,229,218,207,199,173,205,171,175,172,165,182,155,141,162,162,148,151,156,150,123,131,143,144,128,139,117,121,105,106,119,107,103,113,101,98,107,89,79,90,88,87,83,87,76,81,74
398,202,275,539,880,1546,1241,960,1018,914,876,860,778,685,694,789,834,976,1298,1746,2500,3338,3928,4054,3418,2500,1589,1216,1056,978,991,925,846,888,849,843,854,897,915,916,998,991,1124,1213,1328,1413,1549,1588,1596,1803,1774,1766,1758,1757,1731,1786,1726,1623,1538,1402,1375,1335,1210,1153,1068,999,873,807,745,692,610,608,522,453,421,390,389,314,302,267,257,273,187,183,179,179,130,148,115,125,119,115,95,94,105,92,92,84,70,87
177,21,17,9,13,13,13,9,11,12,10,15,21,12,13,15,10,13,6,15,15,11,10,11,11,11,14,13,16,21,19,12,17,14,17,19,17,20,18,38,41,50,52,67,90,104,104,123,142,162,198,193,213,254,311,316,345,338,371,389,418,387,417,471,460,470,460,514,496,481,476,500,532,496,513,523,554,520,509,534,468,556,483,524,471,487,473,523,462,425,436,481,392,415,427,427,428,386,404,383
57,16,29,11,8,21,17,11,15,15,18,18,14,16,16,13,22,22,21,23,21,11,16,16,19,13,15,16,19,13,17,21,11,19,20,22,17,15,59,207,262,183,161,252,477,439,339,232,208,218,225,208,197,181,170,141,215,213,236,200,212,219,272,324,465,690,955,1353,1856,2361,2628,2945,3176,3314,3300,3281,3270,3176,2842,2557,2221,1851,1659,1356,1170,905,733,598,533,509,425,360,354,347,301,297,231,210,189,168
307,26,42,30,33,39,33,61,174,530,1429,2989,4679,6126,7521,8375,9075,9895,11045,11977,12857,13025,12613,11430,9828,8095,6778,5635,4682,3837,3088,2647,2339,1988,1686,1474,1287,1237,1058,905,805,765,669,603,552,523,469,396,421,370,319,313,266,273,240,202,181,210,166,176,132,114,132,138,119,104,106,91,88,70,82,61,61,60,71,50,57,67,45,38,47,45,45,50,46,42,43,45,37,37,37,32,33,35,32,38,29,33,26,29
594,669,1611,2397,2695,3249,3676,4566,5240,6140,6795,6969,7160,6254,5654,4613,3769,3018,2557,2251,2071,1931,1868,1785,1693,1666,1625,1469,1493,1375,1264,1235,1194,1221,1156,1058,1073,989,1002,996,969,882,882,847,808,766,735,712,692,675,651,608,591,526,576,526,562,514,507,437,443,409,403,352,365,372,348,305,319,311,313,267,246,281,252,247,229,237,198,223,192,208,198,179,161,166,157,170,116,119,139,134,116,120,116,101,114,84,115,101
62,90,1036,1872,1334,1321,1448,1540,1361,1361,1881,2492,3102,3495,4005,4403,4629,4530,3957,3188,2467,1817,1448,1218,1056,856,798,698,701,605,553,547,490,495,465,406,369,370,337,299,301,298,312,286,271,242,239,218,253,254,232,218,243,208,224,206,197,194,210,193,190,202,196,191,165,158,131,159,165,153,173,146,171,131,140,124,148,125,155,143,119,132,129,113,114,114,108,107,90,112,89,96,73,100,82,72,99,78,87,81
648,772,1691,2139,2451,2953,3605,4531,5529,6621,6989,7218,7235,6539,5938,4889,3917,3171,2665,2165,2127,2028,1772,1781,1607,1581,1461,1504,1428,1320,1354,1300,1262,1205,1089,1188,1024,1051,1046,1015,922,948,907,882,832,854,768,804,726,710,703,682,560,564,600,530,541,499,469,468,413,407,410,381,368,349,382,372,294,266,301,271,280,255,268,217,205,206,208,185,179,193,176,182,178,156,165,153,134,135,123,124,132,142,115,107,102,91,102,104
399,2240,4597,4726,5247,6904,9935,15333,16733,15107,13898,13340,14961,16210,17055,15389,13013,11288,10481,9842,9155,8255,6945,5688,4859,4253,3581,3250,2717,2364,1921,1606,1471,1252,1136,1072,974,863,777,700,653,591,517,554,457,410,380,373,356,303,303,256,244,219,205,189,151,128,142,133,110,113,96,97,108,93,65,87,53,58,61,48,60,54,43,36,37,49,35,36,40,53,43,29,37,31,37,36,43,25,30,33,35,31,30,34,36,33,24,28
85,31,46,34,38,34,42,40,39,35,42,49,37,45,34,40,43,31,46,31,50,40,32,44,33,27,36,35,38,39,27,22,29,35,31,42,41,33,29,47,35,32,32,46,38,45,39,40,42,32,47,56,52,55,52,99,87,145,165,218,277,410,528,613,693,903,1064,1138,1296,1507,1486,1518,1534,1604,1473,1508,1496,1335,1150,1154,1064,997,871,684,656,583,549,491,418,401,309,331,279,223,235,207,193,163,163,150
48,86,56,52,68,64,63,64,62,66,60,61,58,69,78,61,70,58,61,49,57,68,76,74,81,81,80,60,65,58,70,53,74,61,69,69,57,71,52,73,56,71,65,77,81,58,64,84,68,89,108,130,140,162,159,164,184,216,238,361,558,718,1026,1492,1970,2401,2738,3041,3319,3385,3332,3157,3084,2836,2498,2199,1888,1619,1346,1150,924,763,636,522,415,320,301,230,179,146,109,121,91,81,68,43,57,41,25,32
12,22,19,15,7,4,12,16,7,10,5,13,7,11,5,19,13,25,29,26,25,27,19,23,27,29,45,41,49,63,84,99,155,260,349,561,767,1060,1357,1729,2012,2461,2832,3027,3226,3322,3491,3485,3517,3391,3222,3071,2947,2763,2659,2391,2211,2037,1908,1724,1626,1569,1498,1408,1341,1278,1237,1187,1155,1069,995,990,902,826,712,658,567,533,512,438,373,370,313,260,268,215,199,158,155,138,119,118,95,96,87,81,72,66,47,45
116,170,205,389,880,991,733,625,617,872,778,604,579,605,708,796,956,1214,1889,2630,3656,4339,4206,3241,2275,1543,1273,1163,1144,1229,1078,1082,1114,1081,1071,1066,1125,1249,1291,1413,1649,1724,1877,2162,2334,2352,2481,2611,2597,2516,2481,2399,2193,2072,1893,1768,1650,1480,1349,1194,1164,969,825,769,693,647,539,499,426,362,285,284,241,218,184,194,158,145,127,124,102,108,87,94,87,85,73,74,75,71,75,54,50,79,50,54,53,57,61,49
856,181,263,188,244,374,359,365,463,595,930,1597,2516,4034,5766,7958,10200,12271,14031,15073,15780,16205,15667,14927,13745,13292,12083,10889,9889,8783,7717,6912,6199,5376,4771,4084,3721,3270,2869,2581,2250,2160,1792,1623,1492,1304,1194,1030,990,868,767,723,690,594,571,468,438,424,413,380,327,294,305,243,256,207,217,178,185,139,150,151,132,142,102,97,85,75,109,81,73,57,68,61,58,56,52,46,42,49,39,33,25,29,13,26,28,29,19,29
797,532,186,173,168,206,213,245,251,286,288,356,501,598,825,1005,1173,1272,1430,1580,1705,1853,1874,1882,1863,1808,1749,1655,1668,1593,1492,1521,1493,1473,1418,1462,1509,1604,1579,1678,1652,1681,1686,1761,1699,1680,1654,1624,1591,1504,1467,1346,1333,1261,1192,1166,996,994,971,891,814,733,737,685,631,613,567,544,513,466,473,409,400,380,382,332,316,324,299,271,237,264,218,226,205,217,165,181,193,180,154,170,135,115,137,130,118,107,92,92
461,1140,740,672,654,656,669,753,838,972,1306,1702,2253,2876,3445,4055,4615,4751,5205,5689,5930,6528,6815,7312,7596,7986,7884,7748,7370,7235,6907,6672,6303,6003,5404,5080,4512,4120,3700,3365,2928,2600,2305,2034,1783,1473,1325,1065,1013,815,752,666,549,481,394,331,303,266,263,212,174,185,129,133,109,94,69,74,64,59,56,55,45,40,37,35,24,30,34,25,19,20,15,17,19,10,7,9,8,10,5,9,9,11,5,6,2,5,7,4
5,279,507,491,485,540,585,663,710,808,765,820,857,821,794,817,774,707,620,551,538,433,408,396,359,321,276,276,239,212,185,202,150,133,131,108,112,83,73,67,73,66,67,63,45,42,28,37,38,41,29,34,32,27,22,24,38,24,28,21,17,17,17,16,22,12,11,22,18,13,15,13,13,13,13,5,9,11,18,12,4,8,13,9,14,11,10,10,10,8,5,6,13,10,6,11,13,12,8,7
5629,4041,2686,1924,1608,1414,1343,1330,1235,1266,1276,1295,1306,1262,1342,1308,1290,1403,1388,1414,1413,1331,1395,1417,1390,1367,1373,1286,1207,1247,1233,1135,1138,1096,1114,996,964,937,896,834,809,777,748,745,666,699,692,596,581,619,593,522,495,494,492,490,447,449,446,371,392,348,328,349,287,331,279,296,260,241,271,246,237,250,218,228,222,208,177,179,180,183,176,150,163,158,137,141,149,142,139,143,123,108,119,98,120,106,113,81
33,25,48,109,165,173,231,279,247,331,306,272,274,264,213,247,266,338,350,492,560,681,758,901,1065,1147,1168,1316,1347,1393,1453,1452,1429,1332,1300,1161,1071,985,889,770,781,716,723,686,709,672,669,707,721,661,710,636,680,657,615,681,581,646,618,657,689,645,660,616,668,641,623,668,598,655,622,604,626,563,547,566,526,516,502,564,524,483,493,451,465,486,429,412,399,363,409,338,367,325,322,307,304,277,309,265
856,2062,5393,11598,40290,56513,52734,50149,51248,49536,44413,36426,30217,23308,18271,13715,10900,8525,6628,5210,4288,3635,2868,2443,1996,1599,1367,1162,949,831,663,600,540,457,366,355,325,263,237,194,180,157,164,142,121,101,97,79,64,82,55,57,42,40,40,37,36,32,21,26,22,22,18,19,14,17,14,13,8,16,11,10,5,7,6,7,7,8,4,6,1,2,2,4,3,4,9,8,1,0,1,0,1,1,2,3,1,2,0,4
1480,4535,9534,12265,14693,16781,18112,19731,20505,20284,17796,13497,10337,8018,7008,6514,6448,6234,6045,5419,4611,3282,2312,1730,1316,1192,1191,1288,1452,1554,1601,1552,1542,1406,1240,1053,970,805,790,710,614,641,552,553,551,554,572,502,514,494,565,482,475,490,456,420,402,366,405,375,383,360,352,333,341,336,326,317,277,316,256,265,277,296,290,266,258,241,273,250,258,238,233,216,241,251,213,194,213,239,212,208,210,233,214,208,208,205,219,214
453,306,351,302,320,341,329,336,386,401,467,519,598,750,948,1214,1658,2293,3128,4316,5649,7242,8843,10525,12350,14080,14358,15006,13791,11993,9563,6998,5075,3626,2491,1708,1185,822,586,447,399,376,332,381,371,362,433,449,505,512,561,548,601,558,521,507,502,449,419,313,316,266,226,192,161,148,111,117,79,70,67,70,65,66,48,51,48,52,51,59,49,45,46,47,31,42,27,40,19,27,21,25,24,22,17,24,18,20,26,20
77,3839,2552,1988,1793,1699,1547,1663,1738,1695,1795,1843,1863,1857,1916,1952,1903,1878,1759,1705,1755,1757,1666,1641,1524,1438,1440,1408,1327,1214,1239,1084,1042,1081,1008,929,971,834,812,813,820,741,679,719,656,629,609,567,584,533,509,497,493,429,451,464,418,392,368,391,343,361,335,338,300,304,303,259,248,263,261,256,229,247,232,229,211,193,197,210,222,185,172,196,172,165,163,163,144,133,146,145,151,119,100,124,125,132,136,125
3009,1608,1279,1137,1020,868,821,787,721,728,659,595,607,504,497,447,445,400,387,327,317,292,280,271,252,241,211,206,171,174,171,172,153,164,150,135,118,124,111,100,103,110,104,88,111,110,79,73,78,78,74,66,66,73,59,70,58,48,64,57,57,44,55,42,38,38,49,47,40,29,27,48,34,34,30,47,33,30,24,44,44,22,32,26,15,39,21,24,23,31,35,26,26,27,23,21,22,24,21,20
1,1,0,0,0,0,0,0,0,0,0,0,0,0,0,0,1,0,1,0,0,0,0,0,0,0,1,0,2,0,0,0,0,1,1,0,0,0,0,0,0,0,0,0,1,2,1,0,1,0,0,1,1,1,0,0,3,1,2,2,0,1,1,0,0,0,0,0,0,1,2,4,1,3,4,0,1,0,0,1,3,4,1,1,4,3,4,2,3,2,1,3,0,2,1,0,1,2,0,1
862,366,725,1598,3006,5352,7700,10593,13509,16368,18870,21396,23419,24232,23754,23335,21824,19595,17112,14625,11728,9352,7374,5697,4306,3413,2637,2056,1563,1304,1070,936,807,711,620,566,513,418,424,371,328,314,282,281,241,221,228,219,189,195,174,171,149,135,129,144,127,103,107,92,101,110,73,96,93,59,70,79,74,56,66,42,58,45,55,40,44,45,40,32,35,26,35,27,32,29,24,21,21,27,20,20,19,17,23,23,15,11,21,20
689,934,3388,5776,4985,4836,4558,4521,4138,4118,3890,3627,3412,3296,3230,3019,2995,2783,2710,2534,2514,2338,2178,2159,2074,1930,1853,1749,1654,1625,1475,1380,1395,1333,1251,1199,1150,1220,1056,984,1023,979,911,895,833,826,787,789,755,718,665,689,650,636,682,637,607,551,534,545,528,498,466,484,468,444,422,427,393,406,405,376,359,392,353,346,332,318,304,351,319,288,295,239,284,283,268,249,222,256,239,249,229,202,232,188,225,225,221,185
12,31,5,2,6,6,13,10,15,18,31,69,119,195,295,419,572,773,956,1134,1428,1626,1903,2193,2383,2626,2849,3008,3107,3097,3238,3088,3254,3240,3108,3068,2956,2908,2728,2568,2470,2298,2251,2015,1950,1922,1671,1558,1535,1374,1347,1249,1143,1072,1004,968,913,895,838,762,716,674,623,620,563,590,514,508,531,416,461,437,394,357,352,333,328,330,288,272,286,271,271,269,241,249,223,223,235,198,212,214,185,182,175,189,162,170,171,183
1851,352,752,1057,4544,13558,34647,69510,107271,113236,92408,58587,34057,17710,9621,5156,3081,2083,1627,1306,1096,845,769,613,446,404,308,210,166,142,97,80,52,34,36,22,14,5,8,6,5,5,5,0,6,2,0,2,2,0,2,1,2,2,0,2,0,0,0,1,0,0,0,2,0,0,2,1,1,0,1,0,0,1,0,1,1,3,0,0,0,0,0,1,0,0,0,0,0,0,0,0,0,0,0,0,0,0,0,2
171,384,1047,6358,7515,8296,12522,16754,18784,19462,18752,18247,16165,13795,11839,9437,7524,5690,4417,3557,2709,2184,1713,1459,1157,1024,862,671,591,497,417,367,325,271,226,218,174,131,130,100,96,74,73,70,60,74,57,55,39,58,48,32,28,25,22,32,20,29,15,22,26,21,20,15,25,18,14,26,23,20,25,8,17,24,17,10,12,14,19,17,15,21,12,12,11,13,13,10,6,9,12,7,12,11,11,6,10,12,9,9
351,664,1637,2182,2122,2073,2001,1873,1801,1738,1722,1589,1527,1504,1391,1371,1329,1319,1188,1236,1133,1131,1070,984,946,925,807,834,812,783,705,733,745,682,709,698,623,658,624,602,603,579,556,545,522,489,470,487,489,491,451,409,458,419,455,419,379,417,352,404,352,356,359,337,349,318,335,348,285,300,292,323,310,297,275,262,264,292,273,265,211,250,266,263,232,228,223,240,216,210,198,211,199,204,235,204,221,188,215,174
1,0,1,0,0,0,0,0,0,0,0,0,0,1,0,1,0,0,0,0,0,0,0,0,0,1,0,2,0,0,2,0,2,0,1,1,2,0,2,0,1,2,1,1,3,2,3,2,4,3,2,3,2,1,3,4,2,6,2,3,2,2,4,5,5,3,6,2,6,4,4,2,5,5,6,5,4,4,5,4,4,6,9,7,3,2,5,3,2,5,7,8,3,4,7,7,4,8,6,11
2,0,0,0,0,0,0,0,0,0,0,0,0,0,0,0,0,0,0,0,1,0,1,0,0,0,0,0,0,0,0,0,0,1,0,0,0,1,1,2,0,1,0,1,1,0,2,0,0,2,1,0,1,1,2,0,2,1,3,3,0,3,1,0,1,0,2,3,3,1,6,4,1,2,4,4,5,4,5,2,3,7,5,8,4,3,7,5,5,6,5,4,4,5,8,6,4,5,6,9
1,0,0,0,0,0,1,0,0,0,1,2,0,0,1,0,0,0,0,0,0,0,0,0,0,0,0,0,0,0,1,0,0,1,0,1,0,0,0,1,0,0,0,1,0,0,0,0,0,0,0,1,0,0,0,0,1,1,1,1,1,1,0,1,1,1,0,0,0,1,0,0,3,1,2,0,2,1,2,0,1,1,0,2,2,4,2,3,2,2,2,0,1,4,1,0,1,4,2,3
48,9,16,10,15,18,16,13,13,8,5,11,18,15,10,17,20,32,39,61,72,93,151,173,202,254,310,340,396,463,530,643,749,820,926,969,1147,1111,1184,1204,1235,1263,1287,1296,1283,1305,1359,1318,1256,1304,1208,1261,1259,1229,1232,1244,1145,1134,1127,973,991,964,911,892,826,738,759,733,635,615,625,521,595,481,467,457,462,403,385,370,347,339,307,319,299,303,270,274,260,252,209,222,220,180,174,185,148,173,164,161
11,10314,22771,27905,34013,43906,59123,76840,88776,87802,77534,62809,48552,36709,26057,17738,11279,6966,4422,2840,1919,1486,1262,1059,930,897,766,632,560,522,444,407,321,334,289,258,245,204,202,174,192,177,178,154,159,137,145,124,136,123,142,143,124,125,99,96,78,77,80,63,69,54,56,52,38,47,49,26,37,26,28,32,33,30,24,18,11,14,14,28,10,16,22,15,8,12,8,12,5,8,6,8,8,9,5,11,2,4,4,3
106,955,1965,1258,945,910,826,767,740,754,760,737,699,700,689,632,633,594,553,584,557,538,509,484,482,425,433,446,392,404,397,358,349,375,384,344,334,351,309,304,328,295,313,309,312,266,273,292,248,226,265,221,211,214,220,210,203,191,203,207,198,180,212,198,190,186,189,188,169,198,138,170,168,158,137,157,149,149,124,147,133,132,117,118,129,111,124,116,136,115,120,114,134,119,120,108,116,111,107,87
110,715,780,892,943,1100,1130,1196,1396,1519,1599,1878,1964,2166,2344,2434,2394,2549,2422,2510,2493,2392,2274,2245,2111,2061,2003,1788,1774,1692,1602,1618,1498,1396,1375,1353,1287,1241,1256,1227,1167,1126,1106,1048,1070,940,922,885,902,891,839,805,773,724,684,693,733,695,601,597,583,561,580,554,543,496,481,484,462,436,440,411,392,386,355,381,381,341,324,322,322,300,303,311,262,278,278,264,266,216,228,242,218,207,219,216,185,195,191,192
146,175,398,672,884,1518,2848,6309,11173,13261,11577,8747,5695,3400,1883,1251,1384,1903,2435,2583,2360,2036,1558,1097,704,595,526,601,706,701,754,639,554,460,371,348,313,345,364,365,414,348,358,280,310,300,277,289,291,313,314,331,318,298,289,285,280,261,270,281,327,331,310,309,291,265,295,267,287,269,284,315,311,284,274,254,281,248,268,296,291,277,253,290,272,300,254,270,273,247,257,274,266,258,246,259,221,211,209,216
15,12,11,18,39,103,136,90,83,86,69,93,152,420,641,863,1375,2171,2907,3385,3342,2912,2307,1957,1633,1332,1118,1056,976,938,924,910,930,972,1070,1081,1122,1221,1253,1298,1440,1417,1435,1427,1499,1422,1378,1353,1328,1310,1361,1283,1215,1193,1109,1070,992,945,903,833,807,777,695,703,624,604,602,510,492,496,410,458,430,368,359,347,310,301,264,286,283,225,239,184,223,204,197,183,172,163,175,143,153,94,120,125,119,84,108,94
6,3,1,6,2,7,3,4,0,3,2,5,3,8,9,4,5,3,4,8,6,3,4,4,3,6,6,6,1,4,3,4,4,7,5,4,6,5,1,6,4,0,3,4,6,4,4,2,3,5,9,6,4,4,4,2,3,1,4,1,5,4,2,4,3,7,3,5,6,10,4,4,7,5,4,2,5,3,4,7,5,6,4,5,4,6,4,3,4,7,4,4,6,3,3,6,6,6,3,9
8,715,12496,30321,65219,105851,119468,108502,80840,54032,33641,21082,12913,7491,4828,2907,1948,1231,858,669,418,348,248,194,156,135,115,96,81,60,67,44,38,39,27,37,32,21,17,16,21,23,11,16,10,10,6,9,8,8,13,3,5,4,4,7,4,11,2,5,7,1,3,1,2,1,5,3,3,1,2,2,2,1,2,1,0,0,0,1,0,0,5,0,2,0,1,3,2,1,2,1,0,0,0,1,1,0,2,1
1672,3100,2400,3457,5385,9471,17790,31156,48187,59977,62374,55808,44039,31426,20105,12197,6819,4156,2955,2446,2236,1926,1701,1383,1173,904,716,612,515,436,393,324,305,270,244,185,170,171,157,114,97,109,101,100,78,54,67,60,52,61,65,50,46,43,38,46,47,43,38,22,34,29,37,26,24,30,21,23,20,25,22,17,26,14,15,10,19,16,11,15,17,14,16,14,17,13,13,7,17,11,2,5,5,7,5,3,3,1,6,1
186,103,117,117,109,98,105,88,117,116,167,301,856,2198,3665,4398,4099,3384,2951,3182,4275,6174,8058,9775,10828,10331,9169,7764,6276,5203,3893,3201,2622,2219,1918,1592,1406,1221,1085,1075,969,983,1061,1039,1134,1152,1139,1109,1042,1003,969,860,800,697,609,574,522,437,426,385,405,347,333,289,297,292,282,253,256,248,225,206,221,214,184,179,150,169,152,157,105,119,115,119,100,115,116,81,85,104,78,76,75,83,77,70,69,76,57,59
9344,20931,9893,5680,3822,2842,2209,2119,1897,1849,2019,2149,2236,2492,2841,3044,3175,3242,3017,3353,3561,3800,4257,4091,3810,3831,4136,4114,4405,4465,4219,3518,3199,2911,2671,2561,2399,2264,2151,1840,1803,1564,1418,1288,1217,1119,950,785,691,635,600,553,514,437,420,387,328,288,315,272,270,293,239,244,227,224,199,198,192,187,217,147,168,143,156,139,146,121,125,125,133,116,112,128,103,103,105,107,99,81,95,91,96,71,81,78,63,80,81,76
1216,1126,1194,1182,1130,1398,2445,6590,14530,22265,27524,30713,31525,29110,19597,9489,3991,2285,2011,2846,4298,6725,8037,7928,6817,5215,3859,2616,1742,1374,1280,1370,1597,1788,2063,2104,1916,1575,1119,841,611,584,515,581,575,610,601,575,481,434,343,284,253,224,206,196,237,233,205,184,176,167,127,126,98,90,98,85,91,89,71,74,59,69,44,54,46,39,39,47,35,41,44,38,29,29,29,13,21,22,25,19,19,18,14,13,15,16,5,16
1391,2360,2042,1699,1667,1929,2322,2964,3772,4749,5799,6479,7548,8255,9103,10101,10917,11381,12306,12847,13217,13769,14069,13696,13149,12402,11935,11168,10468,9892,9340,8659,8050,7216,6348,5858,5135,4338,3782,3260,2940,2477,2214,2019,1835,1555,1358,1249,1054,899,832,691,612,543,501,477,404,356,317,310,248,246,245,205,172,184,156,142,145,120,122,138,98,95,75,92,86,79,96,66,77,60,74,49,43,58,58,42,36,41,51,30,19,40,35,26,37,34,29,33
2485,888,22299,833,1841,3145,3015,2817,2863,2551,2582,2672,3082,3969,5181,6059,6336,5812,5283,4799,4140,3533,3222,2926,2792,2951,2699,2792,2769,3004,2951,3160,3431,3494,3620,3781,3836,3712,3659,3480,3513,3331,3092,3041,2866,2634,2457,2405,2369,2273,2084,1969,1777,1728,1574,1447,1389,1237,1170,1116,950,926,817,787,731,718,637,577,520,489,483,440,392,383,397,367,360,342,322,269,283,253,218,195,192,215,210,210,177,174,183,120,141,133,136,126,106,101,85,119
118,439,566,761,971,883,961,960,946,982,925,1047,1060,1288,1603,1833,2036,2467,2594,2949,3096,3051,2998,2456,2122,1697,1247,1064,839,754,660,620,533,518,496,497,469,463,444,396,396,407,394,358,359,320,332,322,327,301,291,269,279,276,256,262,240,227,218,197,240,217,230,198,215,193,204,212,203,180,198,174,178,167,198,178,149,171,150,166,152,152,157,167,147,155,136,134,128,115,112,116,121,119,126,117,114,96,103,100
208,247,403,237,252,305,254,255,295,313,356,374,438,461,529,623,739,871,1158,1443,1835,2457,2941,3653,4507,5381,6164,6825,7093,7660,7450,7429,7164,6724,6297,5893,5329,4690,4166,3461,3133,2741,2356,1965,1766,1470,1351,1042,894,783,674,599,550,511,435,391,368,349,324,307,285,237,280,268,230,231,227,212,206,179,192,175,140,159,136,110,132,135,97,114,99,89,66,67,63,83,74,55,63,54,48,41,41,39,32,30,24,31,25,35
92,310,370,480,735,1423,2757,4618,6330,7710,9063,8824,6350,4497,3289,2976,2624,2524,2462,2247,2115,2089,2031,2014,2045,1987,2096,1991,2102,1972,2074,1981,2029,1896,1933,1755,1671,1578,1521,1489,1346,1265,1193,1180,1053,966,964,881,826,789,722,664,629,650,602,548,523,478,453,427,380,404,388,332,309,309,311,273,275,246,270,208,231,225,188,167,174,165,178,155,159,158,150,135,134,113,110,106,124,114,107,81,93,98,72,81,84,72,69,85
1117,1768,1200,1298,1224,1199,1339,1532,2737,8514,16979,23817,28539,29188,32133,35760,38245,41407,41955,27558,15315,8299,4150,2330,1582,1288,1270,1436,1796,1677,1643,1547,1358,1111,965,733,591,504,339,235,186,155,151,153,152,136,135,130,129,97,83,77,60,48,32,28,29,18,15,27,16,11,15,10,12,14,10,10,7,5,6,5,1,1,7,1,3,3,3,6,0,0,1,2,1,1,1,1,0,0,1,0,0,0,0,1,0,0,0,2
4283,2747,3184,2197,1986,2410,2220,2086,2445,2459,2642,2932,3300,3857,4835,6147,7866,9284,10597,11603,11894,11639,11662,10826,10085,9306,8026,7297,6121,5617,4708,4073,3660,3211,2635,2388,1938,1775,1476,1319,1134,994,824,710,611,642,525,492,461,418,369,303,280,278,272,210,214,158,175,133,113,126,89,89,83,82,84,47,49,61,30,44,31,34,26,23,26,15,19,30,18,11,19,11,11,11,10,10,4,8,13,4,7,4,8,2,4,2,3,4
1,0,0,0,0,0,0,0,0,0,0,0,0,1,0,0,0,0,0,0,0,0,0,0,0,0,0,0,0,0,0,0,0,0,0,0,0,0,0,0,0,0,0,0,0,0,0,0,0,0,0,0,0,0,0,0,0,0,0,0,0,0,0,0,0,0,0,0,0,0,0,0,0,0,1,0,1,0,0,1,0,0,0,0,0,0,0,0,0,1,0,0,0,0,0,0,0,0,0,1
1,0,0,2,1,1,1,1,0,2,0,2,2,0,0,4,3,0,2,1,4,2,3,2,2,0,2,1,3,1,0,4,0,5,1,1,4,2,3,1,2,4,2,3,1,1,1,3,0,1,5,1,4,2,3,1,0,4,2,1,2,0,3,1,2,0,1,0,0,1,3,1,0,2,3,1,1,1,0,1,0,2,1,1,1,2,1,3,0,2,2,1,3,4,1,2,2,1,1,4
84,0,76,47,53,59,58,51,76,64,67,66,70,76,77,76,70,102,116,111,123,91,105,96,85,111,106,128,118,108,124,119,132,124,148,130,159,151,151,128,158,154,128,141,111,147,129,160,133,137,144,136,140,124,114,143,128,134,158,132,110,129,101,130,126,122,102,114,98,121,132,105,93,107,100,123,118,86,105,102,97,96,105,89,92,89,78,76,115,74,79,73,84,80,80,76,68,72,75,74
1720,716,780,661,655,960,1774,3133,4550,5923,6746,6698,6222,5514,4663,3664,3034,2437,1935,1616,1410,1289,1042,994,882,800,780,667,647,610,564,477,480,405,352,307,276,250,252,183,190,200,157,185,147,136,117,117,109,79,106,82,64,68,72,72,70,59,42,51,54,39,40,35,42,47,23,32,27,27,29,19,23,25,21,24,21,13,14,17,13,17,20,15,11,15,20,10,6,9,9,5,9,12,7,9,7,6,7,11
129,128,182,183,313,459,530,611,679,698,693,677,618,539,492,452,451,442,446,476,413,461,423,436,451,407,402,409,415,335,378,361,317,343,346,313,319,351,322,304,282,316,292,315,297,274,244,295,258,256,229,250,239,250,226,233,234,264,198,207,190,203,232,206,174,198,179,180,174,168,174,172,160,159,157,160,175,132,149,164,141,127,148,132,137,139,116,128,129,125,120,93,108,108,95,101,97,94,87,100
53,14,36,23,30,39,33,37,23,26,33,41,27,42,34,38,29,24,27,32,33,27,24,34,27,34,42,31,36,23,26,25,28,31,37,27,43,42,70,227,865,2193,3533,4940,6464,8231,10880,13605,15171,16375,15959,14622,13337,10647,6822,3328,1192,294,94,43,22,15,13,2,5,4,4,3,4,4,1,2,4,1,1,1,1,3,1,3,0,2,2,1,5,2,3,5,2,3,3,4,8,6,7,14,10,15,13,14
1,3,2,3,9,13,9,24,22,42,64,80,80,97,115,167,182,228,262,289,320,358,393,442,439,472,483,531,577,570,646,644,660,656,727,656,668,647,666,701,657,594,627,638,642,638,678,677,596,602,620,555,580,558,551,526,548,448,496,496,465,434,452,446,373,392,371,349,404,353,366,313,310,333,307,297,274,247,295,240,276,280,222,258,210,219,236,207,206,200,206,159,174,169,140,167,168,161,157,145
11,55,125,177,199,196,214,237,303,323,404,494,525,598,706,779,833,985,1029,1079,1223,1401,1387,1494,1609,1663,1759,1800,1715,1893,1884,1862,1832,1909,1801,1823,1710,1705,1717,1616,1538,1555,1395,1422,1357,1306,1294,1196,1165,1053,1019,974,975,883,820,782,732,727,682,672,636,578,561,541,500,441,460,410,395,374,370,353,309,309,257,267,248,268,230,236,217,199,203,166,167,181,175,152,156,136,141,123,131,135,118,123,118,105,88,98
403,30086,19453,15476,13364,11988,10812,10037,9252,8655,8108,7535,6933,6268,5915,5310,5027,4452,4058,3700,3419,3124,2877,2592,2383,2258,2119,1871,1784,1649,1454,1453,1336,1268,1129,1084,922,925,865,801,761,633,649,584,537,522,469,467,465,387,374,377,334,341,278,282,251,252,218,206,220,218,180,187,199,186,162,184,146,154,142,141,133,124,108,111,97,114,109,121,97,88,89,78,77,86,106,85,79,84,73,73,74,71,66,89,59,65,55,75
5,8128,6278,3718,2857,2564,2503,2375,2527,2648,2760,2933,2989,2995,2922,2692,2455,2215,2016,1774,1659,1450,1296,1263,1130,1134,1155,1105,1048,1022,1077,1036,1025,990,951,915,905,887,904,844,807,823,738,730,678,642,676,615,627,562,596,577,526,554,518,500,504,492,490,479,400,446,429,470,403,371,378,385,369,346,303,294,350,307,306,304,308,302,284,275,277,250,239,258,260,233,246,260,211,203,232,237,202,217,186,203,199,195,192,174
79,6131,6345,6146,6370,6668,6480,6780,6343,6214,5667,5013,4485,3852,3394,2862,2537,2196,1975,1700,1552,1306,1126,1018,886,813,745,681,608,518,476,420,415,424,324,316,272,274,253,237,260,226,196,197,177,150,156,155,150,128,143,131,136,107,111,123,119,104,113,110,98,105,92,91,92,89,93,91,85,78,78,91,73,80,53,77,77,83,57,57,60,52,63,50,59,62,48,60,55,48,55,56,58,44,48,51,49,48,45,56
326,99,136,81,89,125,117,132,167,223,268,384,456,539,645,744,875,986,1059,1183,1206,1374,1293,1383,1310,1404,1410,1335,1355,1341,1262,1217,1208,1160,1194,1069,1034,1011,928,886,891,833,835,770,731,713,678,679,657,655,624,535,530,531,528,474,498,440,481,417,409,372,396,383,368,341,332,335,323,289,267,271,274,270,270,245,262,231,237,191,219,191,202,200,190,193,182,172,182,177,172,140,166,156,138,152,150,138,147,125
682,15,14,8,3,8,13,11,9,11,11,14,7,14,8,6,9,6,5,9,9,11,15,12,9,11,10,8,15,7,11,9,14,27,47,77,132,210,279,347,451,615,810,922,1162,1290,1503,1654,1764,1821,1958,1981,1954,2069,2029,2003,1917,1780,1753,1673,1687,1482,1390,1408,1313,1217,1193,1074,971,937,891,754,712,674,661,606,541,526,515,469,440,401,358,357,326,296,324,308,286,271,240,238,214,219,212,212,195,183,159,166
13069,8509,6805,5978,5285,4538,3995,3485,3142,2815,2531,2288,2309,2129,2044,1995,1955,1850,1750,1756,1719,1791,1815,1671,1828,1934,1761,1793,1915,1838,1889,1949,1912,1935,1970,1986,2064,1968,1947,2017,2034,1899,1957,1892,1800,1802,1788,1669,1709,1667,1536,1548,1445,1426,1386,1283,1292,1163,1131,1078,1057,985,987,870,788,835,711,712,669,603,548,593,534,494,469,445,357,371,369,306,314,270,258,254,242,228,205,190,214,182,207,153,145,140,140,142,140,126,112,125
199,142,181,189,204,288,363,447,563,754,1039,1289,1474,1736,1954,2254,2345,2621,2798,2793,2846,2922,2953,3086,2864,2829,2787,2552,2305,2366,2225,2087,2027,1812,1767,1636,1539,1434,1369,1315,1254,1067,1067,1001,951,929,856,895,696,701,741,661,648,582,586,511,533,494,492,425,423,404,370,369,414,359,349,344,338,275,293,306,272,270,239,269,259,226,215,216,233,189,200,213,183,202,182,167,168,172,144,157,154,148,146,130,126,135,129,132
220,326,274,412,473,551,576,579,609,662,670,717,680,747,718,727,792,767,720,762,752,773,749,701,683,710,696,649,677,673,685,644,663,680,573,608,567,641,596,565,571,552,572,559,560,490,514,464,491,434,471,420,453,452,421,406,413,391,407,344,399,360,359,356,351,317,335,349,294,324,330,294,320,311,276,314,306,273,245,279,275,292,242,271,257,256,239,226,248,218,244,243,222,246,219,212,216,199,201,218
1783,5318,6423,8451,15651,18580,22847,26426,28686,31741,33046,33104,32348,30843,28668,25900,23403,20445,17716,15181,13103,11281,9548,8055,6673,5685,5024,4119,3530,2911,2535,2240,1836,1581,1404,1165,1086,966,816,759,678,618,538,502,420,386,373,338,323,255,262,240,219,214,192,146,163,155,130,114,91,107,100,75,70,86,58,56,45,52,48,35,29,33,33,23,19,18,24,28,22,23,13,14,17,10,9,15,10,9,8,9,10,6,7,11,7,7,7,4
102,944,1748,2509,3640,4383,4984,5509,5959,6045,6237,6346,6395,6449,6314,6055,6152,5984,5861,5687,5552,5367,5328,4993,4784,4649,4427,4344,4037,3954,3796,3502,3306,3101,3051,2869,2659,2593,2426,2246,2162,2034,1960,1807,1728,1569,1455,1385,1396,1182,1160,1040,996,972,914,845,787,702,708,640,647,536,479,505,455,460,421,397,337,317,343,295,319,295,274,262,217,222,174,173,187,163,165,148,154,131,140,107,123,125,105,89,88,120,87,95,70,70,68,63
1333,1372,1563,1284,1270,1538,1528,1675,1954,2361,4287,9258,21966,40627,58209,59139,48081,30346,17905,9265,5453,3266,2145,1554,1169,1083,1136,1251,1305,1492,1537,1542,1307,1092,803,668,442,365,254,174,200,148,145,133,129,107,112,110,87,84,75,60,55,57,45,30,36,15,22,25,25,19,19,9,9,8,15,9,9,4,9,5,4,2,5,5,6,0,1,3,3,2,3,2,3,1,3,0,1,0,0,2,1,0,0,1,1,0,0,2
1753,821,1628,1171,1634,3580,6926,13174,23149,32663,39968,42948,39057,33637,28098,21982,17619,14432,11016,8608,7181,5574,4609,3848,3200,2831,2244,2006,1776,1552,1403,1356,1121,1021,920,834,682,635,528,441,436,324,286,273,209,199,158,151,145,116,110,100,108,93,81,61,57,66,41,57,39,33,29,21,27,17,15,20,11,15,12,7,7,6,8,2,2,8,8,2,3,4,7,2,4,3,2,1,0,0,1,0,2,0,1,0,1,0,1,1
3,5,1,5,3,8,3,4,6,4,1,3,5,3,2,3,4,4,2,5,1,1,3,5,3,2,2,0,6,3,2,2,4,4,2,4,3,5,4,3,2,0,5,2,2,3,0,8,5,2,4,0,4,0,2,2,1,3,4,2,1,5,6,5,4,4,0,2,2,4,6,3,3,3,2,4,7,4,7,7,3,5,9,6,3,10,6,2,6,10,5,10,2,4,5,8,10,6,6,2
62807,28376,9662,8111,7555,7069,7126,7433,7533,7565,7592,7418,7198,6860,6466,5947,5507,4942,4437,3915,3546,3069,2802,2527,2312,2023,1852,1675,1553,1417,1354,1231,1188,1112,1031,1001,930,835,849,808,763,721,751,693,674,605,639,549,560,521,522,491,482,462,437,440,430,391,396,354,375,364,339,328,328,335,326,331,316,282,279,293,257,248,272,260,247,243,225,221,217,206,223,225,210,216,205,201,187,175,182,182,186,178,163,172,159,158,162,137
1,1,0,0,0,0,0,0,0,0,0,0,1,0,0,0,0,0,0,1,2,0,0,0,1,0,1,2,1,0,2,1,0,2,1,1,1,0,1,3,2,3,1,2,2,1,1,2,5,2,1,3,3,1,4,4,3,1,1,0,5,3,1,3,1,1,2,0,0,1,3,2,3,3,3,6,1,1,2,0,3,3,4,5,6,4,2,5,2,2,4,2,1,1,4,3,1,4,6,6
1763,4342,4715,4030,4113,4265,4081,4097,4504,6629,10826,16544,23218,30150,37279,38653,32817,24542,17185,11671,8247,5701,4088,3013,2466,2102,2001,1960,1902,1957,1921,1664,1456,1273,1024,887,745,631,529,452,394,346,300,286,252,232,202,172,177,164,147,123,109,111,96,108,84,74,67,55,68,55,42,48,38,26,32,40,24,27,21,27,22,21,29,17,22,19,19,12,12,11,11,9,8,9,12,8,10,9,6,9,14,5,6,5,13,4,2,13
1348,4503,5656,6389,5118,5366,5683,7446,10708,15451,20544,22768,22292,19936,17312,14729,12164,10522,8840,7556,6684,5746,5138,4613,4082,3541,3055,2753,2582,2297,2093,2081,1943,1791,1677,1586,1463,1305,1202,1034,952,938,822,719,719,677,657,602,581,541,493,467,439,388,391,355,353,321,306,284,271,282,264,245,222,203,219,223,192,191,187,163,167,174,154,163,129,123,127,120,121,101,109,108,83,104,91,97,92,90,84,88,90,74,72,51,58,71,75,61
1,1,4,2,0,0,1,0,0,0,0,0,2,0,0,0,0,0,0,0,2,0,1,0,0,0,1,1,0,0,0,0,0,0,0,0,1,0,1,0,1,0,1,3,0,0,1,1,1,0,0,0,2,1,0,0,1,1,0,2,3,2,2,0,1,2,1,2,2,2,0,3,1,1,4,4,2,2,3,3,0,7,5,5,7,1,0,4,7,4,3,2,0,5,5,7,4,5,4,4
140,170,189,179,277,422,618,1457,3306,6380,9361,9526,8187,5892,4425,3629,3181,3080,3112,3220,3380,3712,3835,4007,4191,4447,4343,4173,4048,4136,3845,3439,3346,2906,2650,2464,2217,1949,1683,1615,1424,1334,1095,1050,906,823,743,665,585,605,552,504,462,432,377,304,325,289,302,253,240,195,195,174,170,176,158,125,146,147,116,112,107,97,119,103,87,88,93,76,70,67,59,73,59,53,51,54,45,50,47,46,36,51,52,31,39,30,39,42
8493,10249,10391,9886,9684,9727,9718,9303,9552,10308,12559,20284,34539,52094,66547,65226,51731,35850,21947,12302,6759,4284,3236,2479,2222,2000,2280,2581,3099,3314,3095,2663,1966,1396,912,532,399,279,227,217,210,222,217,253,223,231,208,157,152,102,82,57,50,50,46,40,34,33,36,31,35,20,30,19,23,14,7,15,13,9,10,12,6,7,8,10,6,5,4,7,6,2,3,2,4,5,4,5,3,4,4,3,5,4,1,1,2,0,2,2
678,3758,6518,8346,8869,9078,7471,6055,4721,3717,3409,3075,3294,3615,4072,4335,4529,4574,4632,4908,5097,4940,4628,4643,4578,4677,4319,4262,3879,3747,3622,3050,2967,2741,2396,2150,2018,1676,1658,1486,1299,1122,982,879,849,738,606,655,546,480,478,399,368,369,345,293,269,277,221,269,230,242,228,219,184,217,206,201,219,211,212,228,241,253,224,243,236,247,261,219,229,238,274,268,217,233,232,214,206,238,220,198,201,200,175,180,160,163,168,159
790,8,13,16,13,13,15,12,24,26,64,190,390,838,1705,2692,3700,4050,3713,2813,2136,1724,1479,1359,1237,1218,1209,1227,1282,1396,1547,1669,1853,1970,2200,2188,2296,2267,2322,2240,2143,2179,1947,1796,1753,1639,1485,1345,1294,1205,1114,997,858,821,755,671,660,601,574,535,508,450,442,366,345,343,291,317,309,279,316,242,282,260,249,243,197,238,207,177,201,186,154,176,162,177,129,130,124,118,138,110,113,113,100,80,91,94,88,84
470,134,165,129,122,155,212,375,972,2044,3583,5176,7282,9728,11910,13259,11143,7669,4598,2632,1355,847,720,927,1372,2023,2678,3330,4068,4422,4423,3972,3251,2445,1633,1044,800,649,708,876,1151,1388,1615,1818,1739,1695,1595,1429,1196,904,698,571,442,439,496,590,715,786,801,795,805,700,659,649,514,420,320,331,276,299,294,340,382,403,396,358,361,319,320,262,255,251,191,182,168,193,196,189,194,190,203,173,174,157,146,142,130,135,114,123
1649,17,43,51,81,135,358,1431,4571,10247,16718,24315,32372,41838,48228,47976,37119,22239,12026,5963,2803,1384,929,809,802,749,754,746,656,698,598,545,531,396,381,307,309,262,208,194,157,137,123,103,99,101,84,65,65,78,58,59,39,52,59,58,36,56,55,35,56,53,48,45,42,34,30,35,32,33,24,36,34,35,31,35,29,45,28,29,32,18,19,19,26,15,27,17,17,17,17,10,13,13,14,13,11,9,6,6
4105,5354,4163,4175,5704,14048,27424,43945,56286,57490,49063,34702,21403,12213,7178,5152,4519,4319,4317,4145,3689,3041,2571,1886,1442,1161,932,845,753,684,662,574,540,455,369,326,285,292,258,274,255,231,286,284,314,350,360,341,406,405,393,413,393,393,396,405,347,342,370,315,353,312,289,298,256,250,233,227,215,190,171,166,178,145,160,134,129,91,108,100,90,106,83,65,79,69,85,56,75,53,52,61,57,51,43,42,43,49,44,38
466,11,5,3,11,11,11,12,14,18,22,22,6,22,14,18,19,21,28,28,30,19,20,25,31,28,34,26,31,33,38,48,35,43,35,45,37,54,43,46,52,69,65,53,43,68,75,88,84,73,104,91,105,115,109,121,119,146,160,175,149,167,192,199,189,207,217,250,250,266,260,284,328,280,301,339,336,333,369,382,427,386,390,400,447,417,448,465,451,455,441,456,498,496,548,493,515,534,519,500
565,3,757,1716,211,283,361,365,384,389,412,412,433,421,404,341,378,367,384,379,402,449,488,534,626,740,876,924,1161,1240,1286,1362,1374,1222,1196,1192,1116,1013,908,852,758,756,703,580,603,571,551,506,468,454,433,422,432,394,357,357,359,352,320,295,261,292,277,276,276,284,262,266,272,235,251,216,229,259,213,240,244,214,233,207,202,210,187,204,186,177,186,185,175,166,192,178,177,155,137,144,172,136,152,159
32,1,4,1,4,2,3,2,1,2,1,3,4,0,1,3,3,2,4,4,3,4,2,4,5,5,20,51,42,31,29,25,36,34,24,14,19,25,15,12,13,8,9,12,13,11,7,9,9,16,6,14,7,11,19,13,11,15,12,10,15,10,5,13,8,7,5,3,8,5,4,6,8,8,6,6,9,4,4,5,9,6,8,9,11,7,5,8,3,5,10,11,9,8,8,9,4,2,7,4
429,306,353,360,343,456,566,743,1229,1422,1323,1231,1136,1095,981,1046,1127,1118,1173,1310,1523,1841,2264,2791,3206,3507,3908,3991,4251,4385,4615,5008,5228,5303,5406,5400,5425,5157,4974,4451,4035,3763,3431,2898,2559,2299,1955,1852,1545,1377,1240,1100,965,824,783,674,596,491,410,446,421,333,361,296,290,255,256,222,250,210,203,166,177,174,137,147,162,158,128,116,126,128,112,107,94,89,73,80,84,78,63,74,59,70,61,50,65,57,44,31
48,36,39,17,26,25,29,22,37,33,28,27,22,28,31,31,35,42,31,29,19,30,31,23,23,32,33,25,28,32,26,27,32,21,31,37,22,35,25,24,22,31,26,28,30,25,33,41,43,28,33,39,62,54,69,61,57,68,84,90,87,107,121,132,157,150,145,181,173,182,215,223,282,305,308,331,367,414,444,443,511,539,584,609,621,695,693,719,709,758,768,755,740,766,755,745,728,702,647,594
31,501,587,496,914,1576,2961,5346,8408,11541,13675,14711,15101,14699,13697,12220,10917,10644,10163,9910,9971,9775,9581,9225,8512,7767,7155,6559,5803,5193,4560,3996,3545,3033,2807,2459,2085,1888,1742,1606,1471,1273,1197,1103,1056,965,969,835,797,791,703,634,598,640,527,527,470,455,380,390,314,350,282,297,262,267,244,214,200,207,174,171,173,138,150,151,135,111,98,110,96,92,108,78,78,95,93,75,66,90,60,71,63,64,55,48,54,48,38,43
24,84,107,127,150,144,155,182,205,266,310,280,308,293,348,339,337,366,335,356,344,360,335,367,403,432,482,529,598,648,732,773,861,869,942,930,970,913,924,886,793,785,709,732,675,635,631,685,640,700,684,649,708,758,749,792,769,755,741,774,791,781,739,777,693,684,668,661,638,572,538,537,531,481,463,451,432,377,365,311,340,286,292,267,281,253,208,229,228,201,190,183,184,177,180,166,151,138,149,160
88,123,141,141,137,140,140,151,176,250,495,1081,1832,3104,4774,5921,6340,5237,3955,2749,1749,1073,764,507,511,562,704,1005,1479,1935,2541,2692,2832,2718,2334,1752,1287,958,654,503,418,450,559,682,891,1143,1245,1366,1394,1412,1326,1102,892,717,601,487,411,393,446,497,570,622,690,751,775,823,815,697,589,490,425,357,291,300,294,324,342,349,366,453,437,425,437,438,355,357,299,270,246,224,219,209,246,219,256,266,266,284,284,239
1469,951,669,483,580,875,1019,1171,1181,1365,1610,1671,1604,1535,1413,1379,1268,1160,1050,971,877,806,819,827,784,805,751,731,846,822,830,891,805,855,866,883,884,912,885,912,878,890,860,847,819,859,821,754,787,688,665,633,665,635,593,599,586,552,508,551,471,478,467,453,439,450,430,397,354,387,347,358,327,335,304,272,283,302,292,256,256,239,257,226,202,214,217,183,205,200,183,175,190,167,168,135,147,161,146,153
4,10,50,51,62,80,95,62,41,58,33,32,37,18,26,21,18,24,13,21,22,18,15,21,8,18,13,13,14,10,10,9,19,15,13,16,24,30,15,26,38,24,31,45,39,29,35,38,29,38,43,29,40,50,52,70,57,80,82,89,79,109,92,102,92,96,96,99,86,110,99,87,90,92,89,93,101,84,75,70,88,75,75,78,84,61,68,70,66,60,67,61,73,66,41,58,55,53,53,48
142,86,623,1902,3376,4140,4646,4999,4972,5298,5507,5574,5745,5860,5922,5855,5842,5853,5604,5243,5267,4779,4650,4150,4122,3816,3634,3475,3235,3169,2932,2755,2645,2481,2441,2240,2188,1921,1776,1734,1691,1476,1481,1371,1308,1156,1083,1054,1009,928,979,889,858,851,769,718,698,692,691,556,574,517,521,460,418,410,411,368,382,357,348,285,316,287,291,230,238,272,252,205,200,205,202,185,200,177,187,172,152,143,141,130,134,116,109,100,89,99,108,93
1,0,0,0,0,0,1,0,0,0,0,0,0,1,1,0,0,0,0,0,0,0,0,0,0,0,0,0,0,0,0,0,0,0,0,0,0,0,0,0,0,0,0,0,1,0,1,0,0,0,0,0,0,0,1,0,0,0,0,0,0,0,0,2,0,0,1,1,0,1,1,0,0,1,0,1,0,0,1,1,1,1,2,2,0,0,0,0,0,1,1,0,1,3,1,0,0,2,0,1
272,110,104,79,77,84,78,66,88,78,73,68,82,75,62,92,85,81,75,69,68,78,73,69,69,66,83,79,66,70,77,85,75,77,73,68,84,66,75,79,85,85,122,176,245,370,462,616,833,1138,1506,1940,2349,2809,3231,3618,3905,4037,4108,4034,4009,3765,3244,3072,2631,2489,2203,1860,1625,1352,1184,1015,942,743,618,563,492,402,338,296,276,227,213,187,159,160,132,119,114,101,94,89,76,75,68,61,73,58,63,66
5551,793,1565,1543,1931,4984,12790,25125,37829,46539,52874,52696,48031,38527,30391,21993,14871,10200,6641,4269,2978,2127,1476,1152,947,751,613,523,431,372,250,197,143,114,104,62,43,30,32,21,16,16,11,10,11,8,8,1,2,3,2,4,3,5,0,2,0,0,0,0,2,0,1,0,0,1,0,1,0,0,1,0,0,0,0,0,0,0,0,0,0,1,1,0,0,0,0,0,0,0,0,0,0,2,0,0,0,0,0,1
1,0,0,0,0,0,0,0,0,0,0,0,0,0,1,0,0,0,0,0,0,0,0,0,0,0,0,1,0,0,0,0,0,0,0,1,0,0,0,1,0,0,0,0,1,0,0,0,0,0,1,0,0,0,0,0,1,0,0,0,1,0,0,0,0,0,0,1,1,0,1,0,1,1,0,0,0,1,1,0,1,1,2,0,1,1,2,0,1,0,2,0,3,2,3,2,0,0,1,2
751,16,281,942,1059,2076,5520,11114,18512,25503,32896,39304,42710,43595,42123,38323,33638,27846,21923,17265,12851,9527,6844,5017,3516,2526,1708,1133,815,663,395,292,230,146,128,96,61,55,38,39,17,16,25,15,13,9,9,9,7,7,4,10,4,3,5,2,2,3,2,3,1,4,0,1,2,3,0,1,0,0,0,0,0,0,1,0,1,0,2,1,2,0,0,0,0,3,0,0,1,0,0,0,0,0,0,2,0,0,0,2
856,24,31,27,25,21,30,28,27,25,26,37,20,39,33,30,40,38,50,70,56,69,83,100,116,138,118,150,155,129,135,141,113,120,123,125,133,111,132,153,195,259,272,378,511,700,846,1131,1410,1631,1900,2216,2564,2761,2895,3193,3357,3509,3516,3617,3815,3775,3702,3688,3697,3630,3674,3579,3532,3376,3182,2972,2839,2530,2417,2194,2088,1823,1615,1476,1339,1139,1069,982,800,723,630,524,469,405,384,299,272,267,219,214,165,155,139,104
1,1,1,1,0,0,1,0,1,0,1,0,0,0,1,0,0,1,1,1,1,0,1,0,0,2,2,2,0,1,1,0,0,0,1,0,0,0,0,1,1,1,0,0,0,0,1,1,0,2,2,2,1,1,0,0,0,1,1,0,1,1,1,2,1,0,0,1,0,0,0,2,1,1,1,0,0,0,2,2,3,1,3,2,0,3,3,2,2,3,8,3,1,3,5,2,2,1,6,6
792,950,1044,1457,2800,5650,10125,13596,15811,15877,14486,11740,9445,7335,5373,4183,3372,2618,2287,1970,1711,1521,1271,1076,943,774,640,497,417,353,336,262,250,207,190,132,135,102,102,90,83,62,48,53,40,46,23,18,21,20,14,19,11,8,9,20,9,7,8,4,4,6,8,9,1,5,5,7,6,1,3,1,8,0,2,0,0,1,0,1,1,1,1,1,1,0,0,0,0,1,0,0,0,0,0,0,0,1,0,1
11,4,2,12,23,1,0,0,0,2,3,1,1,1,3,6,6,3,8,13,14,7,9,19,10,7,6,9,4,5,3,5,6,1,3,7,11,13,18,10,15,10,5,5,2,2,3,2,2,5,7,10,12,8,11,5,8,4,11,6,7,4,7,7,6,6,2,7,2,4,5,9,9,2,5,8,6,4,4,4,6,8,10,7,5,4,6,3,2,3,4,10,9,6,7,1,1,6,4,4
338,694,636,548,1057,2063,3406,4809,6370,7523,8526,8678,9097,8637,8386,8139,7660,7346,6747,6319,5714,5296,4858,4419,4017,3830,3409,3151,2814,2607,2409,2182,2134,2006,1709,1567,1486,1232,1288,1136,1049,1026,919,788,715,688,648,587,540,530,470,455,444,433,379,379,350,297,270,262,291,255,248,242,235,222,198,217,191,193,166,174,161,159,149,155,163,144,136,149,131,147,131,140,124,122,156,126,120,120,111,136,122,102,126,142,112,117,115,120
15,9,28,24,23,19,37,27,26,38,23,40,29,30,26,27,32,27,34,25,38,30,28,43,22,33,28,25,31,33,27,36,24,19,32,21,28,31,24,25,19,24,21,42,31,28,19,25,26,25,27,32,38,24,29,34,20,33,24,25,24,29,20,27,24,15,24,20,20,23,25,25,24,24,23,32,21,21,21,27,30,18,25,21,27,28,20,28,25,22,33,24,25,23,25,14,24,20,15,33
2486,995,2066,2429,2870,5332,15798,37143,65582,81559,84112,67522,49509,33908,20907,13577,8789,6730,5676,5397,4811,4469,3820,3343,2617,2058,1827,1332,1122,893,788,676,568,446,392,313,316,230,167,168,128,90,95,71,61,60,37,52,38,38,39,29,14,19,11,16,16,14,11,5,4,7,4,9,6,3,1,4,4,6,5,1,4,1,2,0,2,1,2,1,3,0,0,0,1,0,0,0,2,0,0,1,0,0,0,0,0,0,0,1
466,297,905,354,749,1980,2801,3003,3352,4069,5112,5873,6715,7154,7176,7181,6684,6468,5979,5573,5234,4790,4391,4200,3881,3661,3390,3129,3031,2818,2764,2570,2359,2160,2143,2022,1918,1798,1777,1630,1531,1391,1394,1284,1184,1172,1090,1024,1010,913,880,855,777,778,722,724,658,642,590,622,537,514,520,503,458,443,412,401,404,360,347,364,305,340,295,307,282,267,238,231,240,237,198,191,224,194,213,164,188,180,162,145,151,126,141,141,135,162,108,118
2,2,1,1,0,3,1,3,1,3,2,2,1,0,1,1,1,0,1,0,2,1,1,1,2,0,2,0,1,1,1,2,1,1,0,1,0,2,0,2,1,4,0,0,0,1,0,1,4,1,2,2,1,0,0,0,2,1,0,0,0,0,0,2,0,3,0,1,3,1,0,1,1,0,1,1,2,3,2,3,1,3,2,1,2,2,0,1,1,3,2,0,2,2,4,0,1,5,3,4
502,224,804,789,2370,4152,4259,4673,4715,4334,4045,3535,3195,2938,2602,2358,2093,1977,1767,1567,1523,1356,1254,1163,1053,961,842,804,688,659,625,530,513,435,377,368,373,298,317,272,227,236,210,204,182,160,167,135,130,144,98,114,102,87,79,67,69,60,52,59,49,51,36,31,43,35,28,36,25,39,18,29,20,19,24,16,19,10,9,10,13,11,11,5,8,16,6,9,7,8,5,3,5,0,4,3,3,4,3,6
2,112,274,293,491,1151,2479,5041,8693,13300,18318,22091,24350,24073,23042,20898,18300,15911,13041,11129,8882,7440,5982,5131,4219,3604,3133,2759,2390,1990,1772,1552,1245,1192,1067,934,875,763,716,637,548,524,485,459,400,357,365,333,284,270,240,245,223,226,221,210,156,183,159,171,127,146,118,136,117,115,96,97,93,77,75,79,77,75,68,55,58,50,55,63,51,42,29,45,53,30,30,28,35,41,20,30,38,28,21,26,22,18,18,24
337,2000,3890,5589,7014,15628,28564,41226,50685,53676,55140,50428,42797,33922,27532,21189,16692,13193,10953,9555,8638,7891,6876,6272,5565,4873,4176,3508,3177,2747,2286,1986,1772,1546,1409,1247,979,924,869,740,616,601,542,459,428,392,319,292,296,194,219,193,138,159,120,111,75,71,84,65,60,60,60,49,50,46,40,32,22,26,21,25,26,18,10,16,13,7,19,11,11,6,6,4,6,11,3,7,4,5,2,3,3,3,2,1,4,2,2,2
6,1549,2553,1742,1973,2226,2132,2384,3240,4793,7756,10823,12708,12989,11788,10179,8573,7261,5962,4921,4430,3929,3471,3478,3337,3273,3167,3203,2909,2852,2659,2380,2257,2119,1903,1795,1626,1552,1525,1423,1361,1261,1162,1178,1123,1070,947,981,870,825,756,729,733,685,653,600,560,511,546,493,463,423,421,431,392,382,334,341,332,317,281,281,261,292,263,226,247,212,229,206,212,184,158,195,172,150,141,136,145,117,128,109,112,100,92,101,86,101,93,84
1,0,0,0,0,0,0,0,0,0,0,0,0,0,0,0,0,0,0,0,0,0,0,0,0,0,0,0,0,0,0,0,0,0,0,0,0,0,0,0,1,0,0,0,0,0,0,0,0,0,0,0,0,0,0,0,0,0,0,0,0,1,0,0,0,0,0,0,0,0,0,1,0,0,0,0,0,0,0,0,0,0,1,0,0,0,0,0,2,0,0,0,0,0,0,0,0,0,0,1
1,0,0,0,0,0,0,0,0,0,0,0,0,0,0,0,0,0,0,0,0,0,0,0,0,0,0,1,0,0,0,0,0,0,0,0,0,0,0,0,0,0,0,0,0,0,0,0,0,0,0,0,0,0,0,0,0,0,0,0,0,0,0,0,0,0,0,0,0,0,0,0,0,0,0,1,0,0,0,0,0,1,0,0,0,0,0,0,0,0,0,0,0,0,0,1,0,0,0,1
764,3005,16054,18046,16755,15667,14120,13288,11923,11460,10710,9669,9300,8265,7664,7238,6684,6095,5883,5435,5083,4795,4386,4182,3738,3601,3393,3236,2955,2793,2672,2437,2240,2203,2158,1913,1898,1768,1647,1539,1444,1355,1330,1188,1139,1124,1060,1025,881,914,819,775,780,737,711,648,605,601,583,558,494,500,488,468,449,423,389,369,364,383,336,319,284,280,262,272,248,261,242,215,192,215,194,185,199,164,182,171,153,154,141,152,145,141,127,131,128,105,91,112
725,892,1808,2663,5944,16161,32178,47915,49723,35651,20815,11231,7366,7517,9244,10879,11747,11532,9594,7566,5789,4733,4204,4066,4184,4192,4030,3705,3116,2762,2422,2056,1966,1911,1794,1698,1653,1443,1333,1198,1075,994,897,953,830,781,696,656,645,543,505,452,466,424,404,362,363,315,312,250,264,232,214,189,227,194,161,166,148,122,126,123,117,104,107,106,98,93,85,79,66,61,68,58,64,35,49,40,52,36,27,42,33,29,28,35,31,21,31,26
61,158,233,156,158,206,172,181,179,221,212,253,253,316,358,419,477,533,620,751,868,967,1013,1042,1118,1284,1230,1349,1363,1400,1433,1471,1498,1438,1501,1437,1487,1465,1619,1476,1466,1501,1476,1475,1475,1336,1477,1387,1370,1325,1351,1256,1203,1279,1241,1118,1111,1031,1038,1000,956,947,874,848,885,831,774,809,712,703,644,638,602,574,538,486,513,496,455,434,420,413,376,377,351,332,315,324,252,283,271,252,234,215,231,203,189,189,177,181
936,1604,2741,1651,2098,3232,3825,5582,9256,14256,18297,19952,17899,14075,10244,7068,5148,4069,3805,3818,4264,4813,5092,5038,4704,4207,3765,3190,2754,2367,2169,2065,1928,1839,1799,1774,1676,1573,1350,1250,1130,1082,967,869,833,760,738,647,648,639,556,567,499,474,441,436,379,367,306,332,288,290,273,227,236,195,192,190,168,172,173,149,142,129,115,120,95,94,88,84,88,72,71,70,79,59,57,45,42,42,39,44,41,36,24,19,37,28,26,15
65,5100,10351,15516,27138,39578,46871,48325,42872,36123,27930,21224,16341,13042,11006,9451,7615,6525,5673,4662,3785,3254,2735,2310,2016,1708,1473,1332,1092,968,844,700,587,530,456,409,337,331,238,237,227,173,184,147,136,98,88,90,79,63,45,42,42,39,34,37,26,24,25,13,23,15,12,11,12,9,7,5,6,9,10,8,9,8,3,5,9,3,2,1,1,1,1,3,4,2,1,0,0,2,0,0,1,1,1,0,0,2,0,2
15,1303,1708,1656,1636,1655,1632,1741,1684,1674,1639,1631,1609,1482,1549,1539,1498,1474,1365,1332,1335,1260,1252,1204,1230,1166,1184,1121,1054,1003,1062,1065,1016,1009,959,950,933,915,826,824,826,779,792,755,755,699,694,660,719,689,661,636,654,578,578,556,553,516,533,550,505,512,551,437,509,486,476,460,428,444,375,408,416,405,382,380,377,360,371,339,311,343,315,298,320,310,297,313,252,274,275,254,265,251,232,258,241,215,243,202
3,0,0,0,0,0,0,0,0,0,0,0,1,2,4,2,5,4,7,17,17,29,34,48,39,49,66,72,108,91,116,133,152,168,171,169,201,210,223,256,262,250,272,296,257,297,320,332,339,287,335,345,359,330,323,361,345,336,342,355,367,332,355,357,320,356,367,335,351,319,346,316,358,330,313,301,317,317,300,318,305,308,279,256,280,255,281,274,272,256,252,247,275,225,248,245,266,249,233,239
1,0,0,0,0,0,0,0,0,0,0,0,0,0,0,0,0,0,0,0,0,0,0,0,0,0,0,0,0,0,0,0,0,0,0,0,0,0,0,0,0,0,0,0,0,0,0,0,0,0,0,0,0,0,0,0,0,0,0,0,0,0,0,0,0,0,0,0,0,0,0,0,0,1,0,0,0,0,0,0,0,0,0,0,0,1,0,0,0,0,0,0,0,0,0,0,0,0,0,1
1,0,0,0,0,0,0,0,0,0,0,0,0,0,0,0,0,0,0,0,0,0,0,0,0,0,0,0,0,0,0,0,0,0,0,1,2,0,0,0,2,0,0,1,0,0,0,0,1,0,0,2,1,0,2,2,2,0,2,0,0,0,0,0,2,2,2,0,3,3,2,3,2,0,1,1,2,1,1,2,1,1,3,2,2,4,3,0,3,4,2,1,1,4,3,2,2,1,3,5
1618,1834,2439,1782,1977,2300,2613,3169,3870,5051,6798,8837,11619,13932,15516,17486,18231,17961,17322,16232,14921,13071,11121,9653,8164,6879,5811,4830,3982,3446,3090,2770,2362,2051,1900,1656,1520,1375,1285,1148,1003,950,881,700,702,596,540,456,396,390,339,331,300,270,235,234,194,171,132,130,143,137,114,98,103,96,90,76,86,76,52,54,43,54,38,55,29,40,28,35,24,25,17,22,19,16,17,12,21,14,15,14,14,13,16,10,14,13,9,10
915,486,992,997,924,958,1093,1054,1325,2702,5792,11963,19572,28962,36638,44216,44671,42363,38454,29814,23428,16851,12112,8228,5802,4123,2889,2192,1765,1386,1303,1199,1076,1011,913,824,811,663,595,491,383,302,245,205,162,130,98,71,58,56,47,41,40,34,28,26,14,15,20,15,3,2,6,8,7,1,3,4,8,2,1,0,2,3,4,2,1,1,0,0,0,2,0,0,0,1,0,0,1,0,0,1,1,0,0,0,0,0,0,1
1,0,0,0,0,0,0,0,0,0,0,0,0,0,0,0,0,0,0,0,0,0,0,0,0,1,0,0,0,0,0,0,0,0,0,0,0,0,0,0,0,1,0,0,0,0,0,0,0,0,0,0,0,0,0,1,0,0,0,0,0,0,1,0,0,0,1,0,0,1,0,2,0,0,0,0,0,1,0,0,1,1,1,0,0,1,0,0,0,0,0,0,0,0,0,2,0,0,0,2
1,0,0,0,0,0,0,0,0,0,0,1,0,0,0,0,0,0,0,0,0,0,0,0,0,0,0,0,0,0,0,0,0,0,0,0,0,0,0,0,0,0,0,0,0,0,0,0,0,0,0,0,0,0,1,1,1,0,0,1,1,0,0,0,0,0,0,1,0,1,1,0,1,0,0,0,0,1,4,0,1,1,1,2,3,0,3,4,1,1,0,1,1,1,2,1,2,2,2,2
673,898,728,817,836,1068,1265,1439,1645,1876,2213,2473,2919,3321,3658,4096,4320,4815,4917,4897,4855,4821,4707,4429,4298,4106,3745,3626,3232,3238,2862,2852,2589,2335,2237,2128,2019,1869,1717,1644,1559,1480,1384,1380,1364,1158,1169,1097,1018,1031,927,912,827,797,739,741,745,653,664,560,609,515,525,481,490,474,433,421,371,379,375,358,331,322,369,332,302,275,275,274,221,252,232,214,205,239,194,201,200,194,163,181,163,149,137,150,169,119,150,132
8,6,8,7,8,10,8,7,7,11,10,9,6,7,8,3,9,8,9,6,7,4,6,7,10,5,7,6,6,7,8,10,17,17,21,12,11,9,14,16,19,15,27,18,19,23,18,26,19,37,27,29,32,34,29,47,30,46,38,42,37,42,40,45,50,54,31,40,39,42,43,63,68,55,54,60,49,58,48,78,68,67,56,82,64,66,60,71,82,75,57,52,76,73,72,91,69,63,63,68
3,5,9,12,16,10,5,6,2,0,1,0,1,0,2,2,4,7,6,5,7,7,8,6,8,10,12,7,13,12,15,13,11,17,26,20,22,18,35,15,27,33,22,33,36,33,23,39,34,48,55,40,44,50,45,44,53,58,55,53,50,66,76,80,75,75,100,84,85,93,100,122,101,122,137,151,138,147,137,148,150,162,165,166,180,182,202,220,232,230,253,211,221,253,240,239,253,264,265,245
6,2750,496,253,200,149,98,66,56,36,34,33,35,40,53,70,79,90,83,120,137,160,152,192,214,271,265,285,334,355,397,454,440,472,559,544,602,634,649,639,745,729,792,837,844,919,889,931,910,937,1010,1014,1077,1010,1045,1007,1005,1063,1020,990,972,947,964,943,911,877,857,813,780,733,730,689,663,630,627,631,557,585,522,509,519,444,506,441,438,405,421,414,397,407,384,372,385,352,354,337,306,321,307,280
124,196,713,184,269,279,252,278,307,503,1050,1817,2910,4245,5540,6630,7503,8103,8195,8114,7596,7094,6596,5911,5299,4779,4203,3812,3541,3152,2805,2496,2253,2092,1843,1759,1579,1499,1317,1251,1133,1095,969,941,845,810,790,727,646,637,618,564,546,482,481,469,443,430,411,406,377,344,332,336,323,294,262,248,277,236,235,248,197,214,189,208,186,184,156,180,152,160,143,136,149,129,120,151,125,119,91,102,99,112,108,97,106,100,101,91
66,0,1,0,0,0,0,0,0,2,0,0,0,0,0,0,1,0,0,0,0,0,0,0,0,0,0,0,0,0,1,0,0,0,0,0,0,1,0,0,0,0,0,0,0,1,0,1,0,1,1,1,0,0,0,0,0,0,1,1,0,1,0,0,0,1,0,0,0,0,1,1,13,25,116,215,263,348,347,331,274,231,218,180,167,199,214,222,239,250,251,303,344,373,465,482,476,522,546,555
8,0,0,0,0,0,0,0,1,0,0,2,0,0,0,0,0,0,0,0,0,2,0,2,4,11,10,13,14,18,25,26,48,44,54,62,59,69,62,97,99,101,127,118,145,145,152,189,191,203,207,225,259,281,322,324,343,372,383,374,353,404,394,429,408,398,462,432,458,442,410,465,394,402,397,461,436,419,396,388,364,389,361,403,376,354,334,339,343,317,308,321,297,315,276,286,297,297,290,287
70,33,61,33,35,36,36,34,39,32,43,49,38,29,36,41,27,36,26,47,43,28,41,32,30,32,42,30,29,44,34,41,31,39,61,66,82,102,165,215,241,258,282,316,276,276,278,341,367,483,554,637,768,941,1111,1346,1593,1844,2051,2184,2427,2610,2701,2764,2764,2830,2814,2674,2584,2419,2258,2045,1864,1728,1535,1322,1174,974,932,822,761,670,617,504,497,491,406,352,301,255,235,218,224,185,130,147,139,127,129,108
30,1014,1765,2143,7742,18063,27975,33721,36376,38040,35958,31885,28682,23788,19012,16003,12536,9853,8016,6160,4724,3823,2934,2232,1848,1495,1140,928,748,605,530,420,334,275,250,219,185,144,108,111,96,63,66,54,51,37,26,32,25,19,22,10,15,20,12,13,16,14,9,10,12,13,13,5,5,4,5,11,9,6,2,8,5,0,5,6,3,5,0,1,2,3,2,1,0,2,0,0,1,1,2,1,1,0,2,0,0,0,0,1
1493,797,453,92,93,122,134,236,438,996,1738,2937,4456,6222,8471,10131,12880,15362,17278,18767,19977,19871,21521,21664,21306,21013,18688,18537,17243,15664,14328,12011,11010,9481,8167,6790,5241,4586,3694,2815,2297,1769,1368,1122,850,610,497,370,292,274,182,167,110,116,106,62,65,55,48,34,34,29,21,24,18,16,22,15,6,8,8,10,6,3,2,4,5,2,1,3,2,1,0,1,1,3,2,3,1,0,0,1,0,0,0,0,0,0,0,1
3,0,1,2,1,1,1,0,2,3,0,2,0,1,3,3,3,5,0,1,2,0,2,2,1,4,0,0,1,4,3,2,1,1,3,4,4,1,1,5,4,2,1,3,1,3,1,2,0,0,0,2,0,3,2,2,2,1,1,0,0,3,3,1,2,2,3,4,1,3,2,3,3,1,5,1,1,3,3,0,5,4,4,1,0,1,5,5,3,0,1,3,5,0,0,3,3,3,1,2
18443,20959,16836,20911,26549,27104,29684,30095,28903,27969,24857,21977,18200,15696,12756,10853,9066,7789,7199,6314,5759,5133,4759,4038,3642,3380,2981,2658,2242,2060,1928,1671,1513,1385,1270,1083,1062,935,844,760,633,637,586,533,469,448,374,329,307,298,257,240,201,185,191,172,160,167,122,107,102,104,108,84,75,59,62,67,43,50,48,50,43,40,32,26,28,33,30,20,20,10,15,17,15,19,5,14,10,12,9,9,8,3,7,8,6,9,4,7
13,15,7,4,18,7,9,8,6,10,11,10,11,13,11,11,9,15,13,9,7,12,12,11,8,13,12,16,9,12,5,15,9,10,13,8,7,16,12,10,16,5,13,10,11,8,6,6,11,16,7,11,13,6,6,15,16,13,13,7,10,3,11,10,10,9,9,16,11,14,15,10,12,10,12,12,8,6,15,12,12,8,16,14,13,10,10,11,6,9,8,5,9,12,18,13,8,6,12,14
1,162,278,166,250,880,2576,5967,10108,14869,19629,23444,25157,26013,25564,24400,21775,18908,16515,13678,11669,9538,7697,6298,5111,4156,3618,3002,2583,2226,1884,1738,1535,1355,1187,1061,966,885,796,731,640,569,521,523,452,434,388,351,336,296,283,258,251,180,220,202,162,167,129,127,107,120,91,95,95,78,79,93,59,70,61,47,49,48,50,37,37,33,35,28,30,21,31,30,21,24,14,16,20,15,18,7,18,14,10,14,18,11,14,15
1,0,0,0,0,0,0,0,0,0,0,0,0,0,0,0,1,0,1,0,0,0,0,0,0,2,0,0,0,0,1,1,0,0,0,0,0,0,0,0,1,0,0,0,1,0,1,1,0,0,3,0,1,0,2,0,3,1,1,0,2,2,0,1,4,3,1,3,2,1,5,3,2,3,5,1,4,4,3,3,5,1,3,3,3,3,5,1,7,3,1,2,5,2,4,5,5,8,4,7
8,6,2,8,9,9,4,8,4,2,13,5,4,6,4,6,3,11,5,10,7,6,8,3,2,8,5,6,10,6,17,21,28,32,22,39,59,73,111,120,174,183,212,232,289,308,354,362,363,407,446,478,455,495,486,504,464,476,547,536,502,560,567,545,531,494,527,520,483,467,448,413,430,405,459,364,378,401,375,324,385,323,319,332,322,302,306,298,301,266,282,275,246,241,259,219,207,213,196,192
1,0,1,0,0,0,2,0,0,1,0,0,4,0,1,0,1,0,0,0,0,1,1,0,1,1,1,0,1,1,1,1,0,6,9,20,25,23,18,33,34,51,56,52,65,88,116,108,103,117,152,146,160,177,180,180,180,193,192,195,240,220,247,274,319,329,360,383,388,429,462,480,476,565,608,645,641,714,729,730,708,798,784,810,825,821,840,840,834,806,753,812,772,720,732,791,730,743,761,723
21,35,86,76,101,125,276,729,1806,3532,5594,7518,9173,9685,9268,7745,6443,4751,3727,2939,2495,2211,2259,2338,2529,2929,3027,3230,3065,2968,2812,2443,2297,1957,1748,1541,1458,1370,1346,1333,1358,1316,1342,1315,1307,1183,1141,1076,1007,932,843,837,781,709,669,662,610,635,636,569,613,521,528,549,545,443,489,411,385,409,368,394,372,347,349,313,286,271,282,294,280,263,244,256,215,240,217,202,209,203,200,172,163,171,168,171,133,146,149,140
340,952,1448,804,989,1345,2361,5792,6956,5317,4130,3459,3035,2688,3006,3414,3664,3287,2663,2419,2251,2186,2310,2497,2530,2361,2173,2049,1793,1800,1731,1707,1784,1647,1592,1497,1537,1278,1313,1275,1249,1267,1268,1168,1159,1085,1020,939,963,879,926,852,866,740,786,725,694,687,697,692,653,671,551,569,567,504,502,515,520,472,438,438,416,395,413,379,417,352,341,346,337,351,281,299,320,310,272,266,277,234,244,214,219,217,207,214,203,181,182,167
7,490,1292,424,434,795,2500,7506,14661,21185,26128,26992,27118,24099,21689,17965,15615,12916,10461,8950,7303,6250,5120,4340,3709,3182,2852,2280,2082,1792,1576,1297,1209,1106,911,852,773,630,567,550,447,412,359,345,252,253,239,203,200,187,161,124,117,108,91,99,77,83,61,47,62,52,54,36,23,24,29,26,19,21,21,12,20,15,10,9,17,14,9,5,3,5,5,3,6,2,6,2,5,6,3,3,3,1,1,3,0,1,0,2
1,0,0,0,1,0,0,0,1,0,0,0,0,0,0,0,0,1,2,0,0,0,1,0,1,0,2,0,0,0,0,0,0,1,0,0,0,0,0,0,0,1,0,0,0,0,0,0,2,2,1,0,3,1,3,1,3,0,0,1,0,0,0,2,1,0,3,2,1,0,3,4,2,4,0,2,0,1,2,3,1,0,2,3,0,2,1,3,3,1,4,2,3,1,1,3,2,2,3,3
180,693,1156,1165,1214,1208,1169,1237,1348,1476,1927,2194,2893,3457,4051,5099,6277,7783,9687,11476,12602,13471,13347,12566,11922,10368,8825,7650,6367,5178,4459,3558,2947,2488,2065,1770,1501,1280,1122,1016,913,800,748,700,660,649,557,565,521,461,452,377,346,332,306,268,270,217,201,194,168,136,139,122,100,98,95,93,74,77,66,62,56,51,40,41,40,41,35,30,35,28,33,24,20,18,20,19,27,12,20,20,15,12,11,8,13,11,6,6
1,0,0,0,0,0,0,0,0,1,0,0,0,0,0,0,0,0,1,0,0,0,0,0,2,0,1,1,1,1,1,0,0,0,2,0,0,0,2,1,1,0,1,0,1,0,0,1,2,1,0,0,1,0,1,3,1,1,2,0,2,2,2,1,2,3,3,0,5,3,0,6,1,2,0,0,1,0,4,1,1,2,2,1,3,3,2,3,4,2,3,6,2,1,1,2,3,3,3,6
0,0,0,0,0,0,0,0,0,0,0,0,0,0,0,0,0,0,0,0,0,0,0,0,0,0,0,0,0,0,0,0,0,0,0,0,0,0,0,0,0,0,0,0,0,0,0,0,0,0,1,0,0,0,0,0,0,0,0,0,0,0,0,0,0,0,0,0,0,0,0,0,0,0,0,0,0,0,0,0,0,0,0,0,0,0,0,0,0,0,0,0,0,0,0,0,0,0,0,0
1,1,3,4,15,10,16,28,37,29,42,27,50,44,49,33,49,63,50,39,55,47,49,49,68,67,114,160,312,513,903,1321,2041,2739,3535,4052,4708,5043,5450,5303,5398,5205,5141,4605,4633,4093,3839,3463,3332,2864,2795,2561,2263,1934,1814,1721,1456,1465,1227,1142,1022,971,801,876,777,693,637,563,570,512,502,440,464,468,372,363,371,348,297,314,318,328,236,256,256,244,209,216,193,197,184,170,160,158,157,145,125,123,110,105
60,89,122,78,83,119,158,216,202,197,221,240,236,279,333,331,409,505,578,611,723,798,954,986,1174,1222,1522,1636,1750,2031,2224,2458,2644,2804,3060,3225,3361,3558,3532,3477,3706,3619,3697,3599,3589,3483,3540,3502,3312,3376,3096,3104,3058,2763,2624,2396,2293,2137,1885,1800,1626,1434,1429,1218,1141,1045,920,892,755,745,641,596,543,459,392,358,301,308,241,244,205,206,169,164,147,160,135,110,108,105,78,69,88,75,89,57,57,65,50,63
354,564,812,790,1097,1377,1695,1892,2139,2436,2521,2907,3231,3678,4225,5014,5868,7127,7953,9072,9732,10286,10181,10006,9747,9273,8613,7683,7132,6297,5629,5005,4299,3476,2931,2484,2151,1902,1697,1622,1463,1466,1408,1428,1465,1456,1368,1328,1272,1209,1169,1060,946,867,708,649,557,481,440,380,344,295,234,262,244,249,264,244,246,272,226,257,254,234,241,197,197,193,160,154,130,116,108,80,89,89,63,81,78,58,65,61,58,60,61,58,59,60,50,60
780,867,883,852,855,882,908,869,826,844,871,878,806,867,858,897,893,970,989,907,867,1004,1062,995,1207,1219,1460,1559,1834,2212,2503,2910,3222,3696,4045,4359,4780,4986,5201,5257,5270,5297,5100,4933,4672,4098,3777,3447,3125,2731,2299,2073,1810,1432,1241,1137,941,894,750,731,661,624,568,543,560,553,539,530,608,529,530,582,582,604,655,665,713,688,716,669,725,699,698,630,606,580,568,582,524,578,503,493,448,448,385,411,401,373,333,326
176,1081,781,805,645,614,512,442,371,335,286,219,190,150,125,96,92,90,87,76,87,85,78,78,70,80,85,110,108,120,119,136,133,160,173,168,178,193,201,201,189,214,203,226,200,214,192,204,221,226,210,175,183,156,177,176,137,161,183,147,171,167,156,108,153,116,118,115,113,104,94,99,84,90,89,84,80,73,74,74,87,75,65,53,60,57,77,51,54,56,41,54,53,60,38,47,36,50,57,50
2590,3456,2711,2998,3368,4759,8634,13164,14502,14761,16792,20800,26992,30800,29474,25334,19271,15902,12358,9766,7284,5796,4652,4172,3928,3747,3711,3474,3282,2787,2444,2118,1889,1569,1283,1150,962,891,807,727,713,655,659,601,509,424,404,394,317,281,240,207,168,164,147,168,140,118,93,98,74,89,84,70,69,67,54,54,48,36,56,44,32,33,42,39,18,38,29,32,18,16,17,23,24,18,21,20,18,15,13,16,17,15,13,20,12,9,12,18
2665,3408,2756,2583,2485,2888,2987,3653,5809,10538,19045,27800,39197,44448,49946,48239,45918,39853,31938,25884,19653,15552,11250,8768,6239,4585,3483,2641,1984,1513,1266,1031,937,768,691,636,605,513,492,434,388,358,333,281,280,242,224,196,194,171,143,123,124,97,76,72,51,48,45,34,21,20,20,14,10,8,10,8,3,8,4,3,1,2,2,0,3,0,0,0,3,0,0,1,0,0,0,0,0,0,0,0,0,0,0,0,0,0,0,1
2,2,2,5,4,5,2,1,1,2,4,2,4,2,3,0,0,4,3,1,2,2,3,2,2,5,1,2,1,3,1,2,1,1,2,3,3,1,3,3,3,2,3,3,2,1,3,3,0,4,1,2,8,3,3,6,6,3,7,6,9,7,7,2,5,10,3,9,4,7,5,7,4,10,7,5,8,5,9,6,2,5,10,3,12,5,9,7,12,7,10,3,3,9,8,13,6,5,11,10
24,26,38,21,26,26,27,22,21,27,32,27,15,30,20,27,26,22,23,33,25,32,28,24,36,41,38,38,38,34,24,32,35,28,24,25,28,29,39,21,21,34,30,25,32,29,25,40,54,60,75,125,165,265,377,561,748,942,1262,1482,1693,2008,2194,2456,2514,2738,2715,2780,2673,2687,2588,2460,2463,2348,2174,2054,1822,1771,1661,1445,1350,1326,1127,1070,1061,857,802,725,686,603,602,489,520,404,394,353,351,297,256,249
3,4,5,3,3,3,2,4,3,3,3,2,6,3,2,2,2,3,5,4,3,4,4,3,4,5,7,11,3,1,3,6,8,4,8,7,7,10,18,16,12,23,25,38,42,47,72,76,93,114,131,131,170,185,222,218,234,223,286,291,337,353,354,387,361,397,439,412,502,502,498,489,534,559,535,520,547,559,549,558,528,518,531,536,518,514,509,548,483,484,515,481,459,441,467,416,424,378,373,385
398,2852,7505,10103,39358,68201,63417,53694,47553,42721,36068,29556,24913,20115,16875,13934,11207,9617,8186,6606,5805,4839,3999,3455,2808,2443,2024,1718,1428,1222,1028,891,750,666,543,463,407,337,298,263,245,174,175,137,120,113,89,79,75,69,56,34,47,44,34,27,21,22,18,17,13,19,11,15,16,14,7,6,9,5,8,5,5,4,6,7,4,1,0,5,2,2,4,6,2,0,0,1,1,1,1,0,1,3,1,0,1,0,0,2
47,19285,20855,17324,16790,18211,22640,29149,35046,39913,41119,39579,37169,34541,29977,23293,16015,10334,6841,4682,3276,2358,1786,1468,1103,882,798,690,621,559,508,460,366,321,305,193,217,177,149,157,145,155,149,169,144,138,143,116,120,115,103,82,91,76,97,87,97,85,90,94,77,83,97,77,77,77,73,97,72,70,59,73,81,61,78,60,76,61,83,79,57,54,49,47,43,38,44,44,41,42,18,28,32,34,20,16,25,27,23,11
376,2536,3896,3606,3780,3775,3728,5082,9172,17315,29611,42872,50483,50402,43781,34263,25571,17775,12163,8293,5374,3676,2481,1735,1245,919,764,591,554,489,496,497,482,427,429,426,397,401,341,303,296,274,246,200,171,148,122,103,90,61,63,44,36,31,26,27,18,19,14,10,7,5,7,8,3,5,2,4,5,7,2,2,5,2,0,1,2,1,2,0,0,1,3,2,3,2,2,1,1,0,2,0,0,0,1,2,0,0,1,1
1,2,2,2,0,2,1,0,1,1,1,2,0,1,0,1,2,1,0,1,1,0,0,0,2,1,0,2,1,0,0,0,3,1,1,0,1,0,1,0,0,0,1,3,1,0,0,0,1,1,0,2,0,1,0,0,0,1,2,0,0,0,1,0,0,1,1,1,0,1,1,0,0,0,3,0,1,1,3,3,2,3,2,3,4,3,1,2,1,3,0,4,2,5,2,4,4,2,3,6
29,173,435,438,2533,7237,7122,5936,4071,2894,2934,3515,3791,3918,3682,3316,3213,3005,3135,2882,2768,2537,2548,2524,2423,2374,2263,2167,2090,2071,1933,1952,1758,1780,1788,1691,1642,1632,1527,1450,1440,1404,1274,1272,1234,1213,1213,1130,1105,1017,1029,972,939,941,911,859,868,829,761,734,781,717,694,672,687,667,631,637,562,573,543,499,507,475,435,484,470,470,393,426,410,380,373,341,347,340,334,310,317,292,289,285,262,233,233,221,241,222,215,221
2,0,0,0,0,0,0,0,0,0,0,0,0,0,0,0,0,0,0,0,0,0,0,0,0,0,0,0,0,0,0,0,0,0,0,0,0,0,0,0,0,0,0,0,0,1,0,0,0,0,0,0,0,0,1,0,0,0,1,0,0,1,0,0,1,1,1,0,0,0,0,0,1,0,0,1,0,0,0,0,0,0,0,0,0,2,1,0,1,1,1,0,0,0,1,0,0,2,1,3
1050,163,49,23,38,44,93,316,733,1163,1709,2309,2951,3793,5070,6932,9335,11419,13136,14082,14137,13661,12686,11632,10167,8823,7540,6410,5565,4767,4055,3592,3048,2741,2269,2000,1788,1658,1443,1377,1234,1117,1054,937,862,801,738,709,645,614,566,532,466,427,397,357,319,288,291,235,228,197,171,161,176,160,165,120,120,119,81,96,85,87,65,89,74,59,55,53,60,40,35,42,39,33,26,21,26,22,19,19,21,23,26,11,12,17,13,17
122,4339,7782,7405,7488,8049,8952,10168,11695,13141,14330,15213,15432,15454,14826,14130,13687,12725,12070,10892,10069,9132,8143,7389,6506,5756,5181,4701,4263,3727,3404,2794,2608,2141,2013,1755,1541,1391,1127,1084,950,837,743,580,487,447,375,321,275,206,222,148,145,125,109,111,98,81,69,78,63,61,48,42,34,34,45,27,39,26,30,27,19,26,17,24,22,15,9,20,19,18,11,9,12,7,13,14,8,7,4,8,1,9,9,7,8,5,8,9
1,0,0,0,0,0,0,0,0,0,0,0,0,0,0,0,0,0,0,0,0,0,0,0,0,0,0,0,0,0,0,0,0,0,0,0,1,0,0,0,0,0,0,0,0,0,0,0,0,0,0,1,1,0,0,1,0,2,2,0,1,1,2,2,1,0,1,2,1,0,0,1,3,3,1,2,1,4,2,1,5,3,0,2,4,2,2,3,1,2,1,2,3,5,5,5,2,5,1,5
2,2,0,0,4,32,89,167,202,253,327,493,723,1053,1451,2080,2825,3576,4617,5381,6016,6566,6914,6912,7121,7082,6788,6625,5999,5848,5519,5114,4870,4237,4000,3621,3220,2974,2579,2346,2257,1939,1704,1512,1372,1222,1058,860,875,824,737,646,586,559,527,491,487,382,357,316,321,308,268,276,258,262,217,220,205,198,189,176,181,167,159,156,134,112,126,106,117,102,98,86,85,65,68,65,73,62,48,48,57,44,41,33,29,34,23,32
50,2479,4892,5618,6637,7433,7899,8400,8666,8631,8312,8004,7359,6981,6469,6049,5678,5156,4931,4556,4016,3645,3241,2787,2273,1984,1716,1476,1324,1157,1028,1006,846,820,762,660,600,597,534,469,424,406,374,388,322,291,275,261,254,265,234,218,197,203,197,179,184,156,151,140,166,168,136,161,172,177,153,166,145,133,146,120,137,149,142,126,132,129,143,142,140,132,160,138,153,142,126,137,159,165,157,165,165,141,154,164,174,167,162,169
21,18,8,24,101,762,2524,4091,4549,5897,7762,12469,17648,23431,28025,29169,32609,33176,33103,32734,31458,28109,28341,26399,23912,21991,18540,17497,15138,12940,11025,8770,7683,6436,5132,4199,3155,2745,2162,1738,1385,1077,794,644,542,422,322,263,206,180,138,120,81,77,62,42,53,31,30,17,22,17,7,14,6,9,12,11,4,10,4,4,6,1,1,1,1,2,2,2,1,0,0,0,0,0,0,0,2,0,1,0,0,0,0,0,0,0,0,1
123,223,472,795,917,1048,1017,1162,1195,1153,1240,1249,1275,1258,1207,1243,1218,1285,1246,1211,1223,1160,1231,1230,1161,1127,1126,1004,1035,962,994,945,916,858,893,818,804,838,784,790,711,677,710,708,640,652,634,580,553,541,555,523,529,493,447,472,468,433,448,488,402,414,358,420,371,375,326,361,326,332,317,332,287,292,282,301,255,257,311,242,272,274,218,229,249,236,218,242,196,205,198,208,230,191,197,178,168,186,160,178
1,0,0,0,0,0,0,0,0,1,0,0,1,0,0,0,0,0,0,0,0,1,0,0,0,0,0,0,2,0,0,0,0,0,0,0,0,0,0,0,0,1,0,1,1,0,2,1,2,1,0,0,2,1,0,2,0,1,3,2,1,0,2,6,3,1,2,1,1,3,4,1,2,1,2,2,3,4,1,3,1,3,2,3,1,3,5,3,1,4,3,4,3,2,0,3,4,2,3,5
3,1,0,0,1,0,0,1,1,0,0,0,0,0,0,0,0,1,0,1,0,0,0,0,0,0,0,1,1,0,0,1,2,0,0,1,1,1,0,0,0,1,0,1,1,0,0,2,0,0,0,2,1,1,1,0,0,0,0,0,0,0,0,1,0,0,1,0,0,0,1,0,0,0,1,0,2,1,1,0,0,1,0,1,1,0,0,2,0,0,2,1,1,1,0,1,2,2,0,1
4,23,34,24,36,86,189,426,784,1285,1715,2138,2608,2934,3115,3211,3248,3010,3111,2914,2673,2369,2212,1858,1780,1551,1561,1462,1307,1258,1285,1342,1322,1316,1318,1217,1270,1225,1179,1161,1105,1033,922,928,947,855,841,810,794,772,726,751,650,658,634,663,636,583,573,568,531,527,536,467,471,467,453,412,418,413,392,405,389,358,394,325,294,298,332,336,342,278,286,287,294,287,249,235,248,251,262,238,231,221,178,220,197,204,226,195
915,152,254,245,458,1151,2690,5448,10141,15844,23435,31914,38408,44199,47712,46151,43362,39469,32823,26422,21098,15350,11680,8530,5887,4138,2994,1956,1272,862,590,369,285,180,129,72,51,45,19,19,14,7,7,3,3,2,4,1,3,0,1,2,0,0,0,0,1,0,1,0,2,0,0,0,0,0,0,0,0,0,0,2,0,1,0,0,0,0,0,0,0,0,0,2,0,0,0,0,1,0,0,0,1,0,0,0,0,0,0,1
1090,1860,1164,1582,2383,3074,4247,5310,6312,7150,7774,8391,8327,8379,8186,7568,7116,6330,5947,5305,4739,4578,4197,3864,3814,3540,3525,3286,3003,2952,2755,2612,2603,2358,2248,2070,1951,1832,1774,1614,1551,1478,1411,1314,1264,1236,1072,1092,946,966,943,868,784,748,754,696,676,566,605,571,530,533,475,444,421,430,370,360,339,347,323,288,317,254,237,267,229,200,173,194,182,201,171,151,136,185,150,119,123,115,106,116,100,83,93,70,92,88,70,70
2,6,4,5,3,7,4,5,7,2,4,3,3,6,1,4,2,1,5,4,1,1,4,4,2,3,3,4,4,3,0,1,2,2,4,4,7,1,3,2,3,5,1,3,3,1,5,3,1,8,7,3,2,3,2,5,7,4,2,5,4,1,2,3,8,6,3,5,5,4,3,0,3,4,3,5,4,7,0,9,5,3,7,3,1,5,2,1,4,4,2,6,7,5,6,4,4,1,8,8
7,314,2060,3757,4627,4984,5093,5071,5081,5012,4980,4872,4694,4516,4397,4219,4057,3769,3725,3623,3388,3224,3082,2947,2828,2739,2518,2460,2306,2137,2124,2059,1970,1902,1787,1700,1612,1552,1571,1511,1367,1317,1286,1229,1202,1196,1083,1032,983,998,926,902,882,804,811,768,760,729,696,658,640,612,606,619,603,558,541,502,526,527,469,443,474,444,424,386,425,391,394,386,338,347,337,304,329,312,322,299,270,281,264,270,238,254,223,218,222,235,232,213
17,143,216,208,187,195,198,186,212,238,329,584,1065,1800,2985,4476,6314,7950,9400,10331,10777,11038,10619,10077,9203,8104,7145,6238,5327,4567,4155,3527,3205,2906,2617,2461,2392,2307,2220,2127,2074,2012,1949,1968,1776,1769,1665,1479,1501,1400,1338,1245,1139,1003,1002,952,862,817,761,743,664,639,605,516,541,548,446,440,406,411,410,374,346,291,301,307,285,268,249,232,219,213,197,188,164,197,155,155,134,160,121,119,109,115,110,97,94,89,99,78
112,405,414,365,421,436,376,441,431,660,1086,1791,2921,3951,5496,6856,7854,8305,9050,8804,8702,8162,7777,7166,6343,5685,5001,4438,3924,3518,3009,2800,2528,2203,2080,1993,1841,1750,1698,1460,1432,1381,1305,1148,1024,993,936,933,820,793,690,699,584,538,492,464,464,438,364,373,306,307,285,263,258,214,246,206,187,168,161,166,138,139,132,122,120,104,98,91,84,75,70,88,62,56,55,46,45,48,42,47,51,33,33,29,33,25,24,33
1,0,5,6,15,28,48,47,73,93,94,108,122,149,152,158,171,165,191,176,183,158,153,146,142,140,136,132,159,135,126,139,140,128,136,125,137,132,127,143,121,150,142,154,142,155,171,178,154,167,183,179,172,158,198,212,193,232,210,207,238,242,248,257,241,259,255,283,248,274,283,249,329,288,321,299,302,336,303,330,349,359,337,389,400,369,395,394,407,373,381,416,411,357,376,397,390,417,408,420
4,0,2,1,0,0,0,1,0,0,0,0,1,1,0,1,1,1,1,0,0,0,1,0,1,0,1,0,1,0,0,0,0,0,0,0,0,0,2,1,1,1,3,2,2,2,0,0,0,1,1,0,1,1,1,3,2,1,2,2,4,1,2,2,0,1,1,0,1,3,1,1,0,1,1,3,1,2,1,1,3,1,2,1,2,1,2,0,3,0,2,3,2,8,0,2,0,4,1,6
3,5,2,3,1,0,1,1,2,3,1,2,0,1,3,2,0,1,1,0,1,0,0,1,3,3,0,1,4,2,1,1,4,0,4,0,2,2,1,1,1,0,2,2,1,3,5,2,1,2,1,3,1,3,0,1,1,4,7,6,2,2,2,4,3,3,6,0,2,5,5,5,4,5,7,1,2,2,3,6,2,6,3,2,2,4,4,5,4,1,4,3,8,5,2,9,3,5,7,6
2,45,60,53,68,60,72,90,95,101,130,154,158,220,258,290,270,281,255,276,245,206,209,206,189,167,153,159,159,127,133,155,154,151,146,151,126,132,150,127,127,150,113,107,108,108,110,124,126,104,111,125,112,91,100,109,122,99,109,100,113,106,101,80,93,93,100,98,78,79,78,75,75,61,78,72,76,64,65,52,60,56,54,52,56,54,53,40,50,48,37,48,36,47,51,38,36,40,34,23
3,0,2,13,7,15,23,62,93,109,138,141,133,152,119,114,131,103,107,111,117,111,89,104,98,101,96,113,114,111,99,91,110,108,125,100,119,117,127,114,104,110,113,102,106,122,116,116,116,130,118,118,110,126,124,121,131,129,154,131,147,163,150,147,158,153,164,161,192,159,177,166,170,192,167,186,173,180,201,183,199,210,211,178,228,196,206,223,205,195,223,202,197,222,226,223,188,217,230,249
1429,42,55,36,33,40,57,36,30,36,33,42,37,35,38,48,41,32,28,41,31,40,27,31,30,34,29,35,46,36,38,42,45,34,64,91,193,497,1382,2954,5966,9961,14769,17640,17288,15436,12964,10852,8448,6400,5390,4587,3906,3216,2501,1712,1098,723,497,346,282,187,145,118,93,56,52,37,25,17,24,16,12,12,17,16,13,23,19,40,44,73,83,118,134,187,191,190,170,185,135,134,106,75,72,72,52,49,43,37
178,343,375,423,440,652,893,1517,2140,3407,4613,6433,8093,10691,12040,14663,16145,16801,18067,17623,17444,15894,14791,12695,10921,8809,7195,5511,4520,3476,2754,2096,1817,1342,1088,991,782,717,661,608,529,531,476,446,382,401,324,356,326,316,293,278,267,250,239,206,200,189,172,181,140,140,119,125,110,96,91,84,58,63,51,53,48,50,36,35,36,33,34,31,22,23,32,21,17,26,20,19,12,24,13,12,24,23,27,14,17,16,16,19
643,1252,3220,3371,9638,22229,32040,36994,36423,30955,25497,20380,16738,14405,13308,12061,11289,10262,9340,8375,7161,6449,5740,5245,4647,4190,3779,3447,3145,2694,2604,2202,2105,1872,1655,1533,1418,1325,1196,1030,952,870,788,744,651,613,531,464,470,440,404,366,348,325,292,255,294,223,208,174,184,163,141,157,123,119,145,106,108,100,98,99,82,76,72,68,61,57,45,52,42,46,40,45,37,30,29,33,38,35,36,29,21,30,24,23,28,18,22,17
570,2321,3793,4019,6886,14916,37209,72046,91018,69808,52028,40731,31398,24672,19346,15754,12482,8893,6338,4495,3492,2729,2322,1899,1608,1285,1113,859,639,562,448,366,313,265,237,199,160,137,122,98,97,79,68,58,57,52,47,41,33,22,22,26,25,18,19,15,14,14,15,10,14,9,9,12,6,7,7,4,1,8,2,7,3,3,2,4,2,2,2,1,1,1,1,1,4,3,1,0,0,1,1,2,2,1,0,1,0,1,0,3
2,0,0,0,0,1,0,0,0,1,1,0,0,0,1,0,0,2,3,7,4,5,7,18,16,15,19,21,28,30,25,17,23,21,18,30,34,16,24,33,25,31,34,29,41,46,33,49,34,51,45,54,37,61,42,50,50,61,56,77,75,82,85,78,103,116,122,127,130,136,136,131,139,165,180,178,205,174,243,226,227,224,247,253,276,254,299,282,304,303,316,331,312,320,335,315,337,314,338,308
729,13133,12052,8221,5766,4520,3086,2361,1709,1235,921,704,507,438,350,277,228,207,155,135,120,115,85,75,73,51,60,45,34,27,29,30,34,26,13,22,19,15,8,12,10,6,6,8,10,10,8,6,3,2,2,1,5,1,4,5,5,1,4,1,1,2,3,1,1,2,0,3,0,2,1,1,3,1,2,2,1,0,0,1,1,2,1,4,0,1,2,1,1,1,3,2,0,1,2,2,0,3,1,2
9,32,57,101,169,255,319,384,463,540,508,607,660,694,813,930,1086,1196,1395,1586,1896,2028,2385,2540,3019,3264,3386,3822,3953,4269,4320,4696,4757,4946,4846,4955,4853,4941,4814,4501,4218,4027,3614,3474,3107,3044,2691,2385,2064,1886,1730,1474,1279,1196,1110,880,803,716,652,561,465,466,379,390,316,238,236,184,161,149,135,115,122,94,78,61,57,53,44,45,28,38,29,22,13,15,8,17,8,14,8,8,8,2,4,4,6,3,2,9
1,0,4,18,69,140,289,372,410,431,458,355,331,285,222,193,187,164,174,171,145,148,179,160,175,169,160,173,190,159,185,175,192,170,171,171,194,194,186,190,220,213,216,208,228,229,215,220,233,225,241,266,285,278,291,320,293,300,330,332,303,322,331,361,337,318,351,361,364,367,362,366,405,397,388,404,446,410,409,395,376,354,377,414,401,393,377,400,366,375,372,349,372,348,364,374,359,390,383,366
72,324,1085,3243,6786,11447,16840,23397,30420,37849,45014,51479,54904,55258,51745,45092,36333,27271,19234,13244,8675,5415,3427,2090,1350,939,649,526,433,323,290,255,206,182,176,159,143,131,97,132,71,71,74,49,50,36,27,27,23,14,6,7,6,6,3,0,0,2,0,0,2,2,0,0,0,0,0,0,0,0,1,0,0,0,0,0,0,0,0,0,0,0,0,0,0,0,0,0,0,0,0,0,0,0,0,0,0,0,0,1
1,82,161,91,102,143,252,530,1193,1892,3028,4173,5248,6473,7417,8377,8906,9168,9514,9278,9094,8882,8500,7683,7357,6751,6141,5533,5165,4758,4212,3868,3627,3211,2940,2700,2493,2267,2077,1933,1759,1603,1457,1354,1176,1203,1081,970,915,866,796,734,648,629,578,543,489,502,452,425,393,340,308,292,285,259,269,291,222,194,188,199,159,159,145,120,137,119,92,93,119,118,82,104,95,84,86,69,66,76,67,56,64,55,45,47,44,34,51,30
1,0,1,1,2,2,0,0,2,3,5,1,0,3,2,0,0,2,2,1,0,3,3,2,0,0,1,2,2,1,0,1,0,0,3,1,0,0,1,1,0,0,0,1,1,3,0,1,0,0,0,2,1,3,1,0,1,1,1,0,4,1,4,0,0,1,0,1,0,1,2,1,1,0,3,3,3,2,0,6,1,1,1,3,0,2,1,2,0,1,0,1,3,1,3,5,2,1,1,2
12,485,2131,2751,3730,3675,2990,2304,2031,1961,2206,2254,2260,2029,2524,3039,3756,4622,5337,5657,5334,4351,3339,2811,2456,2297,2284,2201,2284,2347,2409,2355,2449,2618,2619,2702,2725,2866,2939,2984,2946,2987,3182,2972,3089,2861,2833,2772,2637,2484,2302,2178,2130,1971,1831,1677,1551,1476,1318,1187,1123,1072,938,878,788,681,651,625,579,497,465,452,419,393,337,311,287,249,256,230,211,196,178,193,149,146,128,142,126,126,98,114,111,99,104,83,89,71,84,73
4,1,3,0,0,2,0,0,3,1,0,4,1,1,2,0,9,1,1,5,3,1,0,3,1,8,5,4,1,4,1,4,3,4,5,5,2,5,1,4,8,8,5,4,2,2,1,3,3,2,5,6,9,6,2,7,7,12,17,26,19,28,27,29,41,67,66,59,81,76,78,102,82,102,93,107,99,128,126,134,134,123,146,146,119,121,142,112,120,119,121,124,145,137,122,135,124,137,161,108
324,258,357,222,514,747,693,701,626,622,843,1193,2110,3776,5676,6201,4821,3270,2649,2176,2059,1777,1613,1466,1537,1579,1578,1787,1907,2059,2335,2474,2675,2989,3333,3502,3565,3519,3438,3313,3266,3012,2850,2588,2384,2211,1955,1791,1585,1505,1248,1150,1053,938,805,776,692,595,516,458,427,356,360,317,285,257,263,224,220,191,189,166,152,146,131,129,139,104,132,122,124,113,105,108,83,88,95,73,73,66,78,71,64,51,58,57,62,60,58,48
129,205,320,218,258,302,345,436,468,472,657,679,763,752,781,848,892,922,859,932,964,973,880,961,915,925,880,887,866,922,893,860,859,818,779,781,796,798,766,762,749,704,710,700,625,680,608,670,604,560,604,581,556,563,522,514,522,466,489,516,480,464,439,457,427,417,399,424,400,360,412,365,391,367,376,409,317,323,320,325,280,297,328,275,276,296,288,290,257,270,273,241,247,256,226,250,245,220,228,244
6329,7311,12056,6856,7905,8629,8644,10822,13767,15863,17384,17922,17696,16770,15430,14099,12515,11312,9734,8362,7372,6652,5685,5055,4376,3985,3520,3055,2743,2355,2198,1999,1820,1638,1444,1281,1113,1134,995,941,861,716,703,659,544,521,475,445,384,351,321,324,301,244,250,276,209,206,190,186,177,155,164,137,114,113,103,97,87,106,87,87,66,80,69,54,58,61,47,51,53,49,45,36,45,33,35,33,28,42,24,33,29,25,22,12,13,24,12,25
17,660,2060,1052,1657,2567,3873,6137,8893,11076,13169,13998,15068,14583,14113,13154,12195,11040,9963,8917,7915,7085,6401,5659,5114,4587,4251,3729,3498,3184,2967,2650,2489,2077,1921,1832,1590,1548,1350,1174,1186,1000,966,908,801,736,646,562,556,493,450,408,406,374,358,275,265,226,227,178,201,176,174,172,139,123,138,114,93,109,88,87,80,77,60,82,68,59,46,58,37,41,39,28,33,27,29,19,15,21,20,11,21,14,12,14,11,14,7,12
804,4863,4728,4619,4772,5049,6360,8508,11243,14325,16708,18367,19240,18811,18246,16761,15120,13734,12315,10741,9361,8165,6920,6012,5202,4597,3959,3413,3042,2605,2181,2031,1786,1446,1359,1163,1016,937,817,784,622,561,489,444,404,398,283,291,239,210,201,164,133,110,122,79,101,88,83,72,51,62,38,46,50,41,22,42,23,31,21,22,24,17,12,21,11,11,12,7,20,6,7,6,7,7,2,6,4,5,8,6,3,4,3,2,3,2,2,3
1369,1557,1766,1110,1283,1394,1312,1292,1317,1302,1391,1361,1642,1933,2342,2615,3072,3354,3559,3588,3893,4013,4267,4258,4155,4084,3818,3696,3275,3105,2965,2721,2518,2323,2160,2095,1881,1728,1662,1479,1453,1352,1269,1226,1088,1073,1075,933,944,898,818,740,725,643,681,580,547,511,522,491,470,431,416,418,362,353,367,356,338,325,284,294,240,261,219,245,240,222,188,211,216,203,194,169,171,183,136,144,160,160,139,147,120,139,127,122,108,109,110,102
151,4689,7458,5677,6014,6322,5926,6685,7516,8055,9019,9624,9896,9773,9662,8973,8653,7879,7289,6533,6007,5394,5086,4573,4116,3873,3622,3315,3074,2855,2580,2429,2292,2078,1946,1797,1722,1592,1520,1430,1302,1303,1144,1085,990,988,919,825,786,744,677,657,596,569,589,532,497,478,452,418,346,342,329,328,324,316,280,323,274,270,235,209,180,213,182,186,160,169,141,145,141,145,133,141,108,98,105,104,91,108,98,89,82,68,90,76,76,70,62,49
1,0,0,0,0,0,0,1,0,0,0,0,0,0,0,0,0,0,1,0,0,0,0,0,0,0,0,0,0,0,0,0,0,0,0,0,0,0,0,0,0,0,1,0,1,0,0,0,0,0,0,0,0,0,0,1,0,0,1,0,0,0,0,0,0,1,1,1,2,1,1,1,2,1,2,5,1,2,2,1,1,1,2,1,7,1,2,2,5,4,1,7,2,4,5,4,4,5,6,5
1,0,1,1,1,2,2,3,4,6,4,5,6,3,2,2,3,3,1,3,4,3,1,2,5,6,6,4,5,2,5,2,5,3,3,7,3,5,6,4,5,8,2,7,9,3,3,8,6,3,8,7,5,8,11,16,9,10,8,6,12,12,11,9,8,15,15,12,7,11,18,15,11,8,7,11,16,10,12,13,5,7,8,11,11,10,20,11,12,14,11,13,8,6,10,9,13,22,6,9
526,1080,1424,1881,2395,3620,6061,8234,10178,11460,11694,9658,7463,5644,4717,4195,4300,4584,4876,5085,5085,5214,4845,4534,4031,3732,3366,3340,3109,3140,3156,3046,2856,2762,2620,2661,2465,2338,2267,2144,1999,1963,1948,1802,1839,1736,1664,1595,1577,1453,1393,1373,1285,1252,1200,1143,1111,1143,1068,1031,1014,905,896,886,783,778,776,731,680,727,672,629,625,567,598,558,559,505,488,501,457,496,439,402,385,392,392,333,342,329,339,325,307,279,276,283,264,270,224,261
1,0,0,0,0,0,0,0,0,0,0,0,0,0,0,0,0,0,0,0,0,0,0,0,0,0,0,0,0,0,0,0,0,0,0,0,0,0,0,0,0,0,0,0,0,0,0,0,0,0,0,0,0,0,0,0,0,0,0,0,0,0,0,0,0,0,0,0,0,0,0,0,0,1,0,0,0,1,1,0,0,0,0,0,2,0,0,1,1,2,0,4,3,6,2,5,8,15,7,12
4,2,0,1,1,4,3,1,0,0,1,3,4,2,1,2,0,1,1,0,1,1,0,0,2,0,1,1,1,1,0,0,1,1,2,0,2,0,0,0,0,3,1,0,1,0,0,0,2,4,1,2,1,0,0,1,0,1,0,0,0,0,0,2,0,1,0,1,0,2,1,1,0,1,0,1,1,2,0,2,4,2,11,30,55,72,130,149,202,203,233,292,305,375,497,655,847,983,1234,1428
1,0,0,0,0,0,0,0,0,0,0,0,0,0,0,0,0,0,0,0,0,0,0,0,0,0,1,0,0,0,0,0,0,0,1,0,1,0,0,1,1,1,2,1,0,0,0,1,3,0,1,2,4,1,1,4,1,0,5,0,3,0,1,0,0,2,1,3,0,0,1,1,1,2,4,4,4,8,0,2,1,0,1,3,1,3,4,4,2,2,2,3,4,2,6,5,1,6,3,2
12,15,26,18,25,19,21,33,34,28,24,42,55,72,74,73,109,121,121,140,158,166,155,181,191,190,194,240,231,271,255,279,327,320,360,353,343,360,382,395,388,387,409,416,428,452,474,461,489,451,503,465,485,487,458,476,496,498,518,526,513,513,495,554,525,502,493,495,511,488,514,475,508,482,472,531,513,498,509,453,460,460,471,471,448,404,458,442,431,413,437,421,427,404,439,417,380,395,352,393
1487,2003,5709,8990,11861,18987,23797,25031,23650,21039,19141,17483,16358,15595,14224,13131,11731,10308,8791,7600,6432,5476,4638,3900,3448,2803,2452,2117,1773,1558,1348,1129,991,925,791,703,602,524,457,412,391,332,280,242,210,234,188,184,171,155,126,109,115,117,91,85,94,95,86,65,71,45,56,43,63,49,45,45,40,43,28,39,44,27,29,37,22,22,22,35,34,18,30,25,14,34,27,17,23,17,32,21,20,15,17,16,13,19,13,15
13,10,10,9,15,124,633,2123,5333,10184,16103,19573,21763,20968,19963,17491,15717,13055,11613,9829,8494,7121,6352,5263,4711,4025,3575,3357,2965,2658,2403,2078,1861,1767,1513,1453,1261,1187,1056,983,875,767,682,660,575,522,482,412,387,355,326,290,259,213,234,227,189,164,167,137,127,123,131,103,102,90,84,70,75,66,54,47,55,48,42,41,41,39,33,31,40,32,34,24,30,18,25,24,26,20,14,12,17,14,12,12,12,20,18,17
4,1,1,2,5,1,3,2,2,1,2,1,2,1,1,1,3,4,8,17,17,14,19,25,21,23,23,37,29,32,38,16,34,46,52,73,128,166,279,374,513,612,703,693,743,761,720,736,667,624,631,624,552,538,542,511,487,451,425,439,410,420,388,358,374,329,312,316,329,341,259,273,245,272,200,224,218,215,210,192,180,193,170,191,167,150,127,139,135,136,124,131,104,97,108,85,96,97,106,112
6,586,3107,5819,9494,11258,9918,7818,6197,5441,5629,5857,5839,6096,6191,6155,6293,6097,6031,5702,5545,5214,4916,4565,4294,4079,3529,3386,3091,2829,2597,2300,2132,1867,1885,1632,1531,1398,1275,1239,1082,971,981,848,774,717,650,633,564,525,503,496,447,405,440,381,333,340,323,287,263,292,233,234,251,222,190,210,176,182,172,179,138,154,162,146,145,140,125,125,129,106,99,120,102,91,95,93,83,86,73,73,77,71,71,76,65,70,56,73
2,0,1,2,0,3,1,0,3,2,3,1,2,4,2,5,4,4,9,5,5,2,5,13,11,12,20,13,15,15,21,25,25,33,31,35,39,51,60,50,67,67,62,61,87,69,94,81,94,80,109,113,106,101,113,124,133,120,143,149,143,158,173,153,170,162,148,174,220,196,198,218,204,202,249,234,213,221,257,256,247,256,263,296,285,290,289,309,315,302,316,306,337,318,285,350,350,345,321,350
12,1129,2275,1278,1395,1575,1535,2000,2751,3840,5076,6298,7506,8610,9218,9772,9814,9780,9535,9059,8618,8285,7660,7089,6747,6053,5749,5228,4728,4306,4029,3598,3299,2997,2868,2423,2398,2113,1894,1856,1653,1485,1434,1301,1135,1088,1011,883,809,768,778,619,568,543,516,446,443,385,376,327,340,314,301,243,228,223,204,178,177,187,157,119,127,130,102,115,107,96,94,84,83,79,78,75,69,69,49,56,61,46,40,43,38,44,33,37,32,36,19,34
5,0,0,0,1,0,0,0,0,0,0,0,0,0,0,1,0,0,0,0,0,0,0,0,0,0,0,0,0,0,0,0,0,0,0,0,0,0,0,0,0,0,0,0,0,0,0,0,0,0,0,0,0,0,0,1,0,0,0,0,1,0,0,0,0,1,0,0,0,0,1,2,0,0,1,1,0,2,0,1,0,1,0,0,1,1,0,2,1,3,0,2,0,1,0,1,2,0,1,1
1,0,0,0,0,0,0,0,0,0,0,0,0,0,0,0,0,0,0,0,0,0,0,0,0,0,0,0,0,0,0,0,0,0,1,0,0,0,1,1,0,0,0,0,0,0,1,1,0,0,1,0,0,0,1,0,0,0,1,0,0,0,1,0,0,0,0,0,0,1,2,1,0,1,1,0,1,0,0,0,0,0,1,0,1,1,0,3,0,1,2,0,1,2,1,2,1,1,3,2
66,247,3786,4421,4440,7384,14329,45867,90674,79199,42188,12967,3156,1351,1050,990,874,804,773,738,694,670,689,656,612,583,585,536,450,465,386,417,319,347,319,301,274,223,234,228,208,221,207,200,182,189,155,182,161,147,126,111,127,153,135,116,114,97,85,101,77,99,71,77,84,78,65,74,53,63,50,63,56,47,34,47,41,39,34,48,43,36,38,30,42,36,27,30,36,29,29,21,28,39,19,25,30,18,16,20
354,3609,2249,1984,1552,1197,815,611,400,283,215,159,139,114,109,110,102,95,75,103,98,89,89,81,83,83,81,73,66,74,82,52,76,67,69,63,74,68,72,68,78,58,78,69,76,57,60,74,50,57,61,52,62,71,50,53,41,59,44,45,41,32,35,45,40,32,44,44,29,31,29,20,27,28,28,24,32,25,21,20,29,22,24,24,18,25,18,23,22,24,19,13,7,16,23,23,15,16,11,18
4,503,2876,1347,1167,1400,1649,2038,2662,3168,3540,3638,3480,3237,2915,2841,2662,2865,2891,2884,3003,3073,3055,3084,2945,2914,2829,2591,2497,2318,2139,2133,2049,1895,1841,1646,1629,1460,1368,1312,1262,1094,1061,973,927,857,845,828,785,681,695,620,554,564,490,546,483,424,421,407,373,371,343,345,337,296,314,250,267,232,221,215,198,223,165,167,172,177,138,131,142,149,127,114,98,128,99,116,97,116,96,98,77,89,66,79,85,70,77,74
3336,27361,9835,7097,6508,7095,9742,15596,20706,25029,28315,30466,32508,34270,33599,27291,17635,10719,6837,4724,3599,2713,2137,1727,1421,1208,955,909,750,643,547,497,391,318,264,216,229,180,157,129,123,113,89,89,94,75,64,84,64,61,58,53,67,42,50,51,37,45,32,31,36,36,25,39,37,39,39,45,37,28,35,30,28,30,26,28,22,29,21,25,20,14,17,14,14,11,20,11,12,10,11,13,11,13,10,15,14,9,6,15
173,542,848,465,539,707,708,1145,1789,2335,2890,2980,3078,2900,2802,2547,2199,1975,1839,1782,1663,1688,1715,1722,1694,1695,1684,1663,1536,1496,1441,1421,1329,1282,1248,1191,1186,1134,1168,1142,1059,1070,1024,950,950,960,949,842,943,825,804,786,793,774,760,726,691,714,661,589,659,629,603,541,583,602,525,546,520,492,478,467,442,428,418,456,400,426,412,362,369,329,313,358,333,323,298,284,305,275,298,269,294,251,255,270,229,221,230,234
964,2299,3945,2176,2727,3310,2802,2970,3443,3780,4423,5100,5967,6646,7156,7700,7684,7819,7519,7078,6798,6158,5691,5312,4737,4354,4113,3589,3396,3075,2801,2665,2402,2402,2146,1995,1884,1802,1686,1589,1441,1378,1284,1191,1159,1098,1015,1000,885,852,811,783,663,623,618,607,591,503,498,471,412,363,404,394,336,330,327,270,284,278,261,236,239,237,167,207,175,149,167,151,121,125,110,105,116,87,87,93,104,82,79,71,74,74,74,64,44,46,52,50
413,156,549,442,642,1321,2511,4506,8147,12484,17119,19939,21028,20737,18718,15928,13488,11062,8962,7441,6183,5321,4618,4282,3925,3606,3438,3141,3019,2678,2526,2282,2090,1848,1674,1498,1315,1246,1037,1026,903,839,772,657,649,603,503,497,425,429,349,352,349,264,250,226,211,218,188,157,147,148,136,123,107,96,92,103,73,60,54,60,48,58,54,48,40,28,34,27,33,29,33,26,25,25,22,13,14,24,12,9,14,10,3,19,9,7,4,9
694,18227,13634,8928,7688,7456,8524,12727,18562,20492,21578,23748,27131,31028,33886,33416,28343,21820,15791,10977,7733,5684,4015,3196,2640,2162,1998,1768,1695,1487,1355,1175,1038,835,701,628,538,442,410,346,309,303,305,251,252,225,223,189,154,179,156,146,127,124,130,106,112,120,89,88,82,65,67,72,60,62,53,54,68,53,38,43,46,40,39,27,36,31,27,36,41,34,44,27,22,23,24,31,20,39,30,34,35,27,30,25,29,28,35,37
212,510,7772,70873,24807,7375,6969,8185,9724,11993,13829,15452,16600,16790,16972,16359,15829,14548,13612,12644,11355,10224,9065,8167,7327,6436,5777,4980,4459,3967,3224,2820,2555,2172,1876,1586,1427,1234,1044,973,741,705,591,523,452,427,348,318,264,250,219,171,172,145,137,110,99,91,102,87,90,62,63,45,51,50,41,42,27,33,29,29,22,21,29,21,19,29,13,27,20,17,20,18,20,13,11,16,16,16,9,12,10,12,14,13,19,9,20,11
4829,371,1589,1820,1747,2218,3614,7199,14046,23406,31965,36955,39250,37828,34585,30414,26025,22453,18961,15955,13357,11335,9418,7943,6726,5672,4857,3915,3360,2815,2429,2020,1684,1468,1248,1056,959,773,668,566,505,448,391,351,290,242,224,178,174,174,158,130,108,105,96,96,81,70,61,54,53,53,35,38,35,24,42,36,40,29,19,27,26,32,30,23,23,15,16,15,10,6,8,12,20,9,5,9,7,4,7,7,6,8,6,7,3,6,2,5
197,538,838,772,605,1046,1292,1892,2341,3051,3938,4771,5579,6604,7484,7962,8680,8832,8920,8763,8489,7995,7670,7138,6551,5887,5503,4871,4431,4097,3620,3372,3027,2933,2728,2617,2477,2416,2359,2135,2041,1930,1800,1682,1633,1525,1436,1398,1309,1192,982,1009,989,910,835,805,756,732,669,624,566,589,528,496,495,478,413,430,382,368,324,362,291,281,252,237,240,234,234,197,182,179,149,165,150,159,121,131,116,113,113,98,77,85,73,71,68,89,75,95
720,18072,15078,9118,5940,4481,3477,2812,2249,1745,1361,1095,908,696,578,496,382,300,270,260,246,206,189,231,209,224,264,259,309,365,366,419,434,507,486,486,507,500,496,443,464,374,391,374,335,305,292,273,260,259,246,233,242,241,229,219,226,185,210,198,187,171,185,155,172,170,163,146,138,123,142,164,132,134,123,137,133,126,114,112,104,111,103,106,87,92,84,73,85,81,90,95,78,77,91,86,65,75,59,68
135,204,220,344,465,641,897,1241,1602,2038,2514,3049,3770,4683,5753,6648,7790,9077,9748,10876,11124,11549,11158,10878,10506,9457,8732,7570,6772,6047,5113,4543,3772,3205,2899,2512,2210,1983,1661,1560,1339,1285,1216,1064,930,907,852,716,695,641,616,563,504,497,468,416,432,355,376,331,315,278,258,255,216,239,202,194,194,170,144,172,128,146,136,115,133,119,107,107,94,76,85,74,67,81,68,60,71,50,55,55,43,32,40,42,35,36,45,38
1811,445,612,1636,2947,3957,4896,6037,7253,8772,10384,11857,12876,13440,14125,13756,13244,12440,11519,10415,9360,8235,7384,6339,5443,5169,4533,4187,3896,3627,3391,3211,3044,2989,2804,2560,2315,2104,1937,1789,1566,1516,1357,1314,1161,1111,968,959,858,811,801,742,671,648,549,597,493,472,465,395,412,396,394,313,308,311,284,238,268,223,196,183,175,188,188,163,138,131,112,149,123,123,100,104,77,87,69,80,57,62,55,49,46,49,35,46,54,35,50,34
164,1111,1822,1357,1381,1670,2138,2982,4319,7262,13249,24570,38795,49359,49374,41066,29395,18770,11067,5955,3293,1775,1097,742,504,476,418,430,397,353,337,287,240,211,225,204,239,275,326,323,367,427,409,410,482,438,421,391,405,374,373,381,339,288,266,240,193,171,139,103,86,73,51,39,33,27,29,29,26,21,19,15,23,16,19,16,15,19,23,22,10,16,17,12,10,13,12,9,10,12,10,12,8,10,9,12,11,4,9,10
902,344,818,791,1171,2225,5100,10768,18035,23868,28081,31175,35660,39295,37545,32774,26213,19355,13519,8737,5344,3164,1874,1239,1049,876,794,696,606,526,493,413,370,355,321,278,253,211,193,183,175,142,125,134,100,99,97,86,65,61,48,31,31,25,33,18,31,20,20,23,18,14,15,12,14,12,10,14,6,10,11,7,6,5,6,8,4,6,6,3,1,4,3,8,5,3,2,3,2,8,2,0,6,2,1,3,3,1,1,2
4,26,42,47,42,51,51,60,111,248,368,584,713,856,905,916,829,761,636,553,488,427,429,378,347,342,347,344,347,302,292,277,286,284,265,257,238,214,234,208,209,195,155,187,189,172,151,165,163,154,127,125,122,127,106,108,106,110,82,108,90,72,92,82,96,69,80,65,70,61,64,54,41,54,58,55,45,45,38,48,47,30,34,35,48,32,30,24,34,35,32,29,20,26,26,25,28,20,16,14
930,6121,6237,4196,2953,2231,1678,1407,1120,836,744,636,487,413,387,267,239,212,214,162,146,117,90,91,49,70,52,38,45,31,27,30,12,28,17,12,18,18,18,11,11,19,12,10,11,7,12,13,13,6,5,12,4,9,7,5,9,5,5,10,8,8,8,8,7,6,7,7,12,5,11,10,5,5,7,9,6,7,10,6,2,10,7,4,4,7,5,5,7,7,9,6,9,4,3,10,6,10,4,10
579,4916,5690,3578,2222,1760,1680,1692,1525,1329,1149,1240,1523,2026,2470,2734,3112,3144,3165,3183,2938,2347,1971,1649,1545,1282,1271,1142,1094,967,894,911,842,826,774,765,781,719,698,672,575,602,595,553,550,437,451,406,389,398,350,392,350,311,297,290,299,257,264,254,247,231,214,209,188,198,178,185,169,185,144,157,146,124,129,139,141,114,112,118,115,92,98,111,94,82,88,94,99,79,67,77,83,58,78,64,52,72,50,53
263,274,422,361,482,973,2422,6040,11273,15963,18183,17226,14393,10861,7807,5626,4471,4205,4379,5108,5395,5629,5458,5212,4634,4143,3657,3345,3015,2860,2622,2580,2497,2268,2227,2055,1955,1946,1762,1580,1545,1457,1283,1225,1151,1057,1031,989,891,878,832,751,701,652,601,572,577,517,494,435,386,424,391,363,349,296,309,292,291,259,249,221,254,201,167,185,160,145,140,146,120,144,107,119,100,104,75,95,97,78,80,89,69,66,50,62,58,56,45,39
2450,2237,6165,7052,14890,46508,90990,103879,92214,73882,59780,48822,39840,32264,25125,19623,14893,11238,8667,6544,5237,3948,3265,2593,2023,1672,1415,1110,909,752,635,516,465,383,336,328,273,253,251,201,180,183,180,158,155,136,104,113,86,105,86,70,82,65,60,55,48,52,52,45,42,43,40,29,35,24,29,25,24,24,25,23,23,21,22,15,23,10,22,18,16,17,12,13,10,21,13,9,16,9,8,13,16,10,10,7,12,5,9,9
15,28,109,236,362,444,503,539,540,556,565,546,523,467,471,454,430,426,436,425,408,364,382,389,385,389,364,389,428,423,415,437,455,426,414,477,447,456,469,460,462,502,463,460,454,502,462,477,481,454,484,435,429,459,417,407,390,396,401,377,369,334,340,325,333,349,348,340,314,311,317,306,321,286,295,259,295,294,261,255,270,266,247,248,205,249,206,241,211,203,221,218,217,188,202,190,197,201,203,200
1,0,1,0,0,0,0,0,0,0,0,0,0,0,0,0,0,0,1,1,0,0,1,0,2,2,1,0,0,0,0,1,1,1,0,1,0,0,1,2,1,0,1,1,1,0,1,0,1,1,0,1,2,0,1,0,2,1,2,0,0,1,2,0,1,5,2,1,1,1,0,0,2,1,3,1,1,0,3,0,1,1,0,0,2,0,0,1,1,0,2,0,0,2,1,1,1,2,2,3
2,0,0,0,0,0,0,0,0,0,0,0,0,0,0,0,0,0,0,2,0,0,0,1,1,4,2,4,6,7,6,8,10,17,16,14,18,24,33,23,19,28,39,33,35,33,39,33,42,44,46,48,61,43,54,64,62,61,49,62,80,53,61,50,75,60,75,66,75,83,97,85,72,83,91,101,89,94,90,104,94,107,112,95,102,139,113,127,133,109,132,120,127,138,113,147,141,141,168,136
2,1,4,2,1,0,3,1,1,2,3,2,2,1,2,3,0,0,1,1,1,0,2,2,3,4,1,0,0,2,1,1,2,4,0,0,1,1,0,0,4,12,26,40,46,28,32,27,24,29,14,19,29,32,36,27,34,26,16,21,30,36,41,51,76,67,89,114,145,209,274,385,458,659,803,1065,1206,1450,1597,1745,1821,1993,1924,1905,1783,1871,1796,1663,1663,1500,1423,1333,1192,1088,1029,1041,916,849,767,751
42,294,546,473,274,232,172,146,90,85,53,38,39,30,23,13,13,19,12,20,22,28,13,18,19,17,20,11,23,20,24,18,14,9,18,20,20,18,22,12,16,12,11,19,21,8,16,20,5,17,12,12,13,21,11,16,12,20,17,6,14,8,12,23,14,11,9,9,17,9,8,12,13,9,8,8,9,5,5,10,8,16,8,14,10,6,12,5,6,8,9,6,8,6,4,8,7,4,5,12
38,160,187,163,163,219,201,208,255,274,226,207,203,269,330,505,699,650,571,417,443,585,835,1047,1229,1315,1204,1027,854,928,1004,1174,1288,1253,1194,1081,994,1046,915,962,975,909,940,900,816,831,757,719,716,670,670,619,604,617,574,515,544,469,474,434,470,438,421,385,394,369,376,370,323,302,300,318,249,262,268,265,255,246,219,216,220,195,184,212,206,188,163,169,170,154,118,147,127,160,125,139,118,120,118,124
81,709,1225,1082,2181,4175,7542,13661,21113,27177,31339,32393,30787,27376,22864,18221,14265,11230,8794,7364,6269,5347,4870,4295,3753,3358,2929,2599,2255,1979,1776,1462,1389,1193,1087,994,889,768,729,607,564,524,464,418,363,331,333,292,247,232,216,204,154,153,127,141,140,110,94,107,88,86,62,88,78,56,50,42,41,44,35,43,42,28,23,25,25,23,21,18,11,18,18,15,11,12,13,12,14,10,4,9,9,6,3,1,6,9,7,8
673,268,373,448,2074,8031,6284,8391,7199,3511,2467,2366,2943,3461,3920,4245,4471,4738,4832,5002,5101,4930,4983,4963,4745,4589,4463,4174,4081,3860,3606,3451,3172,3025,2740,2693,2319,2281,2118,1985,1819,1737,1589,1473,1344,1284,1210,1117,1066,1003,919,797,775,708,690,677,591,585,502,565,476,425,446,388,380,339,351,326,333,305,280,258,257,231,251,212,182,176,166,181,192,167,161,161,157,150,138,134,122,117,122,122,118,103,96,98,89,73,89,74
1,1,0,0,0,0,0,0,0,0,0,0,0,0,0,1,0,1,1,2,2,2,1,0,0,0,0,1,1,0,0,1,1,1,0,0,1,3,1,2,1,5,2,2,3,2,3,2,2,2,2,4,1,1,2,3,0,1,1,0,4,1,1,2,0,3,3,3,6,1,3,6,2,2,4,5,3,2,0,3,0,2,2,3,3,1,4,1,6,0,5,1,3,1,2,2,4,1,1,3
1,1,0,0,0,0,0,0,0,0,0,0,1,0,0,0,1,0,0,0,0,0,0,2,0,0,0,0,0,1,0,0,2,2,0,0,0,0,0,0,0,1,0,1,0,0,0,0,0,0,1,0,0,1,0,1,0,1,0,2,0,2,1,0,2,2,4,3,3,2,1,0,1,1,1,2,1,1,1,2,6,1,1,3,0,4,3,2,1,1,1,4,2,0,0,0,3,2,2,4
2766,2726,5050,2759,3049,5650,8847,13865,20081,26571,32988,38201,38784,39431,36683,32987,28782,24516,19973,17208,14015,11452,9318,7791,6301,5429,4452,3703,3339,2772,2384,1938,1705,1508,1322,1220,947,828,817,681,578,575,504,422,388,350,337,318,259,250,239,231,213,154,157,147,132,126,108,111,95,101,83,77,80,72,61,53,52,43,44,45,26,31,40,37,40,39,28,33,21,23,26,22,18,22,15,20,19,14,20,19,16,10,17,13,11,14,13,10
1,0,0,0,0,0,0,0,0,0,0,0,0,0,0,0,0,0,0,0,1,0,0,0,0,1,0,0,0,0,0,1,0,1,0,1,1,1,0,1,1,1,0,2,1,3,1,1,0,1,2,2,2,3,1,2,1,4,2,2,1,3,1,1,1,0,2,3,2,3,3,2,2,2,3,3,2,2,3,2,4,2,1,4,2,3,0,1,0,6,3,1,3,1,5,1,7,1,3,3
1,0,0,1,0,0,0,0,0,0,1,0,0,2,0,0,0,0,1,0,0,0,2,1,2,0,0,0,0,1,0,0,0,0,0,0,0,0,0,2,1,0,0,1,0,0,0,0,0,0,3,1,0,0,0,0,0,1,0,3,5,9,11,16,27,26,31,35,41,49,70,95,146,228,262,401,516,736,975,1354,1508,1900,2105,2253,2493,2499,2614,2466,2433,2209,2149,2008,1816,1612,1498,1316,1151,1085,994,953
8272,2523,1582,1162,839,653,525,433,337,254,227,199,149,121,89,94,68,59,42,46,39,42,29,25,33,23,19,26,15,16,24,13,16,18,17,22,11,19,17,23,14,13,13,16,14,9,8,8,11,18,10,17,11,5,13,7,2,5,5,1,3,5,0,3,3,2,3,0,1,0,0,0,0,0,0,0,2,0,1,1,1,0,0,0,1,0,0,0,0,0,1,0,0,1,0,0,0,1,0,1
2,174,20,5,9,10,51,121,180,191,201,234,358,561,837,1079,1226,1385,1624,1971,2317,2690,2942,2988,3062,3202,3708,3779,3801,3965,3843,3769,3755,3827,3591,3566,3395,3230,3092,2903,2815,2681,2255,2194,2097,2039,1861,1740,1680,1509,1432,1305,1267,1098,1055,992,933,922,911,813,782,732,734,653,601,589,578,541,495,435,437,388,419,373,390,348,352,300,307,253,237,225,243,222,203,169,190,152,154,177,139,137,145,146,116,122,90,96,98,89
845,8,1,2,10,21,33,78,112,181,197,275,314,316,344,336,347,352,345,390,414,468,488,517,545,594,606,661,753,822,802,828,859,887,962,988,1093,1136,1039,1067,1094,1050,1136,1216,1162,1166,1157,1092,1136,1135,1208,1258,1192,1094,1080,1023,1066,1161,1125,1071,1081,1065,1020,996,1025,1043,999,1013,934,886,863,831,937,908,897,841,731,757,743,758,731,703,658,574,583,565,582,581,570,528,491,467,477,431,461,423,433,385,374,324
67,3059,3639,3193,3329,3556,4160,5634,7829,10004,11940,12777,14186,16434,19668,22782,23010,19700,14797,11092,8411,6250,4765,3583,2873,2629,2381,2372,2307,2334,2273,2399,2322,2149,1863,1587,1285,1062,880,754,622,534,541,458,440,452,439,394,379,344,317,299,255,234,200,193,197,138,137,125,133,94,102,98,99,79,74,97,72,71,88,74,69,62,57,43,64,50,45,57,51,39,35,41,37,35,40,48,27,40,40,34,35,26,21,31,15,22,29,25
1,0,0,0,0,1,6,7,11,28,50,66,96,133,187,175,210,239,279,292,355,407,478,545,610,743,854,1037,1166,1202,1425,1565,1771,1856,2173,2491,2758,3047,3459,3776,3971,4180,4425,4645,4572,4431,4481,4490,4156,3961,3673,3567,3215,2952,2511,2303,2059,1751,1401,1233,1060,938,708,634,487,383,315,253,210,165,126,123,96,77,69,52,53,45,26,20,32,30,19,20,14,17,22,17,17,16,18,28,15,17,25,19,21,20,23,24
121,100,170,928,1306,1446,1543,1592,1617,1762,1781,1841,1914,1913,1958,1957,1951,1852,1836,1776,1743,1757,1646,1487,1554,1356,1272,1295,1129,1180,1082,921,927,953,873,797,763,700,698,665,639,587,540,525,523,456,444,401,368,399,376,333,342,287,297,259,293,239,236,237,235,220,199,164,174,165,184,153,145,143,153,138,98,118,128,90,106,95,90,89,92,105,63,92,97,80,55,73,71,78,64,79,82,69,57,43,61,48,69,61
29,201,1121,1749,2208,2343,2310,2368,2352,2454,2490,2566,2503,2514,2476,2478,2505,2511,2485,2580,2552,2445,2364,2331,2305,2266,2226,2135,2106,2041,1928,1858,1798,1826,1671,1656,1625,1464,1456,1473,1388,1295,1247,1252,1159,1149,1044,1015,984,964,914,887,835,874,770,756,707,691,635,652,650,606,572,563,540,514,512,498,470,467,458,423,416,373,388,349,368,363,362,344,333,297,296,268,255,279,282,257,260,272,248,231,219,210,213,213,196,177,187,191
126,77,136,131,230,377,493,643,935,1092,1194,1236,1153,989,874,773,759,599,668,669,738,664,727,656,717,712,598,592,600,595,601,589,552,574,558,548,543,488,521,512,491,450,490,484,469,440,452,443,376,442,421,408,398,399,381,404,407,345,393,324,355,354,333,298,323,312,313,315,293,288,304,291,294,240,289,271,277,277,242,264,238,233,226,255,228,246,244,192,194,229,215,193,203,188,191,203,194,194,183,175
325,123,69,32,11,9,10,8,6,7,13,7,3,10,7,7,10,8,6,6,11,9,9,2,10,10,5,6,11,37,83,97,104,114,114,164,211,247,191,217,237,235,212,206,195,156,147,143,129,94,91,99,114,130,125,118,149,153,123,176,181,207,226,201,266,262,323,359,436,527,615,793,975,1135,1379,1660,1936,2258,2649,2946,3332,3612,3750,3999,4175,4019,4080,3941,3810,3618,3413,3031,2861,2595,2275,2063,1900,1635,1466,1262
330,3995,21161,53884,124395,143710,101844,61957,39029,27096,19526,14588,11441,9216,7473,6163,5071,4426,3746,3264,2857,2505,2206,1992,1850,1612,1519,1338,1280,1128,1088,998,898,810,758,693,669,600,570,500,480,472,419,424,376,343,352,316,304,317,293,257,244,214,202,201,187,213,174,148,163,140,143,130,134,121,137,131,120,113,100,125,94,106,93,89,80,87,72,70,66,70,64,55,60,75,58,54,52,48,51,61,52,51,44,50,36,51,36,41
2880,30372,26872,15057,8558,5913,4115,2752,1901,1363,1008,758,602,510,452,394,359,318,322,284,300,297,287,257,284,288,309,296,267,261,229,241,259,263,270,259,235,217,255,244,247,245,228,244,281,281,254,242,253,252,230,207,230,201,214,218,197,193,202,186,178,149,168,145,143,144,134,124,119,133,102,115,108,99,99,92,79,85,72,76,89,68,80,68,80,61,69,62,61,54,71,62,63,51,71,55,52,55,64,52
83,0,0,0,0,0,0,0,0,0,0,0,0,0,0,0,0,0,0,0,0,0,4,50,150,180,368,853,1231,1388,1483,1484,1659,2504,4021,5118,6120,6807,7428,7626,7441,6638,6319,5642,4704,3624,2819,2192,1891,2025,2405,2708,3088,3099,2995,2673,2397,1964,1523,1526,1186,895,779,498,332,226,159,119,68,42,27,11,12,11,12,9,12,7,3,5,6,4,4,6,7,3,1,4,4,1,2,3,0,4,0,1,0,1,1,2
1,142,453,559,657,708,749,910,925,1041,1577,2205,2892,3566,3692,3327,2694,2180,1823,1734,1702,1547,1434,1372,1391,1466,1364,1400,1400,1345,1424,1261,1290,1223,1244,1198,1134,1150,1154,1121,1198,1199,1211,1167,1159,1075,1065,1065,1023,962,909,961,841,839,772,787,726,689,645,612,581,607,555,503,463,487,458,431,448,400,330,346,318,323,300,294,294,271,269,283,243,208,273,257,238,214,212,237,200,215,221,195,187,185,189,196,185,152,166,165
5,2,1,5,4,5,8,4,8,16,14,25,23,29,28,37,44,57,64,79,81,80,100,79,88,90,99,105,90,111,106,103,128,117,123,133,146,141,134,127,144,145,157,147,177,179,194,202,196,197,194,225,217,201,242,206,255,236,232,242,218,247,294,248,272,272,305,287,297,313,301,276,304,283,348,309,332,336,317,323,330,332,322,327,351,342,370,356,352,352,360,357,389,342,336,318,352,336,318,371
3,306,722,7702,33101,31792,32298,40197,49624,53477,51677,44953,37954,29511,21899,15644,11005,7384,5311,3583,2542,1730,1175,831,608,468,356,288,234,146,107,115,99,72,61,59,32,34,36,32,20,25,21,18,13,14,10,9,7,15,9,5,8,4,5,3,1,6,7,3,2,2,3,4,2,2,4,0,1,1,4,0,1,0,0,0,0,0,1,0,0,2,0,0,0,0,0,0,1,0,0,0,0,0,0,1,0,0,0,1
1,0,0,0,0,0,0,0,0,0,1,0,0,0,1,1,1,1,0,0,0,1,0,1,1,0,0,0,0,1,1,0,1,2,0,0,1,2,2,1,1,0,1,0,0,1,0,0,0,2,2,0,0,0,2,1,3,2,1,2,3,0,4,1,0,2,0,0,0,2,0,0,1,0,0,3,2,0,0,0,0,0,2,3,3,2,0,0,2,1,0,2,2,1,2,0,0,3,2,3
2110,543,410,339,411,513,980,2139,4692,9109,17178,29805,45563,56668,53313,41399,27220,17263,10524,6071,3426,2160,1460,1169,1085,1067,1064,1011,917,819,711,593,492,456,358,369,309,311,311,268,249,283,228,212,156,149,161,127,110,101,88,98,109,67,64,83,46,60,39,40,52,37,41,33,34,32,28,25,34,24,21,23,27,14,29,11,24,24,16,20,11,12,16,10,12,11,9,6,11,6,5,10,6,5,3,7,8,5,5,5
2128,14,16,34,175,765,1414,2427,3390,5519,8120,13676,19343,29681,36909,49074,54481,64173,62916,64823,55660,48639,36398,27589,18027,12455,7571,4390,2725,1520,1023,630,436,269,229,168,137,109,81,88,72,72,59,52,49,31,18,21,11,11,14,9,7,7,5,5,6,6,2,3,1,2,2,0,1,2,0,0,0,0,1,0,1,2,3,1,0,0,0,0,0,0,0,0,0,0,0,0,0,0,0,0,0,0,0,0,0,0,0,1
3,2,1,0,1,0,1,1,0,0,3,3,0,0,2,0,1,1,0,1,0,0,2,1,4,0,2,3,1,1,0,1,3,3,3,1,3,2,0,0,0,1,1,0,0,1,0,1,2,11,29,87,222,419,693,814,941,931,909,838,830,703,695,668,591,591,542,497,418,467,496,622,815,920,1085,1292,1447,1480,1591,1495,1496,1373,1295,1229,1069,1089,950,967,826,831,730,696,633,524,509,486,413,362,359,363
9935,11742,14565,10985,19627,62098,145552,162239,91399,35558,14168,8543,7334,6951,6264,5336,4157,3166,2338,1730,1288,1058,903,732,706,668,533,469,415,357,329,324,292,238,213,173,179,167,149,145,110,118,106,99,81,58,63,60,68,41,47,49,37,37,36,26,28,37,17,21,13,19,16,12,11,11,7,12,6,5,8,4,8,5,4,2,1,9,3,3,4,3,1,3,1,1,0,4,4,2,3,1,0,2,0,0,3,2,0,1
17,442,1091,744,487,573,699,1294,2172,3921,6250,8629,11366,13717,15288,16475,16715,16508,15921,15086,13832,12390,11277,9923,8729,7746,7013,6110,5270,4672,4110,3632,3309,2914,2738,2475,2244,2084,1892,1673,1555,1381,1231,1228,1069,1014,849,809,758,734,632,593,575,526,477,442,412,361,378,351,282,298,251,265,221,211,233,205,189,169,177,176,153,127,128,121,127,118,92,99,111,96,90,99,85,118,55,86,69,76,53,61,57,52,62,61,62,40,56,50
30,23,50,73,71,119,246,344,648,1132,1992,3095,4720,6130,7742,8583,9403,9552,8922,8741,7888,7258,6338,5821,4972,4714,4020,3607,3168,2994,2608,2394,2133,1908,1764,1659,1435,1332,1210,1102,1091,948,925,820,752,713,626,632,606,539,510,463,443,421,441,397,380,332,294,280,245,282,240,237,242,223,208,227,191,180,163,156,189,142,174,145,150,122,135,116,109,112,112,113,94,72,108,81,89,85,89,86,85,80,68,75,46,62,59,60
6,1,0,0,0,0,0,0,0,0,0,0,0,0,0,0,0,0,0,0,0,0,0,0,0,0,0,0,0,0,0,0,0,0,0,0,0,1,0,0,0,0,1,0,0,0,0,0,2,0,0,0,0,1,0,2,0,0,1,1,2,1,1,0,1,4,1,4,2,0,1,1,0,3,3,3,3,1,1,2,2,1,1,4,2,2,3,2,2,1,2,2,3,1,1,1,3,2,1,5
2,1,0,2,4,4,5,7,8,9,10,8,13,11,9,15,21,25,33,40,73,96,104,123,148,129,168,156,175,181,170,178,176,175,211,231,185,237,225,250,223,274,243,277,248,277,286,292,308,299,316,317,285,307,291,306,337,354,292,265,301,317,332,312,305,295,313,319,261,273,287,317,317,292,266,291,267,281,273,310,269,248,258,266,292,261,248,267,249,268,237,239,242,223,246,263,255,239,222,223
8,15,5,5,7,9,10,9,12,9,11,13,7,9,8,9,8,6,8,5,14,9,9,7,2,9,7,9,9,10,7,12,18,21,26,31,20,40,56,65,99,120,137,181,189,247,297,274,338,338,356,405,405,417,385,417,459,410,444,460,433,474,465,448,470,433,437,446,444,483,463,445,418,478,436,477,457,444,431,468,417,446,457,416,416,443,450,448,424,422,445,406,451,447,413,431,446,414,446,440
6,1,1,0,1,1,1,1,1,0,2,0,0,2,0,0,2,5,4,7,8,8,8,13,15,13,16,23,19,20,26,29,38,21,27,22,22,30,25,38,35,32,36,40,34,32,34,46,48,47,52,52,44,43,56,44,53,43,54,44,49,44,48,56,45,59,52,53,53,62,55,42,49,50,54,66,57,57,48,54,67,58,78,59,52,43,55,53,66,59,75,61,68,56,65,69,67,66,58,47
223,516,938,923,1106,1236,1173,1256,1317,1318,1336,1354,1405,1364,1243,1302,1207,1154,1139,1140,1152,1086,1061,1004,1010,940,972,891,859,852,829,875,794,780,720,737,702,686,751,670,658,691,610,659,552,574,582,608,567,558,573,516,467,538,506,479,479,473,462,443,447,433,398,394,411,394,399,380,379,399,363,397,296,347,350,349,338,350,290,309,306,272,268,311,252,270,252,249,231,285,241,269,240,239,279,242,241,216,234,207
94,247,356,336,811,1326,1612,1993,2515,2894,2943,3017,2754,2549,2126,2011,1787,1735,1646,1645,1729,1757,1799,1817,1629,1571,1596,1567,1415,1339,1357,1221,1206,1207,1199,1151,1148,1141,1145,1074,1065,1040,954,958,1004,905,926,882,879,821,840,782,753,789,758,693,718,670,682,646,659,620,605,561,523,582,571,547,518,545,459,493,482,495,433,409,455,384,405,407,375,387,357,361,385,347,344,285,311,285,299,340,318,311,281,289,277,246,285,267
3290,165,1535,4766,13126,19484,25913,35893,52565,68725,75894,70337,53170,34451,18684,9682,4742,2372,1323,976,815,634,535,489,418,290,210,165,114,68,70,40,29,22,12,14,6,10,7,6,7,5,2,3,2,1,1,0,3,2,0,1,0,1,1,0,1,1,0,0,0,1,0,0,0,0,1,0,0,0,0,0,1,1,0,0,0,0,1,1,1,0,1,0,1,0,1,0,0,0,1,1,0,1,0,0,0,2,0,1
1,0,1,0,1,0,0,0,0,0,1,0,1,0,0,1,1,0,1,0,1,0,0,0,2,1,2,0,0,0,0,1,1,0,1,1,0,0,1,1,0,2,0,0,3,0,4,1,0,1,0,0,0,1,0,0,0,0,0,0,1,2,3,1,2,0,0,0,0,1,0,0,1,1,2,1,1,2,1,0,1,3,0,1,1,1,2,1,2,2,4,1,0,0,2,2,3,1,3,1
1,0,0,0,0,0,0,0,0,0,0,0,0,1,0,0,2,0,0,0,0,0,0,0,1,1,0,0,0,2,2,0,1,1,0,1,1,2,0,1,1,0,0,2,2,4,1,4,3,3,2,0,1,0,2,1,0,0,1,1,3,1,1,1,1,0,2,3,2,1,1,0,1,0,2,0,3,2,2,2,0,3,0,1,1,2,3,3,1,1,3,5,1,1,4,6,4,2,3,3
8894,919,2444,1379,1380,2611,14228,49954,103492,129776,115600,83535,50832,31935,22330,17879,17126,16206,13129,10548,8136,6028,4605,3366,2693,2218,1766,1452,1098,952,735,623,482,420,328,275,223,188,168,132,111,106,80,66,58,63,47,55,33,35,31,28,17,18,20,10,11,6,12,5,11,5,5,2,5,3,3,1,2,2,1,2,2,1,4,2,1,1,1,1,0,0,1,1,0,0,1,0,0,1,0,1,0,0,0,0,0,0,0,2
58,290,411,576,519,402,300,513,343,285,392,506,381,220,284,438,1072,2497,3118,2633,1528,1041,862,807,756,559,471,348,357,359,320,322,303,297,279,296,255,242,275,216,219,198,185,149,120,121,134,116,116,111,80,105,106,88,79,84,110,85,71,113,99,106,74,97,78,79,106,83,89,88,110,86,131,115,112,124,132,124,133,132,125,150,140,128,182,170,167,158,153,160,183,191,184,179,193,199,169,191,206,174
1,2,1,1,2,0,0,3,5,11,13,30,69,121,195,291,473,556,770,952,1027,1323,1568,1649,1874,2130,2150,2169,2274,2285,2103,2171,2139,2057,2003,1928,1846,1847,1779,1781,1713,1635,1458,1349,1334,1267,1087,1097,1136,995,905,941,855,912,875,746,761,745,680,621,597,567,550,543,503,489,475,466,457,404,404,357,323,334,331,333,332,302,305,274,273,236,260,263,219,216,204,179,170,174,176,157,148,158,130,131,146,130,133,133
81,98,162,114,98,130,114,119,117,112,119,119,118,113,103,95,113,116,116,104,107,106,105,90,115,113,101,103,115,153,156,177,228,298,357,457,670,825,1140,1616,2084,2613,3239,3704,4039,4019,3748,3226,2632,2139,1592,1205,828,624,456,315,216,141,102,70,56,59,29,26,37,31,26,16,23,28,19,20,19,27,33,40,42,52,45,61,50,91,106,135,154,175,216,242,275,261,307,290,308,283,251,205,200,199,136,151
431,696,655,632,800,992,1205,1812,2625,3577,4718,5517,6610,6956,6948,6430,5563,4405,3751,2872,2390,2212,2133,2341,2450,2640,2841,2920,2904,2757,2505,2226,1868,1600,1462,1355,1223,1160,1299,1293,1330,1340,1344,1259,1151,1071,946,874,833,740,724,691,646,593,628,654,582,572,556,519,507,455,451,421,399,360,320,329,333,315,342,296,308,262,240,246,238,206,194,210,182,210,177,170,149,157,175,131,150,154,115,125,124,118,96,107,102,79,105,95
13,34,864,4947,15545,29982,47491,62964,71277,70039,54280,36777,20014,10191,4742,2617,1718,1300,1129,837,725,558,442,294,220,169,110,101,56,48,27,19,15,10,16,10,4,3,8,2,0,3,4,1,4,1,2,3,0,2,0,1,1,0,2,1,0,1,1,0,1,4,1,1,0,0,5,1,1,1,1,1,0,2,0,4,1,2,1,0,2,1,0,0,0,2,0,0,1,0,1,0,0,0,0,0,0,1,0,1
20,346,1119,2051,3132,4070,4555,5171,5602,5803,5831,5620,5738,5592,5253,4997,4749,4457,4238,4024,3661,3477,3378,3127,3033,2830,2650,2525,2364,2252,2142,1971,1862,1750,1709,1615,1493,1429,1414,1295,1228,1150,1118,1002,994,1005,988,854,819,789,736,759,674,637,619,598,544,548,516,500,473,435,417,383,394,341,345,334,301,287,296,262,238,245,219,227,223,203,182,180,198,176,180,162,138,141,151,121,145,130,111,107,97,96,90,100,97,87,85,67
97,728,1425,1587,1414,1323,1190,1090,1046,1092,1044,1034,1020,1076,1076,1180,1237,1276,1380,1625,1751,1874,2174,2442,2731,3056,3435,3723,4215,4783,5061,5411,5553,5804,5800,6025,5811,5537,5369,5013,4649,4245,3680,3344,2742,2530,2091,1791,1568,1345,1113,908,750,666,535,458,375,332,256,250,202,189,139,115,129,86,79,79,64,56,49,51,27,37,22,18,23,16,27,10,20,12,16,9,6,7,9,10,5,2,4,3,8,5,4,2,0,1,2,4
2,1,0,3,0,3,0,0,0,1,0,2,1,0,0,0,0,0,0,0,0,0,1,0,1,0,0,0,0,0,0,1,1,1,0,0,0,1,1,1,1,0,0,0,2,0,0,0,1,0,0,1,0,0,0,1,0,0,2,2,1,1,1,1,0,1,0,0,2,0,3,2,1,2,0,1,0,1,0,3,2,1,0,3,1,3,1,1,2,0,2,2,0,2,0,1,6,0,3,5
1,0,1,0,0,0,0,0,0,0,0,0,0,0,0,0,0,0,0,1,0,1,0,0,0,1,0,2,0,0,1,4,1,2,1,1,1,2,0,1,2,0,2,2,1,3,1,1,1,2,1,1,2,0,1,3,4,3,2,4,5,4,4,0,2,1,0,3,1,2,4,2,3,4,5,1,0,3,1,6,3,0,0,3,6,1,2,2,4,4,3,0,1,2,6,1,3,2,1,3
2,1,0,64,258,390,367,518,793,1379,2238,3272,4417,5657,6636,7389,7428,7248,6710,6058,5426,4579,3723,3219,2659,2253,1876,1571,1298,1105,948,806,780,683,597,580,518,428,403,377,375,327,288,245,221,237,210,208,197,186,169,139,159,151,114,129,121,115,112,95,98,94,71,77,75,76,78,61,56,44,59,55,52,53,46,47,46,30,34,38,48,27,35,32,34,32,38,29,31,40,30,35,24,31,29,44,26,23,19,27
1167,1612,2185,3244,3799,4405,4614,4972,5189,5359,5729,5770,5943,5981,6223,6172,6233,5991,6004,5943,5845,5587,5394,5305,5087,4863,4531,4382,4289,4245,3963,3649,3582,3331,3333,3094,3079,2885,2662,2446,2481,2357,2228,2233,1917,1971,1841,1758,1641,1657,1598,1510,1484,1364,1412,1215,1234,1180,1144,1074,1067,975,956,959,879,888,828,760,784,762,742,670,666,683,594,554,598,505,509,458,504,393,445,441,421,357,377,327,334,342,302,329,303,291,296,247,254,230,236,256
1,3,3,7,20,22,41,53,91,126,170,206,248,334,393,449,539,535,620,664,694,735,730,716,776,764,747,741,700,715,712,740,717,643,646,633,667,686,661,688,690,685,664,686,694,696,723,728,675,741,749,801,707,684,759,790,750,733,754,788,719,771,697,768,776,722,766,711,779,691,691,664,662,658,633,595,705,605,579,576,545,595,559,494,482,529,498,480,490,446,476,419,465,446,350,408,378,335,381,361
10,1388,6708,5596,5806,6360,7498,9725,12816,16020,19235,22087,24474,25384,25053,22564,19046,14681,10763,7583,5282,3817,2723,2161,1729,1552,1325,1280,1167,1108,967,892,779,665,565,495,386,390,322,257,235,236,223,241,209,233,239,221,205,190,148,165,161,132,150,90,130,100,104,109,111,106,107,116,102,80,93,88,71,92,71,66,83,73,76,78,69,57,66,67,60,66,49,39,49,48,59,39,46,48,54,45,48,50,51,45,41,48,36,34
2,0,0,1,0,0,0,0,0,0,0,1,2,4,2,4,1,5,5,12,12,10,20,22,21,30,45,46,63,80,78,81,71,94,96,112,120,136,117,125,147,146,174,160,166,162,156,189,212,203,234,229,223,252,237,267,289,296,319,290,357,375,365,370,385,420,408,412,454,416,458,463,482,505,501,479,508,523,527,514,489,584,517,527,475,510,500,479,496,490,515,468,510,455,512,438,472,459,466,448
26,37,41,42,62,114,503,1362,2898,5804,10166,15328,23876,30759,39947,45642,45710,45298,39335,30429,23423,16207,10217,6685,3968,2612,1774,1208,1013,1087,999,1183,1312,1237,1417,1471,1392,1330,1228,1170,1015,806,718,589,457,406,345,260,240,200,160,144,111,110,108,81,68,69,52,56,52,57,50,36,36,40,26,28,13,9,11,9,10,7,7,9,4,8,5,3,2,4,2,0,2,4,1,1,2,2,0,0,0,0,0,0,1,0,1,1
6,32,138,461,691,1072,1393,2352,3553,6391,9640,13463,18225,23323,29178,35081,37292,42900,44259,42636,39982,34897,29435,23526,17710,13648,10283,7376,5365,3802,2760,1919,1400,1054,976,822,714,694,604,629,621,518,589,487,445,433,355,331,275,208,178,141,124,101,83,55,53,40,36,41,25,30,24,21,25,13,13,16,7,11,9,13,8,4,8,4,5,2,1,2,1,3,2,3,2,0,2,2,0,0,0,0,0,0,0,1,0,1,0,2
1,93,1137,8145,31486,58748,65010,61385,61230,55698,50771,39303,29737,19785,12257,7708,4635,2880,1942,1409,1069,818,622,541,424,314,266,191,150,131,92,93,76,62,56,55,34,27,28,21,21,15,24,15,18,12,6,5,14,11,11,11,14,12,7,7,6,5,10,10,5,2,5,6,7,6,7,2,6,6,2,2,1,4,1,3,2,2,3,0,2,1,1,1,1,2,0,1,5,0,1,0,1,1,4,2,1,2,0,1
7,0,0,0,0,0,0,0,0,0,0,2,0,0,0,3,1,0,1,0,0,1,0,0,1,0,1,1,1,0,0,0,1,0,1,0,1,0,2,1,1,2,1,0,1,1,0,1,0,2,0,0,0,4,2,0,0,0,0,1,1,1,0,1,2,1,2,2,2,4,1,4,2,2,0,0,7,2,1,4,1,1,3,5,1,1,1,1,1,2,3,3,2,1,2,2,3,2,0,1
310,399,1447,1417,1209,1048,1037,1453,2597,3603,3773,3725,3456,3195,2821,2702,3088,3793,4533,5235,5611,5661,5468,5039,4456,3805,3041,2418,1947,1519,1136,887,709,593,450,356,323,295,221,224,188,184,173,158,125,132,131,140,125,120,129,129,120,112,115,126,109,107,89,86,94,101,89,78,106,84,83,95,102,94,79,102,94,75,59,69,61,59,67,58,49,57,50,42,59,55,49,42,32,35,34,35,24,32,40,21,41,43,27,32
391,6,0,0,0,0,0,0,0,0,0,0,0,0,0,0,0,0,0,0,0,0,0,0,0,0,1,4,22,53,48,44,32,27,34,35,43,25,39,34,34,24,41,37,30,41,42,47,106,233,551,1101,1664,2017,2289,2274,2255,2093,2159,1970,2131,2260,2672,2917,3094,3331,3333,3419,3201,3024,2762,2317,2113,1870,1589,1361,1180,1051,878,758,680,551,472,433,355,303,276,247,218,206,172,142,137,123,103,128,93,91,88,62
160,986,950,620,516,382,354,296,251,196,173,144,119,130,110,95,87,79,88,74,75,67,52,60,40,60,36,45,27,29,29,34,29,31,16,24,11,11,12,16,10,9,7,9,9,2,10,5,3,2,4,4,6,6,4,3,2,4,2,3,3,2,4,2,3,1,2,0,0,3,0,1,0,5,3,3,0,2,0,0,2,0,2,0,3,0,0,2,0,2,1,1,0,0,2,1,0,0,2,2
2,0,1,0,0,0,0,0,1,0,0,1,2,0,2,1,1,0,0,1,0,1,0,0,1,0,0,0,0,0,1,0,0,0,0,1,0,0,1,0,0,0,0,0,1,1,0,0,0,0,1,0,1,2,0,0,1,1,1,2,1,1,3,2,2,2,0,3,2,1,2,5,1,2,1,1,1,3,1,1,2,1,3,3,2,3,3,3,1,3,6,2,0,4,3,4,0,3,4,2
27,9,7,15,152,448,452,362,288,233,201,185,157,177,169,175,207,189,227,235,271,313,302,344,338,348,377,389,406,415,469,431,480,498,460,476,496,539,548,576,607,592,585,631,667,634,699,678,669,720,738,728,750,768,786,784,808,775,776,762,773,749,801,749,827,796,766,812,804,781,831,751,782,764,816,743,712,759,769,706,688,746,680,706,643,592,609,607,591,554,557,546,515,552,553,502,496,463,427,434
19110,1488,2030,2165,2215,2319,2833,5725,11644,16285,17779,20033,23920,24750,26855,23182,14379,8755,5448,3455,2828,2766,3180,3935,4130,4363,4181,3608,2897,2491,2050,1544,1201,985,964,1016,1131,1155,1118,1066,915,853,730,675,543,494,443,374,374,342,372,365,360,320,317,270,268,225,220,185,182,192,174,152,150,156,155,142,114,91,117,111,80,75,75,70,74,77,77,50,56,60,53,56,46,36,37,35,46,40,38,36,40,33,28,26,28,33,22,26
760,955,1109,1168,1258,1266,1106,963,888,928,1149,1459,2015,2625,3068,4034,4281,4556,4126,3469,2615,1964,1565,1262,984,807,748,636,624,577,558,591,609,582,599,617,675,684,736,826,1002,1016,1156,1247,1313,1422,1545,1528,1678,1568,1663,1745,1587,1525,1459,1527,1356,1318,1232,1174,1004,992,839,828,761,712,600,613,470,485,453,409,393,352,344,331,269,270,246,213,225,166,178,154,157,137,104,117,130,90,83,89,75,82,89,65,71,56,60,67
3,8,25,56,23,66,241,564,894,733,596,535,457,309,182,95,48,30,19,11,9,8,11,18,17,24,16,19,18,13,9,10,6,14,7,16,16,14,12,8,16,12,16,11,6,9,8,10,11,11,6,9,12,15,11,8,10,12,11,9,10,11,8,10,10,8,13,12,13,11,13,9,9,7,7,11,8,10,6,14,9,14,7,9,6,12,4,4,10,11,5,6,12,11,9,9,10,8,7,8
12,212,283,197,257,271,228,229,276,386,611,982,1588,2269,2753,3103,3075,2811,2339,1959,1399,1041,767,610,570,539,630,696,784,933,986,1103,1152,1135,1050,997,800,780,659,559,497,449,456,439,440,459,449,480,490,477,529,453,446,369,367,344,370,299,309,282,281,252,239,263,252,237,263,270,221,215,199,192,195,160,158,190,171,157,168,141,133,132,123,145,105,109,112,107,101,85,109,92,97,79,89,84,75,81,68,75
21,846,1345,1945,14110,56127,54519,27406,11818,6688,7467,8218,7218,5272,3863,3089,2692,2393,2103,1807,1434,1252,1110,1037,862,759,675,587,593,470,456,409,314,304,293,280,256,217,200,145,152,147,136,119,147,116,93,108,91,101,92,86,58,69,62,54,64,45,47,42,51,46,31,41,43,35,36,39,30,30,20,29,27,28,30,17,17,22,17,29,14,25,12,19,22,15,18,11,9,11,12,11,12,15,13,16,11,13,11,13
2,41,311,1364,4691,13941,26070,39011,54357,69790,82322,78408,62987,41631,22730,11116,5388,3294,2789,2686,2859,2857,2695,2384,2059,1662,1286,822,554,349,294,213,159,176,135,95,124,83,65,73,39,46,22,21,21,18,13,9,9,9,5,6,8,3,2,2,1,1,0,0,1,3,2,0,1,1,1,3,1,1,0,2,1,0,0,0,1,1,0,0,1,0,0,0,0,1,0,0,0,0,0,0,0,0,0,0,0,0,0,1
3,1,2,3,4,2,0,3,2,3,3,1,1,3,2,2,0,2,4,2,1,1,1,2,2,1,2,2,4,1,1,0,1,2,2,0,0,0,1,1,0,3,4,1,0,0,2,1,1,0,3,2,1,2,0,1,0,1,1,1,3,0,1,1,3,0,1,3,1,0,1,3,3,1,1,0,3,0,2,0,2,1,3,2,3,1,1,5,1,6,2,1,2,2,1,0,6,3,2,1
6,4,3,1,1,2,4,8,8,8,11,9,11,18,18,15,21,21,24,34,37,46,51,58,45,44,59,48,42,52,42,43,50,53,57,62,45,47,56,56,72,89,89,98,113,125,146,167,192,223,222,236,249,311,323,319,345,352,383,348,382,378,400,416,372,397,409,386,366,407,376,382,406,373,389,358,377,343,323,376,341,346,371,344,304,355,333,301,325,324,326,312,323,299,290,286,326,301,296,262
3,1,1,0,1,1,1,2,0,2,4,1,3,1,2,0,1,0,1,2,6,2,2,6,7,6,5,7,17,15,13,21,16,26,13,26,15,16,24,23,24,19,21,27,21,24,27,30,36,26,39,43,41,40,63,59,72,59,82,80,81,97,107,99,133,130,139,196,182,192,214,212,238,305,326,314,341,321,364,390,399,426,420,473,453,511,523,478,515,538,525,539,563,574,547,586,585,606,612,607
1,0,0,1,0,2,1,2,0,0,0,2,1,2,0,0,3,0,0,1,1,1,0,1,2,2,2,2,1,2,2,1,1,2,1,2,0,1,1,0,1,0,1,3,2,1,2,3,1,0,0,0,0,0,1,1,2,0,2,0,1,2,4,1,3,1,1,4,3,4,4,2,2,3,5,2,0,0,5,5,2,4,2,3,2,2,0,5,4,1,2,6,6,5,1,2,3,2,1,3
1,0,0,0,0,0,0,0,0,0,0,0,0,0,2,0,0,0,0,0,0,0,0,0,0,0,1,0,0,1,1,1,0,0,0,0,1,0,1,0,0,1,0,0,1,0,0,1,0,0,0,0,3,0,1,1,0,2,0,0,0,1,3,0,0,0,1,0,1,0,1,1,1,0,1,1,3,1,1,1,1,2,0,0,0,0,1,2,1,0,1,1,0,1,0,1,1,2,0,1
2,1,1,0,1,1,2,0,5,1,4,6,3,10,9,15,23,12,30,20,36,35,53,54,107,164,264,409,720,925,1105,1286,1423,1435,1421,1249,1109,1002,856,709,651,593,535,544,482,425,379,404,331,329,337,387,378,380,435,467,485,598,612,631,651,747,771,786,838,894,903,980,988,974,1018,988,968,936,919,830,817,791,775,803,695,766,713,652,659,632,531,514,537,505,455,405,429,414,366,313,318,283,276,265
4315,5926,8956,7035,7059,8140,8059,8307,9702,11131,13089,15461,18335,19461,21273,20938,20476,18333,16741,14074,12088,9561,7828,6063,4976,3863,3169,2589,2286,2011,1913,1698,1555,1360,1311,1090,1045,916,809,706,573,574,503,380,358,289,281,236,203,183,158,128,122,103,91,85,81,76,52,48,42,36,36,39,23,20,16,14,11,19,16,9,11,6,12,13,3,5,5,5,4,1,1,5,2,6,1,1,0,1,3,2,1,2,0,1,0,0,1,1
567,680,1434,891,972,1067,1000,993,1178,1187,1447,1729,2064,2509,3117,3854,4620,5159,5768,6425,6832,6859,7051,6910,6415,6167,5720,5330,4783,4215,3817,3376,3190,2822,2605,2291,2056,1925,1911,1672,1614,1538,1434,1508,1337,1274,1281,1108,1143,1048,1046,904,876,819,735,727,669,647,613,546,548,503,475,430,382,370,367,354,328,275,253,267,269,245,237,231,221,190,196,149,183,167,138,132,126,119,110,108,81,75,88,84,86,64,71,72,56,58,59,48
38,117,163,135,145,146,172,168,212,277,395,604,815,1098,1142,1212,1145,1001,862,749,597,541,505,448,418,443,523,524,562,649,619,643,648,633,564,572,501,516,450,474,469,447,473,454,455,443,436,435,443,479,461,447,436,415,417,384,362,400,411,374,369,373,374,361,361,323,354,322,341,340,301,309,296,285,310,296,277,293,303,287,274,295,269,267,254,252,243,248,258,246,257,236,209,237,208,236,226,224,241,225
359,418,2107,3495,2484,2249,2853,3704,4730,6518,8350,9489,10187,11061,10891,10138,9102,8274,7293,6320,5600,5075,4495,4085,3918,3735,3523,3483,3205,3060,2965,2786,2576,2388,2208,2018,1856,1866,1633,1576,1428,1365,1251,1254,1099,1023,978,979,869,934,804,703,700,654,632,594,542,518,497,464,438,399,379,311,303,307,289,270,262,270,245,216,226,199,177,190,158,140,156,141,135,137,130,104,115,86,101,97,85,96,74,92,72,61,64,78,72,64,40,57
1,0,1,0,0,0,0,0,2,0,0,0,0,0,0,1,1,0,2,2,0,1,1,1,0,0,1,1,1,0,0,2,1,1,2,2,1,0,0,0,0,0,0,2,1,1,1,4,0,3,0,4,2,2,2,3,1,1,4,0,2,1,3,0,2,2,1,3,5,3,3,1,1,5,2,3,2,4,3,3,1,4,2,2,3,3,3,2,1,0,4,1,1,1,1,1,1,4,2,2
1,0,1,0,0,0,0,1,1,0,0,0,0,0,0,2,0,1,2,1,2,1,0,1,0,0,1,2,1,0,2,1,2,0,2,2,1,0,1,0,0,1,0,4,0,1,1,3,1,2,1,5,0,2,4,7,2,0,2,1,1,3,2,1,2,1,0,5,5,2,3,1,1,5,3,3,0,6,3,2,2,3,2,2,3,5,3,4,1,2,1,2,2,1,1,1,0,5,3,2
1,0,0,0,0,0,0,0,0,0,0,0,0,0,0,0,0,0,0,0,3,3,4,3,6,9,8,20,19,30,19,19,38,32,33,38,36,43,33,45,54,48,67,55,75,95,100,119,137,145,171,193,223,234,289,306,364,431,425,458,486,564,578,646,702,787,830,854,875,898,963,968,996,900,895,933,960,921,858,809,803,773,776,687,722,602,586,583,556,482,468,470,433,406,359,343,311,327,308,285
1591,1189,6046,35974,18744,4383,4064,5839,7555,9356,10722,11885,12209,12465,11866,11313,10945,10198,9187,8427,7746,6945,6193,5709,4980,4660,4214,3693,3288,2958,2664,2445,2155,1854,1788,1562,1357,1247,1121,980,927,826,680,673,574,537,504,456,404,371,311,271,313,262,245,239,214,189,162,173,142,150,115,140,101,115,100,79,100,88,77,87,66,61,59,46,58,58,54,53,53,52,46,37,38,41,22,31,34,38,27,26,27,25,17,34,20,25,14,14
1405,20745,5068,5844,6693,9062,12590,18984,27180,36281,42438,45744,42002,37698,32085,26883,20648,15884,11445,8229,5846,4113,2959,2082,1533,1045,825,593,451,339,274,220,196,154,120,132,94,89,70,49,64,50,36,40,29,31,25,24,15,15,15,15,10,6,9,14,11,6,9,3,6,12,0,5,4,4,3,4,3,1,3,2,0,2,2,4,1,2,1,1,1,0,0,1,1,4,1,1,2,0,3,2,0,0,0,0,0,0,1,1
7,1260,415,246,229,206,210,243,269,256,310,339,340,376,362,388,470,464,523,473,513,512,527,547,485,485,482,491,510,474,461,430,406,385,371,411,414,357,350,316,317,327,295,288,277,271,264,259,238,253,224,226,206,226,213,196,211,194,184,147,157,161,180,131,130,160,122,139,164,138,125,97,152,132,132,101,115,108,116,91,113,99,86,105,89,83,78,74,79,90,95,89,79,81,89,71,60,75,63,73
2131,198,269,155,146,194,235,350,613,927,1577,2152,3107,3836,4579,5132,5777,5844,6021,6067,5922,5830,5532,5403,4901,4799,4545,4323,4016,3637,3557,3201,3056,2817,2796,2562,2327,2180,2016,1921,1739,1679,1661,1449,1370,1172,1204,1061,1105,948,879,864,796,771,687,653,604,535,524,509,494,472,478,450,376,381,375,312,339,307,309,252,295,279,234,205,193,192,200,187,183,175,157,150,150,131,137,138,137,112,111,99,122,114,108,103,105,85,80,108
1708,625,1095,817,1070,1823,3308,5252,7854,10829,13208,14400,14958,15339,14550,13075,11587,10170,8462,6945,6057,5203,4429,3946,3444,3263,2876,2790,2419,2334,2145,1973,1840,1661,1510,1498,1350,1178,1089,1010,886,886,791,714,670,605,567,554,509,447,421,388,365,347,304,294,249,261,210,214,191,184,174,161,152,169,143,124,128,116,83,108,82,70,61,75,85,72,54,59,56,54,41,48,48,42,29,31,26,24,34,25,26,22,16,16,20,13,14,16
2115,414,1595,866,983,1959,4204,7521,12369,18535,25661,35438,43993,48988,48121,41206,34630,25486,18114,12034,7917,4836,3101,2171,1349,1045,749,617,562,437,412,359,294,315,259,238,227,172,150,120,87,67,52,58,36,25,14,11,9,13,7,7,4,3,1,3,0,2,1,2,1,0,0,1,0,1,0,0,0,0,0,0,0,0,1,0,0,0,0,0,0,0,1,0,1,0,0,1,0,0,0,0,0,0,0,0,0,0,0,1
1,0,0,0,0,0,0,1,0,0,0,0,0,1,0,0,1,0,0,0,0,0,0,0,0,0,1,0,0,0,0,0,2,0,1,0,2,1,2,0,1,2,0,2,0,0,1,3,5,1,1,2,1,0,2,1,2,3,2,0,3,3,2,1,1,2,2,1,3,1,2,1,0,2,3,2,2,5,0,2,0,2,3,0,1,2,0,4,6,4,1,3,0,0,2,7,2,2,2,3
1,0,0,0,0,0,0,0,0,0,0,0,0,0,0,0,0,0,0,0,0,0,0,0,0,0,0,0,0,0,0,0,2,0,0,0,0,0,0,0,0,0,0,0,0,0,0,0,0,0,0,0,0,0,0,0,0,1,0,0,0,1,2,1,1,1,1,0,0,0,0,0,2,0,0,0,2,0,1,0,3,0,2,1,1,1,4,0,0,1,1,0,1,1,1,2,1,1,3,1
414,332,355,234,267,313,284,289,261,253,268,289,263,263,330,685,1271,2510,4146,6277,7921,8964,8828,8585,7575,6526,5310,4468,3612,3100,2546,2184,1919,1600,1453,1346,1244,1107,1012,938,861,819,781,774,667,637,500,537,444,433,407,334,340,307,304,293,248,226,209,204,190,190,172,162,173,139,123,166,124,123,100,96,90,99,107,89,84,58,88,84,61,80,78,72,77,65,61,60,60,63,61,68,52,57,42,54,45,54,55,44
10,17,36,50,71,81,120,157,176,243,218,293,262,263,328,327,333,339,411,387,377,383,384,437,401,419,393,405,402,387,414,366,349,392,387,349,355,337,359,313,308,323,330,324,264,265,294,286,276,246,272,279,268,255,266,286,276,285,278,281,262,241,259,276,258,226,232,226,201,226,213,217,216,216,190,202,184,229,176,179,200,207,182,169,183,179,187,174,185,209,176,178,174,167,167,177,169,149,162,158
17,687,345,288,338,939,2297,5610,11388,18545,24999,29209,29456,27517,23748,19366,15072,12084,9783,7906,6344,5423,4835,4344,3857,3578,3189,2823,2531,2253,1874,1572,1409,1131,1039,936,879,711,638,617,515,461,362,357,296,278,278,238,241,205,169,153,133,137,125,87,92,98,81,62,52,48,35,49,34,41,33,26,27,28,30,23,14,9,14,15,13,18,11,16,13,4,5,5,3,4,3,7,3,3,6,7,0,3,2,3,1,3,1,1
2,2,41,429,1076,1653,2667,4006,7029,12327,21926,37705,51399,61571,59264,46977,35387,22587,14992,8942,5155,3161,1885,1126,712,530,489,435,414,427,407,447,417,418,420,399,399,375,331,326,321,263,200,151,137,106,76,50,28,26,17,20,12,8,6,7,3,1,3,3,3,2,1,1,3,0,2,0,1,0,0,0,0,0,0,0,0,0,0,0,0,1,0,0,0,0,0,0,0,0,0,0,0,0,0,1,0,0,0,1
1457,580,506,656,873,1216,2293,4748,9480,14629,17843,17993,15713,12678,9478,6747,5007,4412,4935,5885,6834,7270,7054,6452,5468,4188,3230,2823,2594,2590,2834,3079,2987,2835,2525,2185,1991,1722,1510,1463,1380,1400,1373,1308,1191,1109,986,939,857,805,789,773,716,643,640,558,540,502,499,411,437,400,373,355,361,315,260,284,269,243,227,210,219,189,176,184,142,166,139,113,136,128,116,109,114,91,106,90,90,70,70,73,75,44,70,66,66,63,49,42
1,0,0,0,0,0,0,0,1,0,0,0,0,1,0,0,0,0,1,0,0,0,0,0,0,0,0,0,0,0,2,0,0,0,0,0,0,0,1,3,0,1,3,2,2,2,2,2,2,1,1,3,0,2,1,0,4,3,1,2,4,2,4,3,2,0,4,1,3,5,1,2,4,1,4,5,4,0,0,3,7,5,3,3,3,2,4,1,3,0,4,0,3,3,1,2,7,1,0,3
1,1,21,70,306,1266,3704,9181,18228,28347,38264,42260,43491,37716,32479,25618,18419,13735,9622,7241,4784,3433,2519,1731,1342,914,721,497,408,350,272,236,181,168,138,132,112,101,91,70,57,51,56,50,57,54,39,39,37,43,35,27,39,28,27,29,24,17,31,25,16,13,15,14,11,18,10,7,12,11,9,7,7,8,6,5,3,7,5,3,6,5,5,3,4,4,1,3,2,3,1,2,2,1,0,1,1,1,2,3
23,81,109,99,111,117,106,113,108,126,180,283,756,1999,5277,11355,19393,26470,30479,29786,25722,19653,13966,9726,6941,4776,3557,2692,1952,1459,1137,959,901,915,1031,1138,1276,1308,1292,1108,1019,812,674,502,424,324,288,235,217,195,197,186,169,153,152,145,139,134,114,105,96,90,81,75,67,58,44,44,39,38,50,36,38,41,42,39,31,30,29,30,22,23,24,25,20,25,17,29,15,8,22,14,14,11,4,11,7,5,6,6
3959,1977,2365,2256,2621,2739,2455,2672,3163,3869,4684,6577,10007,14632,20753,25403,27879,26332,22264,16649,12192,8100,5286,3490,2395,1742,1574,1622,1725,1940,2086,2180,2308,2455,2468,2282,2061,1899,1635,1367,1129,941,828,636,526,488,450,379,384,351,334,310,272,280,279,225,231,204,195,169,150,142,115,125,109,104,79,68,61,63,60,48,52,37,29,24,31,27,29,17,19,13,10,21,18,18,8,10,11,16,12,10,8,3,6,4,3,4,5,6
529,500,665,568,656,690,881,1278,1755,2299,3032,3976,5127,6428,7840,9050,10279,11396,11720,12279,12350,12144,11709,10780,10175,9325,8387,7483,6510,5816,5026,4416,3717,3195,2706,2397,2028,1788,1509,1295,1128,1051,861,762,684,580,530,484,466,367,336,293,286,229,232,196,181,156,137,130,114,115,98,86,82,54,78,59,41,55,43,42,36,35,26,27,16,23,25,22,21,17,19,13,15,16,7,11,6,10,5,5,4,7,1,6,0,1,2,5
4,1,1,1,2,3,4,3,2,0,2,1,3,3,2,3,3,2,4,3,0,4,1,4,4,0,3,0,2,0,3,1,2,3,4,2,1,1,2,3,2,1,1,4,1,1,1,1,3,2,4,2,3,1,1,2,4,1,0,3,2,2,2,4,2,3,2,3,6,3,2,1,2,1,2,3,0,1,3,3,1,1,3,0,3,7,2,3,2,2,1,1,2,6,2,2,5,4,3,7
2,0,0,0,1,0,0,0,0,0,1,0,0,1,0,0,1,0,0,1,0,0,0,0,2,0,0,0,0,1,0,0,1,0,0,1,0,0,1,2,0,0,1,0,1,0,1,1,2,1,0,0,0,0,1,0,0,0,0,2,1,2,0,1,2,0,0,0,1,2,0,1,1,4,2,1,0,0,1,2,1,1,0,2,1,0,1,1,1,1,2,5,2,1,0,3,0,2,0,2
4,14,15,18,16,9,15,14,5,6,9,15,9,11,12,11,4,16,18,26,7,20,10,7,6,10,4,6,10,6,9,6,10,7,5,10,7,10,11,15,9,15,10,13,6,10,5,8,7,8,8,5,9,3,4,3,4,11,9,10,4,6,5,8,7,10,7,4,9,5,1,6,3,8,11,5,8,7,8,10,13,12,11,10,6,10,10,7,13,10,10,10,9,11,9,10,8,20,6,6
3,0,0,0,0,0,0,0,0,0,0,0,0,0,0,0,0,0,0,13,8,13,6,7,5,1,0,0,1,1,1,1,3,1,2,1,0,0,4,4,9,6,11,8,13,11,7,9,12,14,11,6,7,7,8,7,10,7,4,10,1,9,7,5,7,10,3,9,3,15,9,9,10,10,8,7,6,13,14,7,20,9,8,8,9,21,18,19,10,10,10,12,10,13,14,20,12,10,11,21
109,199,228,185,197,207,215,296,501,1118,2996,7922,13145,20129,25147,26551,24180,20442,14165,8983,5362,2458,1175,613,455,676,1085,1629,2211,2964,3819,3940,3886,3591,3014,2090,1359,878,565,464,334,323,393,511,629,822,835,724,722,669,543,478,356,252,217,174,178,163,158,188,200,221,203,218,228,216,199,164,138,92,99,67,72,74,66,70,89,95,103,115,88,72,53,55,46,38,36,36,40,34,51,41,35,33,47,41,34,25,32,27
12339,1346,2993,3824,5328,8407,13562,24957,38718,53496,59239,59034,50090,40518,28702,19520,11704,7007,4166,2760,2039,1777,1293,1192,963,818,608,475,345,291,242,204,175,122,121,114,65,79,71,47,49,38,45,30,34,38,26,19,27,14,17,17,21,12,12,10,12,8,13,11,13,6,8,12,8,4,6,0,1,1,4,3,1,1,4,3,1,2,2,2,2,1,0,1,1,1,1,1,2,0,0,0,1,0,0,1,0,0,0,1
21,833,1482,1369,1624,1892,2671,5372,10780,13179,15571,16716,16969,17035,16405,14976,11375,7290,4746,3945,3717,3903,4401,4943,5268,4958,4198,3554,3013,2572,2306,2058,1871,1787,1675,1516,1424,1421,1434,1358,1241,1143,959,842,806,688,672,639,615,603,556,481,466,409,363,339,333,293,290,264,239,258,226,212,205,188,159,159,162,130,131,127,132,102,112,104,93,104,82,85,79,69,74,63,56,61,49,53,39,46,59,40,41,28,39,35,27,32,29,39
465,173,161,151,170,296,398,528,744,936,1020,1427,1977,2615,3552,4229,4725,4738,4862,4466,4149,3596,3263,2854,2446,2255,1855,1642,1573,1364,1305,1222,1140,988,1027,929,863,771,707,700,650,556,567,491,474,428,368,412,371,356,311,305,278,280,267,257,257,250,205,205,191,172,175,143,158,108,132,117,137,113,151,122,92,119,100,84,88,96,94,84,103,81,70,76,69,75,81,61,62,66,53,68,57,43,48,49,49,31,51,47
9,8,15,27,46,47,58,92,190,330,662,1159,2208,3644,5506,8262,10684,14064,16453,18279,18533,17785,15314,12869,9522,7073,5024,3143,2100,1288,824,530,465,487,502,643,730,881,1025,1131,1208,1287,1235,1171,1015,874,738,651,452,382,279,198,167,133,100,88,83,88,95,114,128,128,130,123,116,120,106,105,85,69,60,54,38,41,28,25,22,13,20,24,22,16,21,14,15,25,22,20,23,24,19,19,13,18,9,9,9,2,1,5
4,3,8,3,6,6,3,8,5,4,1,6,1,6,1,3,5,4,3,5,0,4,3,5,4,6,6,3,2,3,3,5,2,4,5,4,4,4,2,7,6,4,6,3,1,3,2,7,2,4,5,5,2,3,2,3,5,1,4,4,1,7,7,1,7,3,4,3,2,5,7,4,1,3,1,1,5,5,5,4,5,3,4,8,2,6,2,2,5,4,2,4,4,1,5,2,6,4,7,7
5,3,2,0,1,1,0,0,2,0,2,0,0,5,16,42,123,293,754,1616,3201,5184,7566,10626,14050,16715,17073,16661,14810,11993,9157,7264,5548,4201,3029,2255,1507,1198,782,599,461,371,279,214,228,167,196,112,117,108,109,100,125,102,92,79,82,75,45,54,34,29,34,24,21,15,8,9,10,9,10,3,8,5,4,4,3,4,8,3,1,3,0,1,2,0,1,0,1,1,0,0,1,0,0,1,1,0,0,3
4,216,930,1521,1697,1706,1769,1748,1730,1793,1750,1828,1874,1905,1915,1920,1901,2035,1929,2082,2024,2019,2020,2023,1993,1911,1906,1767,1722,1707,1699,1594,1518,1573,1498,1390,1443,1292,1353,1269,1163,1142,1144,981,990,981,883,902,872,914,847,751,733,742,678,682,649,662,638,578,570,581,562,531,529,495,524,443,473,491,432,415,423,416,401,370,361,347,325,337,326,298,306,254,284,250,242,239,238,214,236,212,228,209,216,196,201,168,202,159
1294,1810,1999,1894,2034,2472,3556,6421,10277,13936,13830,12301,10292,10529,11822,14803,16164,18049,17018,15549,12750,10003,6976,5240,3608,2821,1991,1504,1218,1046,881,802,692,616,584,533,479,428,414,406,408,345,307,299,283,278,227,218,224,196,211,177,200,182,166,154,165,122,131,112,105,115,116,105,105,86,90,92,84,79,85,67,78,56,66,64,78,69,61,47,62,60,53,64,48,53,53,50,52,34,49,32,45,52,45,34,52,37,39,35
28,40,41,26,34,37,26,32,32,28,36,29,24,31,39,26,35,27,30,41,45,44,61,69,66,82,64,45,56,60,64,53,65,102,125,259,482,896,1640,2451,3602,4593,5571,6138,6437,6451,6219,5916,5431,4651,4285,3905,3241,2895,2449,2066,1918,1628,1327,1191,1044,924,804,669,575,535,449,397,377,328,280,248,202,189,185,183,149,137,130,119,127,114,107,117,107,100,119,93,93,110,101,95,84,83,79,76,65,68,77,67
9,28,20,20,18,23,11,16,19,59,105,137,195,257,341,392,532,638,811,1117,1471,1972,2658,3185,3347,3590,3764,3668,3772,3746,3857,3838,3795,3552,3351,3341,3017,2793,2521,2308,2071,1876,1553,1489,1292,1114,1057,945,880,763,761,673,604,615,530,472,494,467,441,408,396,378,345,327,323,337,308,373,303,308,295,290,280,229,259,252,219,249,214,194,196,214,166,170,144,148,133,127,125,100,109,128,102,106,109,97,92,91,77,92
2,7,28,77,136,185,299,291,259,210,135,93,44,33,29,33,21,15,27,28,56,58,83,81,142,189,225,409,624,1025,1390,1882,2362,2927,3037,3493,3379,3590,3660,3959,4280,4632,4783,5181,4894,4951,4499,3771,3145,2368,1892,1247,741,548,303,192,111,55,33,21,9,5,3,4,3,2,2,2,1,3,0,2,0,2,3,1,0,0,1,1,0,0,1,0,1,2,0,0,0,0,0,0,0,0,0,1,0,0,0,1
152,944,1417,1410,1583,2257,4314,8003,13589,19023,22797,24220,24442,23467,21912,18286,13891,9608,6723,4984,4553,4506,5068,5298,5457,5105,4744,3932,3221,2601,2070,1758,1599,1581,1485,1433,1376,1308,1279,1112,1025,899,759,650,618,547,522,492,472,402,390,392,333,316,272,235,228,219,192,213,168,165,160,180,128,113,130,128,109,97,104,74,101,76,68,72,74,57,62,47,54,43,45,45,46,38,49,44,51,40,27,32,24,43,23,33,33,30,25,29
1,1,0,0,1,0,1,0,0,0,0,0,0,0,0,1,0,0,0,0,1,0,0,0,0,0,0,0,0,0,0,1,0,0,0,0,0,1,0,0,0,0,0,0,0,0,0,0,0,0,0,0,0,0,1,0,0,0,0,0,0,0,0,0,0,0,4,2,5,12,14,11,16,24,31,34,46,45,41,67,49,65,88,91,117,127,140,193,189,232,251,305,327,402,435,517,542,563,598,665
24,22,21,22,41,94,69,51,32,29,46,59,56,72,80,83,80,89,110,153,234,317,462,660,906,1106,1441,1643,1813,2069,2104,2138,2151,2167,2223,2218,2260,2399,2300,2455,2586,2623,2628,2937,3010,3088,3074,2898,3122,2854,2762,2687,2428,2394,2258,1959,1948,1756,1554,1412,1331,1183,1041,921,852,738,717,601,538,465,402,358,334,284,276,226,201,188,181,145,140,128,115,116,101,97,83,74,67,67,69,55,48,42,50,33,35,24,26,26
137,3,7,2,2,2,3,1,5,8,7,4,8,8,9,6,8,7,9,18,31,59,146,338,676,1113,1652,2419,3142,3839,4374,4752,5157,5065,5268,5022,4781,4423,4087,3766,3265,2979,2572,2264,1968,1777,1578,1395,1155,942,856,714,650,589,538,462,412,374,300,293,276,231,240,197,185,174,153,149,127,123,112,101,87,110,82,84,81,104,98,102,106,83,89,113,91,97,98,110,99,102,109,90,124,106,117,105,93,94,115,112
27,15413,5671,2716,1778,1322,1110,1069,910,780,741,685,553,517,432,397,337,337,314,293,276,269,237,229,209,201,220,246,191,189,187,199,179,171,175,175,180,168,158,158,153,148,146,140,130,145,136,135,116,130,121,134,133,110,100,114,86,98,95,104,94,92,84,67,109,105,88,66,94,118,91,85,94,90,82,88,80,75,72,78,82,67,75,72,76,70,64,67,54,55,51,61,60,43,65,59,43,49,36,59
2,0,0,0,0,0,2,0,0,0,0,1,5,4,4,5,6,2,4,5,5,3,7,4,4,4,3,1,2,4,3,2,1,2,7,1,4,5,6,4,6,2,6,10,10,7,3,4,6,6,6,6,7,4,5,6,6,6,5,4,4,3,4,6,8,3,3,9,4,6,10,8,16,4,7,5,4,8,9,13,8,14,8,12,16,14,19,13,23,11,25,21,20,21,20,30,28,28,25,43
300,537,560,397,427,486,417,410,402,417,410,479,918,3969,9989,13137,13299,11659,9619,7874,6263,5142,4126,3388,2933,2543,2304,2457,2523,2571,2477,2259,2137,1835,1623,1411,1246,1142,1050,945,877,818,710,776,739,646,618,594,505,461,444,385,382,306,328,279,280,242,239,206,186,204,165,178,140,126,104,125,89,128,102,106,110,88,75,68,73,69,79,62,48,66,67,43,41,53,43,45,48,38,45,37,41,37,41,31,36,35,26,37
104,511,902,320,402,502,382,457,435,529,1708,7379,18926,32051,38703,36974,29592,21097,14032,8723,5213,3244,1949,1548,1640,2105,2718,3171,3411,3311,3103,2886,2455,2178,1834,1494,1237,1084,929,817,758,736,624,638,503,494,440,417,366,331,326,306,269,235,213,198,191,192,151,125,120,99,90,109,78,96,83,63,76,78,59,49,47,48,42,42,35,24,33,19,29,18,15,18,22,15,19,13,18,13,16,7,8,6,11,9,5,9,5,5
913,342,3503,4382,4407,4879,5837,7165,8569,9132,9343,9382,9637,10017,10070,10020,9899,9430,8892,8209,8029,7447,6881,6363,5881,5156,4672,4117,3447,3197,2851,2420,2214,1894,1727,1495,1397,1202,1052,1023,898,899,762,732,727,673,562,553,473,470,430,376,408,359,328,314,289,294,268,235,236,245,209,217,189,198,178,167,169,144,150,134,148,147,133,129,112,122,121,121,114,115,101,113,116,87,95,89,85,89,90,67,85,77,80,81,72,74,61,59
2,58,42,16,43,35,25,50,60,120,177,235,252,303,340,459,587,819,1196,1628,2102,2732,3145,3711,4058,4109,4414,4930,5684,6210,6599,6753,6907,6665,6735,6574,6153,5530,4801,4166,3532,3028,2666,2436,2160,1789,1440,1173,1038,908,893,699,675,567,551,531,461,440,406,346,351,335,272,274,217,246,251,221,221,189,157,163,147,151,140,143,112,118,107,107,111,86,77,72,82,78,66,70,61,73,47,41,48,55,59,51,43,59,42,45
59,4556,15650,17121,15444,14438,13095,12350,11633,10993,10469,9743,9271,8465,7871,7280,6851,6282,5800,5556,5079,4917,4531,4110,3902,3650,3417,3130,2999,2831,2639,2344,2303,2204,1914,1884,1795,1625,1528,1378,1311,1180,1201,1168,1011,1014,928,849,864,762,775,703,641,600,515,545,523,543,501,467,458,411,418,366,354,337,317,342,269,230,263,265,221,206,223,228,194,179,166,168,174,164,140,133,144,116,141,112,101,101,105,125,100,88,100,80,84,78,64,87
9948,4919,5227,7875,11753,17535,28257,43740,62179,76010,82330,81426,71394,59084,44459,31399,20820,13120,8231,5066,3002,1843,1271,972,893,707,603,456,349,263,172,134,116,95,82,75,60,81,63,65,52,55,34,38,43,42,36,49,57,47,46,47,60,65,78,76,104,94,93,128,156,154,199,178,209,214,259,232,245,253,258,267,258,292,253,228,239,235,197,175,162,153,145,114,108,94,79,86,62,64,62,56,52,48,25,31,23,27,22,18
360,1679,1482,1370,1466,1550,1670,1978,3614,8889,19237,28010,31016,34028,36730,35418,35448,37025,37266,35512,27750,16262,8818,5215,2969,2021,1697,1631,1734,2160,2265,2244,2168,1827,1573,1312,1026,897,722,531,388,305,220,163,179,159,159,184,154,153,143,123,112,92,60,46,44,41,32,28,20,23,16,19,15,11,16,19,7,10,5,10,7,4,1,5,1,5,3,2,4,4,4,3,2,0,1,0,2,1,1,0,0,0,0,1,2,0,0,1
2412,79,7,6,4,11,8,19,81,225,463,664,675,817,987,1187,1573,2519,3446,4847,6227,7250,7989,8391,8669,8697,8795,8076,7647,7087,6411,5703,5062,4534,3798,3291,2851,2428,2105,1803,1435,1352,1142,952,796,744,584,508,463,354,334,271,259,226,194,166,170,129,130,125,101,79,87,87,70,75,68,53,39,56,46,52,42,49,29,33,30,28,27,40,29,26,27,27,29,24,24,24,21,16,17,20,21,16,23,24,24,21,14,10
1426,1015,728,689,927,1771,4343,10013,14852,16776,16965,18194,21715,27164,30056,28037,22472,17825,13663,10214,7996,6019,4669,3648,3165,2913,2687,2579,2394,2270,1922,1585,1381,1254,1073,832,763,705,580,537,463,436,396,367,333,287,254,236,204,200,183,170,129,104,106,89,91,71,78,55,65,47,33,42,34,35,18,38,18,24,28,18,31,21,16,26,26,24,23,9,20,17,20,16,14,18,18,13,12,14,10,12,8,9,13,13,17,10,12,10
26,382,537,407,681,1261,2033,3231,4260,4739,4988,4980,4953,4994,4749,4604,4474,4378,4410,4222,4137,4001,3885,3796,3656,3519,3383,3188,2881,2700,2672,2411,2247,2083,1857,1766,1639,1503,1402,1273,1222,1127,1085,980,885,913,842,784,733,658,690,634,612,564,546,523,520,467,462,470,362,367,387,354,368,331,329,269,262,270,283,263,222,240,250,229,185,178,189,202,187,181,196,160,179,181,127,139,124,148,119,132,101,125,118,103,108,107,119,93
3,0,1,0,5,3,1,6,4,5,9,6,8,8,7,13,10,14,16,14,10,21,16,15,24,11,10,16,16,18,15,15,16,20,31,30,24,28,27,31,32,20,21,37,36,30,32,33,36,33,39,30,50,37,28,44,44,48,39,50,61,44,54,58,56,60,61,53,47,90,68,79,74,61,65,78,56,77,92,68,68,88,82,72,71,82,84,92,77,90,90,108,95,96,87,87,92,92,89,83
9737,4921,3521,2980,2544,2344,1990,1699,1477,1270,1156,997,822,665,540,452,364,304,238,179,178,159,114,95,87,108,68,78,63,47,47,49,33,37,34,29,30,34,38,26,21,20,20,13,19,11,16,13,10,10,11,7,11,8,6,8,5,6,3,6,8,0,2,6,3,3,6,3,3,1,6,3,6,4,1,1,2,1,1,3,0,3,4,1,1,2,2,0,1,3,3,2,2,2,2,1,1,1,4,1
32,248,240,144,129,177,237,472,869,1604,2796,4031,5732,7581,10247,12636,14694,16000,17236,17033,15807,14547,12484,10340,8289,6506,4921,3978,3207,2557,2217,1921,1656,1334,1318,1125,992,968,893,812,717,734,670,617,482,496,378,321,310,262,257,241,238,195,200,175,173,150,156,132,129,99,103,80,98,96,79,68,75,49,46,57,40,47,39,48,35,50,32,31,27,15,25,27,21,24,22,15,18,16,15,16,15,14,14,11,13,8,9,6
71,2,0,0,0,0,0,0,0,1,0,0,0,0,1,1,2,1,5,59,140,242,280,423,507,815,1426,2398,3399,4459,5247,5872,6196,6016,5659,5074,4302,3560,2991,2574,2283,2213,1949,1850,1803,1731,1662,1531,1422,1308,1280,1269,1155,1074,1067,1032,977,1029,864,799,789,711,625,563,538,473,432,388,306,288,272,236,258,231,213,198,196,167,170,130,128,148,112,108,104,90,95,84,68,64,65,62,72,74,49,54,52,51,29,32
420,5126,9007,9721,9542,8939,8711,8392,7935,7664,7617,7036,6802,6490,5971,5640,5350,4892,4733,4422,4189,3794,3624,3535,3268,3154,2872,2803,2535,2339,2187,2000,1896,1693,1642,1557,1343,1305,1270,1218,1187,1114,1093,1030,985,922,826,818,792,772,724,676,661,597,593,566,537,499,471,493,418,420,394,388,393,347,325,305,299,308,295,287,264,253,235,238,248,239,222,200,211,204,197,183,207,167,160,160,149,170,148,154,141,128,128,146,108,110,155,125
315,4440,9011,7490,5161,3996,3322,2880,2660,2465,2277,2155,2133,1926,1840,1695,1654,1418,1351,1305,1284,1154,1114,1124,1095,1030,978,945,906,886,838,857,798,787,714,710,679,664,690,651,644,586,570,611,567,581,511,508,542,542,474,497,459,418,418,422,377,367,363,368,329,339,323,334,296,318,280,272,292,256,242,252,241,216,229,244,206,218,220,180,212,204,206,168,195,188,170,183,161,182,149,166,171,155,158,148,153,161,157,153
28,1839,6473,5650,3766,2883,2360,2040,1806,1698,1606,1569,1562,1488,1490,1345,1304,1123,1100,1066,1051,949,943,946,935,879,824,831,780,775,773,785,700,679,649,637,610,591,632,574,598,519,499,569,542,517,478,463,485,501,437,455,406,370,374,387,358,339,331,342,306,303,287,290,271,306,254,257,258,227,224,207,215,185,228,200,182,181,199,146,196,180,160,152,157,165,152,161,140,161,141,146,154,129,148,123,122,139,142,138
451,853,6225,12194,15343,18268,19756,21052,21503,21221,20902,19804,18820,17325,16237,15024,13188,11996,11147,9833,8929,7983,7210,6581,5784,5361,4718,4321,3707,3522,3126,2886,2598,2395,2175,1955,1748,1552,1355,1278,1204,1022,1037,987,908,814,741,729,681,587,542,551,505,475,399,372,332,318,293,307,273,250,239,220,229,201,202,195,156,149,157,147,139,155,134,129,137,101,102,104,105,89,93,83,88,73,83,73,71,75,69,46,56,62,63,62,64,49,39,50
3127,1147,1845,1686,1460,1305,1201,1120,1101,1047,993,844,795,637,572,527,475,416,411,349,313,277,245,254,239,228,201,180,175,146,144,118,124,133,129,125,98,106,87,104,89,79,87,69,70,77,65,71,75,90,65,73,59,63,55,62,55,60,51,68,42,60,59,46,41,41,48,46,51,49,46,34,47,54,36,44,42,31,33,46,27,46,34,33,40,26,20,33,37,41,35,21,31,34,30,32,31,40,21,44
642,805,591,639,713,741,783,903,964,1039,1043,1092,1101,1180,1204,1206,1124,1143,1169,1163,1097,969,953,982,915,876,805,817,765,679,654,597,593,576,552,524,474,472,442,429,358,349,379,331,333,303,282,268,259,233,215,208,229,197,181,169,170,193,129,158,153,115,138,119,123,108,95,101,99,87,107,99,67,86,57,69,68,77,55,69,54,54,79,55,58,60,54,52,54,56,40,46,50,43,38,42,33,44,37,38
26,48,36,96,168,166,215,225,240,200,180,189,161,123,137,111,126,105,111,99,98,84,120,98,107,79,70,90,86,83,69,72,86,73,74,75,75,76,59,68,76,66,57,73,44,64,58,69,60,51,74,58,74,71,61,59,66,78,82,63,75,74,72,74,54,82,68,88,55,74,64,69,79,54,65,65,67,71,77,63,64,72,59,69,77,67,58,61,64,69,58,56,65,63,84,56,73,63,67,58
5929,2852,1617,948,717,536,425,318,266,173,179,131,90,105,80,69,62,55,49,40,44,44,28,33,23,32,23,25,19,24,18,12,24,16,9,11,17,15,20,12,14,12,13,15,10,12,8,9,9,7,7,1,7,12,6,5,4,6,8,4,4,8,1,4,4,4,5,7,7,3,4,4,7,1,0,1,3,3,3,2,4,1,3,3,3,1,1,3,1,2,0,1,1,2,4,1,0,1,3,1
1,0,0,0,1,1,0,0,0,4,0,2,3,2,4,3,8,7,5,8,9,4,7,4,16,11,12,4,9,15,18,18,10,10,13,6,9,9,8,7,15,9,5,10,10,15,7,5,17,13,12,18,10,13,11,14,10,19,18,20,15,17,22,17,12,18,20,22,22,22,20,21,19,27,39,40,33,24,21,35,25,39,33,31,34,45,46,35,39,46,67,53,56,35,55,51,53,59,47,62
1,0,0,0,0,0,0,0,0,0,0,0,0,0,0,0,0,0,0,0,0,2,0,0,0,1,1,7,3,3,5,5,7,4,8,2,7,12,10,18,17,18,19,19,18,29,28,27,28,39,32,40,36,36,34,39,37,43,52,56,40,53,42,41,30,36,32,39,45,37,41,35,32,23,34,29,28,27,33,25,28,30,30,30,24,21,29,22,21,28,30,18,22,23,25,19,30,31,22,31
3599,28501,12011,8417,6449,4852,3638,3019,2260,1757,1260,905,637,465,310,275,203,174,135,126,116,98,89,73,74,77,55,57,51,50,52,37,38,33,28,32,28,24,26,26,22,20,12,10,15,19,16,14,11,15,11,7,11,12,7,4,6,7,11,3,7,3,4,1,8,4,9,7,2,9,3,5,6,4,6,3,3,4,6,2,8,0,1,3,3,3,2,6,4,2,2,4,6,1,3,2,5,4,2,4
28,46,65,116,278,430,670,953,1157,1554,1824,2049,2381,2427,2568,2837,2922,2794,2915,2884,2874,2694,2652,2496,2527,2471,2267,2151,2012,1933,1886,1734,1665,1609,1511,1475,1421,1315,1349,1196,1214,1148,1114,1012,964,952,879,875,804,750,773,719,721,708,697,633,619,562,569,506,510,519,512,463,390,413,387,374,363,365,335,331,343,325,303,318,322,313,266,236,260,244,245,258,227,240,221,203,182,196,213,196,172,183,180,164,150,154,149,149
3,5,3,38,167,347,505,536,673,672,737,731,800,848,861,855,952,964,1099,1139,1243,1367,1527,1595,1775,1980,2121,2275,2627,2722,3001,3087,3364,3440,3636,3843,3683,3926,3939,3940,3701,3575,3402,3165,2999,2652,2553,2353,2000,1875,1589,1397,1267,1052,846,702,659,622,505,466,414,383,288,270,303,254,243,262,228,238,245,239,200,211,244,212,240,217,254,217,214,190,205,215,179,177,185,168,161,143,154,143,120,138,114,130,111,107,85,82
2,3,8,2,8,10,11,8,6,5,8,11,16,18,27,53,195,726,1990,3822,5743,7642,8664,9199,9142,8662,8093,7267,6525,5721,5042,4429,3948,3546,3039,2703,2443,2069,2019,1803,1728,1717,1690,1647,1633,1551,1394,1292,1190,1156,1047,897,814,720,701,548,571,503,419,460,390,391,378,386,331,309,305,313,258,266,228,238,179,202,158,189,139,148,137,119,97,116,112,111,99,88,71,78,71,74,68,59,44,57,56,48,54,32,32,29
2517,2600,3047,3855,4080,5541,10085,15317,17320,17897,15801,13322,11833,9951,9050,8205,7479,7083,6677,6104,5893,5388,4852,4743,4417,4080,3840,3507,3274,3105,2758,2668,2533,2393,2201,2021,1950,1789,1751,1599,1565,1487,1327,1304,1182,1137,1071,1055,1020,923,899,902,778,767,753,735,655,576,602,540,551,522,518,456,450,424,334,405,344,389,332,289,299,363,306,275,272,253,235,254,241,207,208,231,197,215,160,198,149,164,157,159,162,147,134,137,134,125,114,123
6,1,0,0,0,0,0,2,7,12,16,29,30,34,36,51,45,51,48,56,57,52,39,42,52,48,36,53,45,55,61,68,67,69,80,74,78,87,96,83,97,110,135,124,131,146,163,194,193,217,239,279,280,326,402,347,357,417,507,466,500,550,536,567,606,668,746,720,708,785,829,828,824,804,893,915,906,972,1034,994,953,995,894,951,1014,980,965,972,961,883,905,822,833,836,798,819,802,723,735,680
3,179,233,198,220,233,349,1065,4038,9283,14667,18397,23348,28913,35881,36558,31202,20732,12331,6843,2998,1497,961,1050,1707,2185,2868,3293,3766,3741,3054,2402,1980,1280,805,465,329,263,256,274,322,440,431,450,397,333,329,259,184,108,74,47,56,46,43,58,53,50,48,51,51,25,33,13,12,8,12,4,8,8,9,9,7,6,9,6,5,4,3,3,3,3,2,1,1,1,1,1,1,1,1,0,0,0,2,0,0,0,0,2
6,11,3,2,2,5,8,5,3,7,8,6,5,3,7,4,5,10,9,17,15,16,21,33,37,35,48,47,62,48,85,52,76,74,79,85,86,100,105,95,126,131,157,182,199,218,238,261,337,394,403,470,497,560,606,616,672,733,740,800,792,837,852,849,859,865,829,842,845,843,815,803,821,808,790,733,657,676,666,619,575,527,503,476,472,421,394,379,371,326,323,296,295,293,278,270,243,217,204,239
21413,25190,28988,23130,23158,22844,20062,18791,17748,16173,14636,13625,12704,11752,10768,9854,9058,8338,7528,6881,6299,5681,5241,4732,4306,3928,3701,3386,3104,2770,2559,2356,2147,1927,1813,1693,1500,1428,1329,1200,1085,1012,908,838,742,735,627,627,537,511,423,453,381,368,304,316,295,294,251,219,237,216,189,190,143,137,138,139,119,106,95,98,85,78,88,81,65,75,59,52,51,46,47,41,37,36,34,31,16,29,23,20,26,24,14,17,16,20,18,16
134,0,0,0,0,0,0,0,0,0,0,0,0,0,0,0,0,0,0,0,0,0,0,0,0,0,0,0,0,0,0,0,0,0,0,0,5,2,16,19,36,34,35,25,13,20,20,22,30,32,30,31,54,65,66,65,73,86,80,69,96,92,116,130,192,203,338,445,509,638,855,989,1131,1220,1320,1431,1428,1563,1631,1785,1968,1969,2245,2350,2516,2475,2584,2595,2436,2269,2225,2075,1820,1661,1430,1216,1078,918,711,592
1,8,14,18,70,186,557,1106,1926,2690,3683,5078,7992,11792,16607,21156,23697,25850,24602,21683,18920,14795,11326,8679,6165,4563,3313,2208,1759,1354,1122,1009,866,810,805,741,753,736,705,640,589,504,501,424,390,333,314,253,208,218,160,149,153,120,99,89,74,78,61,57,38,31,27,30,25,23,22,28,30,14,14,14,11,4,14,9,7,6,4,5,3,4,3,4,4,2,0,1,1,5,0,2,1,2,1,1,0,0,2,2
7,213,211,100,119,133,130,159,229,291,490,951,1983,3603,5307,7265,9269,11153,12614,13379,14014,14115,13365,12843,11757,10383,8134,5822,3965,2794,1945,1409,1152,909,797,729,830,877,1036,1192,1122,1084,1038,894,874,813,737,665,596,502,429,385,339,280,219,213,198,193,186,181,178,191,204,190,172,189,175,149,140,132,103,87,80,75,82,73,79,75,81,73,83,69,70,56,60,44,72,52,53,49,46,43,47,32,42,27,48,33,48,38
1,0,0,0,0,0,0,0,0,0,0,0,0,0,1,0,0,0,0,0,0,1,0,0,1,0,0,0,0,0,2,2,0,0,0,0,0,0,0,0,0,1,1,1,0,3,0,0,0,1,0,1,1,0,0,1,1,1,0,3,1,1,1,1,1,2,0,1,1,2,0,2,1,0,0,1,1,2,0,3,2,2,2,1,1,2,1,0,2,2,0,0,0,2,1,3,2,1,1,2
6,9,13,19,23,20,21,9,15,11,12,7,4,7,6,7,11,1,17,12,11,8,22,32,35,41,40,46,24,16,20,25,26,19,14,32,28,35,29,33,23,31,32,35,36,39,25,24,30,20,20,20,21,30,25,24,19,26,25,38,28,35,54,69,81,89,124,207,233,322,364,459,625,726,843,890,1105,1175,1297,1466,1559,1722,1768,1772,1858,1788,1814,1826,1757,1760,1620,1643,1467,1468,1379,1286,1261,1083,1040,981
1,0,0,0,1,0,3,4,13,16,18,29,31,35,37,42,40,39,48,44,37,41,52,57,47,56,61,50,64,64,58,70,67,71,64,73,92,80,81,89,83,98,95,91,105,113,114,118,118,137,135,146,139,141,138,157,193,173,202,174,215,206,198,220,221,215,230,226,267,255,287,274,252,255,266,266,291,292,270,259,264,306,299,292,294,330,306,271,316,302,285,273,293,293,281,317,248,303,277,296
1750,935,1369,2356,8602,38081,82503,92322,76544,60528,44574,31505,24516,19824,17296,14745,12718,10846,9220,7882,6672,5495,4720,4050,3472,2866,2456,2043,1772,1554,1339,1172,985,842,787,636,597,503,420,380,347,296,241,213,204,188,179,137,130,112,96,72,72,68,54,62,55,42,43,36,21,27,26,22,8,7,12,12,8,11,5,5,8,8,8,1,5,4,7,4,3,4,4,2,2,4,3,0,1,3,2,3,3,1,0,1,0,0,1,3
9,29,34,110,152,364,644,1017,1466,1801,2021,2345,2606,3003,3393,3676,4024,4231,4247,4191,3966,3965,3553,3363,3032,2843,2688,2346,2266,2015,1985,1790,1754,1571,1457,1397,1243,1199,1170,1181,1023,1057,891,883,835,826,737,730,738,715,619,620,570,581,576,474,479,510,433,409,436,395,361,334,328,316,290,283,281,286,228,250,220,179,203,179,175,154,154,147,130,128,144,150,126,114,112,100,90,88,77,83,76,83,71,59,62,65,50,67
3,0,0,0,0,0,0,0,0,0,1,3,4,7,2,1,0,0,0,0,4,11,9,10,14,11,9,11,10,8,6,12,6,15,18,10,13,15,27,15,18,25,19,25,19,22,15,16,12,18,18,19,16,17,14,18,14,14,19,20,20,18,25,31,42,53,42,59,66,76,80,96,111,145,172,220,226,272,319,345,403,452,466,503,550,600,658,629,700,712,704,773,752,818,789,813,901,832,839,861
3,0,0,0,1,10,27,46,93,158,270,359,445,536,554,658,658,669,791,811,873,984,1069,1160,1262,1447,1560,1695,1794,2007,2168,2334,2482,2557,2697,2806,2949,3094,3037,3101,3168,3200,3180,3210,3154,3243,3128,3003,2882,2866,2773,2623,2413,2245,2175,2055,1815,1644,1504,1348,1317,1095,1076,853,787,740,610,588,459,425,374,320,282,247,213,189,166,133,105,119,94,79,54,66,44,38,32,25,24,21,21,10,21,11,9,4,11,6,2,1
1,0,0,0,0,0,1,0,0,0,0,3,35,269,1420,4663,10237,17512,22104,22775,20285,14374,10497,8209,7508,7445,5927,4250,2531,1347,656,323,149,76,43,23,22,17,15,15,15,4,7,9,5,6,9,7,13,13,15,14,14,18,17,22,18,18,16,31,25,23,15,28,21,25,13,9,7,9,2,3,0,0,0,1,0,0,0,1,0,0,0,1,1,0,0,0,1,0,1,0,0,1,0,1,0,0,1,1
61,178,284,351,428,516,579,635,710,723,753,783,837,830,858,845,791,819,819,813,804,776,826,773,759,802,741,700,702,671,715,660,642,624,605,588,581,549,527,551,503,442,474,481,435,451,448,422,435,416,408,377,369,350,329,329,329,364,313,319,316,311,285,294,238,258,280,296,268,231,251,231,252,236,248,245,225,229,192,179,198,181,178,171,186,206,178,181,196,173,175,158,152,150,169,175,172,161,150,166
36,417,691,436,562,634,597,711,1172,2472,3833,4822,5292,5653,6591,8200,10285,11696,10785,8061,5381,3879,2930,2466,2127,2043,1902,1840,1880,1828,1896,2023,2233,2355,2477,2633,2442,2212,1841,1525,1242,1026,877,856,759,755,704,747,798,796,777,789,718,788,730,707,658,652,567,509,461,446,397,396,381,342,336,311,352,319,338,331,329,286,293,279,238,234,227,193,184,165,176,185,161,165,168,153,150,143,151,141,127,119,137,126,119,88,85,112
13,1063,2116,2271,2734,3826,6232,10579,14740,15336,13300,12581,16786,23329,26868,24763,19400,13387,9605,6608,4979,3784,3132,2620,2386,2252,2377,2499,2464,2432,2293,1992,1747,1482,1318,1119,963,849,756,718,698,669,617,498,515,471,414,411,366,321,289,281,245,201,220,181,185,151,157,140,116,107,127,120,98,93,97,78,84,69,72,61,45,43,49,59,51,43,30,48,38,27,41,30,38,26,31,21,27,22,18,22,29,24,16,16,26,16,17,21
14,3295,2260,1526,1045,796,704,586,465,405,378,333,334,388,447,479,514,635,768,856,909,1039,1101,1029,1045,1125,1143,1100,1140,1062,1025,870,770,677,549,487,394,309,296,231,189,173,146,153,139,133,107,117,109,107,83,79,69,63,67,75,42,66,61,55,46,56,35,41,40,35,33,44,37,34,33,27,36,36,34,24,24,27,26,20,25,20,17,14,21,16,10,23,10,13,13,10,7,5,12,9,12,8,8,9
16,13,18,13,12,8,13,13,12,10,14,14,10,8,13,20,20,16,17,26,33,47,31,42,53,42,47,60,40,65,54,62,61,56,83,73,79,122,107,114,123,136,138,138,154,173,188,167,199,189,193,220,211,229,230,219,240,214,264,236,239,240,215,236,249,263,246,243,237,235,220,249,224,208,213,203,193,196,210,192,233,201,218,225,188,172,185,211,192,185,191,191,179,192,188,175,201,165,162,175
259,5706,3248,2559,2267,2079,2451,3435,5353,6455,6705,6069,5508,5172,4868,4624,4215,3734,3482,3271,3257,3363,3630,3881,4237,4249,4308,4578,4628,4566,4639,4424,4183,4006,3613,3356,3039,2785,2410,2172,1999,1712,1423,1253,1177,1020,817,816,718,665,564,506,498,461,388,378,359,339,318,272,282,216,243,209,209,201,221,189,169,202,173,139,163,150,146,140,161,136,134,133,124,119,99,93,113,116,105,121,100,99,90,83,79,87,91,100,83,87,75,79
1201,1721,2498,3285,6424,14182,22933,23992,19907,17069,13784,10718,9494,9787,10055,9612,9292,8883,8085,7175,6523,6165,5729,5481,5110,4814,4492,4327,3908,3630,3515,3196,2999,2778,2769,2533,2342,2253,2159,2041,1911,1789,1637,1628,1448,1372,1265,1282,1166,1155,1037,953,892,862,840,780,704,696,647,631,547,529,562,474,485,415,420,430,417,341,341,348,314,271,271,273,258,244,249,220,218,205,198,205,148,161,154,157,142,140,105,127,113,125,107,92,112,96,93,79
64,111,579,534,485,539,760,1204,2165,3191,5598,9833,11500,19809,19197,14838,12992,10686,8600,6916,5541,4664,4193,2467,1856,1529,1556,1488,1190,862,777,718,589,572,415,373,325,309,296,288,340,327,281,224,223,188,162,148,117,133,120,110,142,132,133,142,130,106,96,89,100,74,80,70,73,71,78,98,87,97,77,73,71,56,53,74,58,53,60,51,53,59,51,52,46,54,43,34,37,46,41,33,39,33,41,38,36,50,47,53
12,219,173,128,108,183,430,2320,4852,7793,9357,11053,15162,20533,24678,30123,23042,17741,15265,11788,8254,5858,4411,3571,2677,2574,2703,2899,3275,3131,3198,2812,2281,1941,1722,1470,1243,1023,929,762,601,527,483,570,562,516,468,451,386,337,319,273,235,230,225,167,143,112,112,109,121,121,111,96,84,58,62,53,48,60,48,41,41,39,27,31,29,23,25,33,17,15,15,18,17,15,15,7,14,11,10,11,7,4,9,1,3,13,3,7
9,469,1439,1922,2663,3390,3706,4167,4165,4247,4127,4081,3918,3865,3734,3702,3571,3440,3426,3322,3162,3027,2941,2950,2835,2690,2622,2570,2459,2404,2223,2269,2172,1962,1884,1846,1729,1694,1546,1540,1412,1395,1311,1240,1151,1144,1017,1054,926,894,862,787,720,739,680,682,635,580,581,562,499,493,515,462,448,428,395,363,387,360,323,311,336,330,263,297,291,265,269,250,226,271,235,217,209,195,219,202,188,204,173,173,151,190,162,188,156,190,157,158
2,49,600,961,890,873,1007,967,1015,964,1014,953,973,999,933,872,950,898,998,1010,1052,1103,1175,1177,1395,1487,1630,1760,1814,1864,2030,2030,2239,2395,2379,2376,2542,2587,2536,2527,2494,2505,2495,2452,2400,2360,2278,2243,2254,2017,2062,1914,1848,1752,1634,1617,1574,1486,1360,1285,1185,1123,1058,983,870,821,817,753,661,626,553,514,522,440,419,429,374,337,343,281,245,221,219,188,193,169,163,160,150,127,117,121,105,95,111,93,100,79,82,89
651,1114,1353,1416,1739,2423,4069,7537,12393,16665,18608,19020,19786,20126,20815,19059,15972,12736,9779,7364,5934,5086,4518,4302,4175,4140,4008,3798,3537,3086,2591,2254,1851,1588,1409,1274,1222,1085,1064,978,891,799,744,721,629,632,480,461,368,401,334,319,297,269,232,233,240,174,159,170,139,129,133,97,114,96,79,74,83,68,70,57,48,55,46,44,52,32,30,35,31,28,18,18,22,16,17,19,20,13,18,10,13,12,8,9,8,3,10,11
337,6180,1974,1301,1139,1053,982,993,913,918,895,813,797,723,780,642,584,602,556,541,538,506,507,448,451,441,399,413,376,382,395,363,402,354,369,378,305,316,307,309,344,323,308,352,329,304,255,321,275,292,295,281,266,252,311,266,270,235,233,208,220,205,234,221,218,193,197,196,207,163,171,221,178,163,167,180,163,177,190,173,183,151,167,185,169,135,160,157,148,150,128,147,131,153,144,136,122,114,127,123
242,1797,2172,1528,1219,990,847,780,667,622,582,553,542,457,461,447,430,356,360,338,316,319,308,250,242,253,208,223,173,189,174,177,153,143,141,139,147,105,112,116,104,98,96,93,69,85,64,86,65,73,62,64,49,47,42,43,38,35,38,40,26,29,26,28,27,17,19,22,21,20,25,17,13,13,12,22,15,11,15,19,11,9,8,12,12,13,4,9,10,6,9,5,8,3,4,9,7,6,9,4
640,13250,13071,10634,8870,6710,5059,3680,2623,1917,1362,999,831,680,668,658,728,850,892,1053,1188,1339,1476,1561,1656,1692,1755,1756,1753,1723,1602,1701,1633,1619,1605,1584,1542,1656,1456,1554,1635,1644,1655,1624,1555,1578,1611,1499,1460,1450,1364,1378,1322,1204,1200,1085,1044,992,901,849,755,777,663,636,586,498,452,457,364,350,341,345,288,274,257,239,188,209,189,176,148,154,143,155,144,116,111,127,135,122,114,110,126,128,120,112,116,139,113,107
241,14181,8265,6081,4653,3638,2843,2339,2139,1935,2133,2508,3022,3729,4042,4472,4792,5002,5208,5443,5657,5884,6180,6492,6702,6585,6174,5606,4969,4369,3938,3365,2998,2631,2219,1903,1758,1564,1496,1432,1283,1126,1049,978,905,910,877,761,813,748,691,667,633,521,550,421,396,417,365,338,338,305,270,278,259,270,231,202,209,213,174,179,164,186,175,175,143,144,143,119,109,115,96,108,113,92,96,106,96,99,78,96,78,90,98,90,75,88,72,66
183,17478,11496,9718,8221,6565,4772,3454,2309,1739,1246,915,727,625,547,567,568,603,638,760,840,992,1026,1194,1232,1291,1388,1402,1405,1433,1341,1324,1292,1215,1288,1223,1130,1098,1101,1126,1156,1069,1128,1088,1087,1124,1101,1083,1067,1057,1085,1049,1110,1024,1055,1021,1018,903,960,912,857,840,793,761,710,649,626,590,546,581,439,437,438,413,394,348,315,281,273,257,234,238,220,216,187,182,167,146,156,136,135,142,122,127,122,137,103,112,115,110
777,707,10674,17199,16027,19512,33972,61978,95496,113598,111086,86301,59859,39323,23406,14180,8487,5360,3361,2127,1420,920,675,413,329,224,160,116,78,56,41,36,25,30,17,13,8,11,5,2,6,3,4,3,1,1,0,0,1,3,0,1,0,0,0,1,0,0,0,0,1,0,0,1,0,0,0,0,0,1,0,0,0,0,0,0,0,0,0,0,0,0,0,0,0,0,0,0,0,0,0,0,0,0,0,0,0,0,0,1
737,8396,3703,2630,2154,2039,2282,3436,5362,6427,6493,5678,5127,4845,4547,4379,4092,3497,3199,2914,2813,3027,3094,3277,3406,3689,3782,3905,4165,4057,4055,3929,3750,3489,3478,3245,2898,2728,2507,2208,2077,1753,1590,1374,1213,1114,970,884,785,702,647,576,499,456,399,349,329,361,306,278,279,290,224,221,202,233,203,174,186,185,184,155,147,168,162,146,141,131,148,135,141,127,109,116,109,95,99,102,112,111,102,105,112,95,88,94,83,74,84,78
4,8,611,598,343,290,198,169,137,108,99,74,71,46,38,55,43,42,29,53,30,41,37,32,49,45,47,48,49,42,54,43,50,55,65,60,58,71,75,70,67,78,82,93,113,128,162,154,199,235,246,300,318,344,388,494,457,500,511,517,481,456,431,375,359,321,303,254,265,237,234,186,206,181,147,159,153,135,145,124,130,135,119,107,109,124,92,107,111,100,100,101,88,76,101,93,93,74,81,82
7,266,248,142,140,193,460,2337,4570,8157,9688,11362,15165,20894,26499,33524,24979,20525,18454,15153,11084,7671,5800,4312,2664,2074,1992,1916,2136,2120,2237,2051,1546,1385,1208,1154,1059,946,798,564,364,317,252,252,250,261,298,208,188,190,163,154,145,148,114,90,62,81,66,57,45,57,47,52,29,37,29,30,23,18,13,17,13,14,10,10,8,11,7,12,11,13,7,9,6,7,4,5,5,3,1,1,2,2,3,4,2,1,1,4
316,5145,3954,2220,1413,971,900,683,543,470,364,268,213,198,138,117,108,67,59,53,41,32,26,44,26,25,20,23,20,12,17,13,10,23,15,21,10,11,13,11,9,13,17,14,14,18,14,8,14,7,12,9,12,8,6,4,7,3,4,3,5,11,6,3,6,3,2,6,2,5,1,1,3,5,1,2,3,3,1,3,0,2,5,2,1,0,4,0,0,2,3,3,2,3,1,2,3,4,2,3
4,108,203,223,291,503,1324,2764,4048,4087,3804,4282,6299,8441,9044,8297,7665,7402,6331,5506,4969,4188,3437,3067,2920,3115,3415,3341,3156,2914,2696,2655,2573,2462,2453,2094,1854,1603,1421,1414,1389,1390,1413,1397,1381,1168,1095,1019,988,1016,905,868,837,732,657,649,652,608,601,526,571,517,519,521,459,433,392,367,362,331,336,327,284,297,271,274,264,250,264,248,188,201,181,204,159,167,159,146,160,134,135,141,116,114,114,115,105,101,88,83
433,4,11,130,611,717,606,697,867,949,1030,1049,1080,1064,1140,1131,1246,1234,1286,1401,1521,1746,1954,2305,2489,2858,3208,3446,3691,3764,3927,3984,4087,4300,4032,3982,3924,3937,3659,3674,3440,3329,3086,2882,2645,2642,2401,2210,2084,1916,1674,1551,1333,1251,1121,1051,896,811,738,689,644,510,487,418,404,344,347,288,268,225,214,191,199,178,180,179,148,167,148,154,126,114,108,84,118,126,94,89,93,93,70,65,71,70,67,62,63,58,60,43
23,459,1036,1245,1743,3028,5906,11771,19656,25389,27555,28379,29556,30803,29473,26975,21694,16098,11862,8326,5651,3921,3042,2450,2032,1932,1707,1499,1219,1160,943,744,633,524,434,380,359,280,297,235,222,219,167,170,158,120,120,102,75,81,63,68,55,50,53,41,30,25,29,23,27,10,17,13,12,17,16,13,13,14,2,6,6,7,5,7,9,7,8,3,6,4,5,5,5,2,6,2,3,1,3,2,3,3,3,3,2,2,1,2
168,2753,2646,1661,1094,905,791,650,576,551,506,500,453,422,420,412,371,348,332,323,291,260,273,238,211,197,227,209,177,193,167,178,169,151,127,122,109,138,126,107,89,101,88,86,67,73,43,63,64,58,51,48,43,50,41,32,43,43,31,42,27,31,21,24,21,16,18,31,15,12,11,18,13,18,15,11,15,14,10,10,15,11,11,12,7,7,11,4,15,7,9,5,9,6,7,2,4,8,5,4
7772,6024,5036,4304,3602,3273,3116,2891,2639,2411,2375,2130,2153,2095,2061,1960,1981,1797,1858,1786,1654,1651,1512,1526,1509,1375,1329,1326,1252,1252,1221,1087,1100,1009,1051,1025,1012,925,924,896,896,831,826,767,779,759,768,714,730,708,666,687,655,672,637,623,593,601,574,595,588,543,501,523,485,497,482,467,440,411,416,478,381,370,382,358,351,345,371,342,358,339,290,293,306,281,252,291,254,272,234,269,227,235,230,218,205,223,217,211
15198,15125,11172,9265,6999,5774,4358,3482,2465,1988,1516,1231,945,762,636,496,455,405,312,291,237,229,222,190,167,144,154,138,111,113,111,100,74,83,66,71,83,69,55,65,62,73,46,52,45,59,50,46,44,39,38,25,40,42,32,23,34,26,22,28,27,16,19,25,32,27,21,14,16,17,21,17,14,20,10,18,21,23,10,9,11,11,15,12,11,5,17,18,16,10,14,15,6,11,11,11,6,19,12,16
155,120,116,130,117,137,132,128,112,125,117,104,115,112,126,118,125,117,105,111,116,125,112,123,118,108,117,115,103,115,105,106,105,119,137,326,795,2253,4936,7112,9513,10283,7113,4731,4472,4635,4327,5183,4898,3872,2065,621,148,47,39,32,18,17,16,15,11,15,14,12,10,8,10,10,9,10,8,13,10,8,11,13,14,18,6,16,22,20,26,19,20,28,24,22,26,35,43,54,51,62,95,122,148,182,196,167
5,117,765,1522,2421,3293,3627,3903,3875,3743,3547,3076,2936,2600,2448,2037,2130,1724,1724,1497,1431,1307,1151,1097,972,968,822,889,773,777,691,651,658,533,585,539,528,508,502,461,451,458,421,424,373,407,363,364,381,352,336,295,295,300,311,309,331,264,275,247,287,256,240,231,225,218,223,197,192,198,219,198,174,179,179,192,173,135,158,158,136,156,138,135,145,126,127,115,118,112,113,118,119,114,102,104,115,81,94,98
116,3423,2826,2145,1979,2051,2184,2590,2970,3602,4029,4526,5073,5657,5988,6416,6657,7019,7157,7229,7480,7610,7096,7124,6871,6764,6428,6195,5648,5611,4909,4726,4372,3737,3675,3341,2896,2585,2382,2124,1874,1721,1481,1385,1194,1034,929,898,770,665,631,506,455,419,353,315,294,255,257,197,199,174,133,140,132,112,98,88,90,73,65,64,73,40,48,44,60,43,35,37,37,33,24,31,29,21,32,20,25,24,22,14,16,20,14,13,11,12,18,19
2,164,1828,1634,1714,2029,2727,3318,3353,2861,1956,1308,858,663,682,771,945,1068,1317,1466,1462,1548,1507,1527,1543,1516,1463,1434,1394,1411,1358,1387,1479,1537,1448,1491,1423,1464,1482,1364,1399,1335,1297,1251,1240,1215,1090,1019,1064,979,988,903,871,852,823,781,710,708,646,623,572,621,570,569,566,492,502,488,463,468,410,418,428,383,394,385,365,388,337,342,331,338,288,286,312,294,269,284,279,290,290,261,248,264,243,256,250,211,231,193
696,4,61,241,433,497,526,650,873,1573,3951,7455,8872,7194,5136,3972,3467,2940,2931,2922,3124,3194,3531,3674,4251,4961,5657,6406,6868,7235,7396,6689,6519,5837,4997,4158,3586,2950,2551,2078,1739,1400,1067,872,756,648,543,449,370,319,274,265,227,194,167,175,185,162,154,142,129,117,113,124,114,103,88,107,82,73,78,80,91,76,70,52,65,48,56,57,51,51,53,39,43,44,32,44,33,28,35,20,28,28,32,28,28,19,18,24
3,4,2,5,11,17,20,18,29,30,36,38,31,31,38,40,36,43,39,28,21,31,26,20,25,25,34,37,31,20,31,30,42,36,26,32,32,40,51,49,49,46,66,76,63,88,90,86,122,107,90,104,126,124,155,148,134,147,128,164,142,161,154,153,149,190,162,168,160,151,160,159,166,181,156,166,147,172,156,142,136,148,130,147,149,144,160,134,116,113,145,125,135,121,146,120,121,130,117,93
9,277,445,506,561,665,726,808,945,1394,2040,3109,4004,4212,3740,3105,2691,2407,2266,2242,2502,2918,3722,4076,4628,5061,5432,5387,5072,4937,4432,4004,3344,2840,2517,2009,1806,1380,1266,1074,928,850,810,715,682,686,659,676,673,651,676,682,745,681,672,630,667,609,588,534,520,460,485,437,356,384,335,317,336,307,326,281,278,296,225,253,244,220,216,221,214,210,203,200,192,170,182,177,172,177,150,152,164,147,129,151,126,115,117,114
1,1,0,4,8,12,6,10,17,17,30,22,26,23,32,25,31,24,27,29,28,31,28,38,32,38,43,30,43,36,40,25,44,37,48,46,59,36,46,54,61,60,53,52,53,63,72,83,87,98,82,87,105,108,116,115,138,126,137,135,132,174,159,165,166,136,181,177,173,193,175,202,190,175,204,193,193,194,206,241,245,234,203,221,224,233,229,250,216,235,239,252,257,263,261,268,269,262,295,287
3,87,178,210,362,511,899,1480,2392,3606,5194,6601,8513,10239,11779,12821,12865,12491,10551,8344,6079,4224,2937,1940,1334,925,826,742,865,834,911,970,1088,1142,1115,1026,1074,905,758,718,532,461,369,345,321,333,326,324,337,313,360,353,369,350,342,350,320,327,305,299,283,234,270,240,268,263,250,254,247,255,241,246,240,285,249,257,228,221,233,209,203,225,210,179,204,224,219,181,193,186,171,163,180,165,201,165,155,184,149,147
1,0,0,0,0,0,0,0,0,0,0,0,0,0,0,0,0,0,0,1,3,2,0,1,0,2,0,1,0,0,0,1,0,1,2,3,2,6,10,32,67,96,149,204,521,1637,4427,8694,12202,13460,12064,9618,6895,4706,2999,2014,1421,1167,1049,1122,1282,1494,1707,1710,1674,1567,1273,1056,893,656,596,583,551,612,603,659,708,634,594,482,410,307,215,182,130,105,69,54,39,36,28,23,18,8,10,9,4,1,2,4
2,4,6,12,5,6,18,11,26,20,26,33,31,28,24,25,20,29,26,37,34,42,36,37,33,37,34,43,38,48,55,58,64,53,73,68,80,75,95,83,92,92,64,94,83,89,116,103,123,88,101,136,103,119,99,130,125,116,127,145,142,157,149,149,167,193,178,162,193,188,205,184,198,230,210,238,238,230,217,258,250,286,257,267,226,239,286,260,273,290,283,266,296,308,303,303,262,313,317,290
285,172,180,164,152,162,167,159,166,175,161,173,173,150,155,162,155,166,179,180,173,149,144,172,153,176,149,159,143,175,152,158,149,179,147,160,182,177,167,171,158,166,175,172,194,218,230,232,250,292,326,396,521,646,793,935,1169,1390,1623,1870,2065,2176,2287,2507,2574,2755,2623,2874,2613,2677,2684,2427,2402,2119,2050,1687,1606,1380,1257,1067,1008,775,711,583,530,466,397,370,311,313,237,223,212,174,160,171,150,115,130,110
24,64,118,191,234,348,380,396,418,429,439,473,499,547,556,640,636,734,824,848,911,1013,1065,1093,1230,1140,1262,1248,1340,1358,1339,1363,1341,1333,1414,1301,1263,1287,1314,1206,1253,1171,1131,1209,1080,1045,977,974,976,821,839,771,803,806,759,733,676,653,631,608,609,568,551,510,526,505,478,446,448,433,445,429,397,370,373,340,366,321,294,304,308,307,314,268,250,222,239,260,259,249,243,216,237,189,203,204,199,198,182,192
1,1073,775,605,599,633,589,565,426,356,330,327,382,361,363,404,361,351,341,313,311,319,292,274,276,278,261,216,235,234,232,240,209,203,222,199,241,205,198,175,155,186,153,174,141,127,114,133,119,115,104,112,90,75,86,96,87,76,83,74,63,62,71,57,68,53,68,56,57,56,52,53,49,48,50,37,31,33,46,45,34,35,25,34,42,42,25,28,42,25,32,29,25,20,25,20,25,19,23,18
181,696,575,418,431,434,501,1014,1792,2532,3052,3963,4684,6116,8895,12652,15732,16060,15173,14716,15081,15366,16124,15729,13612,10931,8181,6074,4738,3846,3153,2544,2197,1884,1627,1562,1529,1506,1649,1619,1574,1450,1332,1222,951,888,810,717,536,469,403,357,286,295,246,248,248,236,218,179,196,148,171,133,164,118,101,84,70,69,75,49,58,65,35,42,43,47,41,21,39,39,30,25,27,28,8,19,15,15,18,11,16,12,7,9,6,9,10,11
2,3,2,3,4,4,1,2,5,2,6,2,5,3,3,7,17,13,24,38,82,126,263,412,597,766,888,1054,1206,1235,1396,1433,1490,1523,1575,1533,1549,1514,1549,1473,1426,1453,1275,1328,1303,1221,1255,1155,1106,1060,984,1010,968,946,945,861,822,844,795,775,770,731,692,720,653,654,599,626,594,598,526,550,553,530,496,515,482,452,455,434,419,423,398,391,378,381,337,338,376,335,337,333,300,314,290,298,281,298,285,279
3,0,0,0,0,0,0,0,0,0,0,0,0,0,0,0,0,0,0,0,0,0,0,0,0,0,0,0,0,0,0,0,0,0,0,0,0,1,7,11,25,42,84,129,150,138,128,137,144,182,217,232,288,395,530,653,885,1104,1426,1729,2017,2317,2697,2857,3247,3573,3906,3981,3989,4079,3759,3569,3275,3009,2713,2378,2159,1922,1774,1582,1401,1235,1117,1025,900,687,691,525,439,387,308,288,291,220,160,129,111,123,97,88
31,3846,5970,7301,7969,7464,7171,6489,6267,5980,5632,5419,5282,5049,4845,4602,4315,4348,4039,3886,3719,3501,3492,3281,3144,2910,2879,2840,2625,2470,2379,2197,2109,1997,1928,1773,1744,1615,1432,1403,1374,1249,1152,1098,1048,1035,909,859,799,777,699,708,623,576,574,501,495,498,460,430,384,349,367,313,299,278,265,271,245,219,214,216,217,183,169,173,172,149,160,135,135,142,127,119,138,103,106,88,105,94,77,76,89,89,74,74,53,69,50,47
5,13,24,28,83,243,566,1199,2123,3528,5236,7117,8679,10408,11591,12475,12471,13020,12875,12317,11663,11160,10339,9396,8385,7397,6837,6016,5443,4786,4051,3776,3384,3102,2685,2534,2237,1999,1799,1562,1469,1292,1210,1098,996,945,836,792,701,635,601,574,522,476,438,397,346,332,298,299,280,277,257,209,209,175,195,179,148,143,126,121,120,101,110,94,97,91,79,76,68,67,64,62,54,53,45,42,37,38,38,41,32,29,45,42,19,23,20,26
11,613,389,285,264,288,314,497,1241,3900,6359,9600,16185,24251,30357,34584,31690,25227,19015,10192,6476,6026,6490,6404,6422,5693,5028,4666,4063,3807,3866,3681,3264,2568,1944,1702,1539,1227,1044,918,793,681,613,554,592,636,565,468,400,336,313,276,245,216,219,200,164,140,127,107,92,72,85,86,61,58,48,49,42,28,27,36,30,44,21,14,18,11,20,10,12,11,9,12,7,11,4,2,1,2,3,1,3,6,3,1,3,0,3,2
6,40,66,100,121,148,156,156,173,209,192,227,214,248,255,258,259,337,348,347,427,416,481,487,502,526,544,652,675,756,790,803,918,903,970,1058,1018,1158,1091,1096,1172,1175,1163,1078,1095,1030,972,963,993,990,871,905,844,769,793,782,756,741,772,667,682,669,694,662,687,642,640,643,615,609,596,574,527,573,568,511,537,514,549,513,512,509,502,455,468,503,439,397,465,389,370,368,386,344,346,314,297,294,268,262
2,0,0,0,0,1,3,3,5,1,4,3,10,8,16,26,32,49,45,45,63,62,67,74,71,82,60,79,72,69,85,64,60,71,83,80,80,80,72,82,78,78,90,100,107,89,137,134,159,132,135,152,158,161,177,178,216,187,197,208,231,202,228,204,244,219,216,211,214,218,194,207,182,191,203,223,200,207,169,160,186,197,186,177,180,170,167,168,157,161,171,181,193,178,185,207,192,184,190,214
851,1329,1398,1291,1223,1286,1406,1311,1414,1496,1545,1617,1439,1447,1467,1611,1901,2218,2212,2472,2834,3776,4548,5340,5847,6527,7272,8115,9032,9296,8997,8383,7931,8151,8491,8662,8329,7315,6177,5308,4689,4258,3934,3634,3180,2622,2139,1803,1631,1521,1361,1230,1109,942,833,722,651,639,611,594,565,573,541,510,490,451,449,429,420,432,376,343,319,325,287,269,230,237,227,223,158,147,140,137,102,126,104,89,79,99,86,79,56,64,54,65,67,50,57,46
1,0,0,1,0,1,0,1,0,0,0,0,2,0,1,0,0,1,1,0,1,0,1,2,0,0,2,3,7,13,15,92,223,565,1008,1610,2176,3112,4115,5127,6674,7555,7875,7167,6213,4961,3700,2815,2193,1785,1319,1046,963,800,692,590,426,381,311,249,232,197,168,145,127,95,96,81,69,74,59,68,58,71,72,75,74,93,74,94,105,112,133,130,153,168,166,194,176,193,168,170,138,119,110,109,107,100,69,65
1,0,0,1,0,2,2,4,12,18,36,55,54,76,109,110,126,117,146,122,141,111,120,106,129,111,120,101,104,106,93,117,100,79,92,92,104,102,93,94,98,95,104,120,106,85,125,125,134,139,137,162,147,150,191,160,170,173,213,183,215,258,229,253,259,211,260,270,258,278,273,275,258,254,268,262,258,245,262,239,256,262,255,242,254,281,235,244,242,223,262,236,243,251,235,245,232,247,233,229
202,10323,13285,10010,8726,8232,8583,9993,12870,14632,14370,13136,12859,13106,13376,13622,12771,11019,9157,8280,7228,6358,5932,5381,4606,3827,3192,2686,2375,2070,1757,1506,1251,1091,895,771,629,548,492,410,308,287,250,203,209,165,137,135,105,131,84,90,74,68,50,59,55,48,46,41,36,29,31,32,19,27,22,29,25,31,20,24,15,21,19,20,31,27,17,28,26,30,25,25,23,35,24,32,32,23,26,33,30,32,43,32,37,31,41,33
1,86,615,897,1255,1655,1923,2392,2830,3091,3422,3569,3606,3670,3657,3837,3686,3677,3638,3463,3437,3332,3076,3046,2943,2842,2615,2504,2402,2279,2143,2030,1939,1843,1653,1656,1554,1425,1468,1354,1269,1231,1108,1153,999,987,929,911,864,785,800,739,649,627,607,504,590,541,512,492,408,430,433,416,397,356,347,356,324,332,272,280,274,271,245,219,233,206,233,205,192,217,196,192,172,168,184,158,142,147,167,122,110,125,121,114,115,129,97,87
2,3,3,4,11,14,21,31,29,48,80,92,127,152,172,223,227,288,359,383,480,580,723,873,931,1203,1414,1532,1648,1794,1884,1907,1929,1940,1762,1833,1790,1594,1509,1532,1362,1390,1337,1277,1354,1139,1175,1215,1102,1156,1124,1177,1125,1028,1052,1027,934,973,835,819,796,773,641,649,645,534,524,485,449,417,377,323,324,318,288,270,249,222,227,215,220,184,185,171,138,156,153,149,133,126,87,122,96,115,88,78,84,60,71,55
2,7,4,2,2,3,3,3,0,3,3,4,5,11,10,15,21,35,34,52,78,80,126,154,188,223,337,345,437,556,621,773,957,1082,1215,1402,1653,1821,1882,2131,2247,2404,2584,2655,2746,2849,2878,2753,2793,2775,2768,2589,2422,2406,2255,2171,1997,1779,1808,1519,1444,1257,1166,1003,928,863,735,614,555,500,486,399,339,305,290,269,267,216,211,181,228,204,189,187,214,166,182,163,154,146,150,162,131,141,130,134,147,108,127,107
301,94,175,83,112,122,126,165,155,192,284,487,833,1349,2152,3547,5629,7575,9073,9748,10526,10550,10784,11071,11363,11492,11388,10667,9710,8120,6451,4925,3841,2851,2299,1792,1491,1360,1130,1004,929,839,735,670,612,535,495,444,421,400,394,394,350,316,325,288,288,231,207,168,167,153,140,109,104,103,81,68,67,54,63,54,50,39,41,28,35,26,32,19,21,16,23,19,15,9,17,11,11,11,11,9,6,4,5,11,3,6,3,4
8,6,2,4,4,5,4,1,6,2,3,6,5,8,2,2,2,4,6,6,3,3,1,3,3,4,3,6,6,3,0,5,2,2,4,4,3,3,2,3,2,3,5,2,6,1,6,4,6,2,2,6,7,6,4,5,2,6,4,2,4,1,1,7,11,8,8,5,9,3,5,3,5,8,5,5,2,9,8,3,6,4,6,12,6,3,5,5,6,6,9,13,7,9,4,6,4,7,6,7
4,8,27,51,110,199,308,565,767,1101,1460,1928,2326,2903,3337,3737,3833,4303,4424,4664,4693,5050,4808,4871,4840,4624,4514,4266,4193,3893,3693,3531,3404,3096,2762,2764,2476,2267,2078,1901,1743,1644,1583,1275,1235,1095,1043,951,884,828,782,707,598,589,563,499,424,439,407,372,314,355,323,292,278,251,234,252,197,229,206,210,201,192,166,145,146,130,149,124,108,115,112,111,98,101,76,79,105,93,68,82,75,60,68,73,72,61,52,52
2,0,2,6,2,4,2,5,3,3,2,0,0,1,4,5,1,8,4,7,8,9,3,8,11,11,6,8,11,10,8,17,10,6,10,13,10,12,10,14,13,12,13,9,13,15,10,19,16,23,20,24,23,30,36,36,44,50,49,56,58,66,80,79,85,105,76,93,95,110,124,115,133,134,146,156,155,162,150,191,182,188,201,200,192,200,200,211,239,221,195,217,219,202,189,247,218,257,250,224
463,723,1245,1735,2225,2620,3316,3655,4322,4589,4734,5078,5058,5130,4773,4624,4351,4105,3718,3528,3384,3136,3030,2836,2782,2648,2483,2498,2370,2228,2115,2136,1974,1948,1889,1785,1774,1719,1513,1480,1484,1455,1370,1360,1238,1251,1169,1115,1106,1060,1051,927,916,926,879,794,803,784,808,698,693,724,639,647,615,639,577,572,561,468,474,492,467,470,425,461,416,398,391,371,401,380,367,342,324,340,289,301,312,284,279,274,230,244,242,243,236,207,203,218
14,37,87,170,145,223,238,231,223,227,194,199,202,189,195,164,216,203,201,200,204,182,199,212,248,202,179,211,189,203,188,177,189,170,189,192,191,194,178,187,170,185,207,175,211,190,220,209,211,208,233,243,263,232,220,257,239,228,266,253,251,265,244,293,280,272,277,268,273,297,285,294,274,296,271,311,313,288,291,338,323,293,341,325,358,330,329,337,372,366,356,360,376,334,349,395,372,381,397,359
9,12,11,8,10,8,11,4,11,5,8,10,12,6,6,4,3,9,9,6,14,7,5,7,4,7,8,3,9,5,8,7,6,12,7,6,8,4,6,3,6,6,3,5,3,14,5,10,2,7,3,7,8,7,10,10,10,7,12,18,24,16,33,34,36,25,31,27,37,26,15,17,11,24,15,13,20,26,18,22,25,34,38,41,64,66,76,90,122,125,142,154,157,178,228,260,276,361,376,397
802,21,3,1,0,0,6,81,525,2120,6002,12985,21541,29631,36836,40019,37941,32212,24019,16614,10919,6971,4445,2986,2023,1518,1246,948,807,693,568,567,514,391,353,341,252,218,184,153,131,95,103,77,65,60,42,39,34,40,47,42,41,35,38,45,32,42,37,39,34,35,25,31,32,20,22,16,9,12,14,18,14,13,16,5,5,9,7,3,4,9,2,0,4,2,4,3,2,1,3,2,2,2,1,3,1,3,0,1
1,20,16,17,8,13,16,22,18,12,13,6,21,13,12,18,10,14,18,14,14,14,9,13,16,17,13,13,18,30,24,33,58,124,313,822,1708,2855,3952,4670,4768,4385,3637,3015,2390,1992,1520,1262,1020,923,715,663,636,611,563,485,464,398,371,340,293,253,248,230,208,184,190,154,154,162,155,144,150,130,126,92,109,125,107,93,103,92,98,81,80,73,78,71,63,78,76,60,69,64,58,59,50,70,36,46
266,3303,8805,9869,8638,7319,6262,5423,4665,4145,3963,3576,3421,3219,2982,2768,2622,2417,2410,2224,2081,1988,1782,1679,1678,1563,1461,1389,1275,1253,1195,1157,1137,980,930,884,862,820,790,722,732,726,630,638,560,583,531,506,516,438,487,454,430,415,416,365,376,359,343,345,295,302,311,285,306,268,286,233,256,233,256,210,245,234,193,193,211,201,183,182,171,178,195,151,165,161,175,160,187,156,154,132,165,144,118,154,114,140,142,103
1879,20897,30187,27352,23333,19883,17033,14900,13139,11675,10481,9437,8590,7705,7077,6511,6073,5708,5203,4869,4416,4133,3842,3635,3487,3200,3085,2916,2721,2444,2418,2265,2207,2056,1986,1839,1743,1634,1533,1431,1309,1215,1179,1155,1072,994,978,842,801,777,716,692,654,581,600,549,523,464,489,449,458,448,411,382,359,371,352,342,324,299,306,275,242,258,236,234,229,214,213,181,176,164,157,157,140,110,137,141,120,103,91,82,77,87,90,82,62,65,63,58
506,414,471,456,494,576,679,950,1127,1359,1501,1601,1701,1894,2315,2751,3600,4019,4626,4726,5007,5029,4725,4738,4457,4439,4252,4276,4116,4163,4298,3904,3855,3729,3610,3312,3032,3002,2661,2353,2270,1859,1725,1474,1346,1232,1079,935,911,891,810,675,661,632,567,577,539,512,468,470,411,407,361,386,339,317,271,284,261,270,242,238,228,200,180,162,180,158,145,136,150,113,129,134,112,88,81,91,86,91,69,73,70,66,65,72,69,71,61,52
1057,808,549,380,290,212,184,128,117,95,65,63,41,44,29,27,12,28,11,17,18,16,10,12,8,5,3,4,1,3,4,7,4,3,2,0,7,0,6,2,1,3,0,1,1,2,1,2,2,2,2,2,2,1,0,1,0,0,0,0,1,1,0,0,0,1,2,0,3,0,0,0,0,0,0,0,0,0,0,0,0,0,1,0,0,0,0,1,0,0,0,0,0,0,0,0,0,0,0,1
353,809,3815,5066,5418,5833,6150,6558,6572,6715,6790,6765,6490,6429,6375,5888,5757,5277,5039,4904,4503,4316,4073,3806,3622,3452,3270,3152,2991,2843,2691,2358,2297,2047,2055,1865,1731,1628,1589,1464,1415,1373,1259,1148,1162,1127,1039,998,915,866,887,825,783,690,661,610,613,587,586,519,525,487,430,455,444,398,360,375,350,314,331,297,268,283,281,228,262,226,254,215,186,213,195,195,188,193,150,158,155,164,150,136,139,125,138,114,114,106,102,107
12505,11700,17418,20193,19742,18902,16935,15784,14377,13474,12570,11740,10806,10226,9459,8755,8126,7554,6925,6585,6008,5597,5276,4851,4345,3994,3613,3271,3067,2794,2586,2338,2112,1958,1909,1636,1454,1421,1305,1236,1185,1052,964,893,864,811,773,695,632,653,569,506,525,504,416,426,365,343,296,316,302,282,247,226,227,211,207,200,161,164,161,148,137,144,138,116,108,125,117,102,83,87,79,64,75,78,81,71,61,69,52,43,52,43,39,45,45,39,34,29
3088,19896,8662,6294,5018,4028,3206,2978,2458,1923,1547,1212,1007,820,675,595,416,383,275,270,186,147,143,119,100,58,72,70,52,52,31,24,18,24,22,21,18,11,9,11,12,10,9,5,5,4,5,5,4,4,6,1,3,1,6,1,4,3,4,6,3,3,2,3,3,3,4,2,1,3,2,6,4,2,1,5,2,5,1,3,6,3,0,3,2,0,9,7,4,5,1,3,3,9,6,6,5,4,8,7
938,518,1650,5219,20052,24195,29682,35228,44052,48273,53296,52846,50964,44299,38599,30732,24545,19538,14502,11387,8606,6605,4828,3837,2931,2462,1820,1593,1288,1096,886,780,685,561,523,455,428,350,315,257,240,202,181,149,128,114,81,81,69,66,42,40,39,27,31,39,23,20,15,17,13,12,16,4,13,7,6,7,8,4,1,5,5,3,8,2,5,2,1,2,0,0,2,2,1,0,2,3,2,4,4,1,0,1,0,0,2,2,0,1
43,53,58,38,44,36,51,84,168,307,594,965,1985,5338,11510,14614,18548,20686,21721,24278,28716,23270,16178,11032,7661,5065,3335,2263,1364,781,573,529,599,727,971,1109,1102,1116,1145,1045,1045,942,761,593,393,273,231,211,138,117,99,92,80,88,62,90,88,85,54,82,69,77,59,43,32,31,25,22,16,16,9,13,9,9,9,6,4,10,7,3,7,5,5,4,1,5,2,5,1,0,0,1,0,1,0,0,1,3,3,1
73,75,67,88,86,131,182,336,810,2411,6558,13607,22264,31321,34736,28693,19109,11229,6497,3799,2698,2204,2026,2111,2248,2706,3511,4394,5142,5295,4708,3451,2414,1773,1354,1170,1047,883,863,827,880,1041,1142,1173,1091,1013,782,645,477,371,339,314,271,286,295,270,305,291,298,274,240,223,184,167,126,119,107,128,88,101,99,93,96,79,103,74,74,62,49,40,45,39,35,38,27,27,23,32,32,31,27,29,20,16,15,14,9,14,18,8
59,50,53,69,90,116,168,287,538,1159,2322,3872,6672,10115,14880,18270,21681,22132,22006,20019,17450,13643,10381,6992,4711,3170,1930,1245,815,764,632,664,750,718,772,924,816,941,891,878,806,826,710,659,535,516,449,388,349,303,326,275,250,261,288,237,257,231,243,207,204,203,182,156,130,117,117,91,85,76,66,59,65,62,64,39,44,42,50,44,38,36,29,38,32,34,30,21,32,31,26,15,23,23,16,8,20,16,15,15
91,7194,6586,4475,3105,2732,3274,4929,6538,8047,8897,8983,8604,8079,6890,6268,5959,6354,6836,7594,8339,8800,9072,8930,8653,7881,7143,5930,4927,4047,3247,2682,2124,1798,1508,1200,1074,956,812,759,670,588,507,493,407,404,362,305,325,333,311,254,259,235,247,241,228,210,200,204,201,193,204,192,177,192,184,181,153,152,158,163,146,122,93,118,129,133,116,103,98,99,84,91,69,83,82,64,90,62,71,70,74,81,67,69,76,59,61,55
196,52,26,33,37,37,57,63,59,71,52,55,57,63,84,106,107,107,105,92,103,102,104,115,149,167,182,174,175,141,150,142,144,181,196,180,191,178,217,176,188,176,193,187,188,172,211,188,231,200,182,177,190,179,187,186,186,203,192,188,180,149,176,205,164,152,181,170,186,188,171,161,179,164,163,181,191,161,166,173,161,147,170,139,149,131,137,136,141,135,131,129,138,151,130,116,156,144,145,113
194,3080,7650,10278,10845,10792,11117,10307,9957,9388,8414,7646,6961,6029,5241,4854,3960,3574,3187,2845,2528,2496,2176,2042,1977,1857,1702,1664,1451,1468,1323,1244,1152,1151,1046,916,926,779,826,737,717,702,660,571,536,526,519,440,463,412,438,369,377,321,313,302,310,276,287,261,270,236,240,250,218,189,187,184,171,171,187,161,166,161,142,175,154,146,131,135,118,136,110,126,116,117,112,116,114,120,128,94,100,108,100,97,102,98,74,102
2641,2861,2883,3052,3056,3242,3306,3281,3284,3252,3180,2934,2961,2662,2655,2453,2317,2233,2096,2048,1884,1823,1687,1601,1493,1402,1376,1264,1262,1170,1040,1020,980,911,884,800,760,768,701,722,641,634,597,558,544,584,553,545,540,469,480,472,443,438,385,443,387,370,359,335,328,349,323,313,312,257,277,265,274,264,234,244,235,258,197,242,208,197,220,202,187,187,179,175,155,155,158,170,181,153,160,145,141,137,136,154,133,138,130,123
780,916,1194,18978,60886,58925,43064,31351,22545,17160,13444,10881,9110,7963,6895,6154,5422,4700,4117,3626,3172,2734,2415,2070,1860,1751,1480,1361,1350,1250,1170,1074,988,923,824,775,712,616,619,606,501,487,473,423,381,401,343,337,320,322,265,218,251,238,209,235,201,181,203,179,156,141,156,132,128,127,109,97,102,106,93,72,77,72,70,77,67,66,56,67,55,50,60,53,48,46,57,29,33,31,35,26,36,33,34,33,27,23,26,20
9,38,52,69,67,86,71,66,75,178,1098,3632,5421,4791,3238,2070,1279,845,562,322,227,182,168,157,162,165,129,134,88,103,77,61,65,73,54,51,53,45,43,45,41,26,33,36,43,32,37,32,41,24,38,36,31,16,31,25,17,24,18,23,23,23,16,26,16,25,24,30,21,25,25,17,25,22,18,19,15,24,18,18,21,25,14,13,18,16,16,13,22,13,24,24,20,20,17,14,12,12,16,19
1252,562,3510,13754,21396,27409,33863,36275,35301,32131,29500,26451,22487,19953,16617,14826,12716,10719,8940,7136,6098,5202,4136,3512,2940,2504,2026,1620,1386,1214,1075,889,701,626,520,485,416,365,311,249,225,212,175,174,163,132,117,90,79,86,56,72,55,49,50,59,33,24,47,32,29,25,17,23,23,12,17,6,12,5,11,8,16,12,8,7,11,8,10,10,5,10,11,1,4,4,2,6,3,2,5,2,1,6,0,3,3,5,0,5
2131,2032,2347,2871,4089,6710,13987,28736,48258,64316,68328,59734,46318,35233,22683,13481,8319,6562,6933,7927,8729,9024,8235,6305,4687,3580,2719,2337,2253,2316,2334,2259,2121,1858,1541,1398,1100,964,818,720,712,685,714,641,576,484,458,376,358,324,262,298,252,237,245,219,189,164,160,142,159,137,106,119,105,78,103,101,90,82,87,61,83,75,49,62,56,56,60,54,54,54,51,51,44,39,29,32,35,32,30,32,37,28,20,15,20,30,26,28
832,2867,5288,4871,5276,5601,5877,5001,4164,3818,4512,5644,6339,6489,5654,4720,4221,3933,4097,4700,5585,6565,6754,6388,5761,5406,5364,5850,6346,6418,6172,5407,4452,4045,3625,3604,3455,3132,2710,2174,1827,1516,1333,1224,1117,997,882,747,717,574,440,445,392,359,325,316,303,261,259,208,209,161,160,153,145,121,133,132,102,103,97,84,88,92,91,71,71,59,82,53,67,66,74,72,74,62,49,48,48,50,38,38,48,36,41,25,33,35,28,33
146,2253,5291,9258,10637,12605,15251,18203,21236,23868,25928,26974,27354,25821,23476,20805,17543,14645,12431,9893,8073,6565,5344,4455,3628,3121,2563,2154,1874,1552,1300,1167,1031,874,726,625,516,490,362,348,320,262,189,168,158,132,104,116,115,77,68,57,59,59,44,29,28,28,30,17,23,11,15,10,10,10,13,4,7,4,4,3,6,5,2,2,6,1,2,2,1,0,0,2,0,0,2,1,1,0,0,0,0,1,1,1,0,1,1,1
40,5512,3018,1861,1462,1190,1052,1014,896,766,649,552,524,431,364,287,254,250,191,177,157,132,156,127,128,91,82,95,91,79,68,64,56,52,34,58,43,31,28,26,35,33,36,25,31,30,21,16,9,9,13,15,14,10,6,8,5,11,6,5,4,3,9,6,4,3,4,7,4,7,8,2,3,3,4,3,2,2,4,6,2,4,5,3,3,1,3,2,0,2,2,4,1,0,1,1,4,0,2,4
157,348,643,480,626,654,590,660,615,640,634,622,662,628,668,651,620,656,622,608,564,598,629,588,579,557,513,501,564,538,586,578,524,538,540,531,499,530,487,495,514,499,479,475,509,474,438,452,463,447,414,435,404,425,458,413,401,401,414,398,388,397,422,348,354,373,348,353,367,363,327,369,367,308,298,318,331,313,338,296,319,293,264,272,261,238,262,280,276,263,259,252,234,224,226,205,199,235,226,212
224,314,349,351,316,326,354,521,1062,2296,4142,6647,9012,10577,11540,11143,10357,8957,7607,6255,5181,4507,3857,3574,3217,3140,3055,3118,3045,3022,3006,2857,2650,2629,2524,2185,2107,1922,1807,1679,1557,1542,1489,1368,1292,1202,1124,1214,1030,952,930,885,819,779,729,737,672,617,624,550,577,518,479,463,412,431,404,357,347,329,323,299,300,286,272,240,259,237,234,198,203,186,148,167,166,140,130,155,122,151,91,120,109,102,108,103,81,63,73,80
1,1,2,7,62,937,4378,10135,14935,18711,21350,22810,22945,22756,20882,18836,16660,13977,11510,9386,7765,6446,5231,4503,3895,3211,2783,2483,2122,1905,1588,1394,1264,1070,907,825,723,667,564,510,522,432,371,382,319,281,267,273,234,220,210,197,202,183,177,171,185,149,146,158,162,176,160,182,157,149,149,179,132,144,145,142,148,138,151,140,128,127,144,126,123,118,122,110,100,100,95,78,66,76,51,46,63,49,56,52,49,35,36,37
46,43,53,78,101,201,290,386,559,659,827,888,1016,1076,1142,1297,1274,1324,1455,1486,1582,1577,1633,1694,1658,1693,1629,1683,1611,1552,1407,1367,1360,1328,1275,1168,1103,1135,1075,1033,1015,934,882,854,827,809,783,748,694,690,630,643,633,518,530,555,489,494,522,446,493,419,382,405,396,410,354,393,326,335,341,302,311,289,265,295,281,266,265,225,266,225,236,228,201,198,237,186,194,167,181,176,153,183,170,173,154,147,149,131
12,33,52,33,34,41,34,35,41,33,41,30,34,34,44,37,42,37,29,29,39,35,43,39,35,28,37,34,40,32,32,35,31,29,24,35,26,40,39,34,41,33,31,38,38,22,33,44,30,35,38,40,30,31,47,24,33,53,41,58,80,70,120,172,214,293,328,425,584,714,789,956,1130,1218,1309,1476,1605,1697,1738,1722,1836,1822,1866,1940,1748,1736,1732,1609,1570,1546,1465,1290,1245,1193,1099,984,967,836,834,791
2,1,2,1,0,1,1,7,8,6,11,6,9,5,7,11,4,9,5,10,7,4,7,11,8,16,19,22,23,32,24,24,34,52,49,38,31,44,37,39,47,50,58,54,36,54,54,57,55,60,65,53,58,75,71,69,78,74,83,74,72,68,76,57,47,53,46,50,47,38,55,36,50,38,41,38,35,39,24,28,31,34,26,24,26,30,36,22,26,23,17,18,22,34,26,19,27,23,16,26
7,15,8,13,20,21,25,27,31,53,39,47,37,43,49,40,58,40,54,52,59,53,62,60,45,52,48,63,46,46,45,48,53,54,40,52,47,64,60,68,61,65,59,73,46,58,48,62,54,67,59,68,78,77,74,76,79,79,74,77,73,60,77,77,73,71,79,64,81,71,62,51,53,49,47,52,44,38,45,53,54,51,39,51,44,50,59,61,51,68,67,53,77,59,73,86,96,99,102,106
1,0,0,0,0,0,0,0,0,0,0,0,0,0,0,0,0,0,0,0,1,0,0,0,0,0,0,0,0,1,0,0,0,0,0,0,0,0,0,0,0,0,0,0,1,0,0,0,0,0,0,0,1,0,0,1,3,0,0,1,0,2,1,0,0,0,0,0,2,1,0,0,1,2,0,2,1,2,1,0,0,1,2,4,1,1,0,1,1,3,2,2,3,0,2,2,0,0,0,1
163,287,345,326,352,447,575,901,1490,2997,4984,6479,9097,11943,15013,17035,17664,18391,18963,19894,19782,16396,13485,11308,8879,7003,5117,3876,2920,2324,1825,1524,1331,1261,1326,1256,1286,1228,1234,1147,1097,907,720,561,498,395,292,264,199,178,138,138,118,121,99,105,107,76,77,84,61,64,50,36,35,29,29,26,17,12,15,13,12,11,14,13,7,12,9,9,11,5,5,7,4,1,4,4,2,3,3,0,0,4,0,2,1,0,1,1
29,49,51,39,54,57,58,57,47,47,27,50,43,65,50,49,43,58,63,57,87,173,538,1178,1982,2571,2815,2791,2566,2393,2483,2367,2395,2277,2142,2017,1966,1822,1716,1579,1475,1309,1266,1149,1052,1007,1019,944,1000,841,881,874,805,814,739,728,681,650,650,594,583,585,541,479,526,452,455,390,384,420,334,311,295,297,265,299,236,265,255,206,200,197,212,196,178,183,166,159,145,149,146,127,127,139,124,126,118,105,101,90
2,6,3,1,4,3,0,8,2,0,3,6,7,2,10,14,7,10,14,19,22,33,26,30,41,36,41,31,35,40,32,44,31,36,43,35,43,35,35,43,34,42,38,31,37,52,57,66,83,100,98,118,158,164,169,229,245,289,350,388,444,488,528,557,510,624,587,598,622,583,547,595,545,559,521,522,519,468,501,462,478,450,469,405,450,429,418,440,408,436,404,415,443,418,388,340,390,327,335,322
27,48,53,42,36,38,31,44,49,24,54,34,39,33,29,50,37,41,47,34,40,47,41,28,42,40,52,32,44,42,43,52,46,44,35,52,52,51,51,42,40,42,45,39,28,56,40,40,56,39,49,38,44,34,50,50,54,47,70,68,72,89,95,101,122,125,155,167,198,225,263,325,432,515,614,732,846,907,1058,1159,1280,1289,1373,1515,1485,1578,1539,1471,1534,1386,1374,1295,1216,1180,1128,1040,949,937,879,814
3,0,1,0,0,0,0,0,22,106,1078,5311,11929,16699,18643,16895,15441,13091,11361,9335,7770,6279,5282,4262,3602,3104,2809,2339,2049,1730,1397,1313,1063,951,772,705,600,586,448,423,368,326,291,259,213,197,182,186,163,144,125,106,105,92,85,67,71,73,72,48,56,57,38,42,40,44,44,26,26,41,26,27,25,17,19,25,16,30,16,13,18,17,21,16,16,13,8,15,16,7,11,18,7,17,8,6,10,7,4,14
4,4,2,3,7,2,2,6,4,3,4,4,6,9,5,6,5,1,3,2,9,2,5,8,5,5,4,5,5,2,9,7,2,6,6,6,12,6,12,6,5,6,5,7,8,10,7,13,2,7,12,5,10,9,14,10,9,15,7,11,15,20,23,27,21,28,41,51,56,69,83,108,120,170,199,219,262,357,362,473,543,592,642,696,720,795,796,877,837,867,865,790,831,811,748,820,771,663,718,686
2,0,1,0,0,2,2,0,1,1,0,1,1,1,0,1,1,3,2,3,2,1,0,0,2,3,0,2,2,1,1,1,1,2,0,1,3,1,4,2,2,3,0,2,0,1,4,1,2,1,2,1,1,1,1,0,2,0,0,1,0,2,0,1,1,4,1,2,2,1,2,4,1,0,4,2,4,2,4,4,4,8,1,4,2,3,3,3,3,4,2,5,2,3,5,7,3,10,3,7
12,694,719,648,572,536,514,531,443,423,371,434,406,408,461,426,412,384,399,308,334,272,255,244,228,226,215,222,206,182,194,193,172,180,161,167,152,153,145,131,118,133,146,131,116,123,150,115,108,113,116,107,102,115,119,97,84,87,70,86,75,62,78,74,72,67,66,63,46,65,55,75,68,68,54,75,62,69,57,60,55,53,45,59,60,43,52,43,50,43,52,50,37,57,49,38,38,39,51,43
4,0,1,0,828,9192,48656,118535,143487,112272,71942,48552,30055,16315,8040,3889,1955,1080,748,594,547,500,482,446,389,404,345,330,287,236,229,178,154,136,133,104,100,71,74,60,52,55,41,42,30,19,27,21,18,15,14,15,8,9,8,8,5,10,5,6,2,5,2,4,1,1,4,4,1,2,2,0,1,1,1,0,3,2,0,0,0,0,1,0,0,0,0,0,0,0,0,0,0,0,0,0,0,0,0,1
8,0,0,0,0,0,0,0,0,0,0,0,0,0,0,0,0,4,7,4,2,7,5,19,17,22,16,21,21,18,19,21,15,13,7,7,14,15,8,9,11,7,9,5,6,6,9,14,15,23,26,19,24,17,10,17,15,25,11,14,11,15,11,12,19,13,15,10,13,9,12,16,14,14,16,13,12,8,12,9,14,17,8,13,21,14,20,17,32,27,24,34,35,41,38,41,44,36,44,39
1042,737,890,418,276,234,863,5848,14392,19721,21739,26189,31224,43920,81467,111966,77051,51265,28374,14863,9155,6263,4014,1536,433,166,74,30,23,16,5,2,2,2,1,1,0,0,0,0,0,0,0,1,0,1,0,0,0,0,0,0,0,0,0,0,0,0,0,0,0,0,0,0,0,0,0,0,0,0,0,1,0,0,0,0,0,0,0,0,0,0,0,0,0,0,0,0,0,0,0,0,0,0,0,0,0,0,0,1
258,559,601,368,465,547,437,500,440,488,492,561,693,866,1104,1269,1424,1492,1664,1820,1951,2319,2388,2762,2923,3317,3522,3781,3781,3983,4091,4061,4153,4136,4101,3927,4024,3876,3623,3439,3342,3060,2866,2741,2509,2471,2206,2012,1881,1776,1650,1473,1345,1217,1191,1107,1003,957,868,807,781,682,629,622,615,513,506,466,453,406,402,377,363,353,309,292,266,245,240,232,224,194,233,190,204,181,177,155,156,131,162,131,131,124,113,118,104,96,96,92
54,34,44,22,37,34,35,36,32,30,39,32,30,32,40,24,29,28,38,27,22,31,27,22,31,38,20,21,27,33,21,26,23,37,23,22,22,21,24,31,37,25,26,24,16,19,18,30,16,27,19,26,24,13,17,18,20,25,25,32,24,18,24,20,18,26,17,21,21,23,17,18,22,26,21,11,30,25,19,20,18,11,26,22,26,18,28,24,18,18,15,29,19,20,25,14,24,19,17,17
1,0,0,0,0,0,0,0,1,0,0,0,2,1,0,0,0,1,3,1,2,0,0,2,1,0,0,1,1,0,6,1,2,2,1,2,2,2,0,0,0,2,0,1,0,3,1,1,1,0,1,0,1,2,2,0,2,0,0,2,1,2,0,1,1,0,2,1,3,1,0,1,0,1,1,0,1,1,2,3,1,0,2,2,0,1,4,3,1,2,0,0,2,1,3,2,2,1,1,2
2047,406,495,574,1726,4452,8836,17400,33959,55474,67740,60297,43835,29892,20185,14702,11439,9421,8055,6951,6299,5318,4577,3822,3127,2510,2108,1626,1249,976,776,657,527,358,340,320,234,196,163,142,122,100,85,61,78,63,56,44,57,55,42,33,21,30,21,30,30,25,29,18,30,27,16,16,16,34,22,24,21,20,26,17,17,22,21,21,18,22,25,13,19,21,18,20,18,8,12,22,18,16,17,10,9,8,15,7,10,15,9,14
2,0,1,0,0,2,2,2,4,1,9,10,18,12,28,27,47,44,41,76,90,131,150,198,212,275,319,398,523,700,780,1029,1238,1350,1671,1869,2012,2209,2230,2366,2318,2080,2211,2132,2117,2072,2065,2112,2067,2035,2209,2233,2339,2389,2324,2271,2141,2013,1962,1783,1554,1520,1334,1107,1034,889,708,662,546,467,372,327,248,228,200,186,146,107,84,96,73,61,54,48,40,31,28,18,25,17,25,24,12,17,14,8,9,12,11,10
435,1,2,0,2,4,0,1,1,0,2,0,3,0,4,3,2,1,1,5,33,38,74,187,365,763,1369,2423,3615,4659,5230,5450,5426,5081,4865,4482,4133,3674,3419,3151,2807,2480,2226,1877,1638,1541,1238,1126,1033,939,878,815,829,845,920,953,1000,1117,1090,1271,1329,1367,1337,1448,1561,1506,1436,1424,1436,1329,1199,1102,1004,863,826,646,603,527,426,372,309,255,228,189,180,120,120,111,89,83,59,59,60,57,35,53,56,36,29,38
3,5,4,1,4,0,4,2,4,4,3,4,3,1,7,4,3,4,2,4,5,2,5,5,6,4,6,1,6,8,2,3,3,5,20,39,54,42,51,82,96,121,165,219,376,710,1221,1918,2727,3444,3891,4279,4507,4447,4279,4232,4239,3994,3846,3628,3299,2996,2757,2317,2073,1706,1451,1174,913,792,696,544,458,415,400,300,288,258,236,209,200,181,134,138,108,104,86,87,91,66,67,84,104,119,116,132,138,174,190,196
29,38,47,39,40,44,51,90,84,124,149,198,217,316,452,787,1287,2085,3096,4305,5543,6582,7581,8375,8772,9025,9320,9146,8546,7857,6606,5788,5058,4122,3684,3189,2768,2402,2029,1743,1526,1327,1231,1106,1034,1011,977,838,843,785,708,676,658,642,638,586,538,530,462,447,375,378,371,360,298,272,268,226,238,195,158,175,168,160,143,123,100,105,107,107,85,84,88,85,71,78,62,78,55,62,60,55,62,46,46,52,35,40,39,29
12,4,7,3,4,9,12,4,3,5,8,8,6,8,7,6,6,17,41,85,187,303,491,597,733,910,946,1236,1345,1581,1711,1865,1886,1885,2019,1913,1946,1948,1914,1740,1719,1655,1650,1550,1526,1368,1343,1260,1271,1184,1137,1049,986,960,917,872,841,731,670,712,614,575,552,572,542,524,484,440,465,373,377,363,402,339,352,296,323,260,262,247,248,230,230,231,202,223,186,178,172,197,172,150,159,125,151,120,132,142,125,107
22,54,58,129,377,2114,8729,24630,42099,52892,52625,46770,35586,27036,20321,14245,10284,7693,6040,4379,3473,2766,2197,1757,1395,1214,1067,875,827,745,639,653,545,546,483,468,399,379,365,324,302,254,196,185,157,152,133,119,114,78,79,76,60,49,37,45,38,24,34,30,23,19,20,16,17,7,13,5,7,9,5,3,3,3,5,4,3,4,1,3,2,2,0,0,0,2,2,1,2,1,0,0,1,0,1,1,0,0,2,2
44,35,43,36,681,4000,6158,7041,7462,7778,7794,7717,7814,7458,7401,7325,7237,6638,6747,6413,5997,5714,5410,5007,4557,4329,3925,3727,3393,3251,3077,2711,2669,2367,2364,2135,2033,1863,1802,1628,1651,1434,1437,1388,1296,1272,1160,1164,998,1054,975,976,922,867,832,831,728,713,694,724,681,647,571,573,552,538,511,489,474,453,449,471,440,408,393,413,369,351,334,341,340,310,284,326,314,283,251,270,245,269,231,217,210,220,224,244,227,194,186,180
2,1,0,1,1,0,0,0,0,0,1,0,0,0,0,0,0,1,0,0,3,0,0,1,0,1,1,0,2,0,1,0,0,1,0,0,1,1,0,0,0,0,0,0,0,0,0,0,0,0,0,0,0,0,1,0,0,0,0,1,0,2,0,0,1,0,0,0,0,0,0,1,0,2,1,2,0,1,1,0,0,1,3,4,1,2,2,1,3,4,4,1,3,6,3,3,7,7,3,3
4,2,0,1,1,1,1,1,0,0,1,0,1,0,2,1,0,2,1,0,0,1,0,0,3,0,1,0,1,0,0,0,0,0,1,0,0,0,0,3,0,0,0,1,0,0,0,1,0,0,0,1,0,0,1,0,1,1,0,0,0,0,0,0,0,0,0,0,1,2,2,1,2,1,2,1,0,0,0,0,2,2,2,2,0,2,5,2,0,5,3,3,2,3,2,1,3,4,2,5
1,1,221,594,726,820,811,766,610,523,440,367,285,251,228,190,180,160,138,129,131,110,89,98,82,80,65,52,53,61,57,68,42,44,48,54,55,42,44,31,31,34,47,34,28,38,31,23,26,19,27,19,15,25,24,21,13,15,23,12,20,19,15,16,16,13,19,14,13,18,17,15,19,16,15,16,15,16,14,17,13,11,9,11,14,16,12,20,9,10,16,14,8,11,13,11,14,12,10,12
161,2505,3342,2208,1722,1377,1121,944,820,660,557,458,391,371,280,243,207,161,124,96,92,83,51,44,58,31,34,41,40,34,22,31,27,34,28,28,25,25,28,28,22,30,27,12,15,25,19,19,27,17,21,12,13,26,11,19,18,17,17,15,16,11,16,11,19,18,19,16,11,12,18,15,13,14,14,15,13,13,12,21,14,13,16,12,21,19,14,21,11,12,13,12,19,11,12,18,15,7,17,13
3,15,11,16,35,42,55,83,154,237,360,492,685,920,1103,1350,1694,2153,2470,2619,2901,3105,3262,3368,3550,3569,3562,3648,3472,3425,3208,3129,3075,2970,2852,2555,2464,2306,2082,2025,1779,1728,1620,1497,1414,1260,1191,1068,1012,922,887,805,708,726,637,666,599,511,508,475,483,439,406,385,338,311,302,302,257,268,234,236,237,213,206,224,199,187,179,180,152,158,148,138,138,121,115,104,112,101,105,121,95,88,104,79,105,80,60,75
1,8,0,0,0,0,0,0,0,0,0,0,1,0,0,0,0,0,0,0,0,2,0,0,0,1,2,1,0,2,0,0,0,1,1,1,4,4,0,1,4,3,4,3,6,9,5,12,8,7,14,20,20,31,33,24,32,43,49,55,55,76,90,97,97,98,116,140,163,150,165,184,217,199,222,239,213,244,274,287,302,303,295,284,277,312,324,294,269,321,333,343,313,307,302,311,324,310,268,290
374,6828,6733,4566,3382,2759,2239,1988,1604,1329,1120,1038,890,777,715,624,560,502,480,450,447,399,339,323,299,304,250,257,286,214,243,217,197,204,168,164,180,182,156,151,131,153,163,145,146,136,116,152,126,132,111,100,123,103,132,78,96,108,103,102,105,98,93,95,83,76,77,98,103,80,93,69,98,79,81,77,61,71,76,66,74,81,79,77,78,68,81,65,78,75,68,70,64,60,75,61,59,64,66,62
3821,498,2168,2649,3906,7010,14438,28717,42554,51239,53828,50671,44788,36188,25001,14754,7464,3899,2183,1533,1441,1423,1327,1226,1060,813,720,585,496,458,419,386,329,377,328,284,307,277,249,198,207,184,219,146,150,123,114,75,79,84,62,52,31,36,32,28,30,23,27,22,19,12,22,22,16,17,25,24,16,16,8,12,14,15,19,13,15,18,15,8,11,11,12,13,9,8,13,8,8,9,7,8,13,7,5,7,4,2,3,7
3,121,149,668,5419,14789,23949,33382,40714,44473,45477,42149,36883,30529,24150,18768,13531,10405,7474,5401,4095,3093,2338,1817,1499,1202,989,797,649,536,430,341,231,197,211,144,112,84,82,64,54,44,41,35,30,22,24,24,27,19,22,12,8,7,8,9,8,9,4,4,4,4,1,3,2,3,3,3,0,1,3,2,0,1,1,0,1,0,0,0,0,0,0,0,0,0,0,0,1,1,1,0,0,0,0,0,1,0,0,1
1,0,0,0,0,0,0,0,0,1,0,0,0,0,0,0,0,0,0,0,0,0,1,0,0,0,0,1,0,0,0,1,0,0,1,1,0,0,1,0,2,3,0,0,2,2,0,2,3,0,2,5,0,5,0,1,0,3,3,3,1,3,2,1,2,4,3,5,2,3,7,3,6,7,1,5,4,4,6,3,5,5,9,7,5,4,5,3,7,5,7,6,4,5,2,10,11,9,4,9
6198,4273,4796,5436,6431,8168,11531,17077,24320,31006,35916,36332,36788,35698,32983,29314,24737,21013,17427,14050,12035,10377,9030,8153,7145,6336,5358,4625,3789,3253,2847,2462,2196,1882,1835,1493,1378,1235,1021,918,831,711,638,610,499,449,430,390,344,296,270,242,237,174,165,152,145,152,96,102,92,89,77,69,76,49,55,44,52,43,38,42,35,24,25,23,22,22,27,17,20,19,17,10,11,14,9,14,7,6,6,4,6,5,9,4,3,6,4,4
1066,1444,1476,1270,1160,994,801,749,654,578,549,500,494,471,491,487,501,492,515,519,593,550,602,594,565,518,582,612,613,585,546,579,556,518,533,500,509,536,476,507,482,460,457,428,387,391,444,414,359,372,337,347,325,297,306,324,297,316,311,310,305,290,312,268,290,317,297,313,308,275,273,305,306,302,286,283,332,274,298,285,284,293,308,302,309,326,293,312,333,305,301,302,288,319,306,297,308,280,271,288
1232,1630,1321,1122,889,734,693,630,622,734,723,798,791,810,761,766,702,641,630,542,515,501,411,348,318,321,297,248,214,211,206,185,191,183,133,136,167,126,145,136,137,100,112,96,104,119,102,97,102,96,105,99,79,91,85,83,66,76,76,76,69,69,64,65,45,58,47,48,57,54,51,54,47,53,38,37,42,55,35,39,25,31,48,36,38,34,33,24,35,35,33,37,29,15,29,32,23,28,32,30
3,87,69,54,54,73,225,647,1606,2727,3626,4535,5781,7895,11429,14882,17248,18384,18109,16596,14400,12546,10074,7573,5580,4046,3015,2274,1958,1866,1854,1971,2164,2190,2406,2318,2287,2225,1966,1701,1346,1077,941,784,656,581,468,448,381,386,436,402,422,437,384,380,326,301,277,207,214,160,157,132,119,120,113,96,102,100,104,83,96,78,68,75,45,57,57,43,29,37,30,22,31,23,27,27,26,18,22,25,16,12,15,15,8,13,10,8
1,428,730,669,607,521,421,374,313,281,261,248,251,182,177,170,180,178,161,143,162,172,182,200,187,207,233,254,276,271,297,307,353,360,361,352,353,306,334,312,326,289,247,235,213,177,194,158,145,154,169,123,126,113,103,102,98,90,90,97,83,64,62,65,63,52,75,42,67,49,48,42,39,40,48,42,26,35,29,25,25,27,22,26,23,29,15,30,23,20,25,14,23,25,22,22,15,10,14,14
6,14,25,21,55,113,197,319,569,772,1288,1983,2901,4309,6035,7747,9513,10722,11548,12216,12988,12733,12229,11712,10474,9633,8343,7201,6324,5201,4330,3360,2667,2058,1671,1282,1005,836,697,544,481,420,374,353,301,247,238,223,203,149,147,131,114,111,73,69,67,50,33,44,35,27,20,20,7,15,20,18,8,7,13,5,9,5,7,5,6,5,0,4,1,4,1,2,0,1,0,1,0,0,2,0,0,1,0,1,4,0,0,3
70,67,1462,2353,2441,2329,2039,1724,1532,1158,958,813,720,661,690,623,645,614,671,671,685,619,680,690,663,660,572,594,620,637,601,573,579,526,500,418,414,362,342,307,281,280,258,231,220,206,218,215,167,166,180,162,167,153,116,141,137,124,129,138,120,116,107,87,113,107,82,77,79,88,74,63,71,81,55,81,64,50,57,51,42,50,47,53,38,48,52,40,47,37,38,32,44,41,36,31,35,29,43,24
26,47,44,25,32,40,41,36,42,36,37,57,53,65,81,108,118,140,191,171,196,205,220,249,241,267,258,331,302,302,352,383,432,466,516,572,629,732,729,806,885,900,930,1072,1041,1106,1185,1222,1264,1238,1289,1323,1364,1296,1364,1377,1366,1398,1394,1314,1254,1337,1306,1244,1204,1187,1068,1102,1046,997,966,944,914,865,851,799,778,766,710,643,530,579,561,554,429,489,434,439,386,360,327,313,299,287,230,235,258,220,226,219
4,21,15,20,12,16,19,36,83,133,326,825,1682,2975,4866,6647,8016,9507,10470,10392,9944,9677,7584,5622,4035,2599,1652,1123,787,666,730,915,1390,1662,2103,2496,2910,3063,2944,2704,2341,2017,1705,1464,1089,767,619,508,427,446,405,531,616,668,778,879,841,783,806,706,606,521,426,424,337,300,243,228,195,213,227,247,260,232,260,264,272,264,214,190,159,165,122,122,100,103,100,94,87,91,93,93,86,71,93,73,78,78,76,55
5,7,7,4,7,8,3,9,9,21,22,24,45,55,71,93,109,153,186,219,278,350,424,521,569,671,753,909,1036,1120,1235,1396,1452,1535,1621,1531,1606,1681,1619,1599,1681,1638,1577,1506,1423,1349,1293,1243,1130,1080,924,993,893,853,807,688,652,615,616,575,536,544,474,533,493,477,491,480,475,402,437,415,414,452,399,460,393,418,413,417,393,347,367,377,332,329,322,345,309,311,326,277,322,305,257,287,247,263,272,253
76,3653,5650,4721,4934,5272,6038,8887,12633,17589,23389,28466,31372,30313,25624,17890,11184,7681,5783,4604,3936,3402,3237,3315,3154,3148,2801,2317,1854,1514,1215,1003,828,747,632,593,592,493,459,448,409,366,282,241,265,212,199,180,164,154,102,124,110,101,92,105,69,79,61,63,66,54,53,72,49,53,48,35,37,35,42,24,39,37,28,37,28,31,21,25,22,17,12,18,23,24,13,13,20,15,15,12,15,18,12,19,9,17,14,14
6194,10998,45317,218811,122551,68154,63365,58955,49794,44239,38255,31869,27724,23347,19019,16220,13439,10944,9241,7668,6486,5505,4754,3833,3328,2913,2392,2174,1878,1630,1420,1206,1044,995,809,736,663,580,552,498,424,356,314,288,286,234,203,186,180,159,161,148,112,126,98,93,80,81,62,58,47,54,43,44,34,46,31,27,21,28,24,28,20,19,15,16,13,15,9,10,10,13,8,12,10,12,9,3,4,3,7,4,7,6,3,1,0,3,4,3
143,11,11,7,14,30,27,41,56,93,144,222,309,349,509,574,726,822,932,1023,1178,1299,1436,1663,1670,1771,2000,2111,2215,2371,2432,2413,2560,2677,2556,2634,2569,2623,2629,2499,2526,2412,2397,2211,2235,2135,1937,1892,1779,1634,1546,1421,1405,1340,1224,1154,1110,1035,931,924,881,793,724,680,623,595,558,514,520,442,412,385,369,360,329,300,298,292,287,243,248,260,231,202,186,195,178,176,166,182,164,146,122,138,124,118,133,96,90,87
68,3189,2188,1684,1548,1610,1665,1774,1982,2368,2717,3265,3790,4031,4205,3907,3871,3534,3233,2977,3024,2868,2750,2710,2707,2735,2686,2730,2697,2468,2420,2203,2145,1914,1843,1649,1607,1473,1289,1361,1289,1255,1187,1153,1166,1062,1007,912,878,896,888,847,790,730,731,618,591,579,628,538,481,447,469,477,479,414,370,394,398,366,351,321,305,301,280,255,284,296,247,275,221,214,230,228,207,200,199,166,152,152,185,181,139,176,154,139,132,117,146,127
48,1170,1751,2318,4295,8091,15837,28545,44128,57093,62259,55277,40000,24541,13171,6754,3616,2346,1766,1558,1440,1516,1246,1026,795,561,498,349,302,254,252,253,224,219,198,204,200,150,136,132,126,120,101,96,99,101,92,61,71,55,48,46,39,50,44,38,53,30,39,37,42,36,34,43,21,34,32,23,21,26,17,22,12,13,26,21,30,18,13,18,22,12,14,18,17,12,13,5,6,8,11,14,9,7,7,10,6,8,10,4
28,81,115,68,84,82,80,106,89,102,112,126,164,141,172,210,214,252,246,293,300,322,386,418,483,516,510,628,624,748,783,882,887,987,1115,1200,1242,1310,1366,1559,1477,1602,1617,1672,1645,1682,1637,1626,1640,1670,1647,1527,1622,1462,1433,1351,1413,1280,1259,1215,1166,1117,1053,1026,979,880,885,790,807,676,694,611,557,554,545,527,449,453,436,408,417,391,327,363,309,298,319,306,272,252,267,233,255,237,188,214,202,189,193,184
6,171,153,120,139,176,173,204,267,295,352,363,406,455,435,524,587,615,638,742,853,950,1078,1082,1109,1160,1192,1203,1158,1136,1127,1049,1049,1031,1019,1002,980,945,909,915,847,800,762,753,729,750,670,635,625,685,588,623,584,624,580,541,548,579,576,540,571,534,524,478,540,490,447,456,443,473,374,401,397,409,382,380,373,358,347,340,326,341,329,279,310,330,289,302,286,252,240,259,278,260,254,248,235,210,224,238
117,193,276,305,339,491,1488,5831,14184,20985,24572,27312,29721,34069,34546,28268,20869,14776,10289,7891,6657,6295,5752,5051,4541,4081,3731,3126,2632,2080,1642,1319,1152,988,841,806,667,597,523,497,451,414,403,345,319,310,273,225,271,234,187,200,189,177,162,144,136,114,116,115,97,100,86,76,61,47,44,61,51,39,49,47,34,42,27,33,33,27,21,20,30,17,20,16,17,8,17,10,9,7,12,5,7,5,5,3,4,11,2,4
11,87,171,113,110,128,143,172,229,315,458,676,841,1056,1339,1739,2188,2557,3116,3544,4014,4386,4925,5115,5616,5758,5818,5762,5647,5562,5063,4997,4417,4249,3834,3625,3056,2864,2620,2331,2113,1821,1678,1524,1413,1343,1250,1275,1135,1059,1072,988,947,902,849,843,831,783,754,711,688,681,663,585,585,520,495,458,464,390,392,432,348,349,290,305,304,249,257,247,236,226,216,222,220,166,172,186,179,179,138,156,149,145,132,133,132,88,106,85
42,7,11,47,100,151,184,262,374,498,566,720,821,940,998,977,1103,1087,1041,1151,1138,1191,1225,1170,1137,1131,1090,1022,950,1097,1010,1001,954,903,885,857,812,795,759,785,702,692,687,640,630,644,630,593,552,595,543,530,519,489,509,457,444,446,450,397,411,362,371,426,370,326,360,369,348,315,325,318,286,283,304,277,256,253,241,236,270,236,220,256,253,218,232,196,200,183,183,194,171,163,170,183,180,160,165,145
748,1014,1244,1160,1252,1572,2018,2617,3895,5712,8209,10478,14335,17291,19369,21269,21829,20771,18633,16964,14203,10135,7105,5241,3909,3227,2806,2682,2729,2914,3257,3016,2812,2494,2457,2157,1796,1537,1390,1090,994,754,595,583,538,525,493,474,433,474,477,447,364,276,242,195,156,155,131,156,131,121,104,95,125,103,107,57,80,63,77,74,52,47,26,33,24,30,27,28,18,24,30,23,15,24,17,17,12,10,25,9,13,5,11,6,8,3,9,9
176,862,2758,3287,3709,3921,3921,4040,4280,4328,4631,4847,4882,5184,5007,5251,5273,5330,5476,5445,5543,5542,5313,5364,5346,5311,4976,4834,4778,4489,4359,4209,4023,3739,3619,3400,3318,2986,2832,2643,2465,2380,2219,2043,1813,1713,1662,1502,1407,1298,1217,1136,1037,956,874,830,740,664,633,589,525,510,451,390,401,343,359,338,295,253,223,217,187,207,184,163,146,142,132,134,130,98,106,108,84,84,88,71,69,70,65,44,42,44,46,52,45,30,36,32
3831,158,188,1104,5668,8156,10329,11458,12009,12613,13230,12938,12761,12433,11714,10861,10018,9366,8449,7844,7257,6691,6200,5639,5522,4982,4750,4515,4284,3951,3640,3541,3189,3128,3006,2778,2726,2545,2467,2218,2076,1983,1913,1875,1744,1614,1541,1523,1386,1383,1234,1157,1121,1101,1064,971,990,950,876,790,762,727,696,685,621,643,621,568,536,531,503,453,440,458,387,406,414,379,315,342,315,314,300,288,304,270,222,246,210,218,204,195,207,197,186,203,190,172,165,169
83,3166,4651,3379,3391,3236,2919,3003,3023,2993,3181,3155,3411,3470,3521,3687,3792,3911,4226,4527,4788,4905,5084,5249,5181,5426,5461,5404,5555,5508,5481,5245,5179,4706,4490,4175,4013,3736,3195,2967,2653,2451,2056,1931,1626,1497,1290,1190,1099,958,910,793,747,636,592,617,521,543,473,447,417,374,369,321,297,347,272,256,252,233,238,199,176,184,167,173,130,133,121,123,104,102,101,97,95,73,74,82,84,82,70,66,61,66,49,71,62,48,57,49
3,138,1628,3521,4962,5643,5761,5847,5825,5710,5295,5024,4648,4646,4298,4069,3905,3753,3310,3406,3212,2958,2849,2647,2645,2492,2343,2207,2090,1998,1942,1819,1760,1692,1581,1580,1583,1467,1403,1327,1264,1257,1197,1042,1177,1073,1088,1065,908,914,867,888,827,804,810,729,748,712,670,664,651,586,579,573,582,519,508,492,440,472,448,429,404,455,401,400,413,347,347,354,361,336,317,295,303,264,296,278,284,255,218,266,258,234,222,223,221,226,201,200
69,115,165,125,146,130,158,238,390,546,734,949,1205,1668,2140,2484,2243,2005,1729,1497,1273,1062,805,701,590,634,710,805,967,1159,1275,1301,1240,1232,1299,1167,1060,921,801,679,586,609,645,624,707,771,842,779,804,795,801,822,739,738,707,611,548,568,490,580,536,572,563,591,576,543,556,550,520,550,507,492,486,435,445,438,408,420,414,394,433,411,403,400,406,395,360,336,379,369,364,338,317,323,325,340,264,325,297,296
6,7,4,8,7,2,1,7,6,4,2,7,2,2,8,2,2,4,5,6,2,2,1,6,5,2,4,7,1,6,5,5,5,6,6,4,2,6,4,4,3,5,1,4,2,3,4,1,5,1,3,4,5,3,3,5,2,2,7,12,1,7,3,1,9,7,3,4,9,6,4,4,6,2,7,11,5,7,4,7,2,7,7,5,5,5,6,6,6,10,6,4,6,4,9,3,5,4,7,6
2328,4814,7427,4935,6503,9325,11557,17810,25448,26741,22226,16149,10789,8151,6909,6661,7489,7908,8223,7904,7281,6488,5327,4728,4209,3798,3722,3640,3362,3341,2994,2730,2557,2396,2169,1981,1906,1754,1626,1612,1469,1332,1239,1175,1142,1065,952,918,825,753,766,689,673,609,560,565,552,507,457,440,433,392,366,352,326,314,307,314,266,249,227,233,218,206,201,167,179,183,156,169,136,155,154,124,102,116,97,100,107,99,89,82,79,75,64,81,66,71,63,54
83,1160,1752,2320,1864,2130,2844,4788,8270,12017,15875,19616,23856,27236,27149,22281,16741,10943,6999,4894,3759,3458,3735,4210,4963,5565,5971,6277,5925,4992,3777,2851,2070,1632,1337,1234,1313,1460,1502,1556,1641,1599,1379,1259,1031,845,766,626,593,498,475,448,464,456,446,418,421,364,338,316,287,243,183,181,168,185,159,162,160,153,138,119,108,99,94,84,70,79,66,58,64,76,49,46,51,53,46,31,27,25,28,21,24,23,25,24,27,18,14,16
40,1047,3540,4836,5607,6251,6556,6604,6595,6683,6401,6247,6068,5732,5395,5112,4830,4635,4282,4086,3937,3747,3490,3368,3183,3080,2826,2686,2617,2531,2333,2184,2131,2055,1802,1859,1780,1709,1595,1561,1432,1411,1370,1259,1265,1238,1070,1127,1015,996,996,974,915,836,799,829,763,725,700,718,682,630,620,638,559,572,493,479,476,503,491,461,453,395,370,382,370,398,342,326,342,341,328,306,268,266,308,265,262,249,251,211,253,240,228,197,179,202,184,169
1,3,1,1,0,4,0,1,1,0,0,2,1,0,0,0,0,0,1,0,0,2,0,0,0,0,3,0,0,0,3,1,0,0,0,0,0,0,0,1,0,0,0,1,0,0,0,0,1,2,1,0,1,0,0,0,1,0,1,0,0,0,1,1,1,0,0,1,0,0,0,0,1,0,0,0,1,0,1,1,1,1,1,1,0,3,4,1,2,0,0,0,2,2,2,0,1,0,2,3
2,0,1,0,0,0,0,0,0,1,1,1,1,0,0,0,1,1,0,0,0,1,0,0,2,0,1,2,0,0,1,0,0,0,1,0,0,1,0,0,2,1,0,2,1,0,0,0,2,2,0,3,1,0,2,1,0,1,0,0,0,1,1,0,0,1,2,1,1,0,2,0,0,2,2,2,1,0,1,1,1,1,1,1,1,1,2,1,3,1,2,0,0,2,1,0,3,0,0,2
138,132,124,388,1071,1771,2238,2720,2919,2973,2775,2474,2265,1907,1587,1426,1198,1114,981,784,724,661,570,497,492,403,368,345,288,255,236,207,172,187,131,131,129,125,94,85,75,80,77,81,68,55,55,51,33,38,40,31,31,27,25,27,22,21,22,15,21,10,12,18,16,13,10,20,12,18,13,17,14,8,6,12,13,6,11,7,4,6,6,1,5,5,0,6,4,5,3,7,6,5,5,7,6,3,9,7
14,19,24,14,14,13,17,15,16,14,10,13,14,15,14,13,12,14,9,19,13,14,14,20,14,19,14,16,15,11,14,14,15,16,11,18,17,20,16,16,14,20,18,31,31,34,33,42,56,37,78,74,94,132,162,193,271,309,389,542,624,710,773,978,1129,1234,1394,1564,1649,1803,1859,1896,2008,1970,2092,2057,2052,2076,2039,2019,1899,1859,1709,1646,1528,1427,1319,1262,1158,1109,1004,1020,895,832,721,648,603,571,487,472
325,669,1760,1978,2248,2308,2054,1962,1931,1779,1669,1485,1247,1207,1140,1023,993,914,811,730,685,616,538,531,466,432,401,344,361,301,253,274,244,217,249,216,194,196,175,183,119,127,146,114,130,86,93,98,111,89,82,69,78,60,52,49,49,53,47,40,53,37,38,41,27,25,34,31,28,22,25,29,26,15,26,23,12,14,21,11,13,13,15,16,10,14,11,11,11,7,8,9,14,8,5,9,4,9,10,12
19,4,1,3,5,2,2,3,2,2,0,3,0,2,1,3,0,3,3,0,2,2,0,2,1,1,2,1,2,2,1,0,0,1,0,0,0,3,1,2,1,1,0,0,1,0,0,0,2,0,2,1,0,1,1,0,1,0,0,2,0,3,1,2,0,2,1,1,1,1,1,0,0,1,0,3,1,2,0,2,0,0,2,0,0,0,1,0,1,0,1,1,1,2,1,2,1,0,2,2
790,583,872,681,828,845,829,981,1335,1906,2731,3700,4436,5296,5438,5467,5142,4811,4251,3845,3320,2876,2625,2196,1897,1786,1581,1376,1232,1099,1076,1006,860,781,724,647,617,612,474,506,458,428,427,317,321,298,292,232,233,229,222,197,201,167,167,163,144,135,130,125,113,96,112,91,94,83,75,75,67,56,63,63,73,61,49,45,43,44,34,35,33,31,36,31,30,22,27,26,26,22,23,22,22,28,19,31,23,17,19,19
1,0,0,0,1,0,1,1,2,1,0,1,0,1,0,2,0,1,1,0,0,0,0,1,1,2,1,0,0,0,1,0,1,1,0,0,2,0,4,1,0,0,0,1,0,0,0,0,0,0,2,0,0,1,0,1,1,0,1,0,0,0,0,0,2,2,1,0,0,0,0,2,0,1,0,0,1,0,0,0,0,0,0,0,0,1,0,0,1,1,0,0,0,1,0,0,1,1,1,1
1055,1168,1703,1261,1088,1059,1000,908,789,787,704,662,577,531,533,422,421,355,351,341,251,254,260,222,166,167,174,135,132,111,107,90,83,74,59,53,45,39,39,19,25,23,20,18,16,20,14,16,12,10,10,12,8,13,5,6,9,5,2,3,2,4,1,1,2,1,3,0,0,0,2,0,1,2,0,1,2,1,0,1,1,0,0,0,0,0,0,0,0,0,0,0,0,0,0,0,0,0,0,1
1375,2134,3128,3273,3343,3110,2904,2937,2934,3447,4253,5597,6650,7523,8082,7605,7088,6413,5695,4884,4161,3771,3231,2706,2405,2182,2077,1810,1711,1561,1568,1417,1388,1222,1129,1058,945,846,858,792,680,669,638,565,519,493,430,434,406,340,366,319,295,289,279,239,222,245,229,202,204,189,176,165,163,138,132,124,113,111,87,96,91,83,74,66,73,71,62,70,65,49,60,51,50,39,45,36,38,45,36,41,28,33,29,20,34,28,21,20
1,0,0,0,0,0,0,0,0,0,0,0,0,0,0,0,0,0,0,1,0,0,0,0,1,0,0,0,0,0,0,1,0,0,0,0,0,0,0,0,0,1,1,1,0,0,1,0,0,0,0,0,0,0,0,0,0,0,0,0,0,1,0,0,0,0,1,0,0,0,0,0,1,0,0,0,0,0,0,0,0,1,0,0,0,0,1,1,3,0,0,0,1,0,2,0,0,0,0,1
1691,4260,5213,6195,7821,9424,10608,11757,12932,13298,13026,11736,10994,9654,8459,7156,6478,5694,5026,4361,4001,3654,3386,3011,2687,2431,2305,1994,1819,1623,1483,1284,1238,1067,933,874,815,765,631,597,543,507,418,388,379,367,247,268,252,194,212,190,192,152,134,122,122,99,89,81,85,62,71,63,47,62,45,51,27,29,25,24,24,21,18,23,17,11,17,19,14,10,13,10,13,12,13,6,7,5,7,7,3,6,5,3,5,6,4,2
274,7652,8678,9215,10489,11598,11869,11909,12000,11509,11194,10273,9006,8498,7578,6641,6182,5476,4925,4436,3930,3660,3380,3088,2734,2524,2227,1989,1847,1661,1499,1388,1244,1152,1007,949,832,791,685,690,587,613,508,475,414,370,339,295,279,328,244,218,231,205,180,147,162,129,115,132,141,99,122,88,72,90,77,73,74,47,58,52,44,50,31,40,39,35,31,25,24,35,19,26,26,18,11,13,13,19,9,13,9,14,12,12,9,13,9,8
1,0,0,0,0,1,0,0,0,0,0,0,0,0,0,0,0,0,0,0,0,0,0,0,0,0,1,0,0,1,0,1,0,0,0,0,0,0,0,0,0,0,1,0,0,0,0,1,0,1,0,0,1,0,0,0,0,0,0,1,0,0,0,0,0,0,0,0,0,3,0,0,0,0,1,1,2,0,1,0,0,0,0,0,1,0,0,0,3,0,1,1,0,0,1,3,0,1,0,2
162,189,151,171,175,173,159,163,178,172,174,176,175,141,144,157,173,152,156,145,174,139,151,176,144,155,176,151,157,143,148,165,157,187,155,175,153,141,155,154,177,163,122,161,132,146,165,153,155,139,158,162,140,170,125,163,151,140,143,143,145,159,139,152,157,136,155,154,169,160,180,182,170,193,227,225,268,275,318,338,436,426,499,563,624,733,696,691,832,834,902,990,975,1078,1054,1020,1072,1113,1093,1083
1,0,2,2,1,1,3,2,1,2,0,0,2,2,1,2,0,0,0,0,0,2,1,0,1,2,0,0,0,1,2,1,2,3,0,0,1,0,0,0,5,2,1,2,1,1,0,1,0,1,1,2,1,1,1,0,0,1,0,4,3,0,0,0,1,0,1,1,1,0,0,1,2,2,1,2,0,1,1,1,2,1,2,3,1,2,0,0,2,1,0,0,3,2,1,1,3,2,1,1
96,180,200,171,234,666,1920,3898,7866,16454,29101,33086,28970,22939,17771,13619,10675,8247,6351,5364,4131,3420,2902,2420,2098,1686,1471,1305,1197,1022,909,808,725,680,571,530,486,463,384,380,355,279,304,279,265,224,228,175,189,178,164,168,141,154,119,130,106,113,100,101,95,79,128,74,81,89,60,68,83,51,55,79,53,55,62,53,54,47,53,41,52,48,45,34,41,44,32,41,36,27,27,39,35,31,27,30,40,32,28,33
1,3,0,0,1,0,1,0,1,1,0,1,0,1,1,0,0,2,3,0,2,0,1,2,2,0,1,1,0,2,0,2,1,0,2,1,0,1,0,0,3,1,2,2,2,0,0,1,1,1,0,0,1,1,1,2,1,0,1,1,1,0,2,0,0,1,1,1,1,1,0,0,3,1,0,0,1,1,3,1,0,1,1,0,1,1,0,2,0,1,1,1,1,2,1,1,4,0,1,1
299,656,568,1177,1687,2154,2641,3222,3664,4350,4493,4670,4934,4676,4647,4482,4161,3945,3651,3376,3174,2993,2721,2549,2302,2120,1976,1817,1709,1456,1448,1339,1231,1148,1023,984,957,924,789,750,745,656,596,528,500,533,463,412,401,356,333,351,355,312,284,253,245,206,201,209,182,186,174,171,150,147,132,125,133,96,124,110,109,99,98,90,98,85,75,78,69,62,61,70,62,64,60,53,58,48,51,39,49,38,40,37,41,38,38,39
1,1,0,0,0,0,0,0,0,0,0,0,0,0,0,0,0,0,0,1,0,0,0,1,0,0,0,0,0,0,0,0,0,0,0,0,0,0,0,1,0,0,1,0,0,0,0,0,0,1,0,1,0,0,0,0,0,0,0,0,0,0,0,0,1,2,0,1,1,0,0,1,1,2,0,1,1,1,1,1,2,3,1,0,0,1,2,0,0,0,1,1,1,0,1,0,1,1,3,3
21,2162,3634,2725,2910,3142,2827,2859,3000,3232,3407,3542,3562,3679,3771,3764,3621,3614,3404,3256,3132,2843,2602,2453,2060,2014,1814,1673,1463,1401,1355,1233,1134,1139,1030,1017,948,922,821,786,786,714,699,634,570,612,540,498,498,476,435,396,389,391,343,305,304,253,276,271,257,238,228,235,200,209,185,166,164,131,150,141,158,130,138,108,130,109,102,95,100,89,65,92,84,79,64,58,58,58,50,55,44,47,47,33,47,40,31,37
2,1,1,1,0,2,0,2,0,1,0,0,2,0,0,0,1,0,2,0,0,2,1,0,1,0,0,1,0,0,0,2,1,0,1,0,0,1,1,2,0,1,3,1,2,0,0,0,1,0,0,1,0,2,0,4,1,0,0,2,0,1,0,0,1,1,0,1,1,0,0,0,1,1,1,1,2,1,0,1,1,0,1,2,1,0,0,1,1,0,0,1,0,2,1,0,0,2,2,2
301,1238,2870,2431,3691,5828,7819,9674,12187,14081,15006,14904,13926,12556,10926,9346,7805,6529,5273,4401,3892,3088,2668,2410,2036,1756,1560,1353,1159,990,898,780,677,594,570,494,422,382,349,301,308,269,265,199,185,182,166,147,141,132,108,95,99,89,76,88,88,72,69,65,52,48,62,33,47,46,34,30,36,32,26,30,29,23,19,27,19,20,28,14,16,19,18,19,17,13,11,11,8,11,8,12,13,10,8,11,7,12,5,7
2,0,0,0,0,0,0,0,0,1,0,0,1,0,1,0,0,0,0,0,0,0,0,0,0,0,0,0,0,0,0,0,0,0,0,0,0,0,0,0,0,0,0,0,0,0,0,0,0,0,0,0,0,0,0,0,0,0,0,1,0,0,0,0,0,0,0,0,0,0,0,0,0,0,0,0,0,0,0,0,0,2,0,0,0,1,0,0,0,0,0,2,0,0,0,0,0,0,1,2
3257,271,642,10452,31017,33767,35479,36478,34246,30355,25444,20963,16395,12815,10038,7695,5937,4522,3519,2844,2318,1895,1525,1190,964,864,663,564,468,393,357,292,245,225,185,171,143,117,109,108,89,65,70,58,56,45,35,37,32,42,23,29,37,23,28,15,25,13,15,12,18,10,11,14,16,11,10,8,10,9,4,8,15,11,2,5,4,6,2,0,2,3,6,1,1,9,2,3,2,3,6,4,4,2,4,2,2,1,2,4
9237,9848,12970,16160,15878,37509,76383,84893,67985,56700,46266,33454,26293,23664,21158,18651,17051,15285,13183,11215,9575,8385,7405,6431,5678,5028,4371,3842,3439,2961,2718,2327,2019,1869,1729,1508,1385,1198,1029,896,852,794,705,658,598,534,425,411,406,339,381,295,286,222,251,246,188,182,163,179,160,147,162,127,134,116,114,117,130,102,116,83,93,110,77,100,78,80,69,79,71,65,71,48,65,75,50,65,56,41,40,49,58,46,47,55,49,63,52,44
278,28,52,36,40,45,48,34,29,36,40,30,45,38,41,46,40,39,32,43,35,38,39,44,40,37,42,26,40,41,32,34,37,40,35,34,32,34,44,35,40,27,33,38,30,34,44,43,57,107,401,1363,2822,4319,4714,4424,3780,3412,3675,5064,6245,6598,6019,4804,3439,2248,1450,932,524,348,201,125,72,32,18,11,9,7,5,4,4,8,4,1,4,5,2,1,4,4,9,4,5,5,4,3,8,4,2,6
2,0,0,0,0,0,0,0,1,0,0,0,0,0,0,0,0,0,0,0,0,0,0,0,0,0,0,0,0,0,0,1,0,0,0,0,0,0,0,0,0,0,0,0,0,1,0,0,0,0,0,0,0,0,0,0,0,1,1,0,0,0,0,1,0,0,2,0,0,0,1,0,0,0,1,0,0,0,0,1,0,0,0,1,0,0,0,1,0,0,0,0,0,0,0,0,1,0,0,1
834,1115,2038,6472,17330,23123,24797,24881,24708,22254,18742,15385,11966,9850,7918,6752,5529,5008,4277,3918,3249,2809,2409,1995,1711,1531,1346,1116,1027,780,780,671,609,444,463,452,327,347,270,265,243,193,202,181,151,142,127,119,95,93,89,68,66,62,56,51,72,50,52,35,39,42,36,35,31,28,30,22,33,16,11,20,14,19,23,16,19,18,19,13,12,15,9,5,13,10,4,8,7,10,6,3,8,8,12,9,13,8,9,5
257,471,636,1002,1617,3117,5974,11488,17630,22790,23602,22307,18515,14945,12057,9178,7148,5622,4396,3620,2961,2451,1949,1713,1345,1166,1024,842,729,644,573,480,417,367,327,294,248,214,205,184,147,142,152,111,112,80,95,85,74,84,72,45,50,46,41,47,31,34,43,37,42,24,30,32,23,26,34,22,10,21,18,23,14,15,20,19,17,8,7,13,12,10,10,10,6,10,9,12,8,8,4,8,4,4,10,7,3,7,2,6
6,3,2,4,1,1,2,4,3,4,4,2,4,3,7,1,4,2,3,3,2,5,2,2,1,3,2,3,1,2,6,1,0,3,4,4,2,2,4,2,4,6,2,1,3,2,2,2,2,7,2,5,5,3,5,1,3,3,1,5,3,2,0,3,2,6,3,5,4,5,5,3,2,3,3,1,4,6,5,1,2,2,3,4,4,5,4,1,4,7,4,7,4,1,6,6,6,6,4,3
977,3992,7074,5363,5858,6319,5823,6302,6831,7702,8401,9013,9179,8568,7619,6594,5565,4528,3738,3054,2737,2594,2340,2133,2211,2099,1854,1794,1637,1499,1302,1214,1043,964,858,770,711,700,631,606,495,476,449,397,393,351,352,274,293,232,223,209,210,195,169,146,192,136,116,114,83,102,98,85,62,76,75,61,40,63,47,50,40,43,44,38,43,32,34,25,29,21,18,19,15,21,17,11,17,6,13,15,9,7,12,8,9,9,13,11
8,8,6,9,4,2,9,4,10,6,5,5,3,5,3,5,7,7,4,7,8,6,4,2,1,4,8,1,4,3,4,5,7,6,6,5,4,7,1,2,3,8,1,3,6,5,2,7,3,7,6,3,5,7,10,4,8,8,9,4,10,2,3,6,8,6,2,7,5,6,9,4,2,10,6,6,4,2,5,4,11,10,7,10,4,7,13,9,9,3,7,5,6,8,7,2,5,8,11,7
46,343,753,956,1152,1456,1525,1620,1628,1646,1687,1728,1660,1659,1541,1558,1484,1450,1359,1245,1298,1212,1169,1128,967,1057,986,900,806,807,796,719,713,672,685,666,601,568,591,582,539,537,483,485,511,440,399,414,374,378,363,343,319,323,286,305,285,287,284,232,264,247,238,223,216,212,200,200,217,176,200,169,185,163,184,159,165,184,164,148,140,150,126,152,139,143,145,135,129,125,133,136,98,116,99,104,105,109,90,79
7,1,1,3,3,1,3,1,4,1,4,1,1,3,1,2,2,1,2,3,4,1,1,2,0,1,2,1,0,1,2,0,3,1,1,2,0,1,0,1,2,3,1,2,0,1,0,0,2,0,0,1,0,1,1,4,3,2,1,3,4,2,3,1,1,0,1,1,2,4,2,2,1,2,1,1,0,0,2,6,2,1,1,1,0,0,2,1,3,2,0,1,2,5,0,1,5,0,1,3
102,152,267,138,177,144,149,183,246,380,498,739,983,1166,1331,1509,1613,1611,1673,1645,1656,1451,1432,1340,1283,1220,1078,1008,910,830,821,733,670,664,571,544,503,500,437,438,417,334,301,349,346,288,267,243,235,248,247,207,206,202,195,176,155,175,154,137,144,130,136,132,111,130,124,103,99,107,81,89,85,91,70,97,88,75,76,92,84,81,66,56,69,61,55,52,57,49,48,54,53,52,62,51,46,56,46,51
1,0,0,0,0,0,0,0,0,0,0,0,0,0,0,0,0,0,0,0,0,0,0,0,0,0,0,0,0,0,0,0,0,0,0,0,0,0,1,0,1,0,0,0,0,0,0,0,0,0,1,1,0,0,0,0,0,0,0,0,0,1,0,0,0,0,0,0,1,0,0,0,1,0,0,1,0,0,0,0,0,0,0,0,0,1,0,0,2,2,1,1,1,0,0,0,0,1,1,1
1596,238,325,208,226,279,215,233,222,246,219,254,226,252,248,237,220,243,256,256,260,222,253,242,250,208,243,223,246,248,207,201,227,247,234,236,249,193,207,228,242,226,226,211,226,225,231,215,223,203,228,263,249,210,225,271,309,552,786,1240,1905,2781,3658,4348,4968,5296,5252,4997,4830,4149,3660,3058,2629,2058,1696,1317,1012,790,625,481,388,290,241,169,137,116,90,75,62,63,58,39,46,34,34,44,27,15,28,27
278,1134,4655,5733,6578,7296,7447,7738,7833,7765,7694,7169,7077,6750,6360,5853,5644,5248,4777,4605,4118,3854,3678,3456,3254,2923,2692,2472,2314,2164,2099,1888,1752,1690,1487,1510,1293,1234,1126,1091,1002,919,934,853,805,751,724,630,629,560,563,526,509,448,442,393,375,429,360,333,348,318,293,246,275,257,231,237,218,216,172,195,203,156,144,166,157,165,152,126,138,128,132,120,129,118,109,111,89,90,97,77,95,95,70,64,80,81,87,66
569,710,437,713,1333,2184,3228,4838,5675,6584,7229,7554,7363,7161,6737,6049,5493,4916,4240,3866,3226,2894,2445,2188,1838,1746,1513,1319,1228,1077,947,903,753,750,626,592,505,472,446,380,330,300,337,284,232,229,180,185,168,184,158,138,128,94,106,92,82,76,72,73,82,60,57,51,38,37,50,50,41,41,38,27,31,25,19,26,19,23,22,19,18,20,18,17,14,11,16,18,18,8,4,7,6,10,8,6,7,10,7,10
1,0,0,0,0,0,0,1,0,0,0,0,0,0,0,0,0,0,0,0,0,0,0,0,0,0,0,0,0,0,0,0,0,0,0,0,0,0,0,0,0,0,0,0,1,0,1,0,1,0,2,0,0,0,0,0,2,0,0,0,0,0,0,0,0,0,0,0,2,1,1,0,0,0,0,2,1,0,0,1,0,0,0,1,0,1,0,0,1,2,0,1,1,0,0,0,0,0,1,3
1,0,0,0,3,0,0,0,0,0,0,0,1,1,0,0,0,0,0,0,1,0,0,1,0,0,0,0,0,0,0,0,0,0,0,1,0,0,0,0,0,0,0,1,0,1,0,1,1,0,0,1,0,0,1,0,0,0,0,1,0,2,1,1,0,0,0,1,2,0,0,0,0,1,0,0,0,0,0,0,0,0,1,0,2,0,2,0,1,1,3,3,1,0,0,0,1,0,0,1
1939,1518,2897,2056,2453,3110,3351,3992,4811,5391,5841,6002,6131,5741,5185,4715,4136,3562,2960,2803,2443,2226,2072,2014,1848,1770,1600,1546,1387,1320,1256,1117,976,929,884,796,753,715,628,608,545,477,518,475,443,366,366,332,300,268,260,233,277,232,215,200,170,160,169,170,125,125,107,97,103,94,101,94,89,74,79,60,77,67,67,59,49,44,60,49,56,44,40,36,35,36,20,35,14,18,31,14,20,24,12,14,14,16,12,16
11,31,99,59,101,145,185,260,375,463,599,739,877,1107,1220,1345,1541,1739,1941,1962,2046,2025,2086,1949,1865,1763,1652,1543,1425,1244,1207,1086,1096,993,939,807,772,763,767,719,694,608,606,597,573,507,498,493,457,424,452,397,443,379,349,320,325,335,269,283,256,273,275,244,238,238,209,227,229,204,178,179,168,183,149,174,138,144,123,132,137,120,109,117,111,98,84,91,92,92,78,70,55,81,77,71,69,68,63,48
1,0,0,0,0,0,0,0,0,0,0,0,0,0,0,0,0,0,0,0,0,1,0,0,0,0,0,0,0,0,0,0,0,0,0,0,0,0,0,0,0,0,0,0,0,0,0,0,0,0,0,0,0,0,0,0,0,0,0,0,0,0,0,0,0,0,0,0,0,0,0,1,0,0,0,0,1,0,0,0,0,0,0,1,0,0,1,0,0,0,0,1,0,0,0,1,2,0,0,1
49,101,108,174,774,1372,1844,2699,3630,5109,7043,9384,11556,14013,15671,16763,17790,17597,17047,15968,14491,13008,10955,9584,8067,6872,5919,5016,4360,3685,3140,2811,2407,2253,1896,1837,1712,1511,1410,1269,1143,1084,953,889,765,720,697,661,580,554,491,482,452,378,397,335,316,285,288,247,262,234,204,175,157,183,168,128,133,140,139,103,107,104,87,97,76,86,70,67,60,69,64,58,51,69,46,36,47,40,36,40,31,37,30,20,31,31,29,20
3,4,0,2,0,0,1,2,2,3,4,2,2,2,1,1,2,3,0,2,2,1,1,2,1,3,3,0,1,3,6,1,2,3,1,2,1,2,3,0,4,1,1,0,2,1,0,4,1,1,1,4,0,0,2,1,2,5,4,3,3,3,2,6,4,2,3,7,4,4,4,3,4,3,2,2,4,3,1,5,5,5,4,5,3,3,7,4,3,9,6,2,6,3,2,2,9,9,4,8
266,252,449,461,1614,3919,6251,8319,10357,11764,12194,12564,11931,10894,9680,8591,7393,6339,5531,4681,3891,3548,3038,2613,2260,1895,1644,1518,1356,1172,1038,937,831,738,704,655,576,534,476,421,388,377,314,297,282,263,278,241,222,188,191,184,174,155,132,150,115,105,121,101,109,94,90,96,83,89,75,71,88,74,67,65,58,45,47,59,46,48,44,44,50,42,48,36,33,33,32,48,32,31,35,19,30,15,19,24,24,21,27,26
4,55,31,16,27,40,32,31,47,41,47,53,122,167,347,720,1485,2754,5017,8185,12562,16675,20385,22268,23108,20776,16684,13182,9657,6790,4684,3423,2374,1733,1285,858,599,387,245,170,109,78,52,45,19,30,22,17,15,19,18,17,17,28,22,22,10,17,21,33,18,13,17,14,18,21,16,18,7,14,14,5,14,9,18,10,8,7,8,8,10,11,13,12,6,6,4,10,16,10,9,10,14,12,15,8,5,13,10,12
1,0,0,0,0,0,0,0,0,0,0,0,0,0,0,0,0,0,0,1,0,0,0,0,1,0,0,1,1,1,0,1,0,0,0,0,0,0,0,1,0,0,0,0,0,1,0,0,0,0,0,0,0,0,0,1,0,0,0,1,0,0,2,0,0,1,0,0,0,0,1,0,2,0,0,0,0,0,1,0,0,0,0,2,1,1,2,1,0,1,0,0,0,0,0,0,0,0,0,1
2732,2770,4625,4909,5398,5644,6149,6635,7282,8145,9357,10017,11003,10977,10719,10133,8844,7950,6738,5393,4615,3866,3007,2593,2060,1687,1480,1205,1055,944,791,683,668,542,482,416,377,294,297,249,212,179,160,149,131,124,103,87,67,68,55,43,55,42,32,32,39,33,18,26,20,17,21,4,10,8,8,12,10,7,4,5,7,9,6,5,3,2,2,0,2,2,1,2,3,1,0,0,2,1,1,0,2,1,0,2,0,1,2,2
3,0,1,1,2,0,2,0,1,0,3,2,2,7,3,2,3,1,1,2,6,6,1,2,0,2,4,0,2,3,4,3,6,3,4,2,0,1,1,2,5,2,0,5,1,1,2,2,1,2,3,0,1,3,2,1,2,2,4,0,3,7,2,0,1,0,2,1,2,1,4,2,0,5,2,2,0,5,2,4,1,4,0,3,2,4,2,5,3,2,2,0,1,1,3,1,0,1,2,5
324,386,682,552,788,1121,1064,1167,1329,1483,1856,2297,2838,3532,4501,5418,6526,7331,7956,7688,7595,6496,5615,4682,3939,3284,2645,2257,1790,1525,1342,1198,1177,1133,1104,1164,1105,1070,1104,1168,1027,948,778,742,726,615,552,477,448,318,313,296,261,262,238,237,225,254,207,163,174,182,112,144,140,106,106,91,81,86,68,78,62,48,42,56,40,31,45,47,36,32,39,29,26,19,20,25,23,23,14,17,15,15,13,14,11,8,8,6
1,2,1,1,0,0,0,1,0,0,1,1,1,1,1,0,1,0,1,0,1,1,0,1,0,1,0,0,0,1,0,0,1,1,0,0,1,1,2,1,1,1,1,0,1,1,1,1,0,0,2,0,0,1,0,1,1,1,2,2,1,1,0,1,2,0,0,0,1,0,0,1,0,1,3,0,1,1,0,3,0,0,1,0,2,1,0,1,0,1,1,2,0,1,0,0,1,2,0,1
23,71,128,145,521,2043,4106,5238,5161,4292,3657,2909,2433,2076,1835,1598,1389,1211,1100,1007,964,815,822,785,682,669,582,612,561,567,534,478,478,433,427,432,373,347,355,350,338,312,284,272,300,287,236,243,229,228,200,183,187,208,198,180,158,142,147,165,145,142,120,143,116,126,92,101,103,112,89,83,86,95,89,75,100,85,87,68,78,72,75,74,64,71,63,54,66,62,57,56,58,60,57,63,56,62,41,48
1209,109,393,1183,1993,2689,3228,3777,3795,3962,4028,3947,4167,4037,4085,3980,3858,3687,3692,3619,3540,3350,3182,3113,2941,2847,2718,2549,2438,2354,2253,1947,2054,1822,1699,1559,1533,1506,1345,1321,1228,1133,1106,1012,951,990,872,841,789,794,695,646,635,615,597,540,553,482,478,457,404,405,407,383,363,378,311,321,318,301,311,280,282,250,228,206,237,216,202,189,194,178,173,168,141,140,143,134,143,132,119,112,120,130,109,115,103,111,83,97
1019,0,1977,4761,5224,5702,11722,27472,43683,55817,57883,54503,51793,43232,38471,31681,25104,21044,15912,12975,10119,7815,6391,5039,4253,3477,2707,2368,1969,1622,1431,1171,1017,889,730,660,507,479,385,325,292,207,218,185,157,139,120,75,87,94,64,62,57,46,31,33,21,12,15,16,16,10,12,12,13,10,6,8,10,6,6,6,2,2,1,2,1,1,1,0,0,0,0,0,0,1,0,1,1,0,0,0,0,2,0,0,0,0,0,1
108,8009,12738,12984,15384,17548,18844,21756,25331,26679,29522,28500,25309,20518,15053,11426,8375,6548,5389,4800,4382,4235,3909,3625,3332,2933,2485,2143,1737,1444,1231,1044,995,804,758,721,610,616,488,456,363,290,340,239,223,202,161,159,157,119,112,111,97,74,56,54,58,46,46,41,39,33,26,26,28,18,23,22,15,16,13,10,11,13,8,6,4,6,7,4,8,2,4,2,0,1,5,0,4,3,2,3,3,0,2,5,2,2,1,1
1,0,1,0,0,0,0,0,0,0,0,0,0,0,0,0,0,1,0,0,0,0,1,0,0,0,0,0,0,0,1,0,0,0,0,0,0,0,0,0,0,0,0,0,0,0,0,0,0,0,0,1,1,0,0,0,0,0,0,0,0,0,0,0,0,1,1,0,0,0,1,1,0,0,0,0,0,0,0,0,0,0,0,0,0,1,0,1,0,0,0,1,1,0,1,0,0,0,0,1
106,569,626,528,548,548,590,539,577,503,501,522,477,522,463,426,405,381,359,372,323,276,275,306,252,243,204,211,186,178,176,167,160,105,115,133,123,116,96,97,80,76,84,72,67,70,66,48,53,62,51,52,53,31,40,41,39,38,43,43,36,35,35,26,26,34,27,25,22,17,20,19,20,23,18,17,21,19,18,22,19,13,21,15,15,24,10,13,17,16,14,22,17,25,19,17,24,9,16,22
589,144,521,1350,2274,3647,4692,5039,4326,3519,2710,2137,1844,1650,1632,1540,1478,1412,1449,1365,1302,1315,1305,1286,1242,1242,1220,1145,1014,979,870,778,697,655,558,518,505,457,433,408,376,345,330,283,249,239,236,225,232,209,183,178,167,158,129,152,157,124,134,115,104,115,107,108,118,94,119,75,96,81,103,90,82,99,84,88,78,72,72,72,79,68,70,64,56,58,57,62,55,67,52,55,48,47,50,54,48,38,43,50
12,5,21,32,102,274,734,1213,1681,1980,2352,2734,3064,3417,3389,3068,2597,2392,2052,1760,1538,1244,1152,954,792,668,651,557,519,441,423,340,329,302,261,224,233,196,189,143,155,161,156,112,100,106,99,100,96,72,73,74,64,70,81,64,55,46,48,39,39,33,35,39,36,25,33,34,23,21,15,33,22,27,24,23,19,18,12,9,19,15,18,11,12,15,14,11,11,20,11,8,11,8,7,10,18,10,9,12
1,1,0,0,0,0,0,0,0,0,0,0,0,0,0,0,0,0,0,0,0,0,0,0,0,0,0,0,0,0,0,0,0,0,0,0,0,0,0,0,0,0,0,1,0,0,0,0,0,0,0,0,0,0,0,1,0,0,0,0,0,0,0,0,0,2,0,0,0,0,0,0,0,0,0,0,1,0,1,0,0,0,0,0,0,0,0,0,0,0,2,1,0,0,0,0,0,0,0,1
256,1886,2254,1764,3596,4888,5489,6350,7219,7414,7649,7550,7263,6850,6334,5711,5228,4611,4247,3922,3597,3247,3008,2799,2541,2295,2112,1933,1773,1656,1505,1346,1317,1123,1133,1037,914,843,789,799,648,636,560,532,480,486,444,413,358,392,343,314,292,246,227,213,217,217,199,191,179,174,140,145,127,127,88,108,97,94,86,81,82,89,61,68,67,54,54,52,49,42,50,39,45,52,47,39,38,37,28,25,30,33,24,27,30,26,13,19
1,3,1,0,1,0,1,2,0,1,2,0,0,0,0,1,1,0,0,0,1,1,1,0,0,1,0,0,1,3,0,1,1,0,1,1,1,0,0,2,0,0,1,2,0,2,1,0,1,0,0,1,1,0,0,1,2,1,3,0,1,1,3,0,1,1,0,0,0,2,0,1,2,0,2,1,0,2,2,1,2,2,2,0,1,0,0,0,0,1,1,3,1,0,1,1,2,3,0,1
7116,12728,33616,29762,24153,20416,16565,14059,12057,10694,9377,8224,7225,6435,5497,5118,4512,4056,3628,3229,2873,2693,2491,2151,2020,1850,1698,1540,1457,1341,1131,1115,1035,969,879,802,717,711,655,617,585,561,481,492,430,442,401,407,334,325,289,294,278,231,239,226,216,208,163,185,169,172,142,143,112,129,121,119,101,106,103,83,105,100,77,80,71,81,44,62,75,40,67,66,58,32,40,45,39,39,43,40,34,31,31,23,34,29,31,28
230,308,2046,10864,20689,24141,26561,27311,25413,22230,19026,16420,14056,11880,9990,8279,6914,5825,4813,3975,3370,2978,2479,2168,1876,1557,1367,1300,1091,928,831,776,674,572,542,476,383,366,292,261,267,229,191,186,191,144,136,138,115,105,114,86,79,95,76,73,61,79,37,51,46,52,47,33,32,24,23,21,30,30,26,24,19,22,12,15,18,16,14,15,26,13,9,13,11,16,3,9,12,12,3,7,2,5,4,12,10,7,7,3
2,1,1,1,1,1,0,2,1,2,4,0,4,0,1,1,1,1,4,3,2,4,5,0,1,2,3,1,3,1,4,3,1,4,2,3,0,3,2,2,2,1,2,0,3,1,5,1,2,2,1,2,3,2,3,1,0,1,2,4,3,3,1,4,1,2,2,4,2,2,3,0,2,3,2,3,1,0,3,0,0,1,3,3,4,3,3,2,3,4,4,2,2,1,1,6,5,2,1,4
1348,755,2124,3857,7348,13892,21404,28976,33687,35140,32103,26554,21818,16683,12688,9612,7830,6392,5382,4634,4023,3461,2909,2555,2143,1838,1754,1396,1221,965,925,841,718,615,562,443,406,353,326,297,264,232,187,178,157,148,123,102,112,86,60,77,57,48,54,50,29,39,24,38,18,27,23,30,22,23,13,19,17,12,16,10,17,9,8,12,7,9,8,6,10,5,10,8,11,5,5,5,2,4,2,1,4,3,6,6,2,3,0,4
1,0,0,0,0,0,0,0,0,0,0,0,0,0,0,0,0,0,0,0,0,0,0,0,0,0,0,0,0,0,0,0,0,1,0,0,0,0,0,0,0,0,0,0,0,0,0,0,0,0,0,1,0,0,0,0,0,0,0,0,1,0,0,0,0,0,0,2,0,0,0,2,1,1,3,1,0,1,1,0,1,3,1,2,3,1,0,4,1,2,1,2,0,2,0,1,2,1,2,4
1571,2042,6174,11619,15810,18212,19683,20627,20716,20896,20494,19339,17768,17364,15862,14809,13439,11944,10872,9685,8583,7648,6754,6050,5319,4841,4246,3755,3191,2949,2701,2313,2082,1848,1729,1565,1279,1192,1103,960,870,834,703,663,608,521,490,482,387,337,295,329,281,243,239,237,181,181,146,159,118,116,99,99,92,90,66,79,58,57,38,59,42,37,28,22,28,28,22,23,25,18,15,26,12,16,8,13,10,5,6,8,8,9,10,7,13,6,7,4
6277,3890,8586,6298,6786,7605,6851,7086,7731,8196,9039,9641,10066,10037,10199,9633,9104,8377,7553,6871,6086,5419,4721,4416,3935,3425,3192,2981,2775,2652,2328,2128,1988,1811,1690,1499,1516,1338,1281,1142,1130,997,920,873,795,799,672,640,651,574,523,541,468,500,392,372,393,304,344,298,304,247,244,252,249,220,178,190,155,176,176,156,121,144,128,122,111,114,114,102,108,96,94,106,98,102,83,73,64,62,66,66,59,61,50,59,58,52,38,55
2,0,2,0,1,3,2,1,0,2,0,1,0,1,2,0,1,2,3,0,2,0,0,1,2,0,3,0,2,0,0,1,0,0,2,0,0,2,0,1,0,0,0,2,1,1,0,1,0,0,0,1,2,2,1,0,1,0,0,1,0,1,0,1,1,3,2,1,1,0,0,1,0,0,0,1,2,2,1,2,1,1,2,1,1,1,1,1,1,2,2,2,2,1,1,2,3,3,3,3
1,0,0,0,0,0,1,0,0,0,0,0,0,0,0,0,0,1,0,0,0,0,0,0,0,0,0,0,0,0,0,0,0,0,0,0,0,0,0,1,0,0,0,0,0,0,0,0,0,0,0,0,0,0,0,0,0,0,1,1,0,0,1,0,0,0,0,0,2,0,1,1,0,0,0,2,2,1,0,3,1,0,1,2,1,0,0,1,0,2,1,0,1,0,0,0,0,1,2,1
9885,10469,10551,10644,10686,10598,10425,9957,9657,9951,10318,11014,11464,12444,12718,12181,11027,10243,9124,7806,6213,5389,4142,3069,2203,1732,1301,1014,813,670,607,474,386,341,307,290,233,221,210,170,161,110,134,92,97,68,66,67,53,32,26,31,22,24,25,13,24,16,15,17,10,8,16,7,10,11,4,5,4,3,10,8,3,2,3,7,3,3,3,1,2,5,3,2,5,1,2,0,1,0,0,0,0,0,1,1,0,0,0,3
116,67,110,89,131,180,489,1168,2364,4601,6741,7805,7546,6389,5195,4197,3352,2736,2308,2043,1754,1590,1397,1253,1115,1031,855,870,765,707,608,585,554,491,436,372,397,354,342,299,292,213,215,203,220,194,198,163,171,156,154,149,140,127,130,111,118,94,105,105,100,90,78,87,72,67,68,76,51,44,64,59,65,48,73,50,55,46,36,46,58,43,27,35,37,27,36,28,38,31,36,28,35,27,28,35,30,27,27,36
1,0,0,0,1,0,3,3,3,4,8,9,7,5,9,4,4,5,3,4,0,0,1,3,3,2,1,2,0,0,9,7,5,6,8,5,4,1,6,2,1,1,0,0,0,0,2,2,3,7,3,4,4,0,3,4,2,1,1,2,4,1,5,3,2,5,7,3,2,2,5,3,1,3,6,5,5,1,1,6,4,2,5,3,1,2,1,2,5,5,1,5,1,3,4,2,4,5,2,6
6,6,6,4,7,4,4,4,7,6,6,7,8,2,3,2,4,5,2,4,3,9,2,6,4,2,6,9,3,0,3,4,7,6,4,7,4,2,5,4,5,2,6,5,3,3,6,5,4,2,3,1,4,2,5,2,7,3,5,7,7,9,3,2,7,6,6,1,4,5,4,6,5,7,9,7,3,8,6,9,6,5,5,7,7,6,5,7,3,6,7,12,7,5,5,9,8,6,6,13
52,0,2,0,1,0,0,0,0,1,0,0,0,1,0,0,1,1,1,0,1,0,0,2,2,0,0,3,1,0,1,0,0,0,0,0,0,2,0,0,0,0,0,0,1,0,0,0,0,0,1,2,3,0,2,6,5,6,14,12,21,19,13,15,18,21,15,13,7,9,10,17,19,21,32,51,40,57,70,117,126,124,161,153,179,216,251,243,245,322,289,289,300,324,339,350,326,347,349,358
7,14,8,9,9,11,9,4,5,9,8,6,7,11,8,9,10,5,10,14,12,9,6,14,11,11,11,12,8,9,7,5,10,7,9,12,5,17,12,9,5,11,7,4,10,9,13,7,3,12,6,11,9,12,14,17,6,4,11,10,9,10,8,6,12,8,5,11,10,7,11,10,7,6,5,12,9,6,8,6,10,4,12,8,6,7,10,17,9,7,10,5,6,13,9,10,12,7,6,8
37,97,62,103,177,260,300,368,425,610,798,912,1122,1244,1484,1616,1849,1975,2204,2254,2486,2542,2488,2646,2500,2610,2590,2536,2433,2334,2358,2261,2135,1991,1945,1762,1672,1585,1501,1457,1399,1296,1169,1106,1040,988,869,925,765,822,746,714,666,694,562,514,500,475,471,495,458,390,373,353,337,357,335,337,287,264,264,250,236,205,215,215,208,205,212,157,190,160,173,142,156,144,153,151,146,121,112,128,136,137,128,110,94,106,94,116
225,16174,17515,11161,8718,7857,8293,9647,11855,13969,16096,17592,18494,18850,18632,17858,16969,15756,13761,12397,10402,9058,7756,6445,5606,4902,4034,3517,2940,2563,2243,1872,1695,1411,1297,1051,884,778,692,586,519,464,393,383,372,289,294,226,210,211,179,160,177,148,139,146,143,113,103,90,107,99,94,84,78,94,67,76,74,50,50,53,46,52,58,40,61,47,33,41,36,33,45,38,38,38,47,39,36,29,31,33,33,24,33,30,24,32,24,31
2,0,1,1,0,0,0,0,0,0,0,1,0,1,0,0,1,0,0,0,0,0,1,0,0,0,0,0,0,0,1,0,0,1,0,0,1,0,0,0,0,0,0,0,1,0,1,0,0,1,0,0,0,0,0,0,2,1,0,2,0,2,1,0,1,1,1,0,2,1,0,1,3,1,1,2,0,3,1,2,3,1,1,2,1,1,4,2,2,3,0,9,1,2,6,5,2,4,4,4
3989,7028,8796,13218,15004,14172,11786,9933,7735,6339,5253,4483,3971,3508,3084,2814,2519,2338,2037,2002,1703,1515,1436,1335,1230,1133,1036,937,815,825,735,684,684,609,588,567,526,490,438,457,414,404,439,395,343,329,320,300,291,261,268,275,275,234,237,231,236,217,194,201,178,166,182,176,146,176,143,146,159,142,143,137,118,120,125,109,103,111,103,107,110,103,109,88,98,81,86,107,88,72,68,67,65,64,53,69,57,69,63,62
65,31,28,18,25,28,34,38,34,36,28,30,38,39,19,32,36,40,46,39,34,38,29,36,27,36,38,33,45,49,36,46,45,43,36,41,37,48,39,37,35,39,30,28,46,37,33,37,38,39,33,35,47,39,34,51,38,46,41,49,36,45,43,39,53,40,56,56,44,49,48,76,64,46,54,50,55,72,60,65,66,81,62,53,62,56,71,56,81,70,69,71,76,70,71,67,76,74,79,77
24120,22373,24109,19479,18485,17306,15082,13609,12301,10904,9798,8779,7744,7096,6393,5589,5013,4489,3969,3708,3280,2975,2696,2394,2116,1890,1677,1495,1432,1225,1156,996,967,826,772,673,588,542,496,443,392,361,343,296,255,270,212,202,186,155,160,133,136,124,95,113,79,92,72,67,72,79,62,55,47,50,42,40,34,41,28,24,22,23,20,23,18,27,16,21,22,17,14,14,8,10,10,8,7,12,3,9,8,6,8,4,4,8,4,7
8,0,0,0,0,0,0,0,0,0,0,0,0,0,0,0,0,0,1,0,0,0,0,0,0,0,0,0,0,0,0,0,0,0,0,0,0,4,7,7,9,16,20,22,31,42,46,54,64,81,89,112,125,127,156,186,214,196,227,246,240,289,306,358,331,397,371,392,412,456,430,517,450,513,503,505,523,532,486,536,518,485,494,486,474,498,461,489,442,453,407,400,360,356,369,353,375,367,344,321
37,25,25,20,17,23,31,50,49,62,93,104,133,173,170,191,240,278,323,319,336,372,431,421,441,495,502,520,510,541,533,531,512,545,554,610,547,518,528,520,507,488,513,491,499,402,512,486,489,439,404,440,440,402,405,440,401,389,369,334,386,359,359,318,313,309,286,269,291,296,273,261,265,223,231,256,218,222,190,206,200,189,202,192,190,174,160,176,174,160,148,134,145,127,151,135,131,135,113,113
2,4,2,1,2,1,3,2,1,2,4,2,1,5,5,7,1,0,1,4,1,3,1,3,2,4,3,4,1,4,2,4,4,5,4,2,1,1,4,6,4,4,0,6,5,2,2,2,1,0,3,0,3,3,9,14,8,16,16,25,48,53,60,82,125,126,173,205,247,269,266,340,352,383,426,483,436,471,528,552,576,551,533,613,559,567,566,563,586,538,548,530,529,471,483,472,438,446,429,406
6,2,5,2,3,3,3,6,3,2,2,1,1,1,1,3,0,0,1,2,1,1,0,1,0,2,0,0,2,1,1,1,0,0,2,1,0,1,1,2,1,0,1,1,0,1,3,0,1,0,0,0,3,3,1,1,1,1,1,0,1,1,1,0,1,2,1,1,1,1,1,0,2,0,0,0,1,3,1,1,4,2,0,0,2,4,0,0,0,0,2,2,0,2,1,2,2,0,2,2
5973,3592,2418,1651,1188,949,698,577,495,376,419,402,387,413,455,479,554,599,640,647,683,660,601,636,593,562,515,458,385,341,298,296,272,254,224,201,168,203,163,176,168,177,174,163,143,174,188,152,155,164,163,154,149,143,121,119,131,118,119,117,115,108,108,99,123,96,91,97,79,90,89,100,77,93,69,76,77,76,91,66,72,64,68,70,53,66,67,70,49,67,46,65,57,45,58,48,46,42,46,53
389,301,1290,3702,6138,7301,6996,6000,5409,4915,4498,4234,4182,4256,4203,4314,4393,4391,4240,3823,3228,2742,2413,2096,2002,2019,2013,1899,2012,1906,1883,1745,1854,1845,1721,1733,1599,1629,1559,1435,1464,1327,1332,1253,1174,1113,1061,1028,926,850,798,800,731,672,625,561,524,532,460,440,428,376,364,360,324,287,268,301,249,232,248,209,207,216,191,158,165,174,169,157,158,144,121,138,117,105,120,106,100,120,100,98,88,86,100,86,84,85,80,63
3212,45,1138,3481,6425,5777,4109,2812,1890,1575,1447,1480,1622,1744,1720,1613,1655,1595,1589,1631,1655,1673,1671,1690,1553,1578,1484,1415,1436,1400,1346,1308,1245,1249,1226,1191,1118,1128,1073,1009,910,911,880,822,790,746,680,699,642,619,617,586,527,557,461,452,449,468,413,446,398,366,381,370,311,301,286,326,267,268,237,230,224,223,226,226,209,183,207,185,168,160,175,145,155,144,145,130,136,121,123,120,123,116,102,121,106,123,99,105
265,5682,9532,7089,4686,3911,3455,2958,2333,1847,1568,1674,2031,2606,3315,3954,4414,4568,4491,4013,3611,3233,2772,2664,2646,2587,2641,2720,2824,2850,2944,2832,2953,2882,2710,2699,2458,2360,2153,1903,1801,1565,1378,1312,1163,1091,943,919,819,662,701,583,546,541,485,414,368,387,340,283,292,286,259,236,217,207,206,173,173,177,138,123,109,121,119,108,107,73,90,78,71,80,75,62,46,64,63,58,53,56,45,52,59,52,36,47,39,43,45,32
4,82,434,799,1152,1454,1574,1455,1223,968,767,684,570,471,413,379,335,350,337,330,368,382,374,382,514,529,555,610,662,563,541,570,564,601,574,522,496,470,444,376,367,329,299,293,272,270,265,218,193,156,154,145,124,127,122,118,117,109,86,79,78,89,66,58,66,65,49,59,49,45,47,45,46,59,44,48,38,35,40,26,26,34,26,31,33,27,23,29,26,16,14,24,17,15,12,16,16,11,18,12
646,19567,8941,4793,3407,3356,4825,9547,15548,21315,25159,27750,28445,26684,24876,21178,16575,12201,8825,6317,4593,3216,2473,1907,1526,1179,932,865,698,554,521,469,420,330,276,282,240,234,195,172,153,143,153,111,121,124,123,122,115,121,107,102,112,121,103,86,131,100,102,98,112,97,98,90,113,98,87,92,97,98,99,83,92,100,75,91,78,66,66,66,68,59,61,45,57,44,40,34,39,50,26,27,22,31,23,9,13,16,21,10
2,0,0,0,0,0,0,0,0,0,0,0,0,0,0,0,0,0,0,0,0,0,0,0,0,0,0,0,0,0,0,0,0,0,0,0,0,0,0,0,0,0,0,0,0,0,0,0,0,0,0,0,0,0,0,0,0,0,1,0,0,0,0,0,0,0,1,0,0,0,0,0,0,0,0,0,0,0,0,0,0,2,2,1,6,10,10,17,22,27,53,57,87,100,104,147,159,197,246,265
434,20,254,762,1481,2676,5781,16878,25879,27783,27124,24188,22654,22296,23019,20309,12995,9295,6731,4828,3734,3160,2856,2581,1996,1700,1592,1427,1274,1217,1159,926,695,634,552,569,531,500,536,459,395,313,334,304,280,261,243,247,228,203,199,182,141,137,166,141,125,122,107,80,110,93,104,82,71,91,74,80,65,78,60,60,49,58,44,57,51,47,58,60,48,40,42,35,32,34,36,37,18,29,26,28,24,27,29,39,19,32,20,26
4,21,55,89,163,208,275,290,275,283,302,319,298,338,307,251,277,297,282,309,299,306,307,353,339,366,387,409,396,460,535,408,487,541,546,495,539,550,601,534,617,613,588,594,611,615,592,637,629,651,588,665,608,605,603,639,626,604,585,583,579,585,589,565,524,517,513,526,572,511,498,496,465,464,508,411,457,460,445,436,454,436,388,392,381,374,393,347,360,336,355,349,309,336,298,290,299,301,253,282
846,1516,3031,4514,5982,6912,7883,7124,6095,4683,3986,3695,3812,3858,4301,4233,4147,3828,3735,3701,3923,3884,4005,3871,3823,3543,3445,3257,3399,3322,3349,2974,2913,2505,2403,2276,2279,2153,1963,1795,1754,1543,1421,1352,1335,1207,1130,990,898,828,762,710,623,644,523,475,431,425,380,353,282,320,269,247,218,218,170,192,176,189,152,147,144,126,120,102,91,88,96,87,81,86,70,64,66,64,49,57,50,48,45,47,38,49,39,43,32,26,32,35
888,3974,6919,10108,12119,12082,10123,8418,6842,5579,4018,2969,2343,2091,1987,1920,1861,1750,1761,1796,1804,1760,1591,1454,1341,1307,1222,1175,1086,916,956,884,824,768,753,785,730,684,648,618,581,579,597,564,546,521,508,456,494,461,484,466,467,424,423,408,398,419,401,388,408,364,371,323,343,331,342,299,275,302,313,278,269,242,256,287,214,235,224,214,206,223,233,223,202,199,203,169,178,183,165,163,147,167,169,175,147,138,145,134
1,0,0,0,0,0,1,0,0,0,0,0,0,0,0,0,0,0,0,0,0,0,0,0,0,0,0,0,0,0,0,0,0,0,0,0,0,3,15,107,502,1689,4147,7673,11223,13264,13094,11164,8212,5749,3698,2266,1434,908,638,429,316,201,180,113,83,60,45,26,25,19,16,2,6,0,5,6,0,1,2,0,2,0,0,0,0,0,1,1,3,2,6,9,13,15,11,18,12,16,16,14,15,16,7,9
1,0,0,0,0,1,0,0,0,0,0,0,0,0,0,0,0,0,0,0,0,0,0,0,0,0,0,0,0,0,0,0,0,0,0,0,0,0,0,0,0,0,0,0,0,0,0,0,0,0,0,1,0,0,1,1,0,3,6,8,12,20,28,60,64,78,125,198,227,333,420,505,622,659,863,1004,1170,1376,1478,1818,1880,2070,2027,2201,2195,2159,2116,1964,1887,1662,1497,1329,1135,1063,940,732,653,537,454,384
802,983,960,1143,1304,1689,2319,2955,3727,3880,3882,3489,3098,2485,1857,1362,1030,928,798,796,899,1014,1128,1132,1291,1335,1298,1313,1268,1246,1175,1070,1002,908,902,833,770,781,694,693,674,664,657,580,578,564,496,453,465,449,414,405,360,362,314,300,314,269,285,272,256,248,232,190,220,191,180,183,168,171,165,152,133,119,115,120,107,138,117,117,94,94,93,99,102,92,76,74,84,63,58,67,66,60,67,53,60,52,51,58
559,2649,5421,4991,4986,4536,3318,2554,2087,1734,1536,1470,1368,1322,1328,1262,1302,1168,1048,888,695,593,471,512,515,457,529,523,512,555,570,599,662,707,822,818,813,776,791,819,848,875,873,831,826,779,780,801,874,817,784,745,722,681,652,671,632,597,549,547,465,486,467,421,388,364,410,352,317,308,279,267,294,252,244,207,220,192,210,214,200,184,173,161,147,149,173,124,126,122,109,129,122,119,108,107,105,80,83,86
2,0,1,3,2,1,0,3,4,0,1,0,1,2,2,4,2,3,1,1,1,1,6,6,0,3,3,1,2,2,1,1,2,3,4,5,3,7,8,3,3,4,4,5,7,5,8,9,5,7,8,6,6,9,13,8,9,15,16,20,24,40,28,39,58,73,66,104,88,140,127,154,159,199,210,240,225,240,264,320,310,296,332,346,374,347,431,408,450,446,453,457,478,502,535,503,507,493,442,468
1,50,2000,10814,12909,10937,7099,4666,3362,2926,2516,2485,2599,3069,3582,4346,4944,4428,3810,2760,2228,2002,1728,1649,1535,1480,1369,1383,1289,1449,1485,1589,1645,1690,1773,1839,1818,1833,1788,1774,1745,1764,1669,1704,1674,1552,1366,1317,1163,997,921,817,757,682,642,489,484,453,390,338,311,305,276,259,229,194,201,188,187,162,122,134,117,114,106,92,121,84,106,90,84,75,84,68,79,52,74,55,64,46,58,61,57,44,48,43,48,37,31,26
4,0,2,2886,7490,9522,11311,11480,11431,10898,9823,9704,10194,10128,10048,10713,9875,9749,9816,9632,9882,10034,9905,9172,8295,6988,5523,4389,3285,2529,1843,1445,1109,935,816,671,661,536,532,494,419,374,354,348,333,302,267,250,215,178,174,138,129,89,104,68,65,63,60,39,51,34,31,26,19,17,22,12,13,8,10,5,9,5,6,5,4,6,6,6,6,2,3,4,1,6,1,3,4,5,3,4,1,2,2,4,1,0,1,1
2,0,0,0,0,0,0,0,0,0,0,1,0,0,1,3,0,0,3,0,0,1,0,3,1,2,3,1,0,2,1,3,2,2,3,2,1,2,2,3,1,4,4,3,5,0,0,1,2,4,4,0,4,3,2,4,4,2,3,2,5,1,4,1,5,3,5,0,3,6,0,0,3,1,3,1,3,0,4,3,1,1,3,2,3,0,3,0,2,1,5,1,1,2,2,2,1,4,2,2
13,14,109,2104,3610,3016,2608,3059,4791,6950,8749,8821,7863,6651,5627,5365,5398,5831,5897,6091,6124,5754,5563,5100,4468,3987,3484,3003,2480,2187,1923,1589,1335,1290,1078,915,852,849,755,713,642,599,527,558,480,472,466,473,467,394,380,378,341,315,296,261,234,231,244,227,189,216,204,183,162,183,153,160,143,141,125,114,121,100,108,101,114,94,93,87,82,81,88,79,82,83,55,66,69,56,54,52,47,46,49,47,47,46,52,33
3,21,75,308,894,2484,5059,9224,13477,16058,18164,16213,14336,10038,6950,3969,2223,1075,511,221,109,55,31,17,20,8,8,8,3,4,4,0,1,0,2,0,2,3,1,0,1,0,2,0,1,0,0,1,1,2,1,2,1,3,5,9,11,13,22,10,17,10,6,16,5,10,10,7,7,4,6,3,1,1,0,0,0,0,1,0,0,1,0,0,0,0,0,0,0,0,0,0,0,0,0,0,0,0,0,1
19,4588,5549,4793,4643,4914,5732,7439,9543,11135,12318,12967,12961,12891,12473,12234,11268,10819,10004,9104,8248,7483,6558,5778,5042,4192,3613,3075,2585,2339,1888,1656,1436,1294,1148,970,777,743,621,569,455,430,380,323,316,264,234,241,212,199,151,140,130,128,130,86,98,103,78,68,64,53,47,47,37,27,51,40,29,32,26,24,19,19,20,15,16,18,18,8,16,18,11,10,8,12,10,7,10,8,8,8,11,2,10,8,9,1,2,13
1,2,9,6,4,1,6,8,10,5,1,9,7,11,5,3,5,8,5,1,4,7,4,7,5,6,5,10,5,12,65,457,1442,3171,5435,7283,9482,11141,12555,12302,10644,8213,5138,2876,1414,685,319,165,92,63,36,20,16,17,8,14,14,11,19,12,8,8,5,32,57,77,119,141,136,99,98,78,82,95,102,132,170,200,209,230,216,191,162,146,114,88,78,53,48,21,22,6,8,5,3,9,9,19,19,9
1,0,0,0,0,0,0,0,1,1,0,2,2,1,1,1,1,0,2,0,2,1,0,0,2,0,2,0,1,2,2,1,1,1,0,2,2,3,2,1,2,2,10,43,108,205,298,425,585,913,1403,2051,2567,2664,2529,2430,2706,3106,3445,3785,3910,3489,3055,2726,2669,2338,2079,1814,1501,1033,792,662,568,538,543,483,464,369,288,221,156,124,109,112,92,70,67,62,55,47,32,23,27,22,19,18,29,24,35,28
19,125,380,466,580,881,1281,1929,2748,3576,4369,4711,4463,4134,3550,2614,1821,1149,658,385,234,169,123,113,78,73,75,56,33,30,20,22,21,16,14,11,10,13,13,12,12,5,8,6,11,8,10,4,7,8,4,6,4,6,12,7,1,3,4,8,4,4,5,10,5,4,6,1,7,4,5,4,6,10,7,6,4,9,6,8,8,7,6,8,2,6,4,2,6,5,6,9,5,0,6,10,2,1,7,12
13,9,17,13,16,12,8,15,15,11,15,20,11,11,16,15,10,11,16,16,15,13,11,9,9,14,17,21,17,12,11,12,8,13,12,11,14,10,22,15,17,15,19,12,11,13,15,12,18,6,16,11,11,13,14,22,12,13,16,13,16,11,13,17,18,11,11,18,26,12,10,13,20,11,9,14,13,16,10,10,11,15,12,19,34,45,45,72,86,105,136,221,308,408,573,764,935,1089,1205,1272
13,4819,3210,2634,2396,2021,1721,1638,1592,1401,1294,1272,1305,1161,1138,1098,1078,1022,963,945,909,837,792,786,702,686,669,619,621,539,533,520,521,484,450,456,430,434,414,420,394,400,365,344,354,312,321,322,300,271,277,252,249,232,226,231,227,221,219,207,187,203,181,195,186,177,174,153,156,141,115,152,146,141,126,124,146,123,143,128,115,116,108,121,98,116,93,119,96,94,97,84,90,109,79,75,86,81,72,79
813,390,508,415,654,1371,2205,2572,2724,3463,5584,9256,11470,10977,10854,11983,13782,14702,13945,12106,9670,7401,5383,4091,3321,2813,2315,2040,1812,1731,1538,1572,1530,1459,1497,1450,1364,1268,1087,914,864,751,628,598,514,453,385,337,321,316,294,242,230,244,197,183,161,139,169,120,115,110,91,98,89,85,70,72,77,77,76,69,62,58,56,33,49,54,43,42,35,39,37,34,24,29,21,22,23,27,26,20,28,23,15,22,15,17,15,13
2,1,0,0,0,0,2,2,1,2,3,2,0,0,0,2,0,1,1,0,0,1,1,2,1,0,0,0,1,2,1,0,0,2,1,3,5,28,91,231,606,1267,2612,4205,5924,7467,8161,8167,8169,7340,6474,5239,4446,3323,2667,2111,1739,1318,1072,829,702,499,483,330,291,254,217,178,190,133,121,125,120,86,101,93,70,64,73,76,58,69,62,53,45,64,66,53,73,68,66,75,80,67,89,67,63,73,77,56
602,5897,16082,8329,4471,3997,5060,9032,15770,22416,26428,28072,29287,28166,26233,22779,18758,14468,10494,7536,5742,4103,3062,2441,1954,1588,1308,1145,942,907,771,673,601,509,404,363,355,296,298,244,226,232,207,183,171,199,177,166,177,128,144,134,140,137,128,91,145,147,123,122,115,128,107,119,114,117,94,114,95,88,95,92,88,97,88,92,77,57,56,82,56,63,61,50,51,48,32,47,34,34,35,34,32,26,37,23,26,22,27,20
1580,2434,2250,2174,2069,1775,1561,1173,924,831,880,934,1171,1462,1872,2264,2539,2674,2559,2279,1903,1524,1222,1054,805,768,702,700,648,690,651,679,729,763,789,811,844,868,834,951,843,833,837,893,834,838,827,797,752,693,699,663,672,630,627,547,558,493,502,466,450,406,361,391,329,302,327,293,297,269,241,237,239,186,186,185,164,167,172,163,139,137,128,120,112,113,107,111,103,119,88,86,79,71,74,51,78,63,47,56
5,30,96,263,485,843,1143,1441,1418,1660,1714,1803,1808,1807,1681,1613,1276,1370,1279,1480,1566,1599,1576,1616,1476,1489,1518,1504,1617,1652,1714,1712,1770,1681,1727,1636,1697,1741,1855,1899,1997,1924,1999,2010,1902,1794,1788,1787,1796,1592,1717,1762,1751,1631,1628,1538,1392,1221,1052,918,764,614,473,373,277,206,142,108,87,63,35,29,25,12,17,6,3,2,4,7,4,2,3,1,2,2,0,2,3,2,1,1,1,0,1,0,1,0,0,2
1262,1813,1819,1867,1857,1426,1189,985,955,1009,1223,1505,1977,2308,2559,2545,2591,2291,1925,1453,1149,863,793,695,680,699,687,733,666,722,778,748,774,856,849,860,893,867,798,833,869,934,841,880,801,800,756,755,756,772,741,700,652,644,614,555,552,469,503,417,429,421,410,381,381,340,309,322,295,272,251,242,254,205,221,189,189,170,175,173,146,135,142,160,157,123,133,131,113,103,122,104,113,111,96,96,93,72,56,85
368,14477,7569,4571,3024,2145,1379,1012,672,475,310,203,158,105,77,56,45,53,48,42,53,38,28,26,37,30,16,17,16,16,20,27,19,20,22,19,19,18,17,23,19,14,12,13,13,6,11,7,11,8,5,12,16,7,12,9,8,7,5,8,8,6,10,4,3,0,6,6,9,7,5,7,5,5,7,3,9,2,4,3,8,3,3,4,7,7,11,5,2,11,4,5,7,6,9,2,6,0,6,3
9147,6825,3839,2638,1844,1521,1895,2718,4072,6103,7602,8552,10086,11963,12742,11399,9551,8530,7118,5882,4730,3556,3002,2611,2299,2238,2139,1926,2129,1981,1975,1945,1815,1668,1495,1320,1115,969,848,690,590,512,567,539,544,497,499,455,451,450,436,358,353,297,264,281,246,215,209,178,195,179,163,150,169,147,174,142,146,141,124,128,110,115,121,100,100,100,78,80,75,81,79,71,72,57,62,58,42,41,51,54,45,40,42,27,37,25,46,30
1145,1508,1707,8180,28121,23290,19007,19320,20303,20240,18692,16128,13965,11102,9221,7183,5703,4288,3285,2630,2035,1585,1206,934,756,633,513,412,340,286,266,199,180,166,127,105,107,86,85,77,83,55,53,46,50,50,48,31,32,34,31,29,26,32,31,21,25,23,20,17,19,11,19,14,21,26,15,15,20,8,12,10,12,9,8,9,8,5,10,5,12,10,7,5,7,1,4,9,6,5,10,8,2,8,6,6,4,4,4,7
3,1737,1929,1359,1188,1163,1216,2287,4471,6593,10084,13978,17228,18267,17054,15241,12795,9941,7186,5373,4099,3314,2744,2500,2492,2366,2350,2316,2193,1983,1704,1532,1315,1201,1028,873,777,701,690,597,576,563,501,443,423,411,371,314,311,303,275,247,237,257,213,191,181,182,171,142,141,152,141,120,129,121,90,90,114,104,114,84,95,79,85,77,78,70,66,55,74,68,71,68,42,47,51,41,46,45,47,40,49,23,20,30,34,22,20,24
23,5314,14771,8005,4071,4013,4792,9012,15600,21613,25370,27237,27322,25630,22321,18601,14318,9926,6968,4935,3578,2740,2034,1581,1294,1047,901,744,679,533,464,440,351,302,261,265,200,188,174,170,161,127,145,117,113,134,93,131,114,111,140,128,123,115,115,107,112,113,92,113,102,97,86,100,108,98,84,83,97,83,68,79,70,76,68,48,42,60,51,42,51,32,46,41,51,28,29,22,21,25,14,21,17,17,11,6,19,13,10,7
3034,6814,15769,9066,8228,7209,6176,5971,6102,6768,7606,8717,10079,11153,11998,12271,12141,11266,10537,9532,8290,7387,6006,5247,4288,3760,3123,2651,2299,1855,1735,1375,1225,1137,998,859,768,670,607,550,437,418,362,344,272,243,223,211,200,141,128,112,137,103,107,116,96,80,75,68,75,50,60,66,57,50,52,46,39,44,42,43,35,39,33,35,35,28,32,41,29,17,33,29,31,34,24,28,27,22,30,33,30,28,20,24,38,11,21,19
30,98,143,51,64,75,73,65,74,71,61,57,73,72,81,53,79,58,60,70,81,88,128,226,460,789,1256,1979,2738,3550,4378,4814,4760,4514,3912,3300,2721,2161,1673,1327,1067,903,701,579,518,440,426,361,392,333,353,362,410,408,487,532,648,791,909,943,1104,1187,1210,1263,1309,1291,1196,1124,1004,939,788,699,608,521,435,341,313,265,227,204,164,167,157,149,149,139,133,151,152,158,152,169,170,162,175,168,154,137,165,127
13236,12901,12069,8684,7650,7322,6651,6255,5541,5070,4695,4432,4582,4906,4989,4844,4869,4602,4460,4181,4000,3932,3802,3955,3764,3561,3312,3153,2931,2778,2480,2173,1999,1834,1598,1450,1316,1111,1045,911,909,823,759,709,703,681,613,577,600,560,580,499,547,502,478,432,429,430,396,341,317,309,268,282,273,247,252,205,228,200,192,163,191,158,155,155,150,136,143,132,125,135,106,132,112,123,93,94,85,86,86,85,68,75,91,70,60,66,69,58
570,22920,15070,6447,2915,2227,2990,4473,5845,7442,10022,12134,13567,15895,18173,17921,15847,13151,11115,9221,7208,5405,4057,3126,2590,2148,1931,1606,1363,1137,1013,881,741,663,612,522,440,429,372,356,310,287,255,236,243,216,164,198,145,157,166,158,144,145,119,107,126,100,113,112,109,96,93,94,87,84,90,89,87,77,77,83,72,58,64,65,43,43,52,53,46,59,39,34,42,44,38,46,43,36,31,20,30,26,29,26,13,30,23,18
6,15,9,11,4,10,7,8,7,3,9,3,5,13,8,9,8,7,14,9,5,9,5,14,6,8,8,11,10,6,8,6,7,5,5,8,8,12,93,769,3071,5953,7960,9750,10821,10788,8712,6351,4454,3196,2238,1244,601,251,111,50,10,11,4,1,1,5,1,4,2,1,4,1,3,1,0,1,2,1,1,1,2,4,5,23,71,138,189,234,234,265,267,255,288,319,282,246,182,171,126,90,70,65,70,59
1,1,0,2,7,13,14,25,30,38,47,62,53,75,73,61,75,83,96,83,94,82,84,100,83,99,92,104,94,93,95,126,109,121,119,124,118,136,129,143,137,137,121,145,145,155,164,172,211,195,218,166,167,189,203,199,212,184,227,201,214,229,204,234,244,260,265,247,241,232,225,234,226,223,242,253,251,245,246,280,225,255,222,261,242,227,233,258,236,229,252,216,233,232,226,210,213,211,196,211
1,0,0,0,0,0,0,0,0,0,0,0,0,0,0,0,0,0,0,0,0,0,0,0,0,0,0,0,0,0,0,0,0,0,0,0,0,0,0,0,0,0,0,0,0,0,0,0,0,0,0,0,0,0,0,0,0,0,0,0,1,0,1,2,2,10,19,20,35,41,72,89,118,155,215,263,329,462,544,649,705,782,955,982,951,1062,1057,985,940,982,926,878,844,816,721,758,736,717,628,606
1,0,0,1,0,1,0,0,3,0,1,0,0,0,0,1,1,0,0,0,1,0,1,1,5,51,245,688,1780,3250,5328,8037,10699,12096,12273,11205,9283,6480,4069,2223,1076,451,184,85,34,11,12,3,4,3,0,0,1,1,0,0,0,0,0,2,2,9,8,16,29,49,50,85,104,133,153,190,144,157,117,85,52,47,27,14,7,5,2,4,1,0,1,0,0,0,0,0,0,0,0,1,0,0,3,5
