x,y,filename,chip,label
787.5,1627.5,2024-01-31-T183000-chip20380_params_params_low_ISI_acqm.zip,chip20380,Septum
2747.5,1050.0,2024-01-31-T183000-chip20380_params_params_low_ISI_acqm.zip,chip20380,Retrosplenial Cortex
2695.0,1067.5,2024-01-31-T183000-chip20380_params_params_low_ISI_acqm.zip,chip20380,Retrosplenial Cortex
2660.0,1032.5,2024-01-31-T183000-chip20380_params_params_low_ISI_acqm.zip,chip20380,Retrosplenial Cortex
1015.0,1435.0,2024-01-31-T183000-chip20380_params_params_low_ISI_acqm.zip,chip20380,Unknown
1645.0,490.0,2024-01-31-T183000-chip20380_params_params_low_ISI_acqm.zip,chip20380,Unknown
752.5,1557.5,2024-01-31-T183000-chip20380_params_params_low_ISI_acqm.zip,chip20380,Septum
2677.5,1120.0,2024-01-31-T183000-chip20380_params_params_low_ISI_acqm.zip,chip20380,Retrosplenial Cortex
980.0,1487.5,2024-01-31-T183000-chip20380_params_params_low_ISI_acqm.zip,chip20380,Septum
2695.0,1225.0,2024-01-31-T183000-chip20380_params_params_low_ISI_acqm.zip,chip20380,Retrosplenial Cortex
2695.0,1137.5,2024-01-31-T183000-chip20380_params_params_low_ISI_acqm.zip,chip20380,Retrosplenial Cortex
805.0,1557.5,2024-01-31-T183000-chip20380_params_params_low_ISI_acqm.zip,chip20380,Septum
2677.5,1137.5,2024-01-31-T183000-chip20380_params_params_low_ISI_acqm.zip,chip20380,Retrosplenial Cortex
1662.5,560.0,2024-01-31-T183000-chip20380_params_params_low_ISI_acqm.zip,chip20380,Unknown
857.5,1452.5,2024-01-31-T183000-chip20380_params_params_low_ISI_acqm.zip,chip20380,Septum
2712.5,1260.0,2024-01-31-T183000-chip20380_params_params_low_ISI_acqm.zip,chip20380,Retrosplenial Cortex
857.5,1452.5,2024-01-31-T183000-chip20380_params_params_low_ISI_acqm.zip,chip20380,Septum
2590.0,1750.0,2024-01-31-T183000-chip20380_params_params_low_ISI_acqm.zip,chip20380,Unknown
2695.0,1067.5,2024-01-31-T183000-chip20380_params_params_low_ISI_acqm.zip,chip20380,Retrosplenial Cortex
2590.0,1085.0,2024-01-31-T183000-chip20380_params_params_low_ISI_acqm.zip,chip20380,Retrosplenial Cortex
980.0,1487.5,2024-01-31-T183000-chip20380_params_params_low_ISI_acqm.zip,chip20380,Septum
980.0,1487.5,2024-01-31-T183000-chip20380_params_params_low_ISI_acqm.zip,chip20380,Septum
980.0,1487.5,2024-01-31-T183000-chip20380_params_params_low_ISI_acqm.zip,chip20380,Septum
2730.0,1207.5,2024-02-01-T120000-chip20380_params_params_low_ISI_acqm.zip,chip20380,Retrosplenial Cortex
2625.0,1207.5,2024-02-01-T120000-chip20380_params_params_low_ISI_acqm.zip,chip20380,Retrosplenial Cortex
892.5,1522.5,2024-02-01-T120000-chip20380_params_params_low_ISI_acqm.zip,chip20380,Septum
2677.5,1120.0,2024-02-01-T120000-chip20380_params_params_low_ISI_acqm.zip,chip20380,Retrosplenial Cortex
2677.5,1155.0,2024-02-01-T120000-chip20380_params_params_low_ISI_acqm.zip,chip20380,Retrosplenial Cortex
752.5,1347.5,2024-02-01-T120000-chip20380_params_params_low_ISI_acqm.zip,chip20380,Septum
735.0,1400.0,2024-02-01-T120000-chip20380_params_params_low_ISI_acqm.zip,chip20380,Septum
857.5,1452.5,2024-02-01-T120000-chip20380_params_params_low_ISI_acqm.zip,chip20380,Septum
787.5,770.0,2024-02-01-T120000-chip20380_params_params_low_ISI_acqm.zip,chip20380,Unknown
787.5,1627.5,2024-02-01-T120000-chip20380_params_params_low_ISI_acqm.zip,chip20380,Septum
2695.0,1155.0,2024-02-01-T120000-chip20380_params_params_low_ISI_acqm.zip,chip20380,Retrosplenial Cortex
752.5,1767.5,2024-02-01-T120000-chip20380_params_params_low_ISI_acqm.zip,chip20380,Septum
857.5,1452.5,2024-02-01-T120000-chip20380_params_params_low_ISI_acqm.zip,chip20380,Septum
787.5,1662.5,2024-02-01-T120000-chip20380_params_params_low_ISI_acqm.zip,chip20380,Septum
2695.0,1260.0,2024-02-01-T120000-chip20380_params_params_low_ISI_acqm.zip,chip20380,Retrosplenial Cortex
2625.0,1015.0,2024-02-01-T120000-chip20380_params_params_low_ISI_acqm.zip,chip20380,Retrosplenial Cortex
157.5,70.0,2024-02-01-T120000-chip20380_params_params_low_ISI_acqm.zip,chip20380,Striatum
157.5,70.0,2024-02-01-T120000-chip20380_params_params_low_ISI_acqm.zip,chip20380,Striatum
472.5,332.5,2024-02-01-T120000-chip20380_params_params_low_ISI_acqm.zip,chip20380,Striatum
787.5,1575.0,2024-02-01-T120000-chip20380_params_params_low_ISI_acqm.zip,chip20380,Septum
612.5,175.0,2024-02-01-T120000-chip20380_params_params_low_ISI_acqm.zip,chip20380,Striatum
2677.5,1120.0,2024-02-01-T120000-chip20380_params_params_low_ISI_acqm.zip,chip20380,Retrosplenial Cortex
1417.5,17.5,2024-02-01-T120000-chip20380_params_params_low_ISI_acqm.zip,chip20380,Unknown
2677.5,1225.0,2024-02-01-T120000-chip20380_params_params_low_ISI_acqm.zip,chip20380,Retrosplenial Cortex
1662.5,367.5,2024-02-01-T120000-chip20380_params_params_low_ISI_acqm.zip,chip20380,Unknown
2660.0,1032.5,2024-02-01-T120000-chip20380_params_params_low_ISI_acqm.zip,chip20380,Retrosplenial Cortex
840.0,1977.5,2024-02-01-T120000-chip20380_params_params_low_ISI_acqm.zip,chip20380,Septum
2695.0,1067.5,2024-02-01-T120000-chip20380_params_params_low_ISI_acqm.zip,chip20380,Retrosplenial Cortex
2642.5,1050.0,2024-02-01-T120000-chip20380_params_params_low_ISI_acqm.zip,chip20380,Retrosplenial Cortex
2660.0,1137.5,2024-02-01-T120000-chip20380_params_params_low_ISI_acqm.zip,chip20380,Retrosplenial Cortex
2590.0,1750.0,2024-02-01-T120000-chip20380_params_params_low_ISI_acqm.zip,chip20380,Unknown
2677.5,1225.0,2024-02-01-T120000-chip20380_params_params_low_ISI_acqm.zip,chip20380,Retrosplenial Cortex
2677.5,1085.0,2024-02-01-T120000-chip20380_params_params_low_ISI_acqm.zip,chip20380,Retrosplenial Cortex
2695.0,1260.0,2024-02-01-T120000-chip20380_params_params_low_ISI_acqm.zip,chip20380,Retrosplenial Cortex
2677.5,1032.5,2024-02-01-T120000-chip20380_params_params_low_ISI_acqm.zip,chip20380,Retrosplenial Cortex
2677.5,1032.5,2024-02-01-T120000-chip20380_params_params_low_ISI_acqm.zip,chip20380,Retrosplenial Cortex
2642.5,980.0,2024-02-01-T120000-chip20380_params_params_low_ISI_acqm.zip,chip20380,Retrosplenial Cortex
2677.5,1225.0,2024-02-01-T120000-chip20380_params_params_low_ISI_acqm.zip,chip20380,Retrosplenial Cortex
2642.5,1102.5,2024-02-01-T120000-chip20380_params_params_low_ISI_acqm.zip,chip20380,Retrosplenial Cortex
2660.0,1207.5,2024-02-01-T120000-chip20380_params_params_low_ISI_acqm.zip,chip20380,Retrosplenial Cortex
2730.0,1190.0,2024-02-01-T120000-chip20380_params_params_low_ISI_acqm.zip,chip20380,Retrosplenial Cortex
2677.5,1172.5,2024-02-01-T120000-chip20380_params_params_low_ISI_acqm.zip,chip20380,Retrosplenial Cortex
2642.5,1102.5,2024-02-01-T120000-chip20380_params_params_low_ISI_acqm.zip,chip20380,Retrosplenial Cortex
2712.5,1172.5,2024-02-01-T130001-chip20380_params_params_low_ISI_acqm.zip,chip20380,Retrosplenial Cortex
2730.0,1207.5,2024-02-01-T130001-chip20380_params_params_low_ISI_acqm.zip,chip20380,Retrosplenial Cortex
2677.5,1120.0,2024-02-01-T130001-chip20380_params_params_low_ISI_acqm.zip,chip20380,Retrosplenial Cortex
752.5,1347.5,2024-02-01-T130001-chip20380_params_params_low_ISI_acqm.zip,chip20380,Septum
857.5,1452.5,2024-02-01-T130001-chip20380_params_params_low_ISI_acqm.zip,chip20380,Septum
787.5,770.0,2024-02-01-T130001-chip20380_params_params_low_ISI_acqm.zip,chip20380,Unknown
787.5,1627.5,2024-02-01-T130001-chip20380_params_params_low_ISI_acqm.zip,chip20380,Septum
857.5,1452.5,2024-02-01-T130001-chip20380_params_params_low_ISI_acqm.zip,chip20380,Septum
2695.0,1155.0,2024-02-01-T130001-chip20380_params_params_low_ISI_acqm.zip,chip20380,Retrosplenial Cortex
752.5,1767.5,2024-02-01-T130001-chip20380_params_params_low_ISI_acqm.zip,chip20380,Septum
787.5,1662.5,2024-02-01-T130001-chip20380_params_params_low_ISI_acqm.zip,chip20380,Septum
2695.0,1242.5,2024-02-01-T130001-chip20380_params_params_low_ISI_acqm.zip,chip20380,Retrosplenial Cortex
2625.0,1015.0,2024-02-01-T130001-chip20380_params_params_low_ISI_acqm.zip,chip20380,Retrosplenial Cortex
157.5,70.0,2024-02-01-T130001-chip20380_params_params_low_ISI_acqm.zip,chip20380,Striatum
157.5,70.0,2024-02-01-T130001-chip20380_params_params_low_ISI_acqm.zip,chip20380,Striatum
770.0,1890.0,2024-02-01-T130001-chip20380_params_params_low_ISI_acqm.zip,chip20380,Septum
472.5,332.5,2024-02-01-T130001-chip20380_params_params_low_ISI_acqm.zip,chip20380,Striatum
612.5,175.0,2024-02-01-T130001-chip20380_params_params_low_ISI_acqm.zip,chip20380,Striatum
1417.5,17.5,2024-02-01-T130001-chip20380_params_params_low_ISI_acqm.zip,chip20380,Unknown
840.0,1557.5,2024-02-01-T130001-chip20380_params_params_low_ISI_acqm.zip,chip20380,Septum
2590.0,1067.5,2024-02-01-T130001-chip20380_params_params_low_ISI_acqm.zip,chip20380,Retrosplenial Cortex
1680.0,350.0,2024-02-01-T130001-chip20380_params_params_low_ISI_acqm.zip,chip20380,Unknown
2677.5,1032.5,2024-02-01-T130001-chip20380_params_params_low_ISI_acqm.zip,chip20380,Retrosplenial Cortex
840.0,1977.5,2024-02-01-T130001-chip20380_params_params_low_ISI_acqm.zip,chip20380,Septum
2695.0,1067.5,2024-02-01-T130001-chip20380_params_params_low_ISI_acqm.zip,chip20380,Retrosplenial Cortex
2695.0,1102.5,2024-02-01-T130001-chip20380_params_params_low_ISI_acqm.zip,chip20380,Retrosplenial Cortex
2660.0,1137.5,2024-02-01-T130001-chip20380_params_params_low_ISI_acqm.zip,chip20380,Retrosplenial Cortex
2590.0,1750.0,2024-02-01-T130001-chip20380_params_params_low_ISI_acqm.zip,chip20380,Unknown
2695.0,1242.5,2024-02-01-T130001-chip20380_params_params_low_ISI_acqm.zip,chip20380,Retrosplenial Cortex
2695.0,1155.0,2024-02-01-T130001-chip20380_params_params_low_ISI_acqm.zip,chip20380,Retrosplenial Cortex
2730.0,1207.5,2024-02-01-T130001-chip20380_params_params_low_ISI_acqm.zip,chip20380,Retrosplenial Cortex
2677.5,1050.0,2024-02-01-T130001-chip20380_params_params_low_ISI_acqm.zip,chip20380,Retrosplenial Cortex
2695.0,1067.5,2024-02-01-T130001-chip20380_params_params_low_ISI_acqm.zip,chip20380,Retrosplenial Cortex
2695.0,1067.5,2024-02-01-T130001-chip20380_params_params_low_ISI_acqm.zip,chip20380,Retrosplenial Cortex
2625.0,1050.0,2024-02-01-T130001-chip20380_params_params_low_ISI_acqm.zip,chip20380,Retrosplenial Cortex
2695.0,1085.0,2024-02-01-T130001-chip20380_params_params_low_ISI_acqm.zip,chip20380,Retrosplenial Cortex
2642.5,1050.0,2024-02-01-T130001-chip20380_params_params_low_ISI_acqm.zip,chip20380,Retrosplenial Cortex
717.5,1400.0,2024-02-01-T130001-chip20380_params_params_low_ISI_acqm.zip,chip20380,Septum
2695.0,1015.0,2024-02-01-T130001-chip20380_params_params_low_ISI_acqm.zip,chip20380,Retrosplenial Cortex
2677.5,1067.5,2024-02-01-T130001-chip20380_params_params_low_ISI_acqm.zip,chip20380,Retrosplenial Cortex
2660.0,1032.5,2024-02-01-T130001-chip20380_params_params_low_ISI_acqm.zip,chip20380,Retrosplenial Cortex
2642.5,980.0,2024-02-01-T140000-chip20380_params_params_low_ISI_acqm.zip,chip20380,Retrosplenial Cortex
2677.5,1120.0,2024-02-01-T140000-chip20380_params_params_low_ISI_acqm.zip,chip20380,Retrosplenial Cortex
2730.0,1207.5,2024-02-01-T140000-chip20380_params_params_low_ISI_acqm.zip,chip20380,Retrosplenial Cortex
2695.0,1085.0,2024-02-01-T140000-chip20380_params_params_low_ISI_acqm.zip,chip20380,Retrosplenial Cortex
752.5,1347.5,2024-02-01-T140000-chip20380_params_params_low_ISI_acqm.zip,chip20380,Septum
735.0,1400.0,2024-02-01-T140000-chip20380_params_params_low_ISI_acqm.zip,chip20380,Septum
857.5,1452.5,2024-02-01-T140000-chip20380_params_params_low_ISI_acqm.zip,chip20380,Septum
2537.5,1120.0,2024-02-01-T140000-chip20380_params_params_low_ISI_acqm.zip,chip20380,Retrosplenial Cortex
2695.0,1015.0,2024-02-01-T140000-chip20380_params_params_low_ISI_acqm.zip,chip20380,Retrosplenial Cortex
787.5,770.0,2024-02-01-T140000-chip20380_params_params_low_ISI_acqm.zip,chip20380,Unknown
455.0,87.5,2024-02-01-T140000-chip20380_params_params_low_ISI_acqm.zip,chip20380,Striatum
787.5,1627.5,2024-02-01-T140000-chip20380_params_params_low_ISI_acqm.zip,chip20380,Septum
875.0,1470.0,2024-02-01-T140000-chip20380_params_params_low_ISI_acqm.zip,chip20380,Septum
2695.0,1155.0,2024-02-01-T140000-chip20380_params_params_low_ISI_acqm.zip,chip20380,Retrosplenial Cortex
2695.0,1155.0,2024-02-01-T140000-chip20380_params_params_low_ISI_acqm.zip,chip20380,Retrosplenial Cortex
752.5,1767.5,2024-02-01-T140000-chip20380_params_params_low_ISI_acqm.zip,chip20380,Septum
787.5,1662.5,2024-02-01-T140000-chip20380_params_params_low_ISI_acqm.zip,chip20380,Septum
2695.0,1260.0,2024-02-01-T140000-chip20380_params_params_low_ISI_acqm.zip,chip20380,Retrosplenial Cortex
2625.0,1015.0,2024-02-01-T140000-chip20380_params_params_low_ISI_acqm.zip,chip20380,Retrosplenial Cortex
770.0,1890.0,2024-02-01-T140000-chip20380_params_params_low_ISI_acqm.zip,chip20380,Septum
840.0,1557.5,2024-02-01-T140000-chip20380_params_params_low_ISI_acqm.zip,chip20380,Septum
472.5,332.5,2024-02-01-T140000-chip20380_params_params_low_ISI_acqm.zip,chip20380,Striatum
2747.5,1050.0,2024-02-01-T140000-chip20380_params_params_low_ISI_acqm.zip,chip20380,Retrosplenial Cortex
612.5,175.0,2024-02-01-T140000-chip20380_params_params_low_ISI_acqm.zip,chip20380,Striatum
2660.0,1067.5,2024-02-01-T140000-chip20380_params_params_low_ISI_acqm.zip,chip20380,Retrosplenial Cortex
787.5,1575.0,2024-02-01-T140000-chip20380_params_params_low_ISI_acqm.zip,chip20380,Septum
1417.5,17.5,2024-02-01-T140000-chip20380_params_params_low_ISI_acqm.zip,chip20380,Unknown
2695.0,1242.5,2024-02-01-T140000-chip20380_params_params_low_ISI_acqm.zip,chip20380,Retrosplenial Cortex
2590.0,1067.5,2024-02-01-T140000-chip20380_params_params_low_ISI_acqm.zip,chip20380,Retrosplenial Cortex
1680.0,350.0,2024-02-01-T140000-chip20380_params_params_low_ISI_acqm.zip,chip20380,Unknown
2660.0,1190.0,2024-02-01-T140000-chip20380_params_params_low_ISI_acqm.zip,chip20380,Retrosplenial Cortex
840.0,1977.5,2024-02-01-T140000-chip20380_params_params_low_ISI_acqm.zip,chip20380,Septum
2695.0,1067.5,2024-02-01-T140000-chip20380_params_params_low_ISI_acqm.zip,chip20380,Retrosplenial Cortex
2695.0,1067.5,2024-02-01-T140000-chip20380_params_params_low_ISI_acqm.zip,chip20380,Retrosplenial Cortex
2695.0,1155.0,2024-02-01-T140000-chip20380_params_params_low_ISI_acqm.zip,chip20380,Retrosplenial Cortex
2590.0,1750.0,2024-02-01-T140000-chip20380_params_params_low_ISI_acqm.zip,chip20380,Unknown
2642.5,1102.5,2024-02-01-T140000-chip20380_params_params_low_ISI_acqm.zip,chip20380,Retrosplenial Cortex
2712.5,1242.5,2024-02-01-T140000-chip20380_params_params_low_ISI_acqm.zip,chip20380,Retrosplenial Cortex
2677.5,1067.5,2024-02-01-T140000-chip20380_params_params_low_ISI_acqm.zip,chip20380,Retrosplenial Cortex
2677.5,1015.0,2024-02-01-T140000-chip20380_params_params_low_ISI_acqm.zip,chip20380,Retrosplenial Cortex
2695.0,1067.5,2024-02-01-T140000-chip20380_params_params_low_ISI_acqm.zip,chip20380,Retrosplenial Cortex
2695.0,1242.5,2024-02-01-T140000-chip20380_params_params_low_ISI_acqm.zip,chip20380,Retrosplenial Cortex
2660.0,1032.5,2024-02-01-T140000-chip20380_params_params_low_ISI_acqm.zip,chip20380,Retrosplenial Cortex
2695.0,1085.0,2024-02-01-T150000-chip20380_params_params_low_ISI_acqm.zip,chip20380,Retrosplenial Cortex
752.5,1347.5,2024-02-01-T150000-chip20380_params_params_low_ISI_acqm.zip,chip20380,Septum
857.5,1452.5,2024-02-01-T150000-chip20380_params_params_low_ISI_acqm.zip,chip20380,Septum
735.0,1400.0,2024-02-01-T150000-chip20380_params_params_low_ISI_acqm.zip,chip20380,Septum
2537.5,1120.0,2024-02-01-T150000-chip20380_params_params_low_ISI_acqm.zip,chip20380,Retrosplenial Cortex
2712.5,1260.0,2024-02-01-T150000-chip20380_params_params_low_ISI_acqm.zip,chip20380,Retrosplenial Cortex
787.5,1575.0,2024-02-01-T150000-chip20380_params_params_low_ISI_acqm.zip,chip20380,Septum
455.0,87.5,2024-02-01-T150000-chip20380_params_params_low_ISI_acqm.zip,chip20380,Striatum
787.5,1627.5,2024-02-01-T150000-chip20380_params_params_low_ISI_acqm.zip,chip20380,Septum
2572.5,1085.0,2024-02-01-T150000-chip20380_params_params_low_ISI_acqm.zip,chip20380,Retrosplenial Cortex
857.5,1452.5,2024-02-01-T150000-chip20380_params_params_low_ISI_acqm.zip,chip20380,Septum
2677.5,1155.0,2024-02-01-T150000-chip20380_params_params_low_ISI_acqm.zip,chip20380,Retrosplenial Cortex
752.5,1767.5,2024-02-01-T150000-chip20380_params_params_low_ISI_acqm.zip,chip20380,Septum
787.5,1662.5,2024-02-01-T150000-chip20380_params_params_low_ISI_acqm.zip,chip20380,Septum
2590.0,1067.5,2024-02-01-T150000-chip20380_params_params_low_ISI_acqm.zip,chip20380,Retrosplenial Cortex
840.0,1382.5,2024-02-01-T150000-chip20380_params_params_low_ISI_acqm.zip,chip20380,Septum
157.5,70.0,2024-02-01-T150000-chip20380_params_params_low_ISI_acqm.zip,chip20380,Striatum
157.5,70.0,2024-02-01-T150000-chip20380_params_params_low_ISI_acqm.zip,chip20380,Striatum
840.0,1540.0,2024-02-01-T150000-chip20380_params_params_low_ISI_acqm.zip,chip20380,Septum
472.5,332.5,2024-02-01-T150000-chip20380_params_params_low_ISI_acqm.zip,chip20380,Striatum
2747.5,1050.0,2024-02-01-T150000-chip20380_params_params_low_ISI_acqm.zip,chip20380,Retrosplenial Cortex
612.5,175.0,2024-02-01-T150000-chip20380_params_params_low_ISI_acqm.zip,chip20380,Striatum
2677.5,1050.0,2024-02-01-T150000-chip20380_params_params_low_ISI_acqm.zip,chip20380,Retrosplenial Cortex
2677.5,1050.0,2024-02-01-T150000-chip20380_params_params_low_ISI_acqm.zip,chip20380,Retrosplenial Cortex
1417.5,17.5,2024-02-01-T150000-chip20380_params_params_low_ISI_acqm.zip,chip20380,Unknown
1680.0,350.0,2024-02-01-T150000-chip20380_params_params_low_ISI_acqm.zip,chip20380,Unknown
2660.0,1172.5,2024-02-01-T150000-chip20380_params_params_low_ISI_acqm.zip,chip20380,Retrosplenial Cortex
2625.0,1225.0,2024-02-01-T150000-chip20380_params_params_low_ISI_acqm.zip,chip20380,Retrosplenial Cortex
840.0,1977.5,2024-02-01-T150000-chip20380_params_params_low_ISI_acqm.zip,chip20380,Septum
2695.0,1067.5,2024-02-01-T150000-chip20380_params_params_low_ISI_acqm.zip,chip20380,Retrosplenial Cortex
2695.0,1067.5,2024-02-01-T150000-chip20380_params_params_low_ISI_acqm.zip,chip20380,Retrosplenial Cortex
2695.0,1085.0,2024-02-01-T150000-chip20380_params_params_low_ISI_acqm.zip,chip20380,Retrosplenial Cortex
2730.0,1207.5,2024-02-01-T150000-chip20380_params_params_low_ISI_acqm.zip,chip20380,Retrosplenial Cortex
2695.0,1137.5,2024-02-01-T150000-chip20380_params_params_low_ISI_acqm.zip,chip20380,Retrosplenial Cortex
2590.0,1750.0,2024-02-01-T150000-chip20380_params_params_low_ISI_acqm.zip,chip20380,Unknown
2677.5,1225.0,2024-02-01-T150000-chip20380_params_params_low_ISI_acqm.zip,chip20380,Retrosplenial Cortex
2642.5,1102.5,2024-02-01-T150000-chip20380_params_params_low_ISI_acqm.zip,chip20380,Retrosplenial Cortex
2730.0,1190.0,2024-02-01-T150000-chip20380_params_params_low_ISI_acqm.zip,chip20380,Retrosplenial Cortex
2677.5,1120.0,2024-02-01-T150000-chip20380_params_params_low_ISI_acqm.zip,chip20380,Retrosplenial Cortex
2712.5,1242.5,2024-02-01-T150000-chip20380_params_params_low_ISI_acqm.zip,chip20380,Retrosplenial Cortex
2625.0,1015.0,2024-02-01-T150000-chip20380_params_params_low_ISI_acqm.zip,chip20380,Retrosplenial Cortex
2642.5,1277.5,2024-02-01-T150000-chip20380_params_params_low_ISI_acqm.zip,chip20380,Retrosplenial Cortex
2660.0,1032.5,2024-02-01-T150000-chip20380_params_params_low_ISI_acqm.zip,chip20380,Retrosplenial Cortex
2642.5,980.0,2024-02-01-T150000-chip20380_params_params_low_ISI_acqm.zip,chip20380,Retrosplenial Cortex
2695.0,1067.5,2024-02-01-T150000-chip20380_params_params_low_ISI_acqm.zip,chip20380,Retrosplenial Cortex
2695.0,1242.5,2024-02-01-T150000-chip20380_params_params_low_ISI_acqm.zip,chip20380,Retrosplenial Cortex
2660.0,1032.5,2024-02-01-T150000-chip20380_params_params_low_ISI_acqm.zip,chip20380,Retrosplenial Cortex
2695.0,1067.5,2024-02-01-T150000-chip20380_params_params_low_ISI_acqm.zip,chip20380,Retrosplenial Cortex
2695.0,1155.0,2024-02-01-T160001-chip20380_params_params_low_ISI_acqm.zip,chip20380,Retrosplenial Cortex
2695.0,1120.0,2024-02-01-T160001-chip20380_params_params_low_ISI_acqm.zip,chip20380,Retrosplenial Cortex
2695.0,1155.0,2024-02-01-T160001-chip20380_params_params_low_ISI_acqm.zip,chip20380,Retrosplenial Cortex
2642.5,1225.0,2024-02-01-T160001-chip20380_params_params_low_ISI_acqm.zip,chip20380,Retrosplenial Cortex
2660.0,1190.0,2024-02-01-T160001-chip20380_params_params_low_ISI_acqm.zip,chip20380,Retrosplenial Cortex
2695.0,1120.0,2024-02-01-T160001-chip20380_params_params_low_ISI_acqm.zip,chip20380,Retrosplenial Cortex
752.5,1347.5,2024-02-01-T160001-chip20380_params_params_low_ISI_acqm.zip,chip20380,Septum
735.0,1400.0,2024-02-01-T160001-chip20380_params_params_low_ISI_acqm.zip,chip20380,Septum
857.5,1452.5,2024-02-01-T160001-chip20380_params_params_low_ISI_acqm.zip,chip20380,Septum
2537.5,1120.0,2024-02-01-T160001-chip20380_params_params_low_ISI_acqm.zip,chip20380,Retrosplenial Cortex
3797.5,1750.0,2024-02-01-T160001-chip20380_params_params_low_ISI_acqm.zip,chip20380,Unknown
2712.5,1242.5,2024-02-01-T160001-chip20380_params_params_low_ISI_acqm.zip,chip20380,Retrosplenial Cortex
455.0,87.5,2024-02-01-T160001-chip20380_params_params_low_ISI_acqm.zip,chip20380,Striatum
787.5,1627.5,2024-02-01-T160001-chip20380_params_params_low_ISI_acqm.zip,chip20380,Septum
2572.5,1085.0,2024-02-01-T160001-chip20380_params_params_low_ISI_acqm.zip,chip20380,Retrosplenial Cortex
875.0,1470.0,2024-02-01-T160001-chip20380_params_params_low_ISI_acqm.zip,chip20380,Septum
2695.0,1155.0,2024-02-01-T160001-chip20380_params_params_low_ISI_acqm.zip,chip20380,Retrosplenial Cortex
752.5,1767.5,2024-02-01-T160001-chip20380_params_params_low_ISI_acqm.zip,chip20380,Septum
787.5,1662.5,2024-02-01-T160001-chip20380_params_params_low_ISI_acqm.zip,chip20380,Septum
2625.0,1015.0,2024-02-01-T160001-chip20380_params_params_low_ISI_acqm.zip,chip20380,Retrosplenial Cortex
157.5,70.0,2024-02-01-T160001-chip20380_params_params_low_ISI_acqm.zip,chip20380,Striatum
157.5,70.0,2024-02-01-T160001-chip20380_params_params_low_ISI_acqm.zip,chip20380,Striatum
770.0,1890.0,2024-02-01-T160001-chip20380_params_params_low_ISI_acqm.zip,chip20380,Septum
840.0,1540.0,2024-02-01-T160001-chip20380_params_params_low_ISI_acqm.zip,chip20380,Septum
472.5,332.5,2024-02-01-T160001-chip20380_params_params_low_ISI_acqm.zip,chip20380,Striatum
2712.5,1102.5,2024-02-01-T160001-chip20380_params_params_low_ISI_acqm.zip,chip20380,Retrosplenial Cortex
595.0,175.0,2024-02-01-T160001-chip20380_params_params_low_ISI_acqm.zip,chip20380,Striatum
2677.5,1050.0,2024-02-01-T160001-chip20380_params_params_low_ISI_acqm.zip,chip20380,Retrosplenial Cortex
805.0,1557.5,2024-02-01-T160001-chip20380_params_params_low_ISI_acqm.zip,chip20380,Septum
2590.0,1085.0,2024-02-01-T160001-chip20380_params_params_low_ISI_acqm.zip,chip20380,Retrosplenial Cortex
1680.0,350.0,2024-02-01-T160001-chip20380_params_params_low_ISI_acqm.zip,chip20380,Unknown
2660.0,1155.0,2024-02-01-T160001-chip20380_params_params_low_ISI_acqm.zip,chip20380,Retrosplenial Cortex
840.0,1977.5,2024-02-01-T160001-chip20380_params_params_low_ISI_acqm.zip,chip20380,Septum
2730.0,1207.5,2024-02-01-T160001-chip20380_params_params_low_ISI_acqm.zip,chip20380,Retrosplenial Cortex
2695.0,1155.0,2024-02-01-T160001-chip20380_params_params_low_ISI_acqm.zip,chip20380,Retrosplenial Cortex
2590.0,1750.0,2024-02-01-T160001-chip20380_params_params_low_ISI_acqm.zip,chip20380,Unknown
2677.5,1225.0,2024-02-01-T160001-chip20380_params_params_low_ISI_acqm.zip,chip20380,Retrosplenial Cortex
2642.5,1067.5,2024-02-01-T160001-chip20380_params_params_low_ISI_acqm.zip,chip20380,Retrosplenial Cortex
157.5,70.0,2024-02-01-T160001-chip20380_params_params_low_ISI_acqm.zip,chip20380,Striatum
2695.0,1085.0,2024-02-01-T160001-chip20380_params_params_low_ISI_acqm.zip,chip20380,Retrosplenial Cortex
2677.5,1225.0,2024-02-01-T160001-chip20380_params_params_low_ISI_acqm.zip,chip20380,Retrosplenial Cortex
2642.5,1102.5,2024-02-01-T160001-chip20380_params_params_low_ISI_acqm.zip,chip20380,Retrosplenial Cortex
157.5,70.0,2024-02-01-T160001-chip20380_params_params_low_ISI_acqm.zip,chip20380,Striatum
857.5,2012.5,2024-02-01-T160001-chip20380_params_params_low_ISI_acqm.zip,chip20380,Unknown
2695.0,1120.0,2024-02-01-T170000-chip20380_params_params_low_ISI_acqm.zip,chip20380,Retrosplenial Cortex
2642.5,1102.5,2024-02-01-T170000-chip20380_params_params_low_ISI_acqm.zip,chip20380,Retrosplenial Cortex
2660.0,1207.5,2024-02-01-T170000-chip20380_params_params_low_ISI_acqm.zip,chip20380,Retrosplenial Cortex
2660.0,1067.5,2024-02-01-T170000-chip20380_params_params_low_ISI_acqm.zip,chip20380,Retrosplenial Cortex
2660.0,1190.0,2024-02-01-T170000-chip20380_params_params_low_ISI_acqm.zip,chip20380,Retrosplenial Cortex
2695.0,1120.0,2024-02-01-T170000-chip20380_params_params_low_ISI_acqm.zip,chip20380,Retrosplenial Cortex
752.5,1347.5,2024-02-01-T170000-chip20380_params_params_low_ISI_acqm.zip,chip20380,Septum
857.5,1452.5,2024-02-01-T170000-chip20380_params_params_low_ISI_acqm.zip,chip20380,Septum
2537.5,1120.0,2024-02-01-T170000-chip20380_params_params_low_ISI_acqm.zip,chip20380,Retrosplenial Cortex
455.0,87.5,2024-02-01-T170000-chip20380_params_params_low_ISI_acqm.zip,chip20380,Striatum
787.5,1627.5,2024-02-01-T170000-chip20380_params_params_low_ISI_acqm.zip,chip20380,Septum
857.5,1452.5,2024-02-01-T170000-chip20380_params_params_low_ISI_acqm.zip,chip20380,Septum
2695.0,1172.5,2024-02-01-T170000-chip20380_params_params_low_ISI_acqm.zip,chip20380,Retrosplenial Cortex
2677.5,1155.0,2024-02-01-T170000-chip20380_params_params_low_ISI_acqm.zip,chip20380,Retrosplenial Cortex
752.5,1767.5,2024-02-01-T170000-chip20380_params_params_low_ISI_acqm.zip,chip20380,Septum
2765.0,1277.5,2024-02-01-T170000-chip20380_params_params_low_ISI_acqm.zip,chip20380,Unknown
787.5,1662.5,2024-02-01-T170000-chip20380_params_params_low_ISI_acqm.zip,chip20380,Septum
2590.0,1067.5,2024-02-01-T170000-chip20380_params_params_low_ISI_acqm.zip,chip20380,Retrosplenial Cortex
840.0,1382.5,2024-02-01-T170000-chip20380_params_params_low_ISI_acqm.zip,chip20380,Septum
157.5,70.0,2024-02-01-T170000-chip20380_params_params_low_ISI_acqm.zip,chip20380,Striatum
770.0,1890.0,2024-02-01-T170000-chip20380_params_params_low_ISI_acqm.zip,chip20380,Septum
2712.5,1102.5,2024-02-01-T170000-chip20380_params_params_low_ISI_acqm.zip,chip20380,Retrosplenial Cortex
2747.5,1050.0,2024-02-01-T170000-chip20380_params_params_low_ISI_acqm.zip,chip20380,Retrosplenial Cortex
612.5,175.0,2024-02-01-T170000-chip20380_params_params_low_ISI_acqm.zip,chip20380,Striatum
2677.5,1050.0,2024-02-01-T170000-chip20380_params_params_low_ISI_acqm.zip,chip20380,Retrosplenial Cortex
805.0,1557.5,2024-02-01-T170000-chip20380_params_params_low_ISI_acqm.zip,chip20380,Septum
2642.5,1277.5,2024-02-01-T170000-chip20380_params_params_low_ISI_acqm.zip,chip20380,Retrosplenial Cortex
2677.5,1155.0,2024-02-01-T170000-chip20380_params_params_low_ISI_acqm.zip,chip20380,Retrosplenial Cortex
840.0,1540.0,2024-02-01-T170000-chip20380_params_params_low_ISI_acqm.zip,chip20380,Septum
2625.0,1050.0,2024-02-01-T170000-chip20380_params_params_low_ISI_acqm.zip,chip20380,Retrosplenial Cortex
1680.0,350.0,2024-02-01-T170000-chip20380_params_params_low_ISI_acqm.zip,chip20380,Unknown
2660.0,1155.0,2024-02-01-T170000-chip20380_params_params_low_ISI_acqm.zip,chip20380,Retrosplenial Cortex
2677.5,1032.5,2024-02-01-T170000-chip20380_params_params_low_ISI_acqm.zip,chip20380,Retrosplenial Cortex
840.0,1977.5,2024-02-01-T170000-chip20380_params_params_low_ISI_acqm.zip,chip20380,Septum
2695.0,1067.5,2024-02-01-T170000-chip20380_params_params_low_ISI_acqm.zip,chip20380,Retrosplenial Cortex
2660.0,1120.0,2024-02-01-T170000-chip20380_params_params_low_ISI_acqm.zip,chip20380,Retrosplenial Cortex
2730.0,1207.5,2024-02-01-T170000-chip20380_params_params_low_ISI_acqm.zip,chip20380,Retrosplenial Cortex
2677.5,1155.0,2024-02-01-T170000-chip20380_params_params_low_ISI_acqm.zip,chip20380,Retrosplenial Cortex
2590.0,1750.0,2024-02-01-T170000-chip20380_params_params_low_ISI_acqm.zip,chip20380,Unknown
2677.5,1225.0,2024-02-01-T170000-chip20380_params_params_low_ISI_acqm.zip,chip20380,Retrosplenial Cortex
2695.0,1085.0,2024-02-01-T170000-chip20380_params_params_low_ISI_acqm.zip,chip20380,Retrosplenial Cortex
2695.0,1172.5,2024-02-01-T170000-chip20380_params_params_low_ISI_acqm.zip,chip20380,Retrosplenial Cortex
735.0,1400.0,2024-02-01-T170000-chip20380_params_params_low_ISI_acqm.zip,chip20380,Septum
2712.5,1260.0,2024-02-01-T170000-chip20380_params_params_low_ISI_acqm.zip,chip20380,Retrosplenial Cortex
2625.0,1015.0,2024-02-01-T170000-chip20380_params_params_low_ISI_acqm.zip,chip20380,Retrosplenial Cortex
2660.0,1032.5,2024-02-01-T170000-chip20380_params_params_low_ISI_acqm.zip,chip20380,Retrosplenial Cortex
2642.5,980.0,2024-02-01-T170000-chip20380_params_params_low_ISI_acqm.zip,chip20380,Retrosplenial Cortex
2660.0,1120.0,2024-02-01-T170000-chip20380_params_params_low_ISI_acqm.zip,chip20380,Retrosplenial Cortex
2660.0,1207.5,2024-02-01-T170000-chip20380_params_params_low_ISI_acqm.zip,chip20380,Retrosplenial Cortex
2695.0,1015.0,2024-02-01-T170000-chip20380_params_params_low_ISI_acqm.zip,chip20380,Retrosplenial Cortex
157.5,70.0,2024-02-01-T170000-chip20380_params_params_low_ISI_acqm.zip,chip20380,Striatum
752.5,1347.5,2024-02-01-T181600-chip20380_params_params_low_ISI_acqm.zip,chip20380,Septum
875.0,1470.0,2024-02-01-T181600-chip20380_params_params_low_ISI_acqm.zip,chip20380,Septum
2625.0,1015.0,2024-02-01-T181600-chip20380_params_params_low_ISI_acqm.zip,chip20380,Retrosplenial Cortex
2537.5,1120.0,2024-02-01-T181600-chip20380_params_params_low_ISI_acqm.zip,chip20380,Retrosplenial Cortex
2695.0,1015.0,2024-02-01-T181600-chip20380_params_params_low_ISI_acqm.zip,chip20380,Retrosplenial Cortex
2695.0,1225.0,2024-02-01-T181600-chip20380_params_params_low_ISI_acqm.zip,chip20380,Retrosplenial Cortex
787.5,1627.5,2024-02-01-T181600-chip20380_params_params_low_ISI_acqm.zip,chip20380,Septum
875.0,1470.0,2024-02-01-T181600-chip20380_params_params_low_ISI_acqm.zip,chip20380,Septum
2695.0,1155.0,2024-02-01-T181600-chip20380_params_params_low_ISI_acqm.zip,chip20380,Retrosplenial Cortex
752.5,1767.5,2024-02-01-T181600-chip20380_params_params_low_ISI_acqm.zip,chip20380,Septum
2747.5,1277.5,2024-02-01-T181600-chip20380_params_params_low_ISI_acqm.zip,chip20380,Retrosplenial Cortex
787.5,1645.0,2024-02-01-T181600-chip20380_params_params_low_ISI_acqm.zip,chip20380,Septum
157.5,70.0,2024-02-01-T181600-chip20380_params_params_low_ISI_acqm.zip,chip20380,Striatum
157.5,70.0,2024-02-01-T181600-chip20380_params_params_low_ISI_acqm.zip,chip20380,Striatum
157.5,70.0,2024-02-01-T181600-chip20380_params_params_low_ISI_acqm.zip,chip20380,Striatum
840.0,1540.0,2024-02-01-T181600-chip20380_params_params_low_ISI_acqm.zip,chip20380,Septum
857.5,1995.0,2024-02-01-T181600-chip20380_params_params_low_ISI_acqm.zip,chip20380,Septum
2747.5,1050.0,2024-02-01-T181600-chip20380_params_params_low_ISI_acqm.zip,chip20380,Retrosplenial Cortex
612.5,175.0,2024-02-01-T181600-chip20380_params_params_low_ISI_acqm.zip,chip20380,Striatum
787.5,1575.0,2024-02-01-T181600-chip20380_params_params_low_ISI_acqm.zip,chip20380,Septum
2677.5,1172.5,2024-02-01-T181600-chip20380_params_params_low_ISI_acqm.zip,chip20380,Retrosplenial Cortex
2590.0,1067.5,2024-02-01-T181600-chip20380_params_params_low_ISI_acqm.zip,chip20380,Retrosplenial Cortex
1680.0,350.0,2024-02-01-T181600-chip20380_params_params_low_ISI_acqm.zip,chip20380,Unknown
2712.5,1102.5,2024-02-01-T181600-chip20380_params_params_low_ISI_acqm.zip,chip20380,Retrosplenial Cortex
2677.5,1032.5,2024-02-01-T181600-chip20380_params_params_low_ISI_acqm.zip,chip20380,Retrosplenial Cortex
2642.5,980.0,2024-02-01-T181600-chip20380_params_params_low_ISI_acqm.zip,chip20380,Retrosplenial Cortex
2590.0,1750.0,2024-02-01-T181600-chip20380_params_params_low_ISI_acqm.zip,chip20380,Unknown
840.0,1977.5,2024-02-01-T181600-chip20380_params_params_low_ISI_acqm.zip,chip20380,Septum
2677.5,1085.0,2024-02-01-T181600-chip20380_params_params_low_ISI_acqm.zip,chip20380,Retrosplenial Cortex
2730.0,1207.5,2024-02-01-T181600-chip20380_params_params_low_ISI_acqm.zip,chip20380,Retrosplenial Cortex
2695.0,1155.0,2024-02-01-T181600-chip20380_params_params_low_ISI_acqm.zip,chip20380,Retrosplenial Cortex
2695.0,1155.0,2024-02-01-T181600-chip20380_params_params_low_ISI_acqm.zip,chip20380,Retrosplenial Cortex
2660.0,1120.0,2024-02-01-T181600-chip20380_params_params_low_ISI_acqm.zip,chip20380,Retrosplenial Cortex
2695.0,1120.0,2024-02-01-T181600-chip20380_params_params_low_ISI_acqm.zip,chip20380,Retrosplenial Cortex
2695.0,1120.0,2024-02-01-T181600-chip20380_params_params_low_ISI_acqm.zip,chip20380,Retrosplenial Cortex
735.0,1400.0,2024-02-01-T181600-chip20380_params_params_low_ISI_acqm.zip,chip20380,Septum
2695.0,1085.0,2024-02-01-T181600-chip20380_params_params_low_ISI_acqm.zip,chip20380,Retrosplenial Cortex
2695.0,1085.0,2024-02-01-T181600-chip20380_params_params_low_ISI_acqm.zip,chip20380,Retrosplenial Cortex
2642.5,1102.5,2024-02-01-T181600-chip20380_params_params_low_ISI_acqm.zip,chip20380,Retrosplenial Cortex
2677.5,1120.0,2024-02-01-T181600-chip20380_params_params_low_ISI_acqm.zip,chip20380,Retrosplenial Cortex
2642.5,1102.5,2024-02-01-T181600-chip20380_params_params_low_ISI_acqm.zip,chip20380,Retrosplenial Cortex
2695.0,1120.0,2024-02-01-T190001-chip20380_params_params_low_ISI_acqm.zip,chip20380,Retrosplenial Cortex
2695.0,1155.0,2024-02-01-T190001-chip20380_params_params_low_ISI_acqm.zip,chip20380,Retrosplenial Cortex
2695.0,1085.0,2024-02-01-T190001-chip20380_params_params_low_ISI_acqm.zip,chip20380,Retrosplenial Cortex
2660.0,1225.0,2024-02-01-T190001-chip20380_params_params_low_ISI_acqm.zip,chip20380,Retrosplenial Cortex
752.5,1347.5,2024-02-01-T190001-chip20380_params_params_low_ISI_acqm.zip,chip20380,Septum
2695.0,1312.5,2024-02-01-T190001-chip20380_params_params_low_ISI_acqm.zip,chip20380,Retrosplenial Cortex
857.5,1452.5,2024-02-01-T190001-chip20380_params_params_low_ISI_acqm.zip,chip20380,Septum
2537.5,1120.0,2024-02-01-T190001-chip20380_params_params_low_ISI_acqm.zip,chip20380,Retrosplenial Cortex
787.5,770.0,2024-02-01-T190001-chip20380_params_params_low_ISI_acqm.zip,chip20380,Unknown
787.5,1627.5,2024-02-01-T190001-chip20380_params_params_low_ISI_acqm.zip,chip20380,Septum
2572.5,1085.0,2024-02-01-T190001-chip20380_params_params_low_ISI_acqm.zip,chip20380,Retrosplenial Cortex
752.5,1767.5,2024-02-01-T190001-chip20380_params_params_low_ISI_acqm.zip,chip20380,Septum
857.5,1452.5,2024-02-01-T190001-chip20380_params_params_low_ISI_acqm.zip,chip20380,Septum
2747.5,1277.5,2024-02-01-T190001-chip20380_params_params_low_ISI_acqm.zip,chip20380,Retrosplenial Cortex
787.5,1662.5,2024-02-01-T190001-chip20380_params_params_low_ISI_acqm.zip,chip20380,Septum
2590.0,1067.5,2024-02-01-T190001-chip20380_params_params_low_ISI_acqm.zip,chip20380,Retrosplenial Cortex
840.0,1382.5,2024-02-01-T190001-chip20380_params_params_low_ISI_acqm.zip,chip20380,Septum
157.5,70.0,2024-02-01-T190001-chip20380_params_params_low_ISI_acqm.zip,chip20380,Striatum
822.5,1557.5,2024-02-01-T190001-chip20380_params_params_low_ISI_acqm.zip,chip20380,Septum
2747.5,1050.0,2024-02-01-T190001-chip20380_params_params_low_ISI_acqm.zip,chip20380,Retrosplenial Cortex
612.5,175.0,2024-02-01-T190001-chip20380_params_params_low_ISI_acqm.zip,chip20380,Striatum
805.0,1557.5,2024-02-01-T190001-chip20380_params_params_low_ISI_acqm.zip,chip20380,Septum
2642.5,1242.5,2024-02-01-T190001-chip20380_params_params_low_ISI_acqm.zip,chip20380,Retrosplenial Cortex
2695.0,1155.0,2024-02-01-T190001-chip20380_params_params_low_ISI_acqm.zip,chip20380,Retrosplenial Cortex
1680.0,350.0,2024-02-01-T190001-chip20380_params_params_low_ISI_acqm.zip,chip20380,Unknown
2660.0,1032.5,2024-02-01-T190001-chip20380_params_params_low_ISI_acqm.zip,chip20380,Retrosplenial Cortex
2677.5,1050.0,2024-02-01-T190001-chip20380_params_params_low_ISI_acqm.zip,chip20380,Retrosplenial Cortex
840.0,1977.5,2024-02-01-T190001-chip20380_params_params_low_ISI_acqm.zip,chip20380,Septum
2660.0,1120.0,2024-02-01-T190001-chip20380_params_params_low_ISI_acqm.zip,chip20380,Retrosplenial Cortex
2695.0,1155.0,2024-02-01-T190001-chip20380_params_params_low_ISI_acqm.zip,chip20380,Retrosplenial Cortex
2590.0,1750.0,2024-02-01-T190001-chip20380_params_params_low_ISI_acqm.zip,chip20380,Unknown
2572.5,962.5,2024-02-01-T190001-chip20380_params_params_low_ISI_acqm.zip,chip20380,Retrosplenial Cortex
2607.5,1015.0,2024-02-01-T190001-chip20380_params_params_low_ISI_acqm.zip,chip20380,Retrosplenial Cortex
2660.0,1120.0,2024-02-01-T190001-chip20380_params_params_low_ISI_acqm.zip,chip20380,Retrosplenial Cortex
2642.5,1102.5,2024-02-01-T190001-chip20380_params_params_low_ISI_acqm.zip,chip20380,Retrosplenial Cortex
2730.0,1190.0,2024-02-01-T190001-chip20380_params_params_low_ISI_acqm.zip,chip20380,Retrosplenial Cortex
2660.0,1207.5,2024-02-01-T190001-chip20380_params_params_low_ISI_acqm.zip,chip20380,Retrosplenial Cortex
2695.0,1120.0,2024-02-01-T190001-chip20380_params_params_low_ISI_acqm.zip,chip20380,Retrosplenial Cortex
735.0,1400.0,2024-02-01-T190001-chip20380_params_params_low_ISI_acqm.zip,chip20380,Septum
2625.0,1260.0,2024-02-01-T190001-chip20380_params_params_low_ISI_acqm.zip,chip20380,Retrosplenial Cortex
2642.5,1032.5,2024-02-01-T190001-chip20380_params_params_low_ISI_acqm.zip,chip20380,Retrosplenial Cortex
2660.0,1190.0,2024-02-01-T190001-chip20380_params_params_low_ISI_acqm.zip,chip20380,Retrosplenial Cortex
2712.5,1120.0,2024-02-01-T190001-chip20380_params_params_low_ISI_acqm.zip,chip20380,Retrosplenial Cortex
2695.0,1172.5,2024-02-01-T200000-chip20380_params_params_low_ISI_acqm.zip,chip20380,Retrosplenial Cortex
2695.0,1120.0,2024-02-01-T200000-chip20380_params_params_low_ISI_acqm.zip,chip20380,Retrosplenial Cortex
752.5,1347.5,2024-02-01-T200000-chip20380_params_params_low_ISI_acqm.zip,chip20380,Septum
2695.0,1312.5,2024-02-01-T200000-chip20380_params_params_low_ISI_acqm.zip,chip20380,Retrosplenial Cortex
857.5,1452.5,2024-02-01-T200000-chip20380_params_params_low_ISI_acqm.zip,chip20380,Septum
2625.0,1032.5,2024-02-01-T200000-chip20380_params_params_low_ISI_acqm.zip,chip20380,Retrosplenial Cortex
2537.5,1120.0,2024-02-01-T200000-chip20380_params_params_low_ISI_acqm.zip,chip20380,Retrosplenial Cortex
455.0,87.5,2024-02-01-T200000-chip20380_params_params_low_ISI_acqm.zip,chip20380,Striatum
787.5,1627.5,2024-02-01-T200000-chip20380_params_params_low_ISI_acqm.zip,chip20380,Septum
2572.5,1085.0,2024-02-01-T200000-chip20380_params_params_low_ISI_acqm.zip,chip20380,Retrosplenial Cortex
857.5,1452.5,2024-02-01-T200000-chip20380_params_params_low_ISI_acqm.zip,chip20380,Septum
2695.0,1155.0,2024-02-01-T200000-chip20380_params_params_low_ISI_acqm.zip,chip20380,Retrosplenial Cortex
752.5,1767.5,2024-02-01-T200000-chip20380_params_params_low_ISI_acqm.zip,chip20380,Septum
2712.5,1225.0,2024-02-01-T200000-chip20380_params_params_low_ISI_acqm.zip,chip20380,Retrosplenial Cortex
787.5,1662.5,2024-02-01-T200000-chip20380_params_params_low_ISI_acqm.zip,chip20380,Septum
2590.0,1067.5,2024-02-01-T200000-chip20380_params_params_low_ISI_acqm.zip,chip20380,Retrosplenial Cortex
840.0,1382.5,2024-02-01-T200000-chip20380_params_params_low_ISI_acqm.zip,chip20380,Septum
157.5,70.0,2024-02-01-T200000-chip20380_params_params_low_ISI_acqm.zip,chip20380,Striatum
157.5,70.0,2024-02-01-T200000-chip20380_params_params_low_ISI_acqm.zip,chip20380,Striatum
612.5,175.0,2024-02-01-T200000-chip20380_params_params_low_ISI_acqm.zip,chip20380,Striatum
2712.5,1225.0,2024-02-01-T200000-chip20380_params_params_low_ISI_acqm.zip,chip20380,Retrosplenial Cortex
805.0,1557.5,2024-02-01-T200000-chip20380_params_params_low_ISI_acqm.zip,chip20380,Septum
2695.0,1225.0,2024-02-01-T200000-chip20380_params_params_low_ISI_acqm.zip,chip20380,Retrosplenial Cortex
2677.5,1155.0,2024-02-01-T200000-chip20380_params_params_low_ISI_acqm.zip,chip20380,Retrosplenial Cortex
840.0,1557.5,2024-02-01-T200000-chip20380_params_params_low_ISI_acqm.zip,chip20380,Septum
2747.5,1277.5,2024-02-01-T200000-chip20380_params_params_low_ISI_acqm.zip,chip20380,Retrosplenial Cortex
1680.0,367.5,2024-02-01-T200000-chip20380_params_params_low_ISI_acqm.zip,chip20380,Unknown
2660.0,1172.5,2024-02-01-T200000-chip20380_params_params_low_ISI_acqm.zip,chip20380,Retrosplenial Cortex
2747.5,1050.0,2024-02-01-T200000-chip20380_params_params_low_ISI_acqm.zip,chip20380,Retrosplenial Cortex
840.0,1977.5,2024-02-01-T200000-chip20380_params_params_low_ISI_acqm.zip,chip20380,Septum
2695.0,1067.5,2024-02-01-T200000-chip20380_params_params_low_ISI_acqm.zip,chip20380,Retrosplenial Cortex
2695.0,1067.5,2024-02-01-T200000-chip20380_params_params_low_ISI_acqm.zip,chip20380,Retrosplenial Cortex
2695.0,1155.0,2024-02-01-T200000-chip20380_params_params_low_ISI_acqm.zip,chip20380,Retrosplenial Cortex
2590.0,1750.0,2024-02-01-T200000-chip20380_params_params_low_ISI_acqm.zip,chip20380,Unknown
2607.5,1015.0,2024-02-01-T200000-chip20380_params_params_low_ISI_acqm.zip,chip20380,Retrosplenial Cortex
2677.5,1225.0,2024-02-01-T200000-chip20380_params_params_low_ISI_acqm.zip,chip20380,Retrosplenial Cortex
2695.0,1120.0,2024-02-01-T200000-chip20380_params_params_low_ISI_acqm.zip,chip20380,Retrosplenial Cortex
2695.0,1120.0,2024-02-01-T200000-chip20380_params_params_low_ISI_acqm.zip,chip20380,Retrosplenial Cortex
717.5,1400.0,2024-02-01-T200000-chip20380_params_params_low_ISI_acqm.zip,chip20380,Septum
2712.5,1242.5,2024-02-01-T200000-chip20380_params_params_low_ISI_acqm.zip,chip20380,Retrosplenial Cortex
2660.0,1032.5,2024-02-01-T200000-chip20380_params_params_low_ISI_acqm.zip,chip20380,Retrosplenial Cortex
2677.5,1032.5,2024-02-01-T200000-chip20380_params_params_low_ISI_acqm.zip,chip20380,Retrosplenial Cortex
2730.0,1207.5,2024-02-01-T200000-chip20380_params_params_low_ISI_acqm.zip,chip20380,Retrosplenial Cortex
2642.5,1102.5,2024-02-01-T200000-chip20380_params_params_low_ISI_acqm.zip,chip20380,Retrosplenial Cortex
2642.5,1277.5,2024-02-01-T200000-chip20380_params_params_low_ISI_acqm.zip,chip20380,Retrosplenial Cortex
2677.5,1032.5,2024-02-01-T200000-chip20380_params_params_low_ISI_acqm.zip,chip20380,Retrosplenial Cortex
2695.0,1015.0,2024-02-01-T200000-chip20380_params_params_low_ISI_acqm.zip,chip20380,Retrosplenial Cortex
2695.0,1085.0,2024-02-01-T200000-chip20380_params_params_low_ISI_acqm.zip,chip20380,Retrosplenial Cortex
2677.5,1120.0,2024-02-01-T210000-chip20380_params_params_low_ISI_acqm.zip,chip20380,Retrosplenial Cortex
2695.0,1172.5,2024-02-01-T210000-chip20380_params_params_low_ISI_acqm.zip,chip20380,Retrosplenial Cortex
2730.0,1207.5,2024-02-01-T210000-chip20380_params_params_low_ISI_acqm.zip,chip20380,Retrosplenial Cortex
2695.0,1102.5,2024-02-01-T210000-chip20380_params_params_low_ISI_acqm.zip,chip20380,Retrosplenial Cortex
752.5,1347.5,2024-02-01-T210000-chip20380_params_params_low_ISI_acqm.zip,chip20380,Septum
2695.0,1312.5,2024-02-01-T210000-chip20380_params_params_low_ISI_acqm.zip,chip20380,Retrosplenial Cortex
735.0,1400.0,2024-02-01-T210000-chip20380_params_params_low_ISI_acqm.zip,chip20380,Septum
910.0,1505.0,2024-02-01-T210000-chip20380_params_params_low_ISI_acqm.zip,chip20380,Septum
857.5,1452.5,2024-02-01-T210000-chip20380_params_params_low_ISI_acqm.zip,chip20380,Septum
2537.5,1120.0,2024-02-01-T210000-chip20380_params_params_low_ISI_acqm.zip,chip20380,Retrosplenial Cortex
3797.5,1750.0,2024-02-01-T210000-chip20380_params_params_low_ISI_acqm.zip,chip20380,Unknown
787.5,1627.5,2024-02-01-T210000-chip20380_params_params_low_ISI_acqm.zip,chip20380,Septum
2572.5,1085.0,2024-02-01-T210000-chip20380_params_params_low_ISI_acqm.zip,chip20380,Retrosplenial Cortex
857.5,1452.5,2024-02-01-T210000-chip20380_params_params_low_ISI_acqm.zip,chip20380,Septum
2695.0,1155.0,2024-02-01-T210000-chip20380_params_params_low_ISI_acqm.zip,chip20380,Retrosplenial Cortex
752.5,1767.5,2024-02-01-T210000-chip20380_params_params_low_ISI_acqm.zip,chip20380,Septum
787.5,1662.5,2024-02-01-T210000-chip20380_params_params_low_ISI_acqm.zip,chip20380,Septum
2590.0,1067.5,2024-02-01-T210000-chip20380_params_params_low_ISI_acqm.zip,chip20380,Retrosplenial Cortex
157.5,70.0,2024-02-01-T210000-chip20380_params_params_low_ISI_acqm.zip,chip20380,Striatum
770.0,1890.0,2024-02-01-T210000-chip20380_params_params_low_ISI_acqm.zip,chip20380,Septum
840.0,1557.5,2024-02-01-T210000-chip20380_params_params_low_ISI_acqm.zip,chip20380,Septum
2712.5,1102.5,2024-02-01-T210000-chip20380_params_params_low_ISI_acqm.zip,chip20380,Retrosplenial Cortex
2747.5,1050.0,2024-02-01-T210000-chip20380_params_params_low_ISI_acqm.zip,chip20380,Retrosplenial Cortex
612.5,175.0,2024-02-01-T210000-chip20380_params_params_low_ISI_acqm.zip,chip20380,Striatum
2712.5,1242.5,2024-02-01-T210000-chip20380_params_params_low_ISI_acqm.zip,chip20380,Retrosplenial Cortex
2677.5,1067.5,2024-02-01-T210000-chip20380_params_params_low_ISI_acqm.zip,chip20380,Retrosplenial Cortex
2677.5,1032.5,2024-02-01-T210000-chip20380_params_params_low_ISI_acqm.zip,chip20380,Retrosplenial Cortex
822.5,1540.0,2024-02-01-T210000-chip20380_params_params_low_ISI_acqm.zip,chip20380,Septum
2695.0,1242.5,2024-02-01-T210000-chip20380_params_params_low_ISI_acqm.zip,chip20380,Retrosplenial Cortex
2695.0,1155.0,2024-02-01-T210000-chip20380_params_params_low_ISI_acqm.zip,chip20380,Retrosplenial Cortex
2677.5,1207.5,2024-02-01-T210000-chip20380_params_params_low_ISI_acqm.zip,chip20380,Retrosplenial Cortex
1680.0,367.5,2024-02-01-T210000-chip20380_params_params_low_ISI_acqm.zip,chip20380,Unknown
910.0,1417.5,2024-02-01-T210000-chip20380_params_params_low_ISI_acqm.zip,chip20380,Septum
2712.5,1137.5,2024-02-01-T210000-chip20380_params_params_low_ISI_acqm.zip,chip20380,Retrosplenial Cortex
840.0,1977.5,2024-02-01-T210000-chip20380_params_params_low_ISI_acqm.zip,chip20380,Septum
2695.0,1067.5,2024-02-01-T210000-chip20380_params_params_low_ISI_acqm.zip,chip20380,Retrosplenial Cortex
2695.0,1067.5,2024-02-01-T210000-chip20380_params_params_low_ISI_acqm.zip,chip20380,Retrosplenial Cortex
2660.0,1120.0,2024-02-01-T210000-chip20380_params_params_low_ISI_acqm.zip,chip20380,Retrosplenial Cortex
2695.0,1085.0,2024-02-01-T210000-chip20380_params_params_low_ISI_acqm.zip,chip20380,Retrosplenial Cortex
2695.0,1137.5,2024-02-01-T210000-chip20380_params_params_low_ISI_acqm.zip,chip20380,Retrosplenial Cortex
2590.0,1750.0,2024-02-01-T210000-chip20380_params_params_low_ISI_acqm.zip,chip20380,Unknown
2607.5,1015.0,2024-02-01-T210000-chip20380_params_params_low_ISI_acqm.zip,chip20380,Retrosplenial Cortex
2712.5,1260.0,2024-02-01-T210000-chip20380_params_params_low_ISI_acqm.zip,chip20380,Retrosplenial Cortex
2660.0,1225.0,2024-02-01-T210000-chip20380_params_params_low_ISI_acqm.zip,chip20380,Retrosplenial Cortex
857.5,1452.5,2024-02-01-T210000-chip20380_params_params_low_ISI_acqm.zip,chip20380,Septum
2642.5,1277.5,2024-02-01-T210000-chip20380_params_params_low_ISI_acqm.zip,chip20380,Retrosplenial Cortex
157.5,70.0,2024-02-01-T210000-chip20380_params_params_low_ISI_acqm.zip,chip20380,Striatum
2625.0,1050.0,2024-02-01-T210000-chip20380_params_params_low_ISI_acqm.zip,chip20380,Retrosplenial Cortex
2660.0,1190.0,2024-02-01-T210000-chip20380_params_params_low_ISI_acqm.zip,chip20380,Retrosplenial Cortex
2660.0,1032.5,2024-02-01-T210000-chip20380_params_params_low_ISI_acqm.zip,chip20380,Retrosplenial Cortex
2695.0,1067.5,2024-02-01-T210000-chip20380_params_params_low_ISI_acqm.zip,chip20380,Retrosplenial Cortex
2677.5,1225.0,2024-02-01-T210000-chip20380_params_params_low_ISI_acqm.zip,chip20380,Retrosplenial Cortex
2642.5,1102.5,2024-02-01-T210000-chip20380_params_params_low_ISI_acqm.zip,chip20380,Retrosplenial Cortex
2712.5,1225.0,2024-02-01-T210000-chip20380_params_params_low_ISI_acqm.zip,chip20380,Retrosplenial Cortex
2695.0,1015.0,2024-02-01-T210000-chip20380_params_params_low_ISI_acqm.zip,chip20380,Retrosplenial Cortex
2660.0,1155.0,2024-02-01-T210000-chip20380_params_params_low_ISI_acqm.zip,chip20380,Retrosplenial Cortex
2677.5,1120.0,2024-02-01-T220000-chip20380_params_params_low_ISI_acqm.zip,chip20380,Retrosplenial Cortex
2695.0,1172.5,2024-02-01-T220000-chip20380_params_params_low_ISI_acqm.zip,chip20380,Retrosplenial Cortex
2695.0,1102.5,2024-02-01-T220000-chip20380_params_params_low_ISI_acqm.zip,chip20380,Retrosplenial Cortex
2747.5,1260.0,2024-02-01-T220000-chip20380_params_params_low_ISI_acqm.zip,chip20380,Retrosplenial Cortex
2712.5,1137.5,2024-02-01-T220000-chip20380_params_params_low_ISI_acqm.zip,chip20380,Retrosplenial Cortex
752.5,1347.5,2024-02-01-T220000-chip20380_params_params_low_ISI_acqm.zip,chip20380,Septum
2695.0,1312.5,2024-02-01-T220000-chip20380_params_params_low_ISI_acqm.zip,chip20380,Retrosplenial Cortex
857.5,1452.5,2024-02-01-T220000-chip20380_params_params_low_ISI_acqm.zip,chip20380,Septum
2537.5,1120.0,2024-02-01-T220000-chip20380_params_params_low_ISI_acqm.zip,chip20380,Retrosplenial Cortex
787.5,1627.5,2024-02-01-T220000-chip20380_params_params_low_ISI_acqm.zip,chip20380,Septum
2572.5,1085.0,2024-02-01-T220000-chip20380_params_params_low_ISI_acqm.zip,chip20380,Retrosplenial Cortex
857.5,1452.5,2024-02-01-T220000-chip20380_params_params_low_ISI_acqm.zip,chip20380,Septum
787.5,1662.5,2024-02-01-T220000-chip20380_params_params_low_ISI_acqm.zip,chip20380,Septum
2590.0,1067.5,2024-02-01-T220000-chip20380_params_params_low_ISI_acqm.zip,chip20380,Retrosplenial Cortex
840.0,1382.5,2024-02-01-T220000-chip20380_params_params_low_ISI_acqm.zip,chip20380,Septum
157.5,70.0,2024-02-01-T220000-chip20380_params_params_low_ISI_acqm.zip,chip20380,Striatum
157.5,70.0,2024-02-01-T220000-chip20380_params_params_low_ISI_acqm.zip,chip20380,Striatum
787.5,1890.0,2024-02-01-T220000-chip20380_params_params_low_ISI_acqm.zip,chip20380,Septum
840.0,1540.0,2024-02-01-T220000-chip20380_params_params_low_ISI_acqm.zip,chip20380,Septum
857.5,2012.5,2024-02-01-T220000-chip20380_params_params_low_ISI_acqm.zip,chip20380,Unknown
2712.5,1102.5,2024-02-01-T220000-chip20380_params_params_low_ISI_acqm.zip,chip20380,Retrosplenial Cortex
595.0,175.0,2024-02-01-T220000-chip20380_params_params_low_ISI_acqm.zip,chip20380,Striatum
2712.5,1260.0,2024-02-01-T220000-chip20380_params_params_low_ISI_acqm.zip,chip20380,Retrosplenial Cortex
787.5,1575.0,2024-02-01-T220000-chip20380_params_params_low_ISI_acqm.zip,chip20380,Septum
2695.0,1242.5,2024-02-01-T220000-chip20380_params_params_low_ISI_acqm.zip,chip20380,Retrosplenial Cortex
2765.0,1277.5,2024-02-01-T220000-chip20380_params_params_low_ISI_acqm.zip,chip20380,Unknown
1680.0,350.0,2024-02-01-T220000-chip20380_params_params_low_ISI_acqm.zip,chip20380,Unknown
910.0,1417.5,2024-02-01-T220000-chip20380_params_params_low_ISI_acqm.zip,chip20380,Septum
2677.5,1032.5,2024-02-01-T220000-chip20380_params_params_low_ISI_acqm.zip,chip20380,Retrosplenial Cortex
2660.0,1120.0,2024-02-01-T220000-chip20380_params_params_low_ISI_acqm.zip,chip20380,Retrosplenial Cortex
2695.0,1085.0,2024-02-01-T220000-chip20380_params_params_low_ISI_acqm.zip,chip20380,Retrosplenial Cortex
2730.0,1207.5,2024-02-01-T220000-chip20380_params_params_low_ISI_acqm.zip,chip20380,Retrosplenial Cortex
2695.0,1015.0,2024-02-01-T220000-chip20380_params_params_low_ISI_acqm.zip,chip20380,Retrosplenial Cortex
2695.0,1137.5,2024-02-01-T220000-chip20380_params_params_low_ISI_acqm.zip,chip20380,Retrosplenial Cortex
2590.0,1750.0,2024-02-01-T220000-chip20380_params_params_low_ISI_acqm.zip,chip20380,Unknown
2607.5,1015.0,2024-02-01-T220000-chip20380_params_params_low_ISI_acqm.zip,chip20380,Retrosplenial Cortex
2695.0,1137.5,2024-02-01-T220000-chip20380_params_params_low_ISI_acqm.zip,chip20380,Retrosplenial Cortex
735.0,1400.0,2024-02-01-T220000-chip20380_params_params_low_ISI_acqm.zip,chip20380,Septum
2747.5,1050.0,2024-02-01-T220000-chip20380_params_params_low_ISI_acqm.zip,chip20380,Retrosplenial Cortex
2712.5,1242.5,2024-02-01-T220000-chip20380_params_params_low_ISI_acqm.zip,chip20380,Retrosplenial Cortex
2660.0,1032.5,2024-02-01-T220000-chip20380_params_params_low_ISI_acqm.zip,chip20380,Retrosplenial Cortex
2642.5,980.0,2024-02-01-T220000-chip20380_params_params_low_ISI_acqm.zip,chip20380,Retrosplenial Cortex
2730.0,1207.5,2024-02-01-T220000-chip20380_params_params_low_ISI_acqm.zip,chip20380,Retrosplenial Cortex
2677.5,1225.0,2024-02-01-T220000-chip20380_params_params_low_ISI_acqm.zip,chip20380,Retrosplenial Cortex
2642.5,1102.5,2024-02-01-T220000-chip20380_params_params_low_ISI_acqm.zip,chip20380,Retrosplenial Cortex
2695.0,1312.5,2024-02-01-T220000-chip20380_params_params_low_ISI_acqm.zip,chip20380,Retrosplenial Cortex
2660.0,1032.5,2024-02-01-T220000-chip20380_params_params_low_ISI_acqm.zip,chip20380,Retrosplenial Cortex
2677.5,1155.0,2024-02-01-T220000-chip20380_params_params_low_ISI_acqm.zip,chip20380,Retrosplenial Cortex
2712.5,1172.5,2024-02-02-T171613-chip20380_params_params_low_ISI_acqm.zip,chip20380,Retrosplenial Cortex
2712.5,1225.0,2024-02-02-T171613-chip20380_params_params_low_ISI_acqm.zip,chip20380,Retrosplenial Cortex
2677.5,1067.5,2024-02-02-T171613-chip20380_params_params_low_ISI_acqm.zip,chip20380,Retrosplenial Cortex
2747.5,1260.0,2024-02-02-T171613-chip20380_params_params_low_ISI_acqm.zip,chip20380,Retrosplenial Cortex
822.5,1347.5,2024-02-02-T171613-chip20380_params_params_low_ISI_acqm.zip,chip20380,Septum
2537.5,1120.0,2024-02-02-T171613-chip20380_params_params_low_ISI_acqm.zip,chip20380,Retrosplenial Cortex
752.5,1347.5,2024-02-02-T171613-chip20380_params_params_low_ISI_acqm.zip,chip20380,Septum
2625.0,1260.0,2024-02-02-T171613-chip20380_params_params_low_ISI_acqm.zip,chip20380,Retrosplenial Cortex
2695.0,1242.5,2024-02-02-T171613-chip20380_params_params_low_ISI_acqm.zip,chip20380,Retrosplenial Cortex
420.0,140.0,2024-02-02-T171613-chip20380_params_params_low_ISI_acqm.zip,chip20380,Striatum
752.5,1557.5,2024-02-02-T171613-chip20380_params_params_low_ISI_acqm.zip,chip20380,Septum
787.5,1627.5,2024-02-02-T171613-chip20380_params_params_low_ISI_acqm.zip,chip20380,Septum
787.5,1627.5,2024-02-02-T171613-chip20380_params_params_low_ISI_acqm.zip,chip20380,Septum
805.0,1365.0,2024-02-02-T171613-chip20380_params_params_low_ISI_acqm.zip,chip20380,Septum
787.5,1417.5,2024-02-02-T171613-chip20380_params_params_low_ISI_acqm.zip,chip20380,Septum
2642.5,1242.5,2024-02-02-T171613-chip20380_params_params_low_ISI_acqm.zip,chip20380,Retrosplenial Cortex
787.5,1575.0,2024-02-02-T171613-chip20380_params_params_low_ISI_acqm.zip,chip20380,Septum
2695.0,1172.5,2024-02-02-T171613-chip20380_params_params_low_ISI_acqm.zip,chip20380,Retrosplenial Cortex
840.0,1540.0,2024-02-02-T171613-chip20380_params_params_low_ISI_acqm.zip,chip20380,Septum
2660.0,1225.0,2024-02-02-T171613-chip20380_params_params_low_ISI_acqm.zip,chip20380,Retrosplenial Cortex
2642.5,1190.0,2024-02-02-T171613-chip20380_params_params_low_ISI_acqm.zip,chip20380,Retrosplenial Cortex
455.0,87.5,2024-02-02-T171613-chip20380_params_params_low_ISI_acqm.zip,chip20380,Striatum
2590.0,1067.5,2024-02-02-T171613-chip20380_params_params_low_ISI_acqm.zip,chip20380,Retrosplenial Cortex
787.5,1662.5,2024-02-02-T171613-chip20380_params_params_low_ISI_acqm.zip,chip20380,Septum
2642.5,1015.0,2024-02-02-T171613-chip20380_params_params_low_ISI_acqm.zip,chip20380,Retrosplenial Cortex
2677.5,1120.0,2024-02-02-T171613-chip20380_params_params_low_ISI_acqm.zip,chip20380,Retrosplenial Cortex
2677.5,1067.5,2024-02-02-T171613-chip20380_params_params_low_ISI_acqm.zip,chip20380,Retrosplenial Cortex
2747.5,1295.0,2024-02-02-T171613-chip20380_params_params_low_ISI_acqm.zip,chip20380,Retrosplenial Cortex
2642.5,1102.5,2024-02-02-T171613-chip20380_params_params_low_ISI_acqm.zip,chip20380,Retrosplenial Cortex
2625.0,1207.5,2024-02-02-T171613-chip20380_params_params_low_ISI_acqm.zip,chip20380,Retrosplenial Cortex
490.0,87.5,2024-02-02-T171613-chip20380_params_params_low_ISI_acqm.zip,chip20380,Striatum
927.5,1470.0,2024-02-02-T171613-chip20380_params_params_low_ISI_acqm.zip,chip20380,Septum
2660.0,1085.0,2024-02-02-T171613-chip20380_params_params_low_ISI_acqm.zip,chip20380,Retrosplenial Cortex
2695.0,1120.0,2024-02-02-T171613-chip20380_params_params_low_ISI_acqm.zip,chip20380,Retrosplenial Cortex
2730.0,1155.0,2024-02-02-T171613-chip20380_params_params_low_ISI_acqm.zip,chip20380,Retrosplenial Cortex
2677.5,1225.0,2024-02-02-T171613-chip20380_params_params_low_ISI_acqm.zip,chip20380,Retrosplenial Cortex
717.5,1400.0,2024-02-02-T171613-chip20380_params_params_low_ISI_acqm.zip,chip20380,Septum
2695.0,1137.5,2024-02-02-T171613-chip20380_params_params_low_ISI_acqm.zip,chip20380,Retrosplenial Cortex
2537.5,1190.0,2024-02-02-T171613-chip20380_params_params_low_ISI_acqm.zip,chip20380,Retrosplenial Cortex
2590.0,1732.5,2024-02-02-T171613-chip20380_params_params_low_ISI_acqm.zip,chip20380,Unknown
2695.0,1155.0,2024-02-02-T171613-chip20380_params_params_low_ISI_acqm.zip,chip20380,Retrosplenial Cortex
2695.0,1120.0,2024-02-02-T171613-chip20380_params_params_low_ISI_acqm.zip,chip20380,Retrosplenial Cortex
2765.0,1032.5,2024-02-02-T171613-chip20380_params_params_low_ISI_acqm.zip,chip20380,Unknown
2590.0,1732.5,2024-02-02-T171613-chip20380_params_params_low_ISI_acqm.zip,chip20380,Unknown
2537.5,1260.0,2024-02-02-T171613-chip20380_params_params_low_ISI_acqm.zip,chip20380,Retrosplenial Cortex
2677.5,1137.5,2024-02-02-T171613-chip20380_params_params_low_ISI_acqm.zip,chip20380,Retrosplenial Cortex
2590.0,1260.0,2024-02-02-T171613-chip20380_params_params_low_ISI_acqm.zip,chip20380,Retrosplenial Cortex
2730.0,1190.0,2024-02-02-T171613-chip20380_params_params_low_ISI_acqm.zip,chip20380,Retrosplenial Cortex
2747.5,1242.5,2024-02-02-T171613-chip20380_params_params_low_ISI_acqm.zip,chip20380,Retrosplenial Cortex
1680.0,350.0,2024-02-02-T171613-chip20380_params_params_low_ISI_acqm.zip,chip20380,Unknown
2642.5,1295.0,2024-02-02-T171613-chip20380_params_params_low_ISI_acqm.zip,chip20380,Retrosplenial Cortex
787.5,1417.5,2024-02-02-T171613-chip20380_params_params_low_ISI_acqm.zip,chip20380,Septum
2695.0,1120.0,2024-02-02-T171613-chip20380_params_params_low_ISI_acqm.zip,chip20380,Retrosplenial Cortex
2695.0,1067.5,2024-02-02-T171613-chip20380_params_params_low_ISI_acqm.zip,chip20380,Retrosplenial Cortex
2695.0,1067.5,2024-02-02-T171613-chip20380_params_params_low_ISI_acqm.zip,chip20380,Retrosplenial Cortex
2642.5,980.0,2024-02-02-T171613-chip20380_params_params_low_ISI_acqm.zip,chip20380,Retrosplenial Cortex
2712.5,1120.0,2024-02-02-T171613-chip20380_params_params_low_ISI_acqm.zip,chip20380,Retrosplenial Cortex
2555.0,1120.0,2024-02-02-T171613-chip20380_params_params_low_ISI_acqm.zip,chip20380,Retrosplenial Cortex
2520.0,1260.0,2024-02-02-T171613-chip20380_params_params_low_ISI_acqm.zip,chip20380,Retrosplenial Cortex
770.0,1400.0,2024-02-02-T212603-chip20380_params_params_low_ISI_acqm.zip,chip20380,Septum
2747.5,1260.0,2024-02-02-T212603-chip20380_params_params_low_ISI_acqm.zip,chip20380,Retrosplenial Cortex
752.5,1347.5,2024-02-02-T212603-chip20380_params_params_low_ISI_acqm.zip,chip20380,Septum
770.0,1627.5,2024-02-02-T212603-chip20380_params_params_low_ISI_acqm.zip,chip20380,Septum
752.5,1557.5,2024-02-02-T212603-chip20380_params_params_low_ISI_acqm.zip,chip20380,Septum
717.5,1400.0,2024-02-02-T212603-chip20380_params_params_low_ISI_acqm.zip,chip20380,Septum
2765.0,1015.0,2024-02-02-T212603-chip20380_params_params_low_ISI_acqm.zip,chip20380,Unknown
770.0,1400.0,2024-02-02-T212603-chip20380_params_params_low_ISI_acqm.zip,chip20380,Septum
787.5,1627.5,2024-02-02-T212603-chip20380_params_params_low_ISI_acqm.zip,chip20380,Septum
805.0,1365.0,2024-02-02-T212603-chip20380_params_params_low_ISI_acqm.zip,chip20380,Septum
2677.5,1190.0,2024-02-02-T212603-chip20380_params_params_low_ISI_acqm.zip,chip20380,Retrosplenial Cortex
2642.5,1190.0,2024-02-02-T212603-chip20380_params_params_low_ISI_acqm.zip,chip20380,Retrosplenial Cortex
2590.0,1067.5,2024-02-02-T212603-chip20380_params_params_low_ISI_acqm.zip,chip20380,Retrosplenial Cortex
787.5,1645.0,2024-02-02-T212603-chip20380_params_params_low_ISI_acqm.zip,chip20380,Septum
2642.5,1015.0,2024-02-02-T212603-chip20380_params_params_low_ISI_acqm.zip,chip20380,Retrosplenial Cortex
2677.5,1067.5,2024-02-02-T212603-chip20380_params_params_low_ISI_acqm.zip,chip20380,Retrosplenial Cortex
2712.5,1172.5,2024-02-02-T212603-chip20380_params_params_low_ISI_acqm.zip,chip20380,Retrosplenial Cortex
2747.5,1295.0,2024-02-02-T212603-chip20380_params_params_low_ISI_acqm.zip,chip20380,Retrosplenial Cortex
2712.5,1242.5,2024-02-02-T212603-chip20380_params_params_low_ISI_acqm.zip,chip20380,Retrosplenial Cortex
2572.5,945.0,2024-02-02-T212603-chip20380_params_params_low_ISI_acqm.zip,chip20380,Retrosplenial Cortex
2642.5,1102.5,2024-02-02-T212603-chip20380_params_params_low_ISI_acqm.zip,chip20380,Retrosplenial Cortex
490.0,87.5,2024-02-02-T212603-chip20380_params_params_low_ISI_acqm.zip,chip20380,Striatum
2660.0,1085.0,2024-02-02-T212603-chip20380_params_params_low_ISI_acqm.zip,chip20380,Retrosplenial Cortex
2677.5,1137.5,2024-02-02-T212603-chip20380_params_params_low_ISI_acqm.zip,chip20380,Retrosplenial Cortex
840.0,1540.0,2024-02-02-T212603-chip20380_params_params_low_ISI_acqm.zip,chip20380,Septum
2695.0,1120.0,2024-02-02-T212603-chip20380_params_params_low_ISI_acqm.zip,chip20380,Retrosplenial Cortex
2677.5,1225.0,2024-02-02-T212603-chip20380_params_params_low_ISI_acqm.zip,chip20380,Retrosplenial Cortex
2695.0,1120.0,2024-02-02-T212603-chip20380_params_params_low_ISI_acqm.zip,chip20380,Retrosplenial Cortex
2695.0,1067.5,2024-02-02-T212603-chip20380_params_params_low_ISI_acqm.zip,chip20380,Retrosplenial Cortex
2695.0,1155.0,2024-02-02-T212603-chip20380_params_params_low_ISI_acqm.zip,chip20380,Retrosplenial Cortex
2695.0,1155.0,2024-02-02-T212603-chip20380_params_params_low_ISI_acqm.zip,chip20380,Retrosplenial Cortex
2590.0,1732.5,2024-02-02-T212603-chip20380_params_params_low_ISI_acqm.zip,chip20380,Unknown
2695.0,1085.0,2024-02-02-T212603-chip20380_params_params_low_ISI_acqm.zip,chip20380,Retrosplenial Cortex
2695.0,1015.0,2024-02-02-T212603-chip20380_params_params_low_ISI_acqm.zip,chip20380,Retrosplenial Cortex
2677.5,1050.0,2024-02-02-T212603-chip20380_params_params_low_ISI_acqm.zip,chip20380,Retrosplenial Cortex
2642.5,980.0,2024-02-02-T212603-chip20380_params_params_low_ISI_acqm.zip,chip20380,Retrosplenial Cortex
2712.5,1190.0,2024-02-02-T212603-chip20380_params_params_low_ISI_acqm.zip,chip20380,Retrosplenial Cortex
1680.0,350.0,2024-02-02-T212603-chip20380_params_params_low_ISI_acqm.zip,chip20380,Unknown
2642.5,1085.0,2024-02-02-T212603-chip20380_params_params_low_ISI_acqm.zip,chip20380,Retrosplenial Cortex
2660.0,1155.0,2024-02-02-T212603-chip20380_params_params_low_ISI_acqm.zip,chip20380,Retrosplenial Cortex
805.0,1557.5,2024-02-02-T212603-chip20380_params_params_low_ISI_acqm.zip,chip20380,Septum
2695.0,1260.0,2024-02-02-T212603-chip20380_params_params_low_ISI_acqm.zip,chip20380,Retrosplenial Cortex
2677.5,1260.0,2024-02-02-T212603-chip20380_params_params_low_ISI_acqm.zip,chip20380,Retrosplenial Cortex
2625.0,1207.5,2024-02-02-T212603-chip20380_params_params_low_ISI_acqm.zip,chip20380,Retrosplenial Cortex
2555.0,1120.0,2024-02-02-T212603-chip20380_params_params_low_ISI_acqm.zip,chip20380,Retrosplenial Cortex
2677.5,1137.5,2024-02-02-T212603-chip20380_params_params_low_ISI_acqm.zip,chip20380,Retrosplenial Cortex
2730.0,1155.0,2024-02-02-T212603-chip20380_params_params_low_ISI_acqm.zip,chip20380,Retrosplenial Cortex
2625.0,1295.0,2024-02-02-T212603-chip20380_params_params_low_ISI_acqm.zip,chip20380,Retrosplenial Cortex
2730.0,1190.0,2024-02-02-T212603-chip20380_params_params_low_ISI_acqm.zip,chip20380,Retrosplenial Cortex
2730.0,1190.0,2024-02-02-T212603-chip20380_params_params_low_ISI_acqm.zip,chip20380,Retrosplenial Cortex
2660.0,1155.0,2024-02-02-T212603-chip20380_params_params_low_ISI_acqm.zip,chip20380,Retrosplenial Cortex
2625.0,1295.0,2024-02-02-T212603-chip20380_params_params_low_ISI_acqm.zip,chip20380,Retrosplenial Cortex
2730.0,1172.5,2024-02-02-T212603-chip20380_params_params_low_ISI_acqm.zip,chip20380,Retrosplenial Cortex
2642.5,1015.0,2024-02-02-T212603-chip20380_params_params_low_ISI_acqm.zip,chip20380,Retrosplenial Cortex
2642.5,1015.0,2024-02-02-T212603-chip20380_params_params_low_ISI_acqm.zip,chip20380,Retrosplenial Cortex
2555.0,1120.0,2024-02-02-T212603-chip20380_params_params_low_ISI_acqm.zip,chip20380,Retrosplenial Cortex
2625.0,1190.0,2024-02-02-T220000-chip20380_params_params_low_ISI_acqm.zip,chip20380,Retrosplenial Cortex
770.0,1400.0,2024-02-02-T220000-chip20380_params_params_low_ISI_acqm.zip,chip20380,Septum
2747.5,1260.0,2024-02-02-T220000-chip20380_params_params_low_ISI_acqm.zip,chip20380,Retrosplenial Cortex
2747.5,1155.0,2024-02-02-T220000-chip20380_params_params_low_ISI_acqm.zip,chip20380,Retrosplenial Cortex
2642.5,1085.0,2024-02-02-T220000-chip20380_params_params_low_ISI_acqm.zip,chip20380,Retrosplenial Cortex
752.5,1347.5,2024-02-02-T220000-chip20380_params_params_low_ISI_acqm.zip,chip20380,Septum
752.5,1557.5,2024-02-02-T220000-chip20380_params_params_low_ISI_acqm.zip,chip20380,Septum
735.0,1400.0,2024-02-02-T220000-chip20380_params_params_low_ISI_acqm.zip,chip20380,Septum
2677.5,1015.0,2024-02-02-T220000-chip20380_params_params_low_ISI_acqm.zip,chip20380,Retrosplenial Cortex
770.0,1400.0,2024-02-02-T220000-chip20380_params_params_low_ISI_acqm.zip,chip20380,Septum
787.5,1627.5,2024-02-02-T220000-chip20380_params_params_low_ISI_acqm.zip,chip20380,Septum
805.0,1365.0,2024-02-02-T220000-chip20380_params_params_low_ISI_acqm.zip,chip20380,Septum
2660.0,1172.5,2024-02-02-T220000-chip20380_params_params_low_ISI_acqm.zip,chip20380,Retrosplenial Cortex
2677.5,1207.5,2024-02-02-T220000-chip20380_params_params_low_ISI_acqm.zip,chip20380,Retrosplenial Cortex
2695.0,1155.0,2024-02-02-T220000-chip20380_params_params_low_ISI_acqm.zip,chip20380,Retrosplenial Cortex
402.5,140.0,2024-02-02-T220000-chip20380_params_params_low_ISI_acqm.zip,chip20380,Striatum
2642.5,1190.0,2024-02-02-T220000-chip20380_params_params_low_ISI_acqm.zip,chip20380,Retrosplenial Cortex
2590.0,1067.5,2024-02-02-T220000-chip20380_params_params_low_ISI_acqm.zip,chip20380,Retrosplenial Cortex
2642.5,1242.5,2024-02-02-T220000-chip20380_params_params_low_ISI_acqm.zip,chip20380,Retrosplenial Cortex
857.5,1435.0,2024-02-02-T220000-chip20380_params_params_low_ISI_acqm.zip,chip20380,Septum
787.5,1662.5,2024-02-02-T220000-chip20380_params_params_low_ISI_acqm.zip,chip20380,Septum
2660.0,1085.0,2024-02-02-T220000-chip20380_params_params_low_ISI_acqm.zip,chip20380,Retrosplenial Cortex
2712.5,1172.5,2024-02-02-T220000-chip20380_params_params_low_ISI_acqm.zip,chip20380,Retrosplenial Cortex
2747.5,1295.0,2024-02-02-T220000-chip20380_params_params_low_ISI_acqm.zip,chip20380,Retrosplenial Cortex
2712.5,1242.5,2024-02-02-T220000-chip20380_params_params_low_ISI_acqm.zip,chip20380,Retrosplenial Cortex
770.0,1627.5,2024-02-02-T220000-chip20380_params_params_low_ISI_acqm.zip,chip20380,Septum
2642.5,1102.5,2024-02-02-T220000-chip20380_params_params_low_ISI_acqm.zip,chip20380,Retrosplenial Cortex
2625.0,1207.5,2024-02-02-T220000-chip20380_params_params_low_ISI_acqm.zip,chip20380,Retrosplenial Cortex
490.0,87.5,2024-02-02-T220000-chip20380_params_params_low_ISI_acqm.zip,chip20380,Striatum
2677.5,1137.5,2024-02-02-T220000-chip20380_params_params_low_ISI_acqm.zip,chip20380,Retrosplenial Cortex
840.0,1540.0,2024-02-02-T220000-chip20380_params_params_low_ISI_acqm.zip,chip20380,Septum
2695.0,1120.0,2024-02-02-T220000-chip20380_params_params_low_ISI_acqm.zip,chip20380,Retrosplenial Cortex
2695.0,1120.0,2024-02-02-T220000-chip20380_params_params_low_ISI_acqm.zip,chip20380,Retrosplenial Cortex
735.0,1312.5,2024-02-02-T220000-chip20380_params_params_low_ISI_acqm.zip,chip20380,Septum
2677.5,1067.5,2024-02-02-T220000-chip20380_params_params_low_ISI_acqm.zip,chip20380,Retrosplenial Cortex
2695.0,1067.5,2024-02-02-T220000-chip20380_params_params_low_ISI_acqm.zip,chip20380,Retrosplenial Cortex
2695.0,1067.5,2024-02-02-T220000-chip20380_params_params_low_ISI_acqm.zip,chip20380,Retrosplenial Cortex
2660.0,1172.5,2024-02-02-T220000-chip20380_params_params_low_ISI_acqm.zip,chip20380,Retrosplenial Cortex
2695.0,1155.0,2024-02-02-T220000-chip20380_params_params_low_ISI_acqm.zip,chip20380,Retrosplenial Cortex
910.0,1487.5,2024-02-02-T220000-chip20380_params_params_low_ISI_acqm.zip,chip20380,Septum
2590.0,1732.5,2024-02-02-T220000-chip20380_params_params_low_ISI_acqm.zip,chip20380,Unknown
2695.0,1085.0,2024-02-02-T220000-chip20380_params_params_low_ISI_acqm.zip,chip20380,Retrosplenial Cortex
2642.5,980.0,2024-02-02-T220000-chip20380_params_params_low_ISI_acqm.zip,chip20380,Retrosplenial Cortex
2730.0,1190.0,2024-02-02-T220000-chip20380_params_params_low_ISI_acqm.zip,chip20380,Retrosplenial Cortex
2695.0,1225.0,2024-02-02-T220000-chip20380_params_params_low_ISI_acqm.zip,chip20380,Retrosplenial Cortex
1680.0,350.0,2024-02-02-T220000-chip20380_params_params_low_ISI_acqm.zip,chip20380,Unknown
2695.0,1207.5,2024-02-02-T220000-chip20380_params_params_low_ISI_acqm.zip,chip20380,Retrosplenial Cortex
787.5,1575.0,2024-02-02-T220000-chip20380_params_params_low_ISI_acqm.zip,chip20380,Septum
2677.5,1155.0,2024-02-02-T220000-chip20380_params_params_low_ISI_acqm.zip,chip20380,Retrosplenial Cortex
2642.5,1015.0,2024-02-02-T220000-chip20380_params_params_low_ISI_acqm.zip,chip20380,Retrosplenial Cortex
2642.5,1015.0,2024-02-02-T220000-chip20380_params_params_low_ISI_acqm.zip,chip20380,Retrosplenial Cortex
2677.5,1067.5,2024-02-02-T220000-chip20380_params_params_low_ISI_acqm.zip,chip20380,Retrosplenial Cortex
490.0,87.5,2024-02-02-T220000-chip20380_params_params_low_ISI_acqm.zip,chip20380,Striatum
2555.0,1120.0,2024-02-02-T220000-chip20380_params_params_low_ISI_acqm.zip,chip20380,Retrosplenial Cortex
2695.0,1120.0,2024-02-02-T220000-chip20380_params_params_low_ISI_acqm.zip,chip20380,Retrosplenial Cortex
2695.0,1032.5,2024-02-02-T220000-chip20380_params_params_low_ISI_acqm.zip,chip20380,Retrosplenial Cortex
2625.0,1295.0,2024-02-02-T220000-chip20380_params_params_low_ISI_acqm.zip,chip20380,Retrosplenial Cortex
2677.5,1172.5,2024-02-02-T220000-chip20380_params_params_low_ISI_acqm.zip,chip20380,Retrosplenial Cortex
2660.0,1155.0,2024-02-02-T220000-chip20380_params_params_low_ISI_acqm.zip,chip20380,Retrosplenial Cortex
2695.0,1242.5,2024-02-02-T220000-chip20380_params_params_low_ISI_acqm.zip,chip20380,Retrosplenial Cortex
2555.0,1120.0,2024-02-02-T220000-chip20380_params_params_low_ISI_acqm.zip,chip20380,Retrosplenial Cortex
2695.0,1155.0,2024-02-02-T230000-chip20380_params_params_low_ISI_acqm.zip,chip20380,Retrosplenial Cortex
2747.5,1242.5,2024-02-02-T230000-chip20380_params_params_low_ISI_acqm.zip,chip20380,Retrosplenial Cortex
2747.5,1260.0,2024-02-02-T230000-chip20380_params_params_low_ISI_acqm.zip,chip20380,Retrosplenial Cortex
2625.0,1190.0,2024-02-02-T230000-chip20380_params_params_low_ISI_acqm.zip,chip20380,Retrosplenial Cortex
822.5,1347.5,2024-02-02-T230000-chip20380_params_params_low_ISI_acqm.zip,chip20380,Septum
752.5,1347.5,2024-02-02-T230000-chip20380_params_params_low_ISI_acqm.zip,chip20380,Septum
787.5,1417.5,2024-02-02-T230000-chip20380_params_params_low_ISI_acqm.zip,chip20380,Septum
752.5,1557.5,2024-02-02-T230000-chip20380_params_params_low_ISI_acqm.zip,chip20380,Septum
717.5,1400.0,2024-02-02-T230000-chip20380_params_params_low_ISI_acqm.zip,chip20380,Septum
2677.5,1015.0,2024-02-02-T230000-chip20380_params_params_low_ISI_acqm.zip,chip20380,Retrosplenial Cortex
787.5,1627.5,2024-02-02-T230000-chip20380_params_params_low_ISI_acqm.zip,chip20380,Septum
805.0,1365.0,2024-02-02-T230000-chip20380_params_params_low_ISI_acqm.zip,chip20380,Septum
2660.0,1172.5,2024-02-02-T230000-chip20380_params_params_low_ISI_acqm.zip,chip20380,Retrosplenial Cortex
2642.5,1242.5,2024-02-02-T230000-chip20380_params_params_low_ISI_acqm.zip,chip20380,Retrosplenial Cortex
2642.5,1190.0,2024-02-02-T230000-chip20380_params_params_low_ISI_acqm.zip,chip20380,Retrosplenial Cortex
2642.5,1190.0,2024-02-02-T230000-chip20380_params_params_low_ISI_acqm.zip,chip20380,Retrosplenial Cortex
2590.0,1067.5,2024-02-02-T230000-chip20380_params_params_low_ISI_acqm.zip,chip20380,Retrosplenial Cortex
2660.0,1155.0,2024-02-02-T230000-chip20380_params_params_low_ISI_acqm.zip,chip20380,Retrosplenial Cortex
787.5,1662.5,2024-02-02-T230000-chip20380_params_params_low_ISI_acqm.zip,chip20380,Septum
2642.5,1015.0,2024-02-02-T230000-chip20380_params_params_low_ISI_acqm.zip,chip20380,Retrosplenial Cortex
2677.5,997.5,2024-02-02-T230000-chip20380_params_params_low_ISI_acqm.zip,chip20380,Retrosplenial Cortex
2712.5,1242.5,2024-02-02-T230000-chip20380_params_params_low_ISI_acqm.zip,chip20380,Retrosplenial Cortex
770.0,1627.5,2024-02-02-T230000-chip20380_params_params_low_ISI_acqm.zip,chip20380,Septum
2712.5,1277.5,2024-02-02-T230000-chip20380_params_params_low_ISI_acqm.zip,chip20380,Retrosplenial Cortex
805.0,1557.5,2024-02-02-T230000-chip20380_params_params_low_ISI_acqm.zip,chip20380,Septum
2642.5,1102.5,2024-02-02-T230000-chip20380_params_params_low_ISI_acqm.zip,chip20380,Retrosplenial Cortex
2607.5,1120.0,2024-02-02-T230000-chip20380_params_params_low_ISI_acqm.zip,chip20380,Retrosplenial Cortex
490.0,87.5,2024-02-02-T230000-chip20380_params_params_low_ISI_acqm.zip,chip20380,Striatum
2625.0,1050.0,2024-02-02-T230000-chip20380_params_params_low_ISI_acqm.zip,chip20380,Retrosplenial Cortex
2677.5,1137.5,2024-02-02-T230000-chip20380_params_params_low_ISI_acqm.zip,chip20380,Retrosplenial Cortex
840.0,1540.0,2024-02-02-T230000-chip20380_params_params_low_ISI_acqm.zip,chip20380,Septum
2695.0,1120.0,2024-02-02-T230000-chip20380_params_params_low_ISI_acqm.zip,chip20380,Retrosplenial Cortex
2695.0,1137.5,2024-02-02-T230000-chip20380_params_params_low_ISI_acqm.zip,chip20380,Retrosplenial Cortex
2695.0,1225.0,2024-02-02-T230000-chip20380_params_params_low_ISI_acqm.zip,chip20380,Retrosplenial Cortex
2695.0,1067.5,2024-02-02-T230000-chip20380_params_params_low_ISI_acqm.zip,chip20380,Retrosplenial Cortex
2747.5,1032.5,2024-02-02-T230000-chip20380_params_params_low_ISI_acqm.zip,chip20380,Retrosplenial Cortex
787.5,1417.5,2024-02-02-T230000-chip20380_params_params_low_ISI_acqm.zip,chip20380,Septum
2572.5,1750.0,2024-02-02-T230000-chip20380_params_params_low_ISI_acqm.zip,chip20380,Unknown
2555.0,1242.5,2024-02-02-T230000-chip20380_params_params_low_ISI_acqm.zip,chip20380,Retrosplenial Cortex
2695.0,1032.5,2024-02-02-T230000-chip20380_params_params_low_ISI_acqm.zip,chip20380,Retrosplenial Cortex
2747.5,1295.0,2024-02-02-T230000-chip20380_params_params_low_ISI_acqm.zip,chip20380,Retrosplenial Cortex
2642.5,980.0,2024-02-02-T230000-chip20380_params_params_low_ISI_acqm.zip,chip20380,Retrosplenial Cortex
2730.0,1190.0,2024-02-02-T230000-chip20380_params_params_low_ISI_acqm.zip,chip20380,Retrosplenial Cortex
1680.0,350.0,2024-02-02-T230000-chip20380_params_params_low_ISI_acqm.zip,chip20380,Unknown
2712.5,1242.5,2024-02-02-T230000-chip20380_params_params_low_ISI_acqm.zip,chip20380,Retrosplenial Cortex
2677.5,1277.5,2024-02-02-T230000-chip20380_params_params_low_ISI_acqm.zip,chip20380,Retrosplenial Cortex
2625.0,1207.5,2024-02-02-T230000-chip20380_params_params_low_ISI_acqm.zip,chip20380,Retrosplenial Cortex
2555.0,1120.0,2024-02-02-T230000-chip20380_params_params_low_ISI_acqm.zip,chip20380,Retrosplenial Cortex
2730.0,1155.0,2024-02-02-T230000-chip20380_params_params_low_ISI_acqm.zip,chip20380,Retrosplenial Cortex
2520.0,1260.0,2024-02-02-T230000-chip20380_params_params_low_ISI_acqm.zip,chip20380,Retrosplenial Cortex
2537.5,1260.0,2024-02-02-T230000-chip20380_params_params_low_ISI_acqm.zip,chip20380,Retrosplenial Cortex
2677.5,1120.0,2024-02-02-T230000-chip20380_params_params_low_ISI_acqm.zip,chip20380,Retrosplenial Cortex
2695.0,1242.5,2024-02-02-T230000-chip20380_params_params_low_ISI_acqm.zip,chip20380,Retrosplenial Cortex
2712.5,1172.5,2024-02-03-T000000-chip20380_params_params_low_ISI_acqm.zip,chip20380,Retrosplenial Cortex
2747.5,1260.0,2024-02-03-T000000-chip20380_params_params_low_ISI_acqm.zip,chip20380,Retrosplenial Cortex
2625.0,1190.0,2024-02-03-T000000-chip20380_params_params_low_ISI_acqm.zip,chip20380,Retrosplenial Cortex
752.5,1347.5,2024-02-03-T000000-chip20380_params_params_low_ISI_acqm.zip,chip20380,Septum
2695.0,1312.5,2024-02-03-T000000-chip20380_params_params_low_ISI_acqm.zip,chip20380,Retrosplenial Cortex
787.5,1417.5,2024-02-03-T000000-chip20380_params_params_low_ISI_acqm.zip,chip20380,Septum
752.5,1557.5,2024-02-03-T000000-chip20380_params_params_low_ISI_acqm.zip,chip20380,Septum
735.0,1400.0,2024-02-03-T000000-chip20380_params_params_low_ISI_acqm.zip,chip20380,Septum
787.5,1627.5,2024-02-03-T000000-chip20380_params_params_low_ISI_acqm.zip,chip20380,Septum
805.0,1365.0,2024-02-03-T000000-chip20380_params_params_low_ISI_acqm.zip,chip20380,Septum
2695.0,1207.5,2024-02-03-T000000-chip20380_params_params_low_ISI_acqm.zip,chip20380,Retrosplenial Cortex
2747.5,1330.0,2024-02-03-T000000-chip20380_params_params_low_ISI_acqm.zip,chip20380,Retrosplenial Cortex
2642.5,1190.0,2024-02-03-T000000-chip20380_params_params_low_ISI_acqm.zip,chip20380,Retrosplenial Cortex
2730.0,1242.5,2024-02-03-T000000-chip20380_params_params_low_ISI_acqm.zip,chip20380,Retrosplenial Cortex
2590.0,1067.5,2024-02-03-T000000-chip20380_params_params_low_ISI_acqm.zip,chip20380,Retrosplenial Cortex
2642.5,1242.5,2024-02-03-T000000-chip20380_params_params_low_ISI_acqm.zip,chip20380,Retrosplenial Cortex
787.5,1662.5,2024-02-03-T000000-chip20380_params_params_low_ISI_acqm.zip,chip20380,Septum
2660.0,1015.0,2024-02-03-T000000-chip20380_params_params_low_ISI_acqm.zip,chip20380,Retrosplenial Cortex
2660.0,1102.5,2024-02-03-T000000-chip20380_params_params_low_ISI_acqm.zip,chip20380,Retrosplenial Cortex
770.0,1627.5,2024-02-03-T000000-chip20380_params_params_low_ISI_acqm.zip,chip20380,Septum
2642.5,1102.5,2024-02-03-T000000-chip20380_params_params_low_ISI_acqm.zip,chip20380,Retrosplenial Cortex
2625.0,1190.0,2024-02-03-T000000-chip20380_params_params_low_ISI_acqm.zip,chip20380,Retrosplenial Cortex
490.0,87.5,2024-02-03-T000000-chip20380_params_params_low_ISI_acqm.zip,chip20380,Striatum
2537.5,1260.0,2024-02-03-T000000-chip20380_params_params_low_ISI_acqm.zip,chip20380,Retrosplenial Cortex
2677.5,1137.5,2024-02-03-T000000-chip20380_params_params_low_ISI_acqm.zip,chip20380,Retrosplenial Cortex
2677.5,1137.5,2024-02-03-T000000-chip20380_params_params_low_ISI_acqm.zip,chip20380,Retrosplenial Cortex
840.0,1540.0,2024-02-03-T000000-chip20380_params_params_low_ISI_acqm.zip,chip20380,Septum
2695.0,1102.5,2024-02-03-T000000-chip20380_params_params_low_ISI_acqm.zip,chip20380,Retrosplenial Cortex
2730.0,1155.0,2024-02-03-T000000-chip20380_params_params_low_ISI_acqm.zip,chip20380,Retrosplenial Cortex
2677.5,1225.0,2024-02-03-T000000-chip20380_params_params_low_ISI_acqm.zip,chip20380,Retrosplenial Cortex
2695.0,1137.5,2024-02-03-T000000-chip20380_params_params_low_ISI_acqm.zip,chip20380,Retrosplenial Cortex
2555.0,1120.0,2024-02-03-T000000-chip20380_params_params_low_ISI_acqm.zip,chip20380,Retrosplenial Cortex
2590.0,1732.5,2024-02-03-T000000-chip20380_params_params_low_ISI_acqm.zip,chip20380,Unknown
2695.0,1067.5,2024-02-03-T000000-chip20380_params_params_low_ISI_acqm.zip,chip20380,Retrosplenial Cortex
2765.0,1015.0,2024-02-03-T000000-chip20380_params_params_low_ISI_acqm.zip,chip20380,Unknown
787.5,1417.5,2024-02-03-T000000-chip20380_params_params_low_ISI_acqm.zip,chip20380,Septum
2520.0,1260.0,2024-02-03-T000000-chip20380_params_params_low_ISI_acqm.zip,chip20380,Retrosplenial Cortex
2747.5,1295.0,2024-02-03-T000000-chip20380_params_params_low_ISI_acqm.zip,chip20380,Retrosplenial Cortex
2642.5,980.0,2024-02-03-T000000-chip20380_params_params_low_ISI_acqm.zip,chip20380,Retrosplenial Cortex
2677.5,1155.0,2024-02-03-T000000-chip20380_params_params_low_ISI_acqm.zip,chip20380,Retrosplenial Cortex
2730.0,1190.0,2024-02-03-T000000-chip20380_params_params_low_ISI_acqm.zip,chip20380,Retrosplenial Cortex
2677.5,1225.0,2024-02-03-T000000-chip20380_params_params_low_ISI_acqm.zip,chip20380,Retrosplenial Cortex
1680.0,350.0,2024-02-03-T000000-chip20380_params_params_low_ISI_acqm.zip,chip20380,Unknown
2730.0,1242.5,2024-02-03-T000000-chip20380_params_params_low_ISI_acqm.zip,chip20380,Retrosplenial Cortex
2642.5,1242.5,2024-02-03-T000000-chip20380_params_params_low_ISI_acqm.zip,chip20380,Retrosplenial Cortex
2642.5,1015.0,2024-02-03-T000000-chip20380_params_params_low_ISI_acqm.zip,chip20380,Retrosplenial Cortex
2677.5,1067.5,2024-02-03-T000000-chip20380_params_params_low_ISI_acqm.zip,chip20380,Retrosplenial Cortex
2712.5,1242.5,2024-02-03-T000000-chip20380_params_params_low_ISI_acqm.zip,chip20380,Retrosplenial Cortex
2712.5,1242.5,2024-02-03-T000000-chip20380_params_params_low_ISI_acqm.zip,chip20380,Retrosplenial Cortex
805.0,1557.5,2024-02-03-T000000-chip20380_params_params_low_ISI_acqm.zip,chip20380,Septum
2695.0,1120.0,2024-02-03-T000000-chip20380_params_params_low_ISI_acqm.zip,chip20380,Retrosplenial Cortex
2730.0,1137.5,2024-02-03-T000000-chip20380_params_params_low_ISI_acqm.zip,chip20380,Retrosplenial Cortex
2712.5,1137.5,2024-02-03-T000000-chip20380_params_params_low_ISI_acqm.zip,chip20380,Retrosplenial Cortex
2695.0,1067.5,2024-02-03-T000000-chip20380_params_params_low_ISI_acqm.zip,chip20380,Retrosplenial Cortex
910.0,1487.5,2024-02-03-T000000-chip20380_params_params_low_ISI_acqm.zip,chip20380,Septum
2695.0,1032.5,2024-02-03-T000000-chip20380_params_params_low_ISI_acqm.zip,chip20380,Retrosplenial Cortex
2730.0,1242.5,2024-02-03-T000000-chip20380_params_params_low_ISI_acqm.zip,chip20380,Retrosplenial Cortex
2642.5,1015.0,2024-02-03-T000000-chip20380_params_params_low_ISI_acqm.zip,chip20380,Retrosplenial Cortex
2695.0,1032.5,2024-02-03-T000000-chip20380_params_params_low_ISI_acqm.zip,chip20380,Retrosplenial Cortex
2590.0,1120.0,2024-02-03-T000000-chip20380_params_params_low_ISI_acqm.zip,chip20380,Retrosplenial Cortex
2695.0,1067.5,2024-02-03-T000000-chip20380_params_params_low_ISI_acqm.zip,chip20380,Retrosplenial Cortex
2747.5,1260.0,2024-02-03-T010000-chip20380_params_params_low_ISI_acqm.zip,chip20380,Retrosplenial Cortex
2695.0,1032.5,2024-02-03-T010000-chip20380_params_params_low_ISI_acqm.zip,chip20380,Retrosplenial Cortex
857.5,1452.5,2024-02-03-T010000-chip20380_params_params_low_ISI_acqm.zip,chip20380,Septum
2625.0,1190.0,2024-02-03-T010000-chip20380_params_params_low_ISI_acqm.zip,chip20380,Retrosplenial Cortex
2660.0,1120.0,2024-02-03-T010000-chip20380_params_params_low_ISI_acqm.zip,chip20380,Retrosplenial Cortex
822.5,1347.5,2024-02-03-T010000-chip20380_params_params_low_ISI_acqm.zip,chip20380,Septum
2520.0,1207.5,2024-02-03-T010000-chip20380_params_params_low_ISI_acqm.zip,chip20380,Retrosplenial Cortex
752.5,1347.5,2024-02-03-T010000-chip20380_params_params_low_ISI_acqm.zip,chip20380,Septum
2467.5,980.0,2024-02-03-T010000-chip20380_params_params_low_ISI_acqm.zip,chip20380,Retrosplenial Cortex
402.5,140.0,2024-02-03-T010000-chip20380_params_params_low_ISI_acqm.zip,chip20380,Striatum
752.5,1557.5,2024-02-03-T010000-chip20380_params_params_low_ISI_acqm.zip,chip20380,Septum
735.0,1400.0,2024-02-03-T010000-chip20380_params_params_low_ISI_acqm.zip,chip20380,Septum
787.5,1627.5,2024-02-03-T010000-chip20380_params_params_low_ISI_acqm.zip,chip20380,Septum
805.0,1365.0,2024-02-03-T010000-chip20380_params_params_low_ISI_acqm.zip,chip20380,Septum
787.5,1417.5,2024-02-03-T010000-chip20380_params_params_low_ISI_acqm.zip,chip20380,Septum
2555.0,1102.5,2024-02-03-T010000-chip20380_params_params_low_ISI_acqm.zip,chip20380,Retrosplenial Cortex
2712.5,1295.0,2024-02-03-T010000-chip20380_params_params_low_ISI_acqm.zip,chip20380,Retrosplenial Cortex
2747.5,1330.0,2024-02-03-T010000-chip20380_params_params_low_ISI_acqm.zip,chip20380,Retrosplenial Cortex
2677.5,1155.0,2024-02-03-T010000-chip20380_params_params_low_ISI_acqm.zip,chip20380,Retrosplenial Cortex
2590.0,1067.5,2024-02-03-T010000-chip20380_params_params_low_ISI_acqm.zip,chip20380,Retrosplenial Cortex
2642.5,1242.5,2024-02-03-T010000-chip20380_params_params_low_ISI_acqm.zip,chip20380,Retrosplenial Cortex
2660.0,1295.0,2024-02-03-T010000-chip20380_params_params_low_ISI_acqm.zip,chip20380,Retrosplenial Cortex
787.5,1662.5,2024-02-03-T010000-chip20380_params_params_low_ISI_acqm.zip,chip20380,Septum
2642.5,1015.0,2024-02-03-T010000-chip20380_params_params_low_ISI_acqm.zip,chip20380,Retrosplenial Cortex
2660.0,1102.5,2024-02-03-T010000-chip20380_params_params_low_ISI_acqm.zip,chip20380,Retrosplenial Cortex
2660.0,1102.5,2024-02-03-T010000-chip20380_params_params_low_ISI_acqm.zip,chip20380,Retrosplenial Cortex
2677.5,1067.5,2024-02-03-T010000-chip20380_params_params_low_ISI_acqm.zip,chip20380,Retrosplenial Cortex
2712.5,1172.5,2024-02-03-T010000-chip20380_params_params_low_ISI_acqm.zip,chip20380,Retrosplenial Cortex
2747.5,1295.0,2024-02-03-T010000-chip20380_params_params_low_ISI_acqm.zip,chip20380,Retrosplenial Cortex
2712.5,1242.5,2024-02-03-T010000-chip20380_params_params_low_ISI_acqm.zip,chip20380,Retrosplenial Cortex
770.0,1627.5,2024-02-03-T010000-chip20380_params_params_low_ISI_acqm.zip,chip20380,Septum
2677.5,997.5,2024-02-03-T010000-chip20380_params_params_low_ISI_acqm.zip,chip20380,Retrosplenial Cortex
2642.5,1102.5,2024-02-03-T010000-chip20380_params_params_low_ISI_acqm.zip,chip20380,Retrosplenial Cortex
490.0,87.5,2024-02-03-T010000-chip20380_params_params_low_ISI_acqm.zip,chip20380,Striatum
2607.5,1207.5,2024-02-03-T010000-chip20380_params_params_low_ISI_acqm.zip,chip20380,Retrosplenial Cortex
2677.5,1137.5,2024-02-03-T010000-chip20380_params_params_low_ISI_acqm.zip,chip20380,Retrosplenial Cortex
2642.5,1015.0,2024-02-03-T010000-chip20380_params_params_low_ISI_acqm.zip,chip20380,Retrosplenial Cortex
840.0,1540.0,2024-02-03-T010000-chip20380_params_params_low_ISI_acqm.zip,chip20380,Septum
2695.0,1050.0,2024-02-03-T010000-chip20380_params_params_low_ISI_acqm.zip,chip20380,Retrosplenial Cortex
2695.0,1102.5,2024-02-03-T010000-chip20380_params_params_low_ISI_acqm.zip,chip20380,Retrosplenial Cortex
2730.0,1155.0,2024-02-03-T010000-chip20380_params_params_low_ISI_acqm.zip,chip20380,Retrosplenial Cortex
2677.5,1225.0,2024-02-03-T010000-chip20380_params_params_low_ISI_acqm.zip,chip20380,Retrosplenial Cortex
2677.5,1137.5,2024-02-03-T010000-chip20380_params_params_low_ISI_acqm.zip,chip20380,Retrosplenial Cortex
2695.0,1067.5,2024-02-03-T010000-chip20380_params_params_low_ISI_acqm.zip,chip20380,Retrosplenial Cortex
2695.0,1067.5,2024-02-03-T010000-chip20380_params_params_low_ISI_acqm.zip,chip20380,Retrosplenial Cortex
2765.0,1015.0,2024-02-03-T010000-chip20380_params_params_low_ISI_acqm.zip,chip20380,Unknown
927.5,1470.0,2024-02-03-T010000-chip20380_params_params_low_ISI_acqm.zip,chip20380,Septum
2607.5,1015.0,2024-02-03-T010000-chip20380_params_params_low_ISI_acqm.zip,chip20380,Retrosplenial Cortex
2590.0,1750.0,2024-02-03-T010000-chip20380_params_params_low_ISI_acqm.zip,chip20380,Unknown
2520.0,1260.0,2024-02-03-T010000-chip20380_params_params_low_ISI_acqm.zip,chip20380,Retrosplenial Cortex
2695.0,1085.0,2024-02-03-T010000-chip20380_params_params_low_ISI_acqm.zip,chip20380,Retrosplenial Cortex
2677.5,1015.0,2024-02-03-T010000-chip20380_params_params_low_ISI_acqm.zip,chip20380,Retrosplenial Cortex
2590.0,1120.0,2024-02-03-T010000-chip20380_params_params_low_ISI_acqm.zip,chip20380,Retrosplenial Cortex
2642.5,980.0,2024-02-03-T010000-chip20380_params_params_low_ISI_acqm.zip,chip20380,Retrosplenial Cortex
2712.5,1137.5,2024-02-03-T010000-chip20380_params_params_low_ISI_acqm.zip,chip20380,Retrosplenial Cortex
2712.5,1190.0,2024-02-03-T010000-chip20380_params_params_low_ISI_acqm.zip,chip20380,Retrosplenial Cortex
2677.5,1225.0,2024-02-03-T010000-chip20380_params_params_low_ISI_acqm.zip,chip20380,Retrosplenial Cortex
1680.0,350.0,2024-02-03-T010000-chip20380_params_params_low_ISI_acqm.zip,chip20380,Unknown
2555.0,1120.0,2024-02-03-T010000-chip20380_params_params_low_ISI_acqm.zip,chip20380,Retrosplenial Cortex
2695.0,1312.5,2024-02-03-T010000-chip20380_params_params_low_ISI_acqm.zip,chip20380,Retrosplenial Cortex
2660.0,1172.5,2024-02-03-T010000-chip20380_params_params_low_ISI_acqm.zip,chip20380,Retrosplenial Cortex
2642.5,1260.0,2024-02-03-T010000-chip20380_params_params_low_ISI_acqm.zip,chip20380,Retrosplenial Cortex
2660.0,1295.0,2024-02-03-T010000-chip20380_params_params_low_ISI_acqm.zip,chip20380,Retrosplenial Cortex
2677.5,1067.5,2024-02-03-T010000-chip20380_params_params_low_ISI_acqm.zip,chip20380,Retrosplenial Cortex
2625.0,1190.0,2024-02-03-T010000-chip20380_params_params_low_ISI_acqm.zip,chip20380,Retrosplenial Cortex
2695.0,1120.0,2024-02-03-T010000-chip20380_params_params_low_ISI_acqm.zip,chip20380,Retrosplenial Cortex
2537.5,1260.0,2024-02-03-T010000-chip20380_params_params_low_ISI_acqm.zip,chip20380,Retrosplenial Cortex
2730.0,1190.0,2024-02-03-T010000-chip20380_params_params_low_ISI_acqm.zip,chip20380,Retrosplenial Cortex
2695.0,1155.0,2024-02-03-T020000-chip20380_params_params_low_ISI_acqm.zip,chip20380,Retrosplenial Cortex
787.5,1417.5,2024-02-03-T020000-chip20380_params_params_low_ISI_acqm.zip,chip20380,Septum
2747.5,1260.0,2024-02-03-T020000-chip20380_params_params_low_ISI_acqm.zip,chip20380,Retrosplenial Cortex
2695.0,1032.5,2024-02-03-T020000-chip20380_params_params_low_ISI_acqm.zip,chip20380,Retrosplenial Cortex
927.5,1400.0,2024-02-03-T020000-chip20380_params_params_low_ISI_acqm.zip,chip20380,Septum
2625.0,1190.0,2024-02-03-T020000-chip20380_params_params_low_ISI_acqm.zip,chip20380,Retrosplenial Cortex
2520.0,1190.0,2024-02-03-T020000-chip20380_params_params_low_ISI_acqm.zip,chip20380,Retrosplenial Cortex
2747.5,1207.5,2024-02-03-T020000-chip20380_params_params_low_ISI_acqm.zip,chip20380,Retrosplenial Cortex
2642.5,1085.0,2024-02-03-T020000-chip20380_params_params_low_ISI_acqm.zip,chip20380,Retrosplenial Cortex
752.5,1347.5,2024-02-03-T020000-chip20380_params_params_low_ISI_acqm.zip,chip20380,Septum
752.5,1557.5,2024-02-03-T020000-chip20380_params_params_low_ISI_acqm.zip,chip20380,Septum
735.0,1400.0,2024-02-03-T020000-chip20380_params_params_low_ISI_acqm.zip,chip20380,Septum
787.5,1417.5,2024-02-03-T020000-chip20380_params_params_low_ISI_acqm.zip,chip20380,Septum
2747.5,1050.0,2024-02-03-T020000-chip20380_params_params_low_ISI_acqm.zip,chip20380,Retrosplenial Cortex
787.5,1627.5,2024-02-03-T020000-chip20380_params_params_low_ISI_acqm.zip,chip20380,Septum
805.0,1365.0,2024-02-03-T020000-chip20380_params_params_low_ISI_acqm.zip,chip20380,Septum
2537.5,1260.0,2024-02-03-T020000-chip20380_params_params_low_ISI_acqm.zip,chip20380,Retrosplenial Cortex
2642.5,1190.0,2024-02-03-T020000-chip20380_params_params_low_ISI_acqm.zip,chip20380,Retrosplenial Cortex
2660.0,1172.5,2024-02-03-T020000-chip20380_params_params_low_ISI_acqm.zip,chip20380,Retrosplenial Cortex
2695.0,1172.5,2024-02-03-T020000-chip20380_params_params_low_ISI_acqm.zip,chip20380,Retrosplenial Cortex
402.5,140.0,2024-02-03-T020000-chip20380_params_params_low_ISI_acqm.zip,chip20380,Striatum
2642.5,1190.0,2024-02-03-T020000-chip20380_params_params_low_ISI_acqm.zip,chip20380,Retrosplenial Cortex
2590.0,1067.5,2024-02-03-T020000-chip20380_params_params_low_ISI_acqm.zip,chip20380,Retrosplenial Cortex
787.5,1662.5,2024-02-03-T020000-chip20380_params_params_low_ISI_acqm.zip,chip20380,Septum
2642.5,1015.0,2024-02-03-T020000-chip20380_params_params_low_ISI_acqm.zip,chip20380,Retrosplenial Cortex
2660.0,1102.5,2024-02-03-T020000-chip20380_params_params_low_ISI_acqm.zip,chip20380,Retrosplenial Cortex
2677.5,1067.5,2024-02-03-T020000-chip20380_params_params_low_ISI_acqm.zip,chip20380,Retrosplenial Cortex
2747.5,1295.0,2024-02-03-T020000-chip20380_params_params_low_ISI_acqm.zip,chip20380,Retrosplenial Cortex
2712.5,1242.5,2024-02-03-T020000-chip20380_params_params_low_ISI_acqm.zip,chip20380,Retrosplenial Cortex
770.0,1627.5,2024-02-03-T020000-chip20380_params_params_low_ISI_acqm.zip,chip20380,Septum
2642.5,1102.5,2024-02-03-T020000-chip20380_params_params_low_ISI_acqm.zip,chip20380,Retrosplenial Cortex
490.0,87.5,2024-02-03-T020000-chip20380_params_params_low_ISI_acqm.zip,chip20380,Striatum
2677.5,1137.5,2024-02-03-T020000-chip20380_params_params_low_ISI_acqm.zip,chip20380,Retrosplenial Cortex
840.0,1540.0,2024-02-03-T020000-chip20380_params_params_low_ISI_acqm.zip,chip20380,Septum
2695.0,1120.0,2024-02-03-T020000-chip20380_params_params_low_ISI_acqm.zip,chip20380,Retrosplenial Cortex
2730.0,1137.5,2024-02-03-T020000-chip20380_params_params_low_ISI_acqm.zip,chip20380,Retrosplenial Cortex
2677.5,1225.0,2024-02-03-T020000-chip20380_params_params_low_ISI_acqm.zip,chip20380,Retrosplenial Cortex
735.0,1312.5,2024-02-03-T020000-chip20380_params_params_low_ISI_acqm.zip,chip20380,Septum
2712.5,1120.0,2024-02-03-T020000-chip20380_params_params_low_ISI_acqm.zip,chip20380,Retrosplenial Cortex
2695.0,1067.5,2024-02-03-T020000-chip20380_params_params_low_ISI_acqm.zip,chip20380,Retrosplenial Cortex
910.0,1487.5,2024-02-03-T020000-chip20380_params_params_low_ISI_acqm.zip,chip20380,Septum
2590.0,1732.5,2024-02-03-T020000-chip20380_params_params_low_ISI_acqm.zip,chip20380,Unknown
2520.0,1260.0,2024-02-03-T020000-chip20380_params_params_low_ISI_acqm.zip,chip20380,Retrosplenial Cortex
2695.0,1085.0,2024-02-03-T020000-chip20380_params_params_low_ISI_acqm.zip,chip20380,Retrosplenial Cortex
2695.0,1032.5,2024-02-03-T020000-chip20380_params_params_low_ISI_acqm.zip,chip20380,Retrosplenial Cortex
2590.0,1120.0,2024-02-03-T020000-chip20380_params_params_low_ISI_acqm.zip,chip20380,Retrosplenial Cortex
2590.0,1260.0,2024-02-03-T020000-chip20380_params_params_low_ISI_acqm.zip,chip20380,Retrosplenial Cortex
2660.0,1155.0,2024-02-03-T020000-chip20380_params_params_low_ISI_acqm.zip,chip20380,Retrosplenial Cortex
2677.5,1225.0,2024-02-03-T020000-chip20380_params_params_low_ISI_acqm.zip,chip20380,Retrosplenial Cortex
1680.0,350.0,2024-02-03-T020000-chip20380_params_params_low_ISI_acqm.zip,chip20380,Unknown
2660.0,1172.5,2024-02-03-T020000-chip20380_params_params_low_ISI_acqm.zip,chip20380,Retrosplenial Cortex
805.0,1557.5,2024-02-03-T020000-chip20380_params_params_low_ISI_acqm.zip,chip20380,Septum
2642.5,1015.0,2024-02-03-T020000-chip20380_params_params_low_ISI_acqm.zip,chip20380,Retrosplenial Cortex
2677.5,1102.5,2024-02-03-T020000-chip20380_params_params_low_ISI_acqm.zip,chip20380,Retrosplenial Cortex
2712.5,1242.5,2024-02-03-T020000-chip20380_params_params_low_ISI_acqm.zip,chip20380,Retrosplenial Cortex
2730.0,1155.0,2024-02-03-T020000-chip20380_params_params_low_ISI_acqm.zip,chip20380,Retrosplenial Cortex
2730.0,1155.0,2024-02-03-T020000-chip20380_params_params_low_ISI_acqm.zip,chip20380,Retrosplenial Cortex
2747.5,1137.5,2024-02-03-T020000-chip20380_params_params_low_ISI_acqm.zip,chip20380,Retrosplenial Cortex
2695.0,1137.5,2024-02-03-T020000-chip20380_params_params_low_ISI_acqm.zip,chip20380,Retrosplenial Cortex
2695.0,1085.0,2024-02-03-T020000-chip20380_params_params_low_ISI_acqm.zip,chip20380,Retrosplenial Cortex
2695.0,1050.0,2024-02-03-T020000-chip20380_params_params_low_ISI_acqm.zip,chip20380,Retrosplenial Cortex
2677.5,1172.5,2024-02-03-T020000-chip20380_params_params_low_ISI_acqm.zip,chip20380,Retrosplenial Cortex
2747.5,1137.5,2024-02-03-T020000-chip20380_params_params_low_ISI_acqm.zip,chip20380,Retrosplenial Cortex
857.5,1452.5,2024-02-03-T030000-chip20380_params_params_low_ISI_acqm.zip,chip20380,Septum
2747.5,1260.0,2024-02-03-T030000-chip20380_params_params_low_ISI_acqm.zip,chip20380,Retrosplenial Cortex
2660.0,1225.0,2024-02-03-T030000-chip20380_params_params_low_ISI_acqm.zip,chip20380,Retrosplenial Cortex
2520.0,1190.0,2024-02-03-T030000-chip20380_params_params_low_ISI_acqm.zip,chip20380,Retrosplenial Cortex
2660.0,1067.5,2024-02-03-T030000-chip20380_params_params_low_ISI_acqm.zip,chip20380,Retrosplenial Cortex
752.5,1347.5,2024-02-03-T030000-chip20380_params_params_low_ISI_acqm.zip,chip20380,Septum
752.5,1557.5,2024-02-03-T030000-chip20380_params_params_low_ISI_acqm.zip,chip20380,Septum
2747.5,1295.0,2024-02-03-T030000-chip20380_params_params_low_ISI_acqm.zip,chip20380,Retrosplenial Cortex
735.0,1400.0,2024-02-03-T030000-chip20380_params_params_low_ISI_acqm.zip,chip20380,Septum
787.5,1417.5,2024-02-03-T030000-chip20380_params_params_low_ISI_acqm.zip,chip20380,Septum
787.5,1627.5,2024-02-03-T030000-chip20380_params_params_low_ISI_acqm.zip,chip20380,Septum
805.0,1365.0,2024-02-03-T030000-chip20380_params_params_low_ISI_acqm.zip,chip20380,Septum
2695.0,1330.0,2024-02-03-T030000-chip20380_params_params_low_ISI_acqm.zip,chip20380,Retrosplenial Cortex
2660.0,1172.5,2024-02-03-T030000-chip20380_params_params_low_ISI_acqm.zip,chip20380,Retrosplenial Cortex
2607.5,1085.0,2024-02-03-T030000-chip20380_params_params_low_ISI_acqm.zip,chip20380,Retrosplenial Cortex
2747.5,1330.0,2024-02-03-T030000-chip20380_params_params_low_ISI_acqm.zip,chip20380,Retrosplenial Cortex
2677.5,1155.0,2024-02-03-T030000-chip20380_params_params_low_ISI_acqm.zip,chip20380,Retrosplenial Cortex
402.5,140.0,2024-02-03-T030000-chip20380_params_params_low_ISI_acqm.zip,chip20380,Striatum
2642.5,1190.0,2024-02-03-T030000-chip20380_params_params_low_ISI_acqm.zip,chip20380,Retrosplenial Cortex
2590.0,1067.5,2024-02-03-T030000-chip20380_params_params_low_ISI_acqm.zip,chip20380,Retrosplenial Cortex
2642.5,1242.5,2024-02-03-T030000-chip20380_params_params_low_ISI_acqm.zip,chip20380,Retrosplenial Cortex
857.5,1435.0,2024-02-03-T030000-chip20380_params_params_low_ISI_acqm.zip,chip20380,Septum
787.5,1645.0,2024-02-03-T030000-chip20380_params_params_low_ISI_acqm.zip,chip20380,Septum
2590.0,997.5,2024-02-03-T030000-chip20380_params_params_low_ISI_acqm.zip,chip20380,Retrosplenial Cortex
2642.5,1015.0,2024-02-03-T030000-chip20380_params_params_low_ISI_acqm.zip,chip20380,Retrosplenial Cortex
2660.0,1102.5,2024-02-03-T030000-chip20380_params_params_low_ISI_acqm.zip,chip20380,Retrosplenial Cortex
2677.5,997.5,2024-02-03-T030000-chip20380_params_params_low_ISI_acqm.zip,chip20380,Retrosplenial Cortex
2747.5,1155.0,2024-02-03-T030000-chip20380_params_params_low_ISI_acqm.zip,chip20380,Retrosplenial Cortex
2712.5,1242.5,2024-02-03-T030000-chip20380_params_params_low_ISI_acqm.zip,chip20380,Retrosplenial Cortex
770.0,1627.5,2024-02-03-T030000-chip20380_params_params_low_ISI_acqm.zip,chip20380,Septum
2642.5,1102.5,2024-02-03-T030000-chip20380_params_params_low_ISI_acqm.zip,chip20380,Retrosplenial Cortex
2642.5,1190.0,2024-02-03-T030000-chip20380_params_params_low_ISI_acqm.zip,chip20380,Retrosplenial Cortex
490.0,87.5,2024-02-03-T030000-chip20380_params_params_low_ISI_acqm.zip,chip20380,Striatum
2537.5,1260.0,2024-02-03-T030000-chip20380_params_params_low_ISI_acqm.zip,chip20380,Retrosplenial Cortex
2677.5,1137.5,2024-02-03-T030000-chip20380_params_params_low_ISI_acqm.zip,chip20380,Retrosplenial Cortex
2695.0,1190.0,2024-02-03-T030000-chip20380_params_params_low_ISI_acqm.zip,chip20380,Retrosplenial Cortex
840.0,1540.0,2024-02-03-T030000-chip20380_params_params_low_ISI_acqm.zip,chip20380,Septum
2695.0,1120.0,2024-02-03-T030000-chip20380_params_params_low_ISI_acqm.zip,chip20380,Retrosplenial Cortex
2712.5,1120.0,2024-02-03-T030000-chip20380_params_params_low_ISI_acqm.zip,chip20380,Retrosplenial Cortex
2695.0,1067.5,2024-02-03-T030000-chip20380_params_params_low_ISI_acqm.zip,chip20380,Retrosplenial Cortex
2712.5,1067.5,2024-02-03-T030000-chip20380_params_params_low_ISI_acqm.zip,chip20380,Retrosplenial Cortex
2590.0,1732.5,2024-02-03-T030000-chip20380_params_params_low_ISI_acqm.zip,chip20380,Unknown
2520.0,1260.0,2024-02-03-T030000-chip20380_params_params_low_ISI_acqm.zip,chip20380,Retrosplenial Cortex
2695.0,1085.0,2024-02-03-T030000-chip20380_params_params_low_ISI_acqm.zip,chip20380,Retrosplenial Cortex
2677.5,1085.0,2024-02-03-T030000-chip20380_params_params_low_ISI_acqm.zip,chip20380,Retrosplenial Cortex
2660.0,1137.5,2024-02-03-T030000-chip20380_params_params_low_ISI_acqm.zip,chip20380,Retrosplenial Cortex
2590.0,1120.0,2024-02-03-T030000-chip20380_params_params_low_ISI_acqm.zip,chip20380,Retrosplenial Cortex
2642.5,980.0,2024-02-03-T030000-chip20380_params_params_low_ISI_acqm.zip,chip20380,Retrosplenial Cortex
2730.0,1190.0,2024-02-03-T030000-chip20380_params_params_low_ISI_acqm.zip,chip20380,Retrosplenial Cortex
2677.5,1225.0,2024-02-03-T030000-chip20380_params_params_low_ISI_acqm.zip,chip20380,Retrosplenial Cortex
1680.0,350.0,2024-02-03-T030000-chip20380_params_params_low_ISI_acqm.zip,chip20380,Unknown
2712.5,1347.5,2024-02-03-T030000-chip20380_params_params_low_ISI_acqm.zip,chip20380,Retrosplenial Cortex
2695.0,1032.5,2024-02-03-T030000-chip20380_params_params_low_ISI_acqm.zip,chip20380,Retrosplenial Cortex
2660.0,1172.5,2024-02-03-T030000-chip20380_params_params_low_ISI_acqm.zip,chip20380,Retrosplenial Cortex
2642.5,1242.5,2024-02-03-T030000-chip20380_params_params_low_ISI_acqm.zip,chip20380,Retrosplenial Cortex
2677.5,1067.5,2024-02-03-T030000-chip20380_params_params_low_ISI_acqm.zip,chip20380,Retrosplenial Cortex
2712.5,1137.5,2024-02-03-T030000-chip20380_params_params_low_ISI_acqm.zip,chip20380,Retrosplenial Cortex
2537.5,1277.5,2024-02-03-T030000-chip20380_params_params_low_ISI_acqm.zip,chip20380,Retrosplenial Cortex
2590.0,1260.0,2024-02-03-T030000-chip20380_params_params_low_ISI_acqm.zip,chip20380,Retrosplenial Cortex
2695.0,1120.0,2024-02-03-T030000-chip20380_params_params_low_ISI_acqm.zip,chip20380,Retrosplenial Cortex
2695.0,1067.5,2024-02-03-T030000-chip20380_params_params_low_ISI_acqm.zip,chip20380,Retrosplenial Cortex
2712.5,1137.5,2024-02-03-T040000-chip20380_params_params_low_ISI_acqm.zip,chip20380,Retrosplenial Cortex
2747.5,1260.0,2024-02-03-T040000-chip20380_params_params_low_ISI_acqm.zip,chip20380,Retrosplenial Cortex
857.5,1435.0,2024-02-03-T040000-chip20380_params_params_low_ISI_acqm.zip,chip20380,Septum
2607.5,1190.0,2024-02-03-T040000-chip20380_params_params_low_ISI_acqm.zip,chip20380,Retrosplenial Cortex
2520.0,1207.5,2024-02-03-T040000-chip20380_params_params_low_ISI_acqm.zip,chip20380,Retrosplenial Cortex
2642.5,1102.5,2024-02-03-T040000-chip20380_params_params_low_ISI_acqm.zip,chip20380,Retrosplenial Cortex
752.5,1347.5,2024-02-03-T040000-chip20380_params_params_low_ISI_acqm.zip,chip20380,Septum
402.5,140.0,2024-02-03-T040000-chip20380_params_params_low_ISI_acqm.zip,chip20380,Striatum
752.5,1540.0,2024-02-03-T040000-chip20380_params_params_low_ISI_acqm.zip,chip20380,Septum
735.0,1400.0,2024-02-03-T040000-chip20380_params_params_low_ISI_acqm.zip,chip20380,Septum
752.5,1382.5,2024-02-03-T040000-chip20380_params_params_low_ISI_acqm.zip,chip20380,Septum
2730.0,1295.0,2024-02-03-T040000-chip20380_params_params_low_ISI_acqm.zip,chip20380,Retrosplenial Cortex
787.5,1627.5,2024-02-03-T040000-chip20380_params_params_low_ISI_acqm.zip,chip20380,Septum
805.0,1365.0,2024-02-03-T040000-chip20380_params_params_low_ISI_acqm.zip,chip20380,Septum
2660.0,1242.5,2024-02-03-T040000-chip20380_params_params_low_ISI_acqm.zip,chip20380,Retrosplenial Cortex
2747.5,1330.0,2024-02-03-T040000-chip20380_params_params_low_ISI_acqm.zip,chip20380,Retrosplenial Cortex
2677.5,1155.0,2024-02-03-T040000-chip20380_params_params_low_ISI_acqm.zip,chip20380,Retrosplenial Cortex
892.5,1522.5,2024-02-03-T040000-chip20380_params_params_low_ISI_acqm.zip,chip20380,Septum
2642.5,1242.5,2024-02-03-T040000-chip20380_params_params_low_ISI_acqm.zip,chip20380,Retrosplenial Cortex
2590.0,1067.5,2024-02-03-T040000-chip20380_params_params_low_ISI_acqm.zip,chip20380,Retrosplenial Cortex
2590.0,1277.5,2024-02-03-T040000-chip20380_params_params_low_ISI_acqm.zip,chip20380,Retrosplenial Cortex
2660.0,1155.0,2024-02-03-T040000-chip20380_params_params_low_ISI_acqm.zip,chip20380,Retrosplenial Cortex
787.5,1645.0,2024-02-03-T040000-chip20380_params_params_low_ISI_acqm.zip,chip20380,Septum
2590.0,997.5,2024-02-03-T040000-chip20380_params_params_low_ISI_acqm.zip,chip20380,Retrosplenial Cortex
2660.0,1032.5,2024-02-03-T040000-chip20380_params_params_low_ISI_acqm.zip,chip20380,Retrosplenial Cortex
2695.0,997.5,2024-02-03-T040000-chip20380_params_params_low_ISI_acqm.zip,chip20380,Retrosplenial Cortex
2747.5,1295.0,2024-02-03-T040000-chip20380_params_params_low_ISI_acqm.zip,chip20380,Retrosplenial Cortex
2712.5,1242.5,2024-02-03-T040000-chip20380_params_params_low_ISI_acqm.zip,chip20380,Retrosplenial Cortex
770.0,1627.5,2024-02-03-T040000-chip20380_params_params_low_ISI_acqm.zip,chip20380,Septum
2712.5,1277.5,2024-02-03-T040000-chip20380_params_params_low_ISI_acqm.zip,chip20380,Retrosplenial Cortex
2660.0,1085.0,2024-02-03-T040000-chip20380_params_params_low_ISI_acqm.zip,chip20380,Retrosplenial Cortex
2677.5,1137.5,2024-02-03-T040000-chip20380_params_params_low_ISI_acqm.zip,chip20380,Retrosplenial Cortex
2677.5,1137.5,2024-02-03-T040000-chip20380_params_params_low_ISI_acqm.zip,chip20380,Retrosplenial Cortex
840.0,1540.0,2024-02-03-T040000-chip20380_params_params_low_ISI_acqm.zip,chip20380,Septum
2695.0,1120.0,2024-02-03-T040000-chip20380_params_params_low_ISI_acqm.zip,chip20380,Retrosplenial Cortex
2695.0,1225.0,2024-02-03-T040000-chip20380_params_params_low_ISI_acqm.zip,chip20380,Retrosplenial Cortex
840.0,1382.5,2024-02-03-T040000-chip20380_params_params_low_ISI_acqm.zip,chip20380,Septum
2695.0,1120.0,2024-02-03-T040000-chip20380_params_params_low_ISI_acqm.zip,chip20380,Retrosplenial Cortex
2607.5,1172.5,2024-02-03-T040000-chip20380_params_params_low_ISI_acqm.zip,chip20380,Retrosplenial Cortex
2695.0,1067.5,2024-02-03-T040000-chip20380_params_params_low_ISI_acqm.zip,chip20380,Retrosplenial Cortex
875.0,1522.5,2024-02-03-T040000-chip20380_params_params_low_ISI_acqm.zip,chip20380,Septum
787.5,1627.5,2024-02-03-T040000-chip20380_params_params_low_ISI_acqm.zip,chip20380,Septum
787.5,1417.5,2024-02-03-T040000-chip20380_params_params_low_ISI_acqm.zip,chip20380,Septum
2590.0,1732.5,2024-02-03-T040000-chip20380_params_params_low_ISI_acqm.zip,chip20380,Unknown
2695.0,1085.0,2024-02-03-T040000-chip20380_params_params_low_ISI_acqm.zip,chip20380,Retrosplenial Cortex
2695.0,1102.5,2024-02-03-T040000-chip20380_params_params_low_ISI_acqm.zip,chip20380,Retrosplenial Cortex
2590.0,1260.0,2024-02-03-T040000-chip20380_params_params_low_ISI_acqm.zip,chip20380,Retrosplenial Cortex
2695.0,1032.5,2024-02-03-T040000-chip20380_params_params_low_ISI_acqm.zip,chip20380,Retrosplenial Cortex
2695.0,1032.5,2024-02-03-T040000-chip20380_params_params_low_ISI_acqm.zip,chip20380,Retrosplenial Cortex
2590.0,1120.0,2024-02-03-T040000-chip20380_params_params_low_ISI_acqm.zip,chip20380,Retrosplenial Cortex
2642.5,980.0,2024-02-03-T040000-chip20380_params_params_low_ISI_acqm.zip,chip20380,Retrosplenial Cortex
2642.5,1190.0,2024-02-03-T040000-chip20380_params_params_low_ISI_acqm.zip,chip20380,Retrosplenial Cortex
2677.5,1312.5,2024-02-03-T040000-chip20380_params_params_low_ISI_acqm.zip,chip20380,Retrosplenial Cortex
1680.0,350.0,2024-02-03-T040000-chip20380_params_params_low_ISI_acqm.zip,chip20380,Unknown
2712.5,1120.0,2024-02-03-T040000-chip20380_params_params_low_ISI_acqm.zip,chip20380,Retrosplenial Cortex
2607.5,1190.0,2024-02-03-T040000-chip20380_params_params_low_ISI_acqm.zip,chip20380,Retrosplenial Cortex
2520.0,1260.0,2024-02-03-T040000-chip20380_params_params_low_ISI_acqm.zip,chip20380,Retrosplenial Cortex
2537.5,1260.0,2024-02-03-T040000-chip20380_params_params_low_ISI_acqm.zip,chip20380,Retrosplenial Cortex
2660.0,1155.0,2024-02-03-T040000-chip20380_params_params_low_ISI_acqm.zip,chip20380,Retrosplenial Cortex
2642.5,1015.0,2024-02-03-T040000-chip20380_params_params_low_ISI_acqm.zip,chip20380,Retrosplenial Cortex
2712.5,1242.5,2024-02-03-T040000-chip20380_params_params_low_ISI_acqm.zip,chip20380,Retrosplenial Cortex
2695.0,1260.0,2024-02-03-T040000-chip20380_params_params_low_ISI_acqm.zip,chip20380,Retrosplenial Cortex
2555.0,1102.5,2024-02-03-T040000-chip20380_params_params_low_ISI_acqm.zip,chip20380,Retrosplenial Cortex
2695.0,1190.0,2024-02-03-T040000-chip20380_params_params_low_ISI_acqm.zip,chip20380,Retrosplenial Cortex
2712.5,1120.0,2024-02-03-T040000-chip20380_params_params_low_ISI_acqm.zip,chip20380,Retrosplenial Cortex
2712.5,1120.0,2024-02-03-T040000-chip20380_params_params_low_ISI_acqm.zip,chip20380,Retrosplenial Cortex
910.0,1487.5,2024-02-03-T040000-chip20380_params_params_low_ISI_acqm.zip,chip20380,Septum
2607.5,1015.0,2024-02-03-T040000-chip20380_params_params_low_ISI_acqm.zip,chip20380,Retrosplenial Cortex
2607.5,1242.5,2024-02-03-T040000-chip20380_params_params_low_ISI_acqm.zip,chip20380,Retrosplenial Cortex
927.5,1400.0,2024-02-03-T040000-chip20380_params_params_low_ISI_acqm.zip,chip20380,Septum
2660.0,1137.5,2024-02-03-T050000-chip20380_params_params_low_ISI_acqm.zip,chip20380,Retrosplenial Cortex
2747.5,1260.0,2024-02-03-T050000-chip20380_params_params_low_ISI_acqm.zip,chip20380,Retrosplenial Cortex
840.0,1382.5,2024-02-03-T050000-chip20380_params_params_low_ISI_acqm.zip,chip20380,Septum
2607.5,1190.0,2024-02-03-T050000-chip20380_params_params_low_ISI_acqm.zip,chip20380,Retrosplenial Cortex
822.5,1347.5,2024-02-03-T050000-chip20380_params_params_low_ISI_acqm.zip,chip20380,Septum
2520.0,1207.5,2024-02-03-T050000-chip20380_params_params_low_ISI_acqm.zip,chip20380,Retrosplenial Cortex
2642.5,1102.5,2024-02-03-T050000-chip20380_params_params_low_ISI_acqm.zip,chip20380,Retrosplenial Cortex
752.5,1330.0,2024-02-03-T050000-chip20380_params_params_low_ISI_acqm.zip,chip20380,Septum
2695.0,1312.5,2024-02-03-T050000-chip20380_params_params_low_ISI_acqm.zip,chip20380,Retrosplenial Cortex
2467.5,980.0,2024-02-03-T050000-chip20380_params_params_low_ISI_acqm.zip,chip20380,Retrosplenial Cortex
402.5,140.0,2024-02-03-T050000-chip20380_params_params_low_ISI_acqm.zip,chip20380,Striatum
735.0,1400.0,2024-02-03-T050000-chip20380_params_params_low_ISI_acqm.zip,chip20380,Septum
787.5,1417.5,2024-02-03-T050000-chip20380_params_params_low_ISI_acqm.zip,chip20380,Septum
2765.0,1015.0,2024-02-03-T050000-chip20380_params_params_low_ISI_acqm.zip,chip20380,Unknown
787.5,1627.5,2024-02-03-T050000-chip20380_params_params_low_ISI_acqm.zip,chip20380,Septum
805.0,1365.0,2024-02-03-T050000-chip20380_params_params_low_ISI_acqm.zip,chip20380,Septum
2555.0,1102.5,2024-02-03-T050000-chip20380_params_params_low_ISI_acqm.zip,chip20380,Retrosplenial Cortex
2660.0,1172.5,2024-02-03-T050000-chip20380_params_params_low_ISI_acqm.zip,chip20380,Retrosplenial Cortex
2625.0,1032.5,2024-02-03-T050000-chip20380_params_params_low_ISI_acqm.zip,chip20380,Retrosplenial Cortex
752.5,1540.0,2024-02-03-T050000-chip20380_params_params_low_ISI_acqm.zip,chip20380,Septum
840.0,1540.0,2024-02-03-T050000-chip20380_params_params_low_ISI_acqm.zip,chip20380,Septum
2590.0,1085.0,2024-02-03-T050000-chip20380_params_params_low_ISI_acqm.zip,chip20380,Retrosplenial Cortex
2677.5,1155.0,2024-02-03-T050000-chip20380_params_params_low_ISI_acqm.zip,chip20380,Retrosplenial Cortex
2642.5,1190.0,2024-02-03-T050000-chip20380_params_params_low_ISI_acqm.zip,chip20380,Retrosplenial Cortex
2590.0,1067.5,2024-02-03-T050000-chip20380_params_params_low_ISI_acqm.zip,chip20380,Retrosplenial Cortex
2642.5,1242.5,2024-02-03-T050000-chip20380_params_params_low_ISI_acqm.zip,chip20380,Retrosplenial Cortex
2660.0,1155.0,2024-02-03-T050000-chip20380_params_params_low_ISI_acqm.zip,chip20380,Retrosplenial Cortex
857.5,1435.0,2024-02-03-T050000-chip20380_params_params_low_ISI_acqm.zip,chip20380,Septum
787.5,1662.5,2024-02-03-T050000-chip20380_params_params_low_ISI_acqm.zip,chip20380,Septum
2590.0,997.5,2024-02-03-T050000-chip20380_params_params_low_ISI_acqm.zip,chip20380,Retrosplenial Cortex
2607.5,1242.5,2024-02-03-T050000-chip20380_params_params_low_ISI_acqm.zip,chip20380,Retrosplenial Cortex
2677.5,1067.5,2024-02-03-T050000-chip20380_params_params_low_ISI_acqm.zip,chip20380,Retrosplenial Cortex
2747.5,1295.0,2024-02-03-T050000-chip20380_params_params_low_ISI_acqm.zip,chip20380,Retrosplenial Cortex
2712.5,1242.5,2024-02-03-T050000-chip20380_params_params_low_ISI_acqm.zip,chip20380,Retrosplenial Cortex
770.0,1627.5,2024-02-03-T050000-chip20380_params_params_low_ISI_acqm.zip,chip20380,Septum
2677.5,1295.0,2024-02-03-T050000-chip20380_params_params_low_ISI_acqm.zip,chip20380,Retrosplenial Cortex
892.5,1522.5,2024-02-03-T050000-chip20380_params_params_low_ISI_acqm.zip,chip20380,Septum
2660.0,1085.0,2024-02-03-T050000-chip20380_params_params_low_ISI_acqm.zip,chip20380,Retrosplenial Cortex
2677.5,1137.5,2024-02-03-T050000-chip20380_params_params_low_ISI_acqm.zip,chip20380,Retrosplenial Cortex
2660.0,1032.5,2024-02-03-T050000-chip20380_params_params_low_ISI_acqm.zip,chip20380,Retrosplenial Cortex
2695.0,1120.0,2024-02-03-T050000-chip20380_params_params_low_ISI_acqm.zip,chip20380,Retrosplenial Cortex
2730.0,1155.0,2024-02-03-T050000-chip20380_params_params_low_ISI_acqm.zip,chip20380,Retrosplenial Cortex
2677.5,1225.0,2024-02-03-T050000-chip20380_params_params_low_ISI_acqm.zip,chip20380,Retrosplenial Cortex
2695.0,1120.0,2024-02-03-T050000-chip20380_params_params_low_ISI_acqm.zip,chip20380,Retrosplenial Cortex
2712.5,1155.0,2024-02-03-T050000-chip20380_params_params_low_ISI_acqm.zip,chip20380,Retrosplenial Cortex
910.0,1487.5,2024-02-03-T050000-chip20380_params_params_low_ISI_acqm.zip,chip20380,Septum
2590.0,1750.0,2024-02-03-T050000-chip20380_params_params_low_ISI_acqm.zip,chip20380,Unknown
2520.0,1260.0,2024-02-03-T050000-chip20380_params_params_low_ISI_acqm.zip,chip20380,Retrosplenial Cortex
2695.0,1085.0,2024-02-03-T050000-chip20380_params_params_low_ISI_acqm.zip,chip20380,Retrosplenial Cortex
2695.0,1032.5,2024-02-03-T050000-chip20380_params_params_low_ISI_acqm.zip,chip20380,Retrosplenial Cortex
2607.5,1032.5,2024-02-03-T050000-chip20380_params_params_low_ISI_acqm.zip,chip20380,Retrosplenial Cortex
2642.5,980.0,2024-02-03-T050000-chip20380_params_params_low_ISI_acqm.zip,chip20380,Retrosplenial Cortex
2677.5,1312.5,2024-02-03-T050000-chip20380_params_params_low_ISI_acqm.zip,chip20380,Retrosplenial Cortex
2677.5,997.5,2024-02-03-T050000-chip20380_params_params_low_ISI_acqm.zip,chip20380,Retrosplenial Cortex
1680.0,350.0,2024-02-03-T050000-chip20380_params_params_low_ISI_acqm.zip,chip20380,Unknown
1680.0,350.0,2024-02-03-T050000-chip20380_params_params_low_ISI_acqm.zip,chip20380,Unknown
2712.5,1330.0,2024-02-03-T050000-chip20380_params_params_low_ISI_acqm.zip,chip20380,Retrosplenial Cortex
2712.5,1295.0,2024-02-03-T050000-chip20380_params_params_low_ISI_acqm.zip,chip20380,Retrosplenial Cortex
2625.0,1190.0,2024-02-03-T050000-chip20380_params_params_low_ISI_acqm.zip,chip20380,Retrosplenial Cortex
2642.5,1295.0,2024-02-03-T050000-chip20380_params_params_low_ISI_acqm.zip,chip20380,Retrosplenial Cortex
2537.5,1260.0,2024-02-03-T050000-chip20380_params_params_low_ISI_acqm.zip,chip20380,Retrosplenial Cortex
2747.5,1330.0,2024-02-03-T050000-chip20380_params_params_low_ISI_acqm.zip,chip20380,Retrosplenial Cortex
2642.5,1242.5,2024-02-03-T050000-chip20380_params_params_low_ISI_acqm.zip,chip20380,Retrosplenial Cortex
2642.5,1015.0,2024-02-03-T050000-chip20380_params_params_low_ISI_acqm.zip,chip20380,Retrosplenial Cortex
2555.0,1137.5,2024-02-03-T050000-chip20380_params_params_low_ISI_acqm.zip,chip20380,Retrosplenial Cortex
2712.5,1120.0,2024-02-03-T050000-chip20380_params_params_low_ISI_acqm.zip,chip20380,Retrosplenial Cortex
2712.5,1120.0,2024-02-03-T050000-chip20380_params_params_low_ISI_acqm.zip,chip20380,Retrosplenial Cortex
2695.0,1067.5,2024-02-03-T050000-chip20380_params_params_low_ISI_acqm.zip,chip20380,Retrosplenial Cortex
2695.0,1032.5,2024-02-03-T050000-chip20380_params_params_low_ISI_acqm.zip,chip20380,Retrosplenial Cortex
2677.5,1032.5,2024-02-03-T050000-chip20380_params_params_low_ISI_acqm.zip,chip20380,Retrosplenial Cortex
2730.0,1190.0,2024-02-03-T050000-chip20380_params_params_low_ISI_acqm.zip,chip20380,Retrosplenial Cortex
2660.0,1172.5,2024-02-03-T050000-chip20380_params_params_low_ISI_acqm.zip,chip20380,Retrosplenial Cortex
2695.0,1015.0,2024-02-03-T050000-chip20380_params_params_low_ISI_acqm.zip,chip20380,Retrosplenial Cortex
2712.5,1120.0,2024-02-03-T050000-chip20380_params_params_low_ISI_acqm.zip,chip20380,Retrosplenial Cortex
2747.5,1260.0,2024-02-03-T060000-chip20380_params_params_low_ISI_acqm.zip,chip20380,Retrosplenial Cortex
822.5,1347.5,2024-02-03-T060000-chip20380_params_params_low_ISI_acqm.zip,chip20380,Septum
2712.5,1347.5,2024-02-03-T060000-chip20380_params_params_low_ISI_acqm.zip,chip20380,Retrosplenial Cortex
2660.0,1225.0,2024-02-03-T060000-chip20380_params_params_low_ISI_acqm.zip,chip20380,Retrosplenial Cortex
2502.5,1207.5,2024-02-03-T060000-chip20380_params_params_low_ISI_acqm.zip,chip20380,Retrosplenial Cortex
2642.5,1085.0,2024-02-03-T060000-chip20380_params_params_low_ISI_acqm.zip,chip20380,Retrosplenial Cortex
2660.0,1067.5,2024-02-03-T060000-chip20380_params_params_low_ISI_acqm.zip,chip20380,Retrosplenial Cortex
752.5,1330.0,2024-02-03-T060000-chip20380_params_params_low_ISI_acqm.zip,chip20380,Septum
2695.0,1312.5,2024-02-03-T060000-chip20380_params_params_low_ISI_acqm.zip,chip20380,Retrosplenial Cortex
2467.5,980.0,2024-02-03-T060000-chip20380_params_params_low_ISI_acqm.zip,chip20380,Retrosplenial Cortex
2695.0,1242.5,2024-02-03-T060000-chip20380_params_params_low_ISI_acqm.zip,chip20380,Retrosplenial Cortex
752.5,1557.5,2024-02-03-T060000-chip20380_params_params_low_ISI_acqm.zip,chip20380,Septum
735.0,1400.0,2024-02-03-T060000-chip20380_params_params_low_ISI_acqm.zip,chip20380,Septum
735.0,1400.0,2024-02-03-T060000-chip20380_params_params_low_ISI_acqm.zip,chip20380,Septum
787.5,1627.5,2024-02-03-T060000-chip20380_params_params_low_ISI_acqm.zip,chip20380,Septum
805.0,1365.0,2024-02-03-T060000-chip20380_params_params_low_ISI_acqm.zip,chip20380,Septum
2537.5,1260.0,2024-02-03-T060000-chip20380_params_params_low_ISI_acqm.zip,chip20380,Retrosplenial Cortex
2695.0,1330.0,2024-02-03-T060000-chip20380_params_params_low_ISI_acqm.zip,chip20380,Retrosplenial Cortex
2590.0,1277.5,2024-02-03-T060000-chip20380_params_params_low_ISI_acqm.zip,chip20380,Retrosplenial Cortex
2520.0,1260.0,2024-02-03-T060000-chip20380_params_params_low_ISI_acqm.zip,chip20380,Retrosplenial Cortex
2660.0,1242.5,2024-02-03-T060000-chip20380_params_params_low_ISI_acqm.zip,chip20380,Retrosplenial Cortex
2747.5,1330.0,2024-02-03-T060000-chip20380_params_params_low_ISI_acqm.zip,chip20380,Retrosplenial Cortex
2677.5,1155.0,2024-02-03-T060000-chip20380_params_params_low_ISI_acqm.zip,chip20380,Retrosplenial Cortex
2677.5,1155.0,2024-02-03-T060000-chip20380_params_params_low_ISI_acqm.zip,chip20380,Retrosplenial Cortex
2642.5,1190.0,2024-02-03-T060000-chip20380_params_params_low_ISI_acqm.zip,chip20380,Retrosplenial Cortex
2642.5,1190.0,2024-02-03-T060000-chip20380_params_params_low_ISI_acqm.zip,chip20380,Retrosplenial Cortex
2590.0,1067.5,2024-02-03-T060000-chip20380_params_params_low_ISI_acqm.zip,chip20380,Retrosplenial Cortex
2625.0,1260.0,2024-02-03-T060000-chip20380_params_params_low_ISI_acqm.zip,chip20380,Retrosplenial Cortex
2660.0,1155.0,2024-02-03-T060000-chip20380_params_params_low_ISI_acqm.zip,chip20380,Retrosplenial Cortex
857.5,1435.0,2024-02-03-T060000-chip20380_params_params_low_ISI_acqm.zip,chip20380,Septum
2660.0,1295.0,2024-02-03-T060000-chip20380_params_params_low_ISI_acqm.zip,chip20380,Retrosplenial Cortex
2555.0,962.5,2024-02-03-T060000-chip20380_params_params_low_ISI_acqm.zip,chip20380,Retrosplenial Cortex
787.5,1645.0,2024-02-03-T060000-chip20380_params_params_low_ISI_acqm.zip,chip20380,Septum
2590.0,1277.5,2024-02-03-T060000-chip20380_params_params_low_ISI_acqm.zip,chip20380,Retrosplenial Cortex
2677.5,980.0,2024-02-03-T060000-chip20380_params_params_low_ISI_acqm.zip,chip20380,Retrosplenial Cortex
2747.5,1295.0,2024-02-03-T060000-chip20380_params_params_low_ISI_acqm.zip,chip20380,Retrosplenial Cortex
2712.5,1242.5,2024-02-03-T060000-chip20380_params_params_low_ISI_acqm.zip,chip20380,Retrosplenial Cortex
770.0,1627.5,2024-02-03-T060000-chip20380_params_params_low_ISI_acqm.zip,chip20380,Septum
2677.5,1155.0,2024-02-03-T060000-chip20380_params_params_low_ISI_acqm.zip,chip20380,Retrosplenial Cortex
2625.0,1032.5,2024-02-03-T060000-chip20380_params_params_low_ISI_acqm.zip,chip20380,Retrosplenial Cortex
2607.5,1172.5,2024-02-03-T060000-chip20380_params_params_low_ISI_acqm.zip,chip20380,Retrosplenial Cortex
2660.0,1102.5,2024-02-03-T060000-chip20380_params_params_low_ISI_acqm.zip,chip20380,Retrosplenial Cortex
2677.5,1137.5,2024-02-03-T060000-chip20380_params_params_low_ISI_acqm.zip,chip20380,Retrosplenial Cortex
2695.0,1172.5,2024-02-03-T060000-chip20380_params_params_low_ISI_acqm.zip,chip20380,Retrosplenial Cortex
840.0,1540.0,2024-02-03-T060000-chip20380_params_params_low_ISI_acqm.zip,chip20380,Septum
2695.0,1102.5,2024-02-03-T060000-chip20380_params_params_low_ISI_acqm.zip,chip20380,Retrosplenial Cortex
2730.0,1155.0,2024-02-03-T060000-chip20380_params_params_low_ISI_acqm.zip,chip20380,Retrosplenial Cortex
2695.0,1242.5,2024-02-03-T060000-chip20380_params_params_low_ISI_acqm.zip,chip20380,Retrosplenial Cortex
735.0,1312.5,2024-02-03-T060000-chip20380_params_params_low_ISI_acqm.zip,chip20380,Septum
2607.5,1085.0,2024-02-03-T060000-chip20380_params_params_low_ISI_acqm.zip,chip20380,Retrosplenial Cortex
2712.5,1120.0,2024-02-03-T060000-chip20380_params_params_low_ISI_acqm.zip,chip20380,Retrosplenial Cortex
787.5,1417.5,2024-02-03-T060000-chip20380_params_params_low_ISI_acqm.zip,chip20380,Septum
2677.5,1155.0,2024-02-03-T060000-chip20380_params_params_low_ISI_acqm.zip,chip20380,Retrosplenial Cortex
927.5,1470.0,2024-02-03-T060000-chip20380_params_params_low_ISI_acqm.zip,chip20380,Septum
2590.0,1750.0,2024-02-03-T060000-chip20380_params_params_low_ISI_acqm.zip,chip20380,Unknown
2677.5,1032.5,2024-02-03-T060000-chip20380_params_params_low_ISI_acqm.zip,chip20380,Retrosplenial Cortex
2607.5,1050.0,2024-02-03-T060000-chip20380_params_params_low_ISI_acqm.zip,chip20380,Retrosplenial Cortex
2642.5,980.0,2024-02-03-T060000-chip20380_params_params_low_ISI_acqm.zip,chip20380,Retrosplenial Cortex
2590.0,1260.0,2024-02-03-T060000-chip20380_params_params_low_ISI_acqm.zip,chip20380,Retrosplenial Cortex
2730.0,1190.0,2024-02-03-T060000-chip20380_params_params_low_ISI_acqm.zip,chip20380,Retrosplenial Cortex
1680.0,350.0,2024-02-03-T060000-chip20380_params_params_low_ISI_acqm.zip,chip20380,Unknown
2625.0,1295.0,2024-02-03-T060000-chip20380_params_params_low_ISI_acqm.zip,chip20380,Retrosplenial Cortex
2607.5,1015.0,2024-02-03-T060000-chip20380_params_params_low_ISI_acqm.zip,chip20380,Retrosplenial Cortex
2677.5,1155.0,2024-02-03-T060000-chip20380_params_params_low_ISI_acqm.zip,chip20380,Retrosplenial Cortex
2590.0,997.5,2024-02-03-T060000-chip20380_params_params_low_ISI_acqm.zip,chip20380,Retrosplenial Cortex
2660.0,1032.5,2024-02-03-T060000-chip20380_params_params_low_ISI_acqm.zip,chip20380,Retrosplenial Cortex
2677.5,1067.5,2024-02-03-T060000-chip20380_params_params_low_ISI_acqm.zip,chip20380,Retrosplenial Cortex
2712.5,1242.5,2024-02-03-T060000-chip20380_params_params_low_ISI_acqm.zip,chip20380,Retrosplenial Cortex
2695.0,1120.0,2024-02-03-T060000-chip20380_params_params_low_ISI_acqm.zip,chip20380,Retrosplenial Cortex
2712.5,1120.0,2024-02-03-T060000-chip20380_params_params_low_ISI_acqm.zip,chip20380,Retrosplenial Cortex
2555.0,1120.0,2024-02-03-T060000-chip20380_params_params_low_ISI_acqm.zip,chip20380,Retrosplenial Cortex
2677.5,1295.0,2024-02-03-T060000-chip20380_params_params_low_ISI_acqm.zip,chip20380,Retrosplenial Cortex
2642.5,1015.0,2024-02-03-T060000-chip20380_params_params_low_ISI_acqm.zip,chip20380,Retrosplenial Cortex
2555.0,1102.5,2024-02-03-T060000-chip20380_params_params_low_ISI_acqm.zip,chip20380,Retrosplenial Cortex
2660.0,1120.0,2024-02-03-T070000-chip20380_params_params_low_ISI_acqm.zip,chip20380,Retrosplenial Cortex
2660.0,1137.5,2024-02-03-T070000-chip20380_params_params_low_ISI_acqm.zip,chip20380,Retrosplenial Cortex
2712.5,1155.0,2024-02-03-T070000-chip20380_params_params_low_ISI_acqm.zip,chip20380,Retrosplenial Cortex
2712.5,1225.0,2024-02-03-T070000-chip20380_params_params_low_ISI_acqm.zip,chip20380,Retrosplenial Cortex
875.0,1487.5,2024-02-03-T070000-chip20380_params_params_low_ISI_acqm.zip,chip20380,Septum
2747.5,1260.0,2024-02-03-T070000-chip20380_params_params_low_ISI_acqm.zip,chip20380,Retrosplenial Cortex
2695.0,1032.5,2024-02-03-T070000-chip20380_params_params_low_ISI_acqm.zip,chip20380,Retrosplenial Cortex
840.0,1382.5,2024-02-03-T070000-chip20380_params_params_low_ISI_acqm.zip,chip20380,Septum
2607.5,1190.0,2024-02-03-T070000-chip20380_params_params_low_ISI_acqm.zip,chip20380,Retrosplenial Cortex
717.5,1225.0,2024-02-03-T070000-chip20380_params_params_low_ISI_acqm.zip,chip20380,Septum
2642.5,1085.0,2024-02-03-T070000-chip20380_params_params_low_ISI_acqm.zip,chip20380,Retrosplenial Cortex
735.0,1347.5,2024-02-03-T070000-chip20380_params_params_low_ISI_acqm.zip,chip20380,Septum
752.5,1540.0,2024-02-03-T070000-chip20380_params_params_low_ISI_acqm.zip,chip20380,Septum
735.0,1400.0,2024-02-03-T070000-chip20380_params_params_low_ISI_acqm.zip,chip20380,Septum
787.5,1627.5,2024-02-03-T070000-chip20380_params_params_low_ISI_acqm.zip,chip20380,Septum
805.0,1365.0,2024-02-03-T070000-chip20380_params_params_low_ISI_acqm.zip,chip20380,Septum
2555.0,1102.5,2024-02-03-T070000-chip20380_params_params_low_ISI_acqm.zip,chip20380,Retrosplenial Cortex
2607.5,1172.5,2024-02-03-T070000-chip20380_params_params_low_ISI_acqm.zip,chip20380,Retrosplenial Cortex
2660.0,1172.5,2024-02-03-T070000-chip20380_params_params_low_ISI_acqm.zip,chip20380,Retrosplenial Cortex
2660.0,1242.5,2024-02-03-T070000-chip20380_params_params_low_ISI_acqm.zip,chip20380,Retrosplenial Cortex
2625.0,1032.5,2024-02-03-T070000-chip20380_params_params_low_ISI_acqm.zip,chip20380,Retrosplenial Cortex
2677.5,1172.5,2024-02-03-T070000-chip20380_params_params_low_ISI_acqm.zip,chip20380,Retrosplenial Cortex
2695.0,1155.0,2024-02-03-T070000-chip20380_params_params_low_ISI_acqm.zip,chip20380,Retrosplenial Cortex
2642.5,1207.5,2024-02-03-T070000-chip20380_params_params_low_ISI_acqm.zip,chip20380,Retrosplenial Cortex
2590.0,1085.0,2024-02-03-T070000-chip20380_params_params_low_ISI_acqm.zip,chip20380,Retrosplenial Cortex
2590.0,1277.5,2024-02-03-T070000-chip20380_params_params_low_ISI_acqm.zip,chip20380,Retrosplenial Cortex
2642.5,1295.0,2024-02-03-T070000-chip20380_params_params_low_ISI_acqm.zip,chip20380,Retrosplenial Cortex
787.5,1645.0,2024-02-03-T070000-chip20380_params_params_low_ISI_acqm.zip,chip20380,Septum
2642.5,1015.0,2024-02-03-T070000-chip20380_params_params_low_ISI_acqm.zip,chip20380,Retrosplenial Cortex
2660.0,1102.5,2024-02-03-T070000-chip20380_params_params_low_ISI_acqm.zip,chip20380,Retrosplenial Cortex
542.5,52.5,2024-02-03-T070000-chip20380_params_params_low_ISI_acqm.zip,chip20380,Striatum
2677.5,1067.5,2024-02-03-T070000-chip20380_params_params_low_ISI_acqm.zip,chip20380,Retrosplenial Cortex
2747.5,1295.0,2024-02-03-T070000-chip20380_params_params_low_ISI_acqm.zip,chip20380,Retrosplenial Cortex
2695.0,1242.5,2024-02-03-T070000-chip20380_params_params_low_ISI_acqm.zip,chip20380,Retrosplenial Cortex
770.0,1627.5,2024-02-03-T070000-chip20380_params_params_low_ISI_acqm.zip,chip20380,Septum
2555.0,1120.0,2024-02-03-T070000-chip20380_params_params_low_ISI_acqm.zip,chip20380,Retrosplenial Cortex
2695.0,1137.5,2024-02-03-T070000-chip20380_params_params_low_ISI_acqm.zip,chip20380,Retrosplenial Cortex
840.0,1540.0,2024-02-03-T070000-chip20380_params_params_low_ISI_acqm.zip,chip20380,Septum
2695.0,1102.5,2024-02-03-T070000-chip20380_params_params_low_ISI_acqm.zip,chip20380,Retrosplenial Cortex
2730.0,1155.0,2024-02-03-T070000-chip20380_params_params_low_ISI_acqm.zip,chip20380,Retrosplenial Cortex
787.5,1417.5,2024-02-03-T070000-chip20380_params_params_low_ISI_acqm.zip,chip20380,Septum
2712.5,1120.0,2024-02-03-T070000-chip20380_params_params_low_ISI_acqm.zip,chip20380,Retrosplenial Cortex
2695.0,1067.5,2024-02-03-T070000-chip20380_params_params_low_ISI_acqm.zip,chip20380,Retrosplenial Cortex
927.5,1470.0,2024-02-03-T070000-chip20380_params_params_low_ISI_acqm.zip,chip20380,Septum
2625.0,1015.0,2024-02-03-T070000-chip20380_params_params_low_ISI_acqm.zip,chip20380,Retrosplenial Cortex
2607.5,1015.0,2024-02-03-T070000-chip20380_params_params_low_ISI_acqm.zip,chip20380,Retrosplenial Cortex
2590.0,1732.5,2024-02-03-T070000-chip20380_params_params_low_ISI_acqm.zip,chip20380,Unknown
2537.5,1260.0,2024-02-03-T070000-chip20380_params_params_low_ISI_acqm.zip,chip20380,Retrosplenial Cortex
2695.0,1155.0,2024-02-03-T070000-chip20380_params_params_low_ISI_acqm.zip,chip20380,Retrosplenial Cortex
2677.5,1032.5,2024-02-03-T070000-chip20380_params_params_low_ISI_acqm.zip,chip20380,Retrosplenial Cortex
2590.0,1120.0,2024-02-03-T070000-chip20380_params_params_low_ISI_acqm.zip,chip20380,Retrosplenial Cortex
2642.5,980.0,2024-02-03-T070000-chip20380_params_params_low_ISI_acqm.zip,chip20380,Retrosplenial Cortex
2677.5,1295.0,2024-02-03-T070000-chip20380_params_params_low_ISI_acqm.zip,chip20380,Retrosplenial Cortex
2730.0,1190.0,2024-02-03-T070000-chip20380_params_params_low_ISI_acqm.zip,chip20380,Retrosplenial Cortex
2695.0,1225.0,2024-02-03-T070000-chip20380_params_params_low_ISI_acqm.zip,chip20380,Retrosplenial Cortex
2747.5,1330.0,2024-02-03-T070000-chip20380_params_params_low_ISI_acqm.zip,chip20380,Retrosplenial Cortex
1680.0,350.0,2024-02-03-T070000-chip20380_params_params_low_ISI_acqm.zip,chip20380,Unknown
2712.5,1225.0,2024-02-03-T070000-chip20380_params_params_low_ISI_acqm.zip,chip20380,Retrosplenial Cortex
2607.5,1190.0,2024-02-03-T070000-chip20380_params_params_low_ISI_acqm.zip,chip20380,Retrosplenial Cortex
2642.5,1085.0,2024-02-03-T070000-chip20380_params_params_low_ISI_acqm.zip,chip20380,Retrosplenial Cortex
2660.0,1155.0,2024-02-03-T070000-chip20380_params_params_low_ISI_acqm.zip,chip20380,Retrosplenial Cortex
2695.0,1172.5,2024-02-03-T070000-chip20380_params_params_low_ISI_acqm.zip,chip20380,Retrosplenial Cortex
2590.0,1067.5,2024-02-03-T070000-chip20380_params_params_low_ISI_acqm.zip,chip20380,Retrosplenial Cortex
2642.5,1015.0,2024-02-03-T070000-chip20380_params_params_low_ISI_acqm.zip,chip20380,Retrosplenial Cortex
2677.5,1067.5,2024-02-03-T070000-chip20380_params_params_low_ISI_acqm.zip,chip20380,Retrosplenial Cortex
2712.5,1242.5,2024-02-03-T070000-chip20380_params_params_low_ISI_acqm.zip,chip20380,Retrosplenial Cortex
2695.0,1120.0,2024-02-03-T070000-chip20380_params_params_low_ISI_acqm.zip,chip20380,Retrosplenial Cortex
2712.5,1120.0,2024-02-03-T070000-chip20380_params_params_low_ISI_acqm.zip,chip20380,Retrosplenial Cortex
2712.5,1330.0,2024-02-03-T070000-chip20380_params_params_low_ISI_acqm.zip,chip20380,Retrosplenial Cortex
2642.5,1190.0,2024-02-03-T070000-chip20380_params_params_low_ISI_acqm.zip,chip20380,Retrosplenial Cortex
2677.5,1295.0,2024-02-03-T070000-chip20380_params_params_low_ISI_acqm.zip,chip20380,Retrosplenial Cortex
857.5,1435.0,2024-02-03-T070000-chip20380_params_params_low_ISI_acqm.zip,chip20380,Septum
2625.0,1207.5,2024-02-03-T070000-chip20380_params_params_low_ISI_acqm.zip,chip20380,Retrosplenial Cortex
2660.0,1120.0,2024-02-03-T080000-chip20380_params_params_low_ISI_acqm.zip,chip20380,Retrosplenial Cortex
2712.5,1155.0,2024-02-03-T080000-chip20380_params_params_low_ISI_acqm.zip,chip20380,Retrosplenial Cortex
857.5,1452.5,2024-02-03-T080000-chip20380_params_params_low_ISI_acqm.zip,chip20380,Septum
2747.5,1260.0,2024-02-03-T080000-chip20380_params_params_low_ISI_acqm.zip,chip20380,Retrosplenial Cortex
2695.0,1032.5,2024-02-03-T080000-chip20380_params_params_low_ISI_acqm.zip,chip20380,Retrosplenial Cortex
840.0,1382.5,2024-02-03-T080000-chip20380_params_params_low_ISI_acqm.zip,chip20380,Septum
717.5,1225.0,2024-02-03-T080000-chip20380_params_params_low_ISI_acqm.zip,chip20380,Septum
2642.5,1085.0,2024-02-03-T080000-chip20380_params_params_low_ISI_acqm.zip,chip20380,Retrosplenial Cortex
752.5,1347.5,2024-02-03-T080000-chip20380_params_params_low_ISI_acqm.zip,chip20380,Septum
2642.5,1242.5,2024-02-03-T080000-chip20380_params_params_low_ISI_acqm.zip,chip20380,Retrosplenial Cortex
2642.5,1295.0,2024-02-03-T080000-chip20380_params_params_low_ISI_acqm.zip,chip20380,Retrosplenial Cortex
735.0,1400.0,2024-02-03-T080000-chip20380_params_params_low_ISI_acqm.zip,chip20380,Septum
787.5,1627.5,2024-02-03-T080000-chip20380_params_params_low_ISI_acqm.zip,chip20380,Septum
805.0,1365.0,2024-02-03-T080000-chip20380_params_params_low_ISI_acqm.zip,chip20380,Septum
2660.0,1172.5,2024-02-03-T080000-chip20380_params_params_low_ISI_acqm.zip,chip20380,Retrosplenial Cortex
2642.5,1242.5,2024-02-03-T080000-chip20380_params_params_low_ISI_acqm.zip,chip20380,Retrosplenial Cortex
752.5,1540.0,2024-02-03-T080000-chip20380_params_params_low_ISI_acqm.zip,chip20380,Septum
2660.0,1242.5,2024-02-03-T080000-chip20380_params_params_low_ISI_acqm.zip,chip20380,Retrosplenial Cortex
840.0,1540.0,2024-02-03-T080000-chip20380_params_params_low_ISI_acqm.zip,chip20380,Septum
2590.0,1085.0,2024-02-03-T080000-chip20380_params_params_low_ISI_acqm.zip,chip20380,Retrosplenial Cortex
2747.5,1330.0,2024-02-03-T080000-chip20380_params_params_low_ISI_acqm.zip,chip20380,Retrosplenial Cortex
2660.0,1155.0,2024-02-03-T080000-chip20380_params_params_low_ISI_acqm.zip,chip20380,Retrosplenial Cortex
857.5,1435.0,2024-02-03-T080000-chip20380_params_params_low_ISI_acqm.zip,chip20380,Septum
2555.0,962.5,2024-02-03-T080000-chip20380_params_params_low_ISI_acqm.zip,chip20380,Retrosplenial Cortex
787.5,1645.0,2024-02-03-T080000-chip20380_params_params_low_ISI_acqm.zip,chip20380,Septum
2590.0,997.5,2024-02-03-T080000-chip20380_params_params_low_ISI_acqm.zip,chip20380,Retrosplenial Cortex
2660.0,1015.0,2024-02-03-T080000-chip20380_params_params_low_ISI_acqm.zip,chip20380,Retrosplenial Cortex
2660.0,1102.5,2024-02-03-T080000-chip20380_params_params_low_ISI_acqm.zip,chip20380,Retrosplenial Cortex
2677.5,980.0,2024-02-03-T080000-chip20380_params_params_low_ISI_acqm.zip,chip20380,Retrosplenial Cortex
542.5,52.5,2024-02-03-T080000-chip20380_params_params_low_ISI_acqm.zip,chip20380,Striatum
2677.5,1067.5,2024-02-03-T080000-chip20380_params_params_low_ISI_acqm.zip,chip20380,Retrosplenial Cortex
2747.5,1295.0,2024-02-03-T080000-chip20380_params_params_low_ISI_acqm.zip,chip20380,Retrosplenial Cortex
2712.5,1242.5,2024-02-03-T080000-chip20380_params_params_low_ISI_acqm.zip,chip20380,Retrosplenial Cortex
770.0,1627.5,2024-02-03-T080000-chip20380_params_params_low_ISI_acqm.zip,chip20380,Septum
2625.0,1207.5,2024-02-03-T080000-chip20380_params_params_low_ISI_acqm.zip,chip20380,Retrosplenial Cortex
2555.0,1120.0,2024-02-03-T080000-chip20380_params_params_low_ISI_acqm.zip,chip20380,Retrosplenial Cortex
2677.5,1137.5,2024-02-03-T080000-chip20380_params_params_low_ISI_acqm.zip,chip20380,Retrosplenial Cortex
2695.0,1120.0,2024-02-03-T080000-chip20380_params_params_low_ISI_acqm.zip,chip20380,Retrosplenial Cortex
2730.0,1155.0,2024-02-03-T080000-chip20380_params_params_low_ISI_acqm.zip,chip20380,Retrosplenial Cortex
735.0,1400.0,2024-02-03-T080000-chip20380_params_params_low_ISI_acqm.zip,chip20380,Septum
840.0,1382.5,2024-02-03-T080000-chip20380_params_params_low_ISI_acqm.zip,chip20380,Septum
2695.0,1120.0,2024-02-03-T080000-chip20380_params_params_low_ISI_acqm.zip,chip20380,Retrosplenial Cortex
2590.0,1732.5,2024-02-03-T080000-chip20380_params_params_low_ISI_acqm.zip,chip20380,Unknown
2590.0,1732.5,2024-02-03-T080000-chip20380_params_params_low_ISI_acqm.zip,chip20380,Unknown
2642.5,1050.0,2024-02-03-T080000-chip20380_params_params_low_ISI_acqm.zip,chip20380,Retrosplenial Cortex
2712.5,1067.5,2024-02-03-T080000-chip20380_params_params_low_ISI_acqm.zip,chip20380,Retrosplenial Cortex
2520.0,1260.0,2024-02-03-T080000-chip20380_params_params_low_ISI_acqm.zip,chip20380,Retrosplenial Cortex
2642.5,980.0,2024-02-03-T080000-chip20380_params_params_low_ISI_acqm.zip,chip20380,Retrosplenial Cortex
2642.5,1207.5,2024-02-03-T080000-chip20380_params_params_low_ISI_acqm.zip,chip20380,Retrosplenial Cortex
2677.5,1172.5,2024-02-03-T080000-chip20380_params_params_low_ISI_acqm.zip,chip20380,Retrosplenial Cortex
2695.0,1242.5,2024-02-03-T080000-chip20380_params_params_low_ISI_acqm.zip,chip20380,Retrosplenial Cortex
1680.0,350.0,2024-02-03-T080000-chip20380_params_params_low_ISI_acqm.zip,chip20380,Unknown
2502.5,1207.5,2024-02-03-T080000-chip20380_params_params_low_ISI_acqm.zip,chip20380,Retrosplenial Cortex
840.0,1382.5,2024-02-03-T080000-chip20380_params_params_low_ISI_acqm.zip,chip20380,Septum
2590.0,1172.5,2024-02-03-T080000-chip20380_params_params_low_ISI_acqm.zip,chip20380,Retrosplenial Cortex
2642.5,1085.0,2024-02-03-T080000-chip20380_params_params_low_ISI_acqm.zip,chip20380,Retrosplenial Cortex
2660.0,1172.5,2024-02-03-T080000-chip20380_params_params_low_ISI_acqm.zip,chip20380,Retrosplenial Cortex
2660.0,1155.0,2024-02-03-T080000-chip20380_params_params_low_ISI_acqm.zip,chip20380,Retrosplenial Cortex
2590.0,1085.0,2024-02-03-T080000-chip20380_params_params_low_ISI_acqm.zip,chip20380,Retrosplenial Cortex
2625.0,1260.0,2024-02-03-T080000-chip20380_params_params_low_ISI_acqm.zip,chip20380,Retrosplenial Cortex
2625.0,1260.0,2024-02-03-T080000-chip20380_params_params_low_ISI_acqm.zip,chip20380,Retrosplenial Cortex
2625.0,1260.0,2024-02-03-T080000-chip20380_params_params_low_ISI_acqm.zip,chip20380,Retrosplenial Cortex
2642.5,1015.0,2024-02-03-T080000-chip20380_params_params_low_ISI_acqm.zip,chip20380,Retrosplenial Cortex
2677.5,1067.5,2024-02-03-T080000-chip20380_params_params_low_ISI_acqm.zip,chip20380,Retrosplenial Cortex
2695.0,1050.0,2024-02-03-T080000-chip20380_params_params_low_ISI_acqm.zip,chip20380,Retrosplenial Cortex
2677.5,1207.5,2024-02-03-T080000-chip20380_params_params_low_ISI_acqm.zip,chip20380,Retrosplenial Cortex
2607.5,1242.5,2024-02-03-T080000-chip20380_params_params_low_ISI_acqm.zip,chip20380,Retrosplenial Cortex
2555.0,1102.5,2024-02-03-T080000-chip20380_params_params_low_ISI_acqm.zip,chip20380,Retrosplenial Cortex
2660.0,1155.0,2024-02-03-T080000-chip20380_params_params_low_ISI_acqm.zip,chip20380,Retrosplenial Cortex
2730.0,1155.0,2024-02-03-T080000-chip20380_params_params_low_ISI_acqm.zip,chip20380,Retrosplenial Cortex
2625.0,1207.5,2024-02-03-T080000-chip20380_params_params_low_ISI_acqm.zip,chip20380,Retrosplenial Cortex
2607.5,1155.0,2024-02-03-T080000-chip20380_params_params_low_ISI_acqm.zip,chip20380,Retrosplenial Cortex
2712.5,1155.0,2024-02-03-T090000-chip20380_params_params_low_ISI_acqm.zip,chip20380,Retrosplenial Cortex
2695.0,1102.5,2024-02-03-T090000-chip20380_params_params_low_ISI_acqm.zip,chip20380,Retrosplenial Cortex
770.0,1400.0,2024-02-03-T090000-chip20380_params_params_low_ISI_acqm.zip,chip20380,Septum
2695.0,1032.5,2024-02-03-T090000-chip20380_params_params_low_ISI_acqm.zip,chip20380,Retrosplenial Cortex
840.0,1382.5,2024-02-03-T090000-chip20380_params_params_low_ISI_acqm.zip,chip20380,Septum
2660.0,1225.0,2024-02-03-T090000-chip20380_params_params_low_ISI_acqm.zip,chip20380,Retrosplenial Cortex
717.5,1225.0,2024-02-03-T090000-chip20380_params_params_low_ISI_acqm.zip,chip20380,Septum
2520.0,1207.5,2024-02-03-T090000-chip20380_params_params_low_ISI_acqm.zip,chip20380,Retrosplenial Cortex
2642.5,1085.0,2024-02-03-T090000-chip20380_params_params_low_ISI_acqm.zip,chip20380,Retrosplenial Cortex
752.5,1347.5,2024-02-03-T090000-chip20380_params_params_low_ISI_acqm.zip,chip20380,Septum
2642.5,1242.5,2024-02-03-T090000-chip20380_params_params_low_ISI_acqm.zip,chip20380,Retrosplenial Cortex
735.0,1400.0,2024-02-03-T090000-chip20380_params_params_low_ISI_acqm.zip,chip20380,Septum
770.0,1400.0,2024-02-03-T090000-chip20380_params_params_low_ISI_acqm.zip,chip20380,Septum
787.5,1627.5,2024-02-03-T090000-chip20380_params_params_low_ISI_acqm.zip,chip20380,Septum
805.0,1365.0,2024-02-03-T090000-chip20380_params_params_low_ISI_acqm.zip,chip20380,Septum
2555.0,1102.5,2024-02-03-T090000-chip20380_params_params_low_ISI_acqm.zip,chip20380,Retrosplenial Cortex
2660.0,1172.5,2024-02-03-T090000-chip20380_params_params_low_ISI_acqm.zip,chip20380,Retrosplenial Cortex
2642.5,1242.5,2024-02-03-T090000-chip20380_params_params_low_ISI_acqm.zip,chip20380,Retrosplenial Cortex
2660.0,1242.5,2024-02-03-T090000-chip20380_params_params_low_ISI_acqm.zip,chip20380,Retrosplenial Cortex
770.0,1540.0,2024-02-03-T090000-chip20380_params_params_low_ISI_acqm.zip,chip20380,Septum
840.0,1540.0,2024-02-03-T090000-chip20380_params_params_low_ISI_acqm.zip,chip20380,Septum
2660.0,1225.0,2024-02-03-T090000-chip20380_params_params_low_ISI_acqm.zip,chip20380,Retrosplenial Cortex
2590.0,1085.0,2024-02-03-T090000-chip20380_params_params_low_ISI_acqm.zip,chip20380,Retrosplenial Cortex
787.5,1645.0,2024-02-03-T090000-chip20380_params_params_low_ISI_acqm.zip,chip20380,Septum
2590.0,1067.5,2024-02-03-T090000-chip20380_params_params_low_ISI_acqm.zip,chip20380,Retrosplenial Cortex
2642.5,1260.0,2024-02-03-T090000-chip20380_params_params_low_ISI_acqm.zip,chip20380,Retrosplenial Cortex
2642.5,1295.0,2024-02-03-T090000-chip20380_params_params_low_ISI_acqm.zip,chip20380,Retrosplenial Cortex
2555.0,962.5,2024-02-03-T090000-chip20380_params_params_low_ISI_acqm.zip,chip20380,Retrosplenial Cortex
2590.0,997.5,2024-02-03-T090000-chip20380_params_params_low_ISI_acqm.zip,chip20380,Retrosplenial Cortex
2642.5,1015.0,2024-02-03-T090000-chip20380_params_params_low_ISI_acqm.zip,chip20380,Retrosplenial Cortex
542.5,52.5,2024-02-03-T090000-chip20380_params_params_low_ISI_acqm.zip,chip20380,Striatum
2677.5,1067.5,2024-02-03-T090000-chip20380_params_params_low_ISI_acqm.zip,chip20380,Retrosplenial Cortex
2677.5,1067.5,2024-02-03-T090000-chip20380_params_params_low_ISI_acqm.zip,chip20380,Retrosplenial Cortex
2747.5,1295.0,2024-02-03-T090000-chip20380_params_params_low_ISI_acqm.zip,chip20380,Retrosplenial Cortex
770.0,1627.5,2024-02-03-T090000-chip20380_params_params_low_ISI_acqm.zip,chip20380,Septum
2677.5,980.0,2024-02-03-T090000-chip20380_params_params_low_ISI_acqm.zip,chip20380,Retrosplenial Cortex
2625.0,1207.5,2024-02-03-T090000-chip20380_params_params_low_ISI_acqm.zip,chip20380,Retrosplenial Cortex
2555.0,1120.0,2024-02-03-T090000-chip20380_params_params_low_ISI_acqm.zip,chip20380,Retrosplenial Cortex
2660.0,1102.5,2024-02-03-T090000-chip20380_params_params_low_ISI_acqm.zip,chip20380,Retrosplenial Cortex
2677.5,1137.5,2024-02-03-T090000-chip20380_params_params_low_ISI_acqm.zip,chip20380,Retrosplenial Cortex
2695.0,1120.0,2024-02-03-T090000-chip20380_params_params_low_ISI_acqm.zip,chip20380,Retrosplenial Cortex
2730.0,1155.0,2024-02-03-T090000-chip20380_params_params_low_ISI_acqm.zip,chip20380,Retrosplenial Cortex
787.5,1557.5,2024-02-03-T090000-chip20380_params_params_low_ISI_acqm.zip,chip20380,Septum
2712.5,1120.0,2024-02-03-T090000-chip20380_params_params_low_ISI_acqm.zip,chip20380,Retrosplenial Cortex
2590.0,1732.5,2024-02-03-T090000-chip20380_params_params_low_ISI_acqm.zip,chip20380,Unknown
2642.5,1050.0,2024-02-03-T090000-chip20380_params_params_low_ISI_acqm.zip,chip20380,Retrosplenial Cortex
2677.5,1295.0,2024-02-03-T090000-chip20380_params_params_low_ISI_acqm.zip,chip20380,Retrosplenial Cortex
2642.5,1190.0,2024-02-03-T090000-chip20380_params_params_low_ISI_acqm.zip,chip20380,Retrosplenial Cortex
2677.5,1172.5,2024-02-03-T090000-chip20380_params_params_low_ISI_acqm.zip,chip20380,Retrosplenial Cortex
2730.0,1190.0,2024-02-03-T090000-chip20380_params_params_low_ISI_acqm.zip,chip20380,Retrosplenial Cortex
2695.0,1242.5,2024-02-03-T090000-chip20380_params_params_low_ISI_acqm.zip,chip20380,Retrosplenial Cortex
1680.0,350.0,2024-02-03-T090000-chip20380_params_params_low_ISI_acqm.zip,chip20380,Unknown
840.0,1382.5,2024-02-03-T090000-chip20380_params_params_low_ISI_acqm.zip,chip20380,Septum
2590.0,1172.5,2024-02-03-T090000-chip20380_params_params_low_ISI_acqm.zip,chip20380,Retrosplenial Cortex
2642.5,1172.5,2024-02-03-T090000-chip20380_params_params_low_ISI_acqm.zip,chip20380,Retrosplenial Cortex
2607.5,1015.0,2024-02-03-T090000-chip20380_params_params_low_ISI_acqm.zip,chip20380,Retrosplenial Cortex
2642.5,1015.0,2024-02-03-T090000-chip20380_params_params_low_ISI_acqm.zip,chip20380,Retrosplenial Cortex
2677.5,1067.5,2024-02-03-T090000-chip20380_params_params_low_ISI_acqm.zip,chip20380,Retrosplenial Cortex
2712.5,1242.5,2024-02-03-T090000-chip20380_params_params_low_ISI_acqm.zip,chip20380,Retrosplenial Cortex
2712.5,1120.0,2024-02-03-T090000-chip20380_params_params_low_ISI_acqm.zip,chip20380,Retrosplenial Cortex
2695.0,1067.5,2024-02-03-T090000-chip20380_params_params_low_ISI_acqm.zip,chip20380,Retrosplenial Cortex
2695.0,1067.5,2024-02-03-T090000-chip20380_params_params_low_ISI_acqm.zip,chip20380,Retrosplenial Cortex
2642.5,980.0,2024-02-03-T090000-chip20380_params_params_low_ISI_acqm.zip,chip20380,Retrosplenial Cortex
2660.0,1155.0,2024-02-03-T090000-chip20380_params_params_low_ISI_acqm.zip,chip20380,Retrosplenial Cortex
2660.0,1295.0,2024-02-03-T090000-chip20380_params_params_low_ISI_acqm.zip,chip20380,Retrosplenial Cortex
2660.0,1015.0,2024-02-03-T090000-chip20380_params_params_low_ISI_acqm.zip,chip20380,Retrosplenial Cortex
2537.5,1260.0,2024-02-03-T090000-chip20380_params_params_low_ISI_acqm.zip,chip20380,Retrosplenial Cortex
2695.0,1312.5,2024-02-03-T090000-chip20380_params_params_low_ISI_acqm.zip,chip20380,Retrosplenial Cortex
2660.0,1120.0,2024-02-03-T100000-chip20380_params_params_low_ISI_acqm.zip,chip20380,Retrosplenial Cortex
2660.0,1120.0,2024-02-03-T100000-chip20380_params_params_low_ISI_acqm.zip,chip20380,Retrosplenial Cortex
2712.5,1155.0,2024-02-03-T100000-chip20380_params_params_low_ISI_acqm.zip,chip20380,Retrosplenial Cortex
2747.5,1260.0,2024-02-03-T100000-chip20380_params_params_low_ISI_acqm.zip,chip20380,Retrosplenial Cortex
840.0,1382.5,2024-02-03-T100000-chip20380_params_params_low_ISI_acqm.zip,chip20380,Septum
2660.0,1225.0,2024-02-03-T100000-chip20380_params_params_low_ISI_acqm.zip,chip20380,Retrosplenial Cortex
752.5,1330.0,2024-02-03-T100000-chip20380_params_params_low_ISI_acqm.zip,chip20380,Septum
2467.5,980.0,2024-02-03-T100000-chip20380_params_params_low_ISI_acqm.zip,chip20380,Retrosplenial Cortex
2642.5,1242.5,2024-02-03-T100000-chip20380_params_params_low_ISI_acqm.zip,chip20380,Retrosplenial Cortex
2642.5,1295.0,2024-02-03-T100000-chip20380_params_params_low_ISI_acqm.zip,chip20380,Retrosplenial Cortex
735.0,1400.0,2024-02-03-T100000-chip20380_params_params_low_ISI_acqm.zip,chip20380,Septum
770.0,1400.0,2024-02-03-T100000-chip20380_params_params_low_ISI_acqm.zip,chip20380,Septum
787.5,1627.5,2024-02-03-T100000-chip20380_params_params_low_ISI_acqm.zip,chip20380,Septum
805.0,1365.0,2024-02-03-T100000-chip20380_params_params_low_ISI_acqm.zip,chip20380,Septum
2660.0,1172.5,2024-02-03-T100000-chip20380_params_params_low_ISI_acqm.zip,chip20380,Retrosplenial Cortex
2642.5,1242.5,2024-02-03-T100000-chip20380_params_params_low_ISI_acqm.zip,chip20380,Retrosplenial Cortex
2660.0,1242.5,2024-02-03-T100000-chip20380_params_params_low_ISI_acqm.zip,chip20380,Retrosplenial Cortex
2607.5,1015.0,2024-02-03-T100000-chip20380_params_params_low_ISI_acqm.zip,chip20380,Retrosplenial Cortex
752.5,1557.5,2024-02-03-T100000-chip20380_params_params_low_ISI_acqm.zip,chip20380,Septum
2590.0,1085.0,2024-02-03-T100000-chip20380_params_params_low_ISI_acqm.zip,chip20380,Retrosplenial Cortex
2747.5,1330.0,2024-02-03-T100000-chip20380_params_params_low_ISI_acqm.zip,chip20380,Retrosplenial Cortex
2677.5,1155.0,2024-02-03-T100000-chip20380_params_params_low_ISI_acqm.zip,chip20380,Retrosplenial Cortex
2625.0,1260.0,2024-02-03-T100000-chip20380_params_params_low_ISI_acqm.zip,chip20380,Retrosplenial Cortex
2590.0,1067.5,2024-02-03-T100000-chip20380_params_params_low_ISI_acqm.zip,chip20380,Retrosplenial Cortex
2555.0,962.5,2024-02-03-T100000-chip20380_params_params_low_ISI_acqm.zip,chip20380,Retrosplenial Cortex
787.5,1662.5,2024-02-03-T100000-chip20380_params_params_low_ISI_acqm.zip,chip20380,Septum
2642.5,1032.5,2024-02-03-T100000-chip20380_params_params_low_ISI_acqm.zip,chip20380,Retrosplenial Cortex
2502.5,1207.5,2024-02-03-T100000-chip20380_params_params_low_ISI_acqm.zip,chip20380,Retrosplenial Cortex
2660.0,1102.5,2024-02-03-T100000-chip20380_params_params_low_ISI_acqm.zip,chip20380,Retrosplenial Cortex
542.5,52.5,2024-02-03-T100000-chip20380_params_params_low_ISI_acqm.zip,chip20380,Striatum
2677.5,1067.5,2024-02-03-T100000-chip20380_params_params_low_ISI_acqm.zip,chip20380,Retrosplenial Cortex
2747.5,1295.0,2024-02-03-T100000-chip20380_params_params_low_ISI_acqm.zip,chip20380,Retrosplenial Cortex
2712.5,1242.5,2024-02-03-T100000-chip20380_params_params_low_ISI_acqm.zip,chip20380,Retrosplenial Cortex
770.0,1627.5,2024-02-03-T100000-chip20380_params_params_low_ISI_acqm.zip,chip20380,Septum
2607.5,1155.0,2024-02-03-T100000-chip20380_params_params_low_ISI_acqm.zip,chip20380,Retrosplenial Cortex
2642.5,1102.5,2024-02-03-T100000-chip20380_params_params_low_ISI_acqm.zip,chip20380,Retrosplenial Cortex
2572.5,1242.5,2024-02-03-T100000-chip20380_params_params_low_ISI_acqm.zip,chip20380,Retrosplenial Cortex
2695.0,1137.5,2024-02-03-T100000-chip20380_params_params_low_ISI_acqm.zip,chip20380,Retrosplenial Cortex
840.0,1540.0,2024-02-03-T100000-chip20380_params_params_low_ISI_acqm.zip,chip20380,Septum
2677.5,1050.0,2024-02-03-T100000-chip20380_params_params_low_ISI_acqm.zip,chip20380,Retrosplenial Cortex
2695.0,1120.0,2024-02-03-T100000-chip20380_params_params_low_ISI_acqm.zip,chip20380,Retrosplenial Cortex
2695.0,1207.5,2024-02-03-T100000-chip20380_params_params_low_ISI_acqm.zip,chip20380,Retrosplenial Cortex
2695.0,1242.5,2024-02-03-T100000-chip20380_params_params_low_ISI_acqm.zip,chip20380,Retrosplenial Cortex
2712.5,1067.5,2024-02-03-T100000-chip20380_params_params_low_ISI_acqm.zip,chip20380,Retrosplenial Cortex
822.5,1347.5,2024-02-03-T100000-chip20380_params_params_low_ISI_acqm.zip,chip20380,Septum
2712.5,1120.0,2024-02-03-T100000-chip20380_params_params_low_ISI_acqm.zip,chip20380,Retrosplenial Cortex
2590.0,1732.5,2024-02-03-T100000-chip20380_params_params_low_ISI_acqm.zip,chip20380,Unknown
927.5,1470.0,2024-02-03-T100000-chip20380_params_params_low_ISI_acqm.zip,chip20380,Septum
875.0,1487.5,2024-02-03-T100000-chip20380_params_params_low_ISI_acqm.zip,chip20380,Septum
875.0,1487.5,2024-02-03-T100000-chip20380_params_params_low_ISI_acqm.zip,chip20380,Septum
2520.0,1260.0,2024-02-03-T100000-chip20380_params_params_low_ISI_acqm.zip,chip20380,Retrosplenial Cortex
2695.0,1067.5,2024-02-03-T100000-chip20380_params_params_low_ISI_acqm.zip,chip20380,Retrosplenial Cortex
2590.0,1120.0,2024-02-03-T100000-chip20380_params_params_low_ISI_acqm.zip,chip20380,Retrosplenial Cortex
2625.0,1207.5,2024-02-03-T100000-chip20380_params_params_low_ISI_acqm.zip,chip20380,Retrosplenial Cortex
2695.0,1312.5,2024-02-03-T100000-chip20380_params_params_low_ISI_acqm.zip,chip20380,Retrosplenial Cortex
2677.5,1172.5,2024-02-03-T100000-chip20380_params_params_low_ISI_acqm.zip,chip20380,Retrosplenial Cortex
2730.0,1190.0,2024-02-03-T100000-chip20380_params_params_low_ISI_acqm.zip,chip20380,Retrosplenial Cortex
1680.0,350.0,2024-02-03-T100000-chip20380_params_params_low_ISI_acqm.zip,chip20380,Unknown
2660.0,1172.5,2024-02-03-T100000-chip20380_params_params_low_ISI_acqm.zip,chip20380,Retrosplenial Cortex
2660.0,1172.5,2024-02-03-T100000-chip20380_params_params_low_ISI_acqm.zip,chip20380,Retrosplenial Cortex
2590.0,1085.0,2024-02-03-T100000-chip20380_params_params_low_ISI_acqm.zip,chip20380,Retrosplenial Cortex
2642.5,1260.0,2024-02-03-T100000-chip20380_params_params_low_ISI_acqm.zip,chip20380,Retrosplenial Cortex
2590.0,997.5,2024-02-03-T100000-chip20380_params_params_low_ISI_acqm.zip,chip20380,Retrosplenial Cortex
2660.0,1032.5,2024-02-03-T100000-chip20380_params_params_low_ISI_acqm.zip,chip20380,Retrosplenial Cortex
2642.5,1015.0,2024-02-03-T100000-chip20380_params_params_low_ISI_acqm.zip,chip20380,Retrosplenial Cortex
2625.0,1207.5,2024-02-03-T100000-chip20380_params_params_low_ISI_acqm.zip,chip20380,Retrosplenial Cortex
2537.5,1260.0,2024-02-03-T100000-chip20380_params_params_low_ISI_acqm.zip,chip20380,Retrosplenial Cortex
2695.0,1120.0,2024-02-03-T100000-chip20380_params_params_low_ISI_acqm.zip,chip20380,Retrosplenial Cortex
2730.0,1155.0,2024-02-03-T100000-chip20380_params_params_low_ISI_acqm.zip,chip20380,Retrosplenial Cortex
2712.5,1120.0,2024-02-03-T100000-chip20380_params_params_low_ISI_acqm.zip,chip20380,Retrosplenial Cortex
2607.5,1242.5,2024-02-03-T100000-chip20380_params_params_low_ISI_acqm.zip,chip20380,Retrosplenial Cortex
2642.5,980.0,2024-02-03-T100000-chip20380_params_params_low_ISI_acqm.zip,chip20380,Retrosplenial Cortex
2695.0,1085.0,2024-02-03-T100000-chip20380_params_params_low_ISI_acqm.zip,chip20380,Retrosplenial Cortex
2660.0,1120.0,2024-02-03-T110000-chip20380_params_params_low_ISI_acqm.zip,chip20380,Retrosplenial Cortex
2695.0,1137.5,2024-02-03-T110000-chip20380_params_params_low_ISI_acqm.zip,chip20380,Retrosplenial Cortex
2695.0,1120.0,2024-02-03-T110000-chip20380_params_params_low_ISI_acqm.zip,chip20380,Retrosplenial Cortex
735.0,1400.0,2024-02-03-T110000-chip20380_params_params_low_ISI_acqm.zip,chip20380,Septum
2747.5,1260.0,2024-02-03-T110000-chip20380_params_params_low_ISI_acqm.zip,chip20380,Retrosplenial Cortex
2660.0,1225.0,2024-02-03-T110000-chip20380_params_params_low_ISI_acqm.zip,chip20380,Retrosplenial Cortex
717.5,1225.0,2024-02-03-T110000-chip20380_params_params_low_ISI_acqm.zip,chip20380,Septum
2502.5,1225.0,2024-02-03-T110000-chip20380_params_params_low_ISI_acqm.zip,chip20380,Retrosplenial Cortex
2660.0,1067.5,2024-02-03-T110000-chip20380_params_params_low_ISI_acqm.zip,chip20380,Retrosplenial Cortex
752.5,1347.5,2024-02-03-T110000-chip20380_params_params_low_ISI_acqm.zip,chip20380,Septum
2467.5,980.0,2024-02-03-T110000-chip20380_params_params_low_ISI_acqm.zip,chip20380,Retrosplenial Cortex
2642.5,1242.5,2024-02-03-T110000-chip20380_params_params_low_ISI_acqm.zip,chip20380,Retrosplenial Cortex
735.0,1400.0,2024-02-03-T110000-chip20380_params_params_low_ISI_acqm.zip,chip20380,Septum
787.5,1627.5,2024-02-03-T110000-chip20380_params_params_low_ISI_acqm.zip,chip20380,Septum
805.0,1365.0,2024-02-03-T110000-chip20380_params_params_low_ISI_acqm.zip,chip20380,Septum
2537.5,1260.0,2024-02-03-T110000-chip20380_params_params_low_ISI_acqm.zip,chip20380,Retrosplenial Cortex
2660.0,1155.0,2024-02-03-T110000-chip20380_params_params_low_ISI_acqm.zip,chip20380,Retrosplenial Cortex
2695.0,1207.5,2024-02-03-T110000-chip20380_params_params_low_ISI_acqm.zip,chip20380,Retrosplenial Cortex
2660.0,1242.5,2024-02-03-T110000-chip20380_params_params_low_ISI_acqm.zip,chip20380,Retrosplenial Cortex
2660.0,1242.5,2024-02-03-T110000-chip20380_params_params_low_ISI_acqm.zip,chip20380,Retrosplenial Cortex
2695.0,1172.5,2024-02-03-T110000-chip20380_params_params_low_ISI_acqm.zip,chip20380,Retrosplenial Cortex
752.5,1540.0,2024-02-03-T110000-chip20380_params_params_low_ISI_acqm.zip,chip20380,Septum
2660.0,1225.0,2024-02-03-T110000-chip20380_params_params_low_ISI_acqm.zip,chip20380,Retrosplenial Cortex
2747.5,1330.0,2024-02-03-T110000-chip20380_params_params_low_ISI_acqm.zip,chip20380,Retrosplenial Cortex
2677.5,1155.0,2024-02-03-T110000-chip20380_params_params_low_ISI_acqm.zip,chip20380,Retrosplenial Cortex
2677.5,1137.5,2024-02-03-T110000-chip20380_params_params_low_ISI_acqm.zip,chip20380,Retrosplenial Cortex
2590.0,1085.0,2024-02-03-T110000-chip20380_params_params_low_ISI_acqm.zip,chip20380,Retrosplenial Cortex
787.5,1662.5,2024-02-03-T110000-chip20380_params_params_low_ISI_acqm.zip,chip20380,Septum
2660.0,1032.5,2024-02-03-T110000-chip20380_params_params_low_ISI_acqm.zip,chip20380,Retrosplenial Cortex
2607.5,1015.0,2024-02-03-T110000-chip20380_params_params_low_ISI_acqm.zip,chip20380,Retrosplenial Cortex
2677.5,980.0,2024-02-03-T110000-chip20380_params_params_low_ISI_acqm.zip,chip20380,Retrosplenial Cortex
542.5,52.5,2024-02-03-T110000-chip20380_params_params_low_ISI_acqm.zip,chip20380,Striatum
2677.5,1067.5,2024-02-03-T110000-chip20380_params_params_low_ISI_acqm.zip,chip20380,Retrosplenial Cortex
2712.5,1242.5,2024-02-03-T110000-chip20380_params_params_low_ISI_acqm.zip,chip20380,Retrosplenial Cortex
770.0,1627.5,2024-02-03-T110000-chip20380_params_params_low_ISI_acqm.zip,chip20380,Septum
735.0,1400.0,2024-02-03-T110000-chip20380_params_params_low_ISI_acqm.zip,chip20380,Septum
2642.5,1190.0,2024-02-03-T110000-chip20380_params_params_low_ISI_acqm.zip,chip20380,Retrosplenial Cortex
2625.0,1190.0,2024-02-03-T110000-chip20380_params_params_low_ISI_acqm.zip,chip20380,Retrosplenial Cortex
2572.5,1242.5,2024-02-03-T110000-chip20380_params_params_low_ISI_acqm.zip,chip20380,Retrosplenial Cortex
2660.0,1032.5,2024-02-03-T110000-chip20380_params_params_low_ISI_acqm.zip,chip20380,Retrosplenial Cortex
875.0,1592.5,2024-02-03-T110000-chip20380_params_params_low_ISI_acqm.zip,chip20380,Septum
2695.0,1120.0,2024-02-03-T110000-chip20380_params_params_low_ISI_acqm.zip,chip20380,Retrosplenial Cortex
805.0,1365.0,2024-02-03-T110000-chip20380_params_params_low_ISI_acqm.zip,chip20380,Septum
840.0,1382.5,2024-02-03-T110000-chip20380_params_params_low_ISI_acqm.zip,chip20380,Septum
2695.0,1120.0,2024-02-03-T110000-chip20380_params_params_low_ISI_acqm.zip,chip20380,Retrosplenial Cortex
2555.0,1120.0,2024-02-03-T110000-chip20380_params_params_low_ISI_acqm.zip,chip20380,Retrosplenial Cortex
2555.0,1120.0,2024-02-03-T110000-chip20380_params_params_low_ISI_acqm.zip,chip20380,Retrosplenial Cortex
2590.0,1732.5,2024-02-03-T110000-chip20380_params_params_low_ISI_acqm.zip,chip20380,Unknown
2695.0,1067.5,2024-02-03-T110000-chip20380_params_params_low_ISI_acqm.zip,chip20380,Retrosplenial Cortex
2555.0,1277.5,2024-02-03-T110000-chip20380_params_params_low_ISI_acqm.zip,chip20380,Retrosplenial Cortex
910.0,1487.5,2024-02-03-T110000-chip20380_params_params_low_ISI_acqm.zip,chip20380,Septum
2555.0,962.5,2024-02-03-T110000-chip20380_params_params_low_ISI_acqm.zip,chip20380,Retrosplenial Cortex
2677.5,1067.5,2024-02-03-T110000-chip20380_params_params_low_ISI_acqm.zip,chip20380,Retrosplenial Cortex
2520.0,1260.0,2024-02-03-T110000-chip20380_params_params_low_ISI_acqm.zip,chip20380,Retrosplenial Cortex
2695.0,1085.0,2024-02-03-T110000-chip20380_params_params_low_ISI_acqm.zip,chip20380,Retrosplenial Cortex
2677.5,1032.5,2024-02-03-T110000-chip20380_params_params_low_ISI_acqm.zip,chip20380,Retrosplenial Cortex
2590.0,1120.0,2024-02-03-T110000-chip20380_params_params_low_ISI_acqm.zip,chip20380,Retrosplenial Cortex
2730.0,1190.0,2024-02-03-T110000-chip20380_params_params_low_ISI_acqm.zip,chip20380,Retrosplenial Cortex
1680.0,350.0,2024-02-03-T110000-chip20380_params_params_low_ISI_acqm.zip,chip20380,Unknown
2537.5,1260.0,2024-02-03-T110000-chip20380_params_params_low_ISI_acqm.zip,chip20380,Retrosplenial Cortex
2660.0,1172.5,2024-02-03-T110000-chip20380_params_params_low_ISI_acqm.zip,chip20380,Retrosplenial Cortex
2642.5,1242.5,2024-02-03-T110000-chip20380_params_params_low_ISI_acqm.zip,chip20380,Retrosplenial Cortex
2590.0,1067.5,2024-02-03-T110000-chip20380_params_params_low_ISI_acqm.zip,chip20380,Retrosplenial Cortex
2590.0,997.5,2024-02-03-T110000-chip20380_params_params_low_ISI_acqm.zip,chip20380,Retrosplenial Cortex
2642.5,1032.5,2024-02-03-T110000-chip20380_params_params_low_ISI_acqm.zip,chip20380,Retrosplenial Cortex
2642.5,1102.5,2024-02-03-T110000-chip20380_params_params_low_ISI_acqm.zip,chip20380,Retrosplenial Cortex
2660.0,1120.0,2024-02-03-T110000-chip20380_params_params_low_ISI_acqm.zip,chip20380,Retrosplenial Cortex
2625.0,1207.5,2024-02-03-T110000-chip20380_params_params_low_ISI_acqm.zip,chip20380,Retrosplenial Cortex
2730.0,1155.0,2024-02-03-T110000-chip20380_params_params_low_ISI_acqm.zip,chip20380,Retrosplenial Cortex
2695.0,1242.5,2024-02-03-T110000-chip20380_params_params_low_ISI_acqm.zip,chip20380,Retrosplenial Cortex
2695.0,1067.5,2024-02-03-T110000-chip20380_params_params_low_ISI_acqm.zip,chip20380,Retrosplenial Cortex
2642.5,1050.0,2024-02-03-T110000-chip20380_params_params_low_ISI_acqm.zip,chip20380,Retrosplenial Cortex
2695.0,1312.5,2024-02-03-T110000-chip20380_params_params_low_ISI_acqm.zip,chip20380,Retrosplenial Cortex
2642.5,980.0,2024-02-03-T110000-chip20380_params_params_low_ISI_acqm.zip,chip20380,Retrosplenial Cortex
2537.5,1260.0,2024-02-03-T110000-chip20380_params_params_low_ISI_acqm.zip,chip20380,Retrosplenial Cortex
2642.5,1015.0,2024-02-03-T110000-chip20380_params_params_low_ISI_acqm.zip,chip20380,Retrosplenial Cortex
2590.0,1155.0,2024-02-03-T110000-chip20380_params_params_low_ISI_acqm.zip,chip20380,Retrosplenial Cortex
2695.0,1260.0,2024-02-03-T110000-chip20380_params_params_low_ISI_acqm.zip,chip20380,Retrosplenial Cortex
2747.5,1155.0,2024-02-03-T120000-chip20380_params_params_low_ISI_acqm.zip,chip20380,Retrosplenial Cortex
2695.0,1120.0,2024-02-03-T120000-chip20380_params_params_low_ISI_acqm.zip,chip20380,Retrosplenial Cortex
2712.5,1225.0,2024-02-03-T120000-chip20380_params_params_low_ISI_acqm.zip,chip20380,Retrosplenial Cortex
875.0,1487.5,2024-02-03-T120000-chip20380_params_params_low_ISI_acqm.zip,chip20380,Septum
2747.5,1260.0,2024-02-03-T120000-chip20380_params_params_low_ISI_acqm.zip,chip20380,Retrosplenial Cortex
2695.0,1032.5,2024-02-03-T120000-chip20380_params_params_low_ISI_acqm.zip,chip20380,Retrosplenial Cortex
840.0,1382.5,2024-02-03-T120000-chip20380_params_params_low_ISI_acqm.zip,chip20380,Septum
2660.0,1225.0,2024-02-03-T120000-chip20380_params_params_low_ISI_acqm.zip,chip20380,Retrosplenial Cortex
717.5,1225.0,2024-02-03-T120000-chip20380_params_params_low_ISI_acqm.zip,chip20380,Septum
2572.5,1155.0,2024-02-03-T120000-chip20380_params_params_low_ISI_acqm.zip,chip20380,Retrosplenial Cortex
752.5,1347.5,2024-02-03-T120000-chip20380_params_params_low_ISI_acqm.zip,chip20380,Septum
2467.5,980.0,2024-02-03-T120000-chip20380_params_params_low_ISI_acqm.zip,chip20380,Retrosplenial Cortex
2590.0,1277.5,2024-02-03-T120000-chip20380_params_params_low_ISI_acqm.zip,chip20380,Retrosplenial Cortex
735.0,1400.0,2024-02-03-T120000-chip20380_params_params_low_ISI_acqm.zip,chip20380,Septum
2730.0,1295.0,2024-02-03-T120000-chip20380_params_params_low_ISI_acqm.zip,chip20380,Retrosplenial Cortex
787.5,1627.5,2024-02-03-T120000-chip20380_params_params_low_ISI_acqm.zip,chip20380,Septum
805.0,1365.0,2024-02-03-T120000-chip20380_params_params_low_ISI_acqm.zip,chip20380,Septum
2520.0,1260.0,2024-02-03-T120000-chip20380_params_params_low_ISI_acqm.zip,chip20380,Retrosplenial Cortex
2520.0,1137.5,2024-02-03-T120000-chip20380_params_params_low_ISI_acqm.zip,chip20380,Retrosplenial Cortex
2660.0,1172.5,2024-02-03-T120000-chip20380_params_params_low_ISI_acqm.zip,chip20380,Retrosplenial Cortex
2642.5,1242.5,2024-02-03-T120000-chip20380_params_params_low_ISI_acqm.zip,chip20380,Retrosplenial Cortex
2660.0,1242.5,2024-02-03-T120000-chip20380_params_params_low_ISI_acqm.zip,chip20380,Retrosplenial Cortex
770.0,1540.0,2024-02-03-T120000-chip20380_params_params_low_ISI_acqm.zip,chip20380,Septum
2747.5,1330.0,2024-02-03-T120000-chip20380_params_params_low_ISI_acqm.zip,chip20380,Retrosplenial Cortex
2677.5,1155.0,2024-02-03-T120000-chip20380_params_params_low_ISI_acqm.zip,chip20380,Retrosplenial Cortex
2677.5,1155.0,2024-02-03-T120000-chip20380_params_params_low_ISI_acqm.zip,chip20380,Retrosplenial Cortex
2730.0,1242.5,2024-02-03-T120000-chip20380_params_params_low_ISI_acqm.zip,chip20380,Retrosplenial Cortex
2590.0,1085.0,2024-02-03-T120000-chip20380_params_params_low_ISI_acqm.zip,chip20380,Retrosplenial Cortex
2555.0,962.5,2024-02-03-T120000-chip20380_params_params_low_ISI_acqm.zip,chip20380,Retrosplenial Cortex
787.5,1662.5,2024-02-03-T120000-chip20380_params_params_low_ISI_acqm.zip,chip20380,Septum
2607.5,1155.0,2024-02-03-T120000-chip20380_params_params_low_ISI_acqm.zip,chip20380,Retrosplenial Cortex
542.5,52.5,2024-02-03-T120000-chip20380_params_params_low_ISI_acqm.zip,chip20380,Striatum
2660.0,1120.0,2024-02-03-T120000-chip20380_params_params_low_ISI_acqm.zip,chip20380,Retrosplenial Cortex
2747.5,1295.0,2024-02-03-T120000-chip20380_params_params_low_ISI_acqm.zip,chip20380,Retrosplenial Cortex
2712.5,1242.5,2024-02-03-T120000-chip20380_params_params_low_ISI_acqm.zip,chip20380,Retrosplenial Cortex
770.0,1627.5,2024-02-03-T120000-chip20380_params_params_low_ISI_acqm.zip,chip20380,Septum
2695.0,1242.5,2024-02-03-T120000-chip20380_params_params_low_ISI_acqm.zip,chip20380,Retrosplenial Cortex
2642.5,1102.5,2024-02-03-T120000-chip20380_params_params_low_ISI_acqm.zip,chip20380,Retrosplenial Cortex
2555.0,1120.0,2024-02-03-T120000-chip20380_params_params_low_ISI_acqm.zip,chip20380,Retrosplenial Cortex
2642.5,1015.0,2024-02-03-T120000-chip20380_params_params_low_ISI_acqm.zip,chip20380,Retrosplenial Cortex
840.0,1540.0,2024-02-03-T120000-chip20380_params_params_low_ISI_acqm.zip,chip20380,Septum
2730.0,1155.0,2024-02-03-T120000-chip20380_params_params_low_ISI_acqm.zip,chip20380,Retrosplenial Cortex
2695.0,1207.5,2024-02-03-T120000-chip20380_params_params_low_ISI_acqm.zip,chip20380,Retrosplenial Cortex
735.0,1417.5,2024-02-03-T120000-chip20380_params_params_low_ISI_acqm.zip,chip20380,Septum
735.0,1400.0,2024-02-03-T120000-chip20380_params_params_low_ISI_acqm.zip,chip20380,Septum
805.0,1365.0,2024-02-03-T120000-chip20380_params_params_low_ISI_acqm.zip,chip20380,Septum
840.0,1382.5,2024-02-03-T120000-chip20380_params_params_low_ISI_acqm.zip,chip20380,Septum
2712.5,1120.0,2024-02-03-T120000-chip20380_params_params_low_ISI_acqm.zip,chip20380,Retrosplenial Cortex
2590.0,1732.5,2024-02-03-T120000-chip20380_params_params_low_ISI_acqm.zip,chip20380,Unknown
2642.5,1050.0,2024-02-03-T120000-chip20380_params_params_low_ISI_acqm.zip,chip20380,Retrosplenial Cortex
2555.0,1277.5,2024-02-03-T120000-chip20380_params_params_low_ISI_acqm.zip,chip20380,Retrosplenial Cortex
2607.5,1015.0,2024-02-03-T120000-chip20380_params_params_low_ISI_acqm.zip,chip20380,Retrosplenial Cortex
2520.0,1260.0,2024-02-03-T120000-chip20380_params_params_low_ISI_acqm.zip,chip20380,Retrosplenial Cortex
2590.0,1120.0,2024-02-03-T120000-chip20380_params_params_low_ISI_acqm.zip,chip20380,Retrosplenial Cortex
2642.5,1207.5,2024-02-03-T120000-chip20380_params_params_low_ISI_acqm.zip,chip20380,Retrosplenial Cortex
2695.0,1172.5,2024-02-03-T120000-chip20380_params_params_low_ISI_acqm.zip,chip20380,Retrosplenial Cortex
2730.0,1190.0,2024-02-03-T120000-chip20380_params_params_low_ISI_acqm.zip,chip20380,Retrosplenial Cortex
1680.0,350.0,2024-02-03-T120000-chip20380_params_params_low_ISI_acqm.zip,chip20380,Unknown
2502.5,1225.0,2024-02-03-T120000-chip20380_params_params_low_ISI_acqm.zip,chip20380,Retrosplenial Cortex
2695.0,1120.0,2024-02-03-T120000-chip20380_params_params_low_ISI_acqm.zip,chip20380,Retrosplenial Cortex
2695.0,1032.5,2024-02-03-T120000-chip20380_params_params_low_ISI_acqm.zip,chip20380,Retrosplenial Cortex
875.0,1487.5,2024-02-03-T120000-chip20380_params_params_low_ISI_acqm.zip,chip20380,Septum
2642.5,1260.0,2024-02-03-T120000-chip20380_params_params_low_ISI_acqm.zip,chip20380,Retrosplenial Cortex
2485.0,1102.5,2024-02-03-T120000-chip20380_params_params_low_ISI_acqm.zip,chip20380,Retrosplenial Cortex
2695.0,1137.5,2024-02-03-T120000-chip20380_params_params_low_ISI_acqm.zip,chip20380,Retrosplenial Cortex
2677.5,1155.0,2024-02-03-T120000-chip20380_params_params_low_ISI_acqm.zip,chip20380,Retrosplenial Cortex
2590.0,1067.5,2024-02-03-T120000-chip20380_params_params_low_ISI_acqm.zip,chip20380,Retrosplenial Cortex
2590.0,1732.5,2024-02-03-T120000-chip20380_params_params_low_ISI_acqm.zip,chip20380,Unknown
2625.0,1207.5,2024-02-03-T120000-chip20380_params_params_low_ISI_acqm.zip,chip20380,Retrosplenial Cortex
2660.0,1032.5,2024-02-03-T120000-chip20380_params_params_low_ISI_acqm.zip,chip20380,Retrosplenial Cortex
2502.5,1207.5,2024-02-03-T120000-chip20380_params_params_low_ISI_acqm.zip,chip20380,Retrosplenial Cortex
2695.0,1085.0,2024-02-03-T120000-chip20380_params_params_low_ISI_acqm.zip,chip20380,Retrosplenial Cortex
2607.5,1242.5,2024-02-03-T120000-chip20380_params_params_low_ISI_acqm.zip,chip20380,Retrosplenial Cortex
2695.0,1312.5,2024-02-03-T120000-chip20380_params_params_low_ISI_acqm.zip,chip20380,Retrosplenial Cortex
2642.5,980.0,2024-02-03-T120000-chip20380_params_params_low_ISI_acqm.zip,chip20380,Retrosplenial Cortex
2642.5,1207.5,2024-02-03-T120000-chip20380_params_params_low_ISI_acqm.zip,chip20380,Retrosplenial Cortex
2660.0,1102.5,2024-02-03-T120000-chip20380_params_params_low_ISI_acqm.zip,chip20380,Retrosplenial Cortex
2590.0,1732.5,2024-02-03-T120000-chip20380_params_params_low_ISI_acqm.zip,chip20380,Unknown
2660.0,1172.5,2024-02-03-T120000-chip20380_params_params_low_ISI_acqm.zip,chip20380,Retrosplenial Cortex
2677.5,1295.0,2024-02-03-T120000-chip20380_params_params_low_ISI_acqm.zip,chip20380,Retrosplenial Cortex
2747.5,1155.0,2024-02-03-T130000-chip20380_params_params_low_ISI_acqm.zip,chip20380,Retrosplenial Cortex
2660.0,1120.0,2024-02-03-T130000-chip20380_params_params_low_ISI_acqm.zip,chip20380,Retrosplenial Cortex
2747.5,1260.0,2024-02-03-T130000-chip20380_params_params_low_ISI_acqm.zip,chip20380,Retrosplenial Cortex
2660.0,1225.0,2024-02-03-T130000-chip20380_params_params_low_ISI_acqm.zip,chip20380,Retrosplenial Cortex
875.0,1505.0,2024-02-03-T130000-chip20380_params_params_low_ISI_acqm.zip,chip20380,Septum
717.5,1225.0,2024-02-03-T130000-chip20380_params_params_low_ISI_acqm.zip,chip20380,Septum
2590.0,1155.0,2024-02-03-T130000-chip20380_params_params_low_ISI_acqm.zip,chip20380,Retrosplenial Cortex
752.5,1347.5,2024-02-03-T130000-chip20380_params_params_low_ISI_acqm.zip,chip20380,Septum
2467.5,980.0,2024-02-03-T130000-chip20380_params_params_low_ISI_acqm.zip,chip20380,Retrosplenial Cortex
2537.5,1260.0,2024-02-03-T130000-chip20380_params_params_low_ISI_acqm.zip,chip20380,Retrosplenial Cortex
402.5,140.0,2024-02-03-T130000-chip20380_params_params_low_ISI_acqm.zip,chip20380,Striatum
735.0,1400.0,2024-02-03-T130000-chip20380_params_params_low_ISI_acqm.zip,chip20380,Septum
787.5,1627.5,2024-02-03-T130000-chip20380_params_params_low_ISI_acqm.zip,chip20380,Septum
805.0,1365.0,2024-02-03-T130000-chip20380_params_params_low_ISI_acqm.zip,chip20380,Septum
2660.0,1172.5,2024-02-03-T130000-chip20380_params_params_low_ISI_acqm.zip,chip20380,Retrosplenial Cortex
2642.5,1242.5,2024-02-03-T130000-chip20380_params_params_low_ISI_acqm.zip,chip20380,Retrosplenial Cortex
2695.0,1207.5,2024-02-03-T130000-chip20380_params_params_low_ISI_acqm.zip,chip20380,Retrosplenial Cortex
2660.0,1242.5,2024-02-03-T130000-chip20380_params_params_low_ISI_acqm.zip,chip20380,Retrosplenial Cortex
770.0,1540.0,2024-02-03-T130000-chip20380_params_params_low_ISI_acqm.zip,chip20380,Septum
2677.5,1155.0,2024-02-03-T130000-chip20380_params_params_low_ISI_acqm.zip,chip20380,Retrosplenial Cortex
2730.0,1242.5,2024-02-03-T130000-chip20380_params_params_low_ISI_acqm.zip,chip20380,Retrosplenial Cortex
2590.0,1085.0,2024-02-03-T130000-chip20380_params_params_low_ISI_acqm.zip,chip20380,Retrosplenial Cortex
2642.5,1260.0,2024-02-03-T130000-chip20380_params_params_low_ISI_acqm.zip,chip20380,Retrosplenial Cortex
2660.0,1295.0,2024-02-03-T130000-chip20380_params_params_low_ISI_acqm.zip,chip20380,Retrosplenial Cortex
2555.0,962.5,2024-02-03-T130000-chip20380_params_params_low_ISI_acqm.zip,chip20380,Retrosplenial Cortex
787.5,1662.5,2024-02-03-T130000-chip20380_params_params_low_ISI_acqm.zip,chip20380,Septum
2590.0,997.5,2024-02-03-T130000-chip20380_params_params_low_ISI_acqm.zip,chip20380,Retrosplenial Cortex
2677.5,980.0,2024-02-03-T130000-chip20380_params_params_low_ISI_acqm.zip,chip20380,Retrosplenial Cortex
542.5,52.5,2024-02-03-T130000-chip20380_params_params_low_ISI_acqm.zip,chip20380,Striatum
2712.5,1172.5,2024-02-03-T130000-chip20380_params_params_low_ISI_acqm.zip,chip20380,Retrosplenial Cortex
2747.5,1295.0,2024-02-03-T130000-chip20380_params_params_low_ISI_acqm.zip,chip20380,Retrosplenial Cortex
770.0,1627.5,2024-02-03-T130000-chip20380_params_params_low_ISI_acqm.zip,chip20380,Septum
2642.5,1190.0,2024-02-03-T130000-chip20380_params_params_low_ISI_acqm.zip,chip20380,Retrosplenial Cortex
2642.5,1102.5,2024-02-03-T130000-chip20380_params_params_low_ISI_acqm.zip,chip20380,Retrosplenial Cortex
2677.5,1155.0,2024-02-03-T130000-chip20380_params_params_low_ISI_acqm.zip,chip20380,Retrosplenial Cortex
2642.5,1015.0,2024-02-03-T130000-chip20380_params_params_low_ISI_acqm.zip,chip20380,Retrosplenial Cortex
840.0,1540.0,2024-02-03-T130000-chip20380_params_params_low_ISI_acqm.zip,chip20380,Septum
2695.0,1120.0,2024-02-03-T130000-chip20380_params_params_low_ISI_acqm.zip,chip20380,Retrosplenial Cortex
2730.0,1155.0,2024-02-03-T130000-chip20380_params_params_low_ISI_acqm.zip,chip20380,Retrosplenial Cortex
752.5,1382.5,2024-02-03-T130000-chip20380_params_params_low_ISI_acqm.zip,chip20380,Septum
2695.0,1120.0,2024-02-03-T130000-chip20380_params_params_low_ISI_acqm.zip,chip20380,Retrosplenial Cortex
2502.5,1172.5,2024-02-03-T130000-chip20380_params_params_low_ISI_acqm.zip,chip20380,Retrosplenial Cortex
2590.0,1732.5,2024-02-03-T130000-chip20380_params_params_low_ISI_acqm.zip,chip20380,Unknown
2642.5,1050.0,2024-02-03-T130000-chip20380_params_params_low_ISI_acqm.zip,chip20380,Retrosplenial Cortex
2555.0,1277.5,2024-02-03-T130000-chip20380_params_params_low_ISI_acqm.zip,chip20380,Retrosplenial Cortex
752.5,1382.5,2024-02-03-T130000-chip20380_params_params_low_ISI_acqm.zip,chip20380,Septum
2607.5,1015.0,2024-02-03-T130000-chip20380_params_params_low_ISI_acqm.zip,chip20380,Retrosplenial Cortex
2607.5,1015.0,2024-02-03-T130000-chip20380_params_params_low_ISI_acqm.zip,chip20380,Retrosplenial Cortex
2677.5,1067.5,2024-02-03-T130000-chip20380_params_params_low_ISI_acqm.zip,chip20380,Retrosplenial Cortex
2590.0,1277.5,2024-02-03-T130000-chip20380_params_params_low_ISI_acqm.zip,chip20380,Retrosplenial Cortex
2520.0,1260.0,2024-02-03-T130000-chip20380_params_params_low_ISI_acqm.zip,chip20380,Retrosplenial Cortex
2695.0,1085.0,2024-02-03-T130000-chip20380_params_params_low_ISI_acqm.zip,chip20380,Retrosplenial Cortex
2677.5,1032.5,2024-02-03-T130000-chip20380_params_params_low_ISI_acqm.zip,chip20380,Retrosplenial Cortex
2660.0,1120.0,2024-02-03-T130000-chip20380_params_params_low_ISI_acqm.zip,chip20380,Retrosplenial Cortex
2590.0,1120.0,2024-02-03-T130000-chip20380_params_params_low_ISI_acqm.zip,chip20380,Retrosplenial Cortex
2695.0,1312.5,2024-02-03-T130000-chip20380_params_params_low_ISI_acqm.zip,chip20380,Retrosplenial Cortex
2642.5,980.0,2024-02-03-T130000-chip20380_params_params_low_ISI_acqm.zip,chip20380,Retrosplenial Cortex
2642.5,1207.5,2024-02-03-T130000-chip20380_params_params_low_ISI_acqm.zip,chip20380,Retrosplenial Cortex
2677.5,1155.0,2024-02-03-T130000-chip20380_params_params_low_ISI_acqm.zip,chip20380,Retrosplenial Cortex
2695.0,1277.5,2024-02-03-T130000-chip20380_params_params_low_ISI_acqm.zip,chip20380,Retrosplenial Cortex
2730.0,1190.0,2024-02-03-T130000-chip20380_params_params_low_ISI_acqm.zip,chip20380,Retrosplenial Cortex
1680.0,350.0,2024-02-03-T130000-chip20380_params_params_low_ISI_acqm.zip,chip20380,Unknown
2502.5,1207.5,2024-02-03-T130000-chip20380_params_params_low_ISI_acqm.zip,chip20380,Retrosplenial Cortex
2712.5,1347.5,2024-02-03-T130000-chip20380_params_params_low_ISI_acqm.zip,chip20380,Retrosplenial Cortex
2712.5,1137.5,2024-02-03-T130000-chip20380_params_params_low_ISI_acqm.zip,chip20380,Retrosplenial Cortex
2590.0,1067.5,2024-02-03-T130000-chip20380_params_params_low_ISI_acqm.zip,chip20380,Retrosplenial Cortex
2642.5,1190.0,2024-02-03-T130000-chip20380_params_params_low_ISI_acqm.zip,chip20380,Retrosplenial Cortex
2660.0,1032.5,2024-02-03-T130000-chip20380_params_params_low_ISI_acqm.zip,chip20380,Retrosplenial Cortex
2695.0,1225.0,2024-02-03-T130000-chip20380_params_params_low_ISI_acqm.zip,chip20380,Retrosplenial Cortex
2712.5,1120.0,2024-02-03-T130000-chip20380_params_params_low_ISI_acqm.zip,chip20380,Retrosplenial Cortex
2677.5,1067.5,2024-02-03-T130000-chip20380_params_params_low_ISI_acqm.zip,chip20380,Retrosplenial Cortex
2590.0,1260.0,2024-02-03-T130000-chip20380_params_params_low_ISI_acqm.zip,chip20380,Retrosplenial Cortex
2642.5,980.0,2024-02-03-T130000-chip20380_params_params_low_ISI_acqm.zip,chip20380,Retrosplenial Cortex
2677.5,1225.0,2024-02-03-T130000-chip20380_params_params_low_ISI_acqm.zip,chip20380,Retrosplenial Cortex
2607.5,1242.5,2024-02-03-T130000-chip20380_params_params_low_ISI_acqm.zip,chip20380,Retrosplenial Cortex
2590.0,1732.5,2024-02-03-T130000-chip20380_params_params_low_ISI_acqm.zip,chip20380,Unknown
2520.0,1085.0,2024-02-03-T130000-chip20380_params_params_low_ISI_acqm.zip,chip20380,Retrosplenial Cortex
787.5,1662.5,2024-02-03-T130000-chip20380_params_params_low_ISI_acqm.zip,chip20380,Septum
787.5,1662.5,2024-02-03-T130000-chip20380_params_params_low_ISI_acqm.zip,chip20380,Septum
2695.0,1137.5,2024-02-03-T140000-chip20380_params_params_low_ISI_acqm.zip,chip20380,Retrosplenial Cortex
857.5,1470.0,2024-02-03-T140000-chip20380_params_params_low_ISI_acqm.zip,chip20380,Septum
2747.5,1260.0,2024-02-03-T140000-chip20380_params_params_low_ISI_acqm.zip,chip20380,Retrosplenial Cortex
2695.0,1015.0,2024-02-03-T140000-chip20380_params_params_low_ISI_acqm.zip,chip20380,Retrosplenial Cortex
2712.5,1295.0,2024-02-03-T140000-chip20380_params_params_low_ISI_acqm.zip,chip20380,Retrosplenial Cortex
822.5,1347.5,2024-02-03-T140000-chip20380_params_params_low_ISI_acqm.zip,chip20380,Septum
2660.0,1225.0,2024-02-03-T140000-chip20380_params_params_low_ISI_acqm.zip,chip20380,Retrosplenial Cortex
752.5,1225.0,2024-02-03-T140000-chip20380_params_params_low_ISI_acqm.zip,chip20380,Septum
2642.5,1085.0,2024-02-03-T140000-chip20380_params_params_low_ISI_acqm.zip,chip20380,Retrosplenial Cortex
752.5,1347.5,2024-02-03-T140000-chip20380_params_params_low_ISI_acqm.zip,chip20380,Septum
2467.5,980.0,2024-02-03-T140000-chip20380_params_params_low_ISI_acqm.zip,chip20380,Retrosplenial Cortex
2590.0,1277.5,2024-02-03-T140000-chip20380_params_params_low_ISI_acqm.zip,chip20380,Retrosplenial Cortex
735.0,1400.0,2024-02-03-T140000-chip20380_params_params_low_ISI_acqm.zip,chip20380,Septum
787.5,1627.5,2024-02-03-T140000-chip20380_params_params_low_ISI_acqm.zip,chip20380,Septum
805.0,1365.0,2024-02-03-T140000-chip20380_params_params_low_ISI_acqm.zip,chip20380,Septum
857.5,1470.0,2024-02-03-T140000-chip20380_params_params_low_ISI_acqm.zip,chip20380,Septum
2660.0,1172.5,2024-02-03-T140000-chip20380_params_params_low_ISI_acqm.zip,chip20380,Retrosplenial Cortex
2642.5,1242.5,2024-02-03-T140000-chip20380_params_params_low_ISI_acqm.zip,chip20380,Retrosplenial Cortex
2660.0,1242.5,2024-02-03-T140000-chip20380_params_params_low_ISI_acqm.zip,chip20380,Retrosplenial Cortex
770.0,1540.0,2024-02-03-T140000-chip20380_params_params_low_ISI_acqm.zip,chip20380,Septum
2590.0,1085.0,2024-02-03-T140000-chip20380_params_params_low_ISI_acqm.zip,chip20380,Retrosplenial Cortex
2520.0,1085.0,2024-02-03-T140000-chip20380_params_params_low_ISI_acqm.zip,chip20380,Retrosplenial Cortex
2747.5,1330.0,2024-02-03-T140000-chip20380_params_params_low_ISI_acqm.zip,chip20380,Retrosplenial Cortex
2590.0,1067.5,2024-02-03-T140000-chip20380_params_params_low_ISI_acqm.zip,chip20380,Retrosplenial Cortex
2642.5,1242.5,2024-02-03-T140000-chip20380_params_params_low_ISI_acqm.zip,chip20380,Retrosplenial Cortex
2555.0,962.5,2024-02-03-T140000-chip20380_params_params_low_ISI_acqm.zip,chip20380,Retrosplenial Cortex
857.5,1470.0,2024-02-03-T140000-chip20380_params_params_low_ISI_acqm.zip,chip20380,Septum
2590.0,997.5,2024-02-03-T140000-chip20380_params_params_low_ISI_acqm.zip,chip20380,Retrosplenial Cortex
2677.5,1067.5,2024-02-03-T140000-chip20380_params_params_low_ISI_acqm.zip,chip20380,Retrosplenial Cortex
2660.0,1120.0,2024-02-03-T140000-chip20380_params_params_low_ISI_acqm.zip,chip20380,Retrosplenial Cortex
2747.5,1295.0,2024-02-03-T140000-chip20380_params_params_low_ISI_acqm.zip,chip20380,Retrosplenial Cortex
2712.5,1242.5,2024-02-03-T140000-chip20380_params_params_low_ISI_acqm.zip,chip20380,Retrosplenial Cortex
770.0,1627.5,2024-02-03-T140000-chip20380_params_params_low_ISI_acqm.zip,chip20380,Septum
2695.0,1277.5,2024-02-03-T140000-chip20380_params_params_low_ISI_acqm.zip,chip20380,Retrosplenial Cortex
2642.5,1190.0,2024-02-03-T140000-chip20380_params_params_low_ISI_acqm.zip,chip20380,Retrosplenial Cortex
2642.5,1102.5,2024-02-03-T140000-chip20380_params_params_low_ISI_acqm.zip,chip20380,Retrosplenial Cortex
2625.0,1207.5,2024-02-03-T140000-chip20380_params_params_low_ISI_acqm.zip,chip20380,Retrosplenial Cortex
2590.0,1260.0,2024-02-03-T140000-chip20380_params_params_low_ISI_acqm.zip,chip20380,Retrosplenial Cortex
2537.5,1260.0,2024-02-03-T140000-chip20380_params_params_low_ISI_acqm.zip,chip20380,Retrosplenial Cortex
2677.5,1137.5,2024-02-03-T140000-chip20380_params_params_low_ISI_acqm.zip,chip20380,Retrosplenial Cortex
2642.5,1015.0,2024-02-03-T140000-chip20380_params_params_low_ISI_acqm.zip,chip20380,Retrosplenial Cortex
840.0,1540.0,2024-02-03-T140000-chip20380_params_params_low_ISI_acqm.zip,chip20380,Septum
2695.0,1050.0,2024-02-03-T140000-chip20380_params_params_low_ISI_acqm.zip,chip20380,Retrosplenial Cortex
2695.0,1120.0,2024-02-03-T140000-chip20380_params_params_low_ISI_acqm.zip,chip20380,Retrosplenial Cortex
2730.0,1155.0,2024-02-03-T140000-chip20380_params_params_low_ISI_acqm.zip,chip20380,Retrosplenial Cortex
805.0,1365.0,2024-02-03-T140000-chip20380_params_params_low_ISI_acqm.zip,chip20380,Septum
2712.5,1120.0,2024-02-03-T140000-chip20380_params_params_low_ISI_acqm.zip,chip20380,Retrosplenial Cortex
542.5,52.5,2024-02-03-T140000-chip20380_params_params_low_ISI_acqm.zip,chip20380,Striatum
2555.0,1120.0,2024-02-03-T140000-chip20380_params_params_low_ISI_acqm.zip,chip20380,Retrosplenial Cortex
2625.0,1190.0,2024-02-03-T140000-chip20380_params_params_low_ISI_acqm.zip,chip20380,Retrosplenial Cortex
2590.0,1732.5,2024-02-03-T140000-chip20380_params_params_low_ISI_acqm.zip,chip20380,Unknown
2695.0,1067.5,2024-02-03-T140000-chip20380_params_params_low_ISI_acqm.zip,chip20380,Retrosplenial Cortex
910.0,1487.5,2024-02-03-T140000-chip20380_params_params_low_ISI_acqm.zip,chip20380,Septum
2537.5,1242.5,2024-02-03-T140000-chip20380_params_params_low_ISI_acqm.zip,chip20380,Retrosplenial Cortex
2520.0,1260.0,2024-02-03-T140000-chip20380_params_params_low_ISI_acqm.zip,chip20380,Retrosplenial Cortex
2677.5,1032.5,2024-02-03-T140000-chip20380_params_params_low_ISI_acqm.zip,chip20380,Retrosplenial Cortex
2625.0,1120.0,2024-02-03-T140000-chip20380_params_params_low_ISI_acqm.zip,chip20380,Retrosplenial Cortex
2642.5,980.0,2024-02-03-T140000-chip20380_params_params_low_ISI_acqm.zip,chip20380,Retrosplenial Cortex
2660.0,1120.0,2024-02-03-T140000-chip20380_params_params_low_ISI_acqm.zip,chip20380,Retrosplenial Cortex
2642.5,1207.5,2024-02-03-T140000-chip20380_params_params_low_ISI_acqm.zip,chip20380,Retrosplenial Cortex
2677.5,1172.5,2024-02-03-T140000-chip20380_params_params_low_ISI_acqm.zip,chip20380,Retrosplenial Cortex
2730.0,1190.0,2024-02-03-T140000-chip20380_params_params_low_ISI_acqm.zip,chip20380,Retrosplenial Cortex
2695.0,997.5,2024-02-03-T140000-chip20380_params_params_low_ISI_acqm.zip,chip20380,Retrosplenial Cortex
2695.0,1242.5,2024-02-03-T140000-chip20380_params_params_low_ISI_acqm.zip,chip20380,Retrosplenial Cortex
1680.0,350.0,2024-02-03-T140000-chip20380_params_params_low_ISI_acqm.zip,chip20380,Unknown
2502.5,1207.5,2024-02-03-T140000-chip20380_params_params_low_ISI_acqm.zip,chip20380,Retrosplenial Cortex
2642.5,1295.0,2024-02-03-T140000-chip20380_params_params_low_ISI_acqm.zip,chip20380,Retrosplenial Cortex
2660.0,1172.5,2024-02-03-T140000-chip20380_params_params_low_ISI_acqm.zip,chip20380,Retrosplenial Cortex
2712.5,1225.0,2024-02-03-T140000-chip20380_params_params_low_ISI_acqm.zip,chip20380,Retrosplenial Cortex
2730.0,1242.5,2024-02-03-T140000-chip20380_params_params_low_ISI_acqm.zip,chip20380,Retrosplenial Cortex
2555.0,962.5,2024-02-03-T140000-chip20380_params_params_low_ISI_acqm.zip,chip20380,Retrosplenial Cortex
2572.5,1242.5,2024-02-03-T140000-chip20380_params_params_low_ISI_acqm.zip,chip20380,Retrosplenial Cortex
2642.5,1050.0,2024-02-03-T140000-chip20380_params_params_low_ISI_acqm.zip,chip20380,Retrosplenial Cortex
2677.5,1207.5,2024-02-03-T140000-chip20380_params_params_low_ISI_acqm.zip,chip20380,Retrosplenial Cortex
2695.0,1120.0,2024-02-03-T140000-chip20380_params_params_low_ISI_acqm.zip,chip20380,Retrosplenial Cortex
2712.5,1050.0,2024-02-03-T140000-chip20380_params_params_low_ISI_acqm.zip,chip20380,Retrosplenial Cortex
2712.5,1120.0,2024-02-03-T140000-chip20380_params_params_low_ISI_acqm.zip,chip20380,Retrosplenial Cortex
2607.5,1172.5,2024-02-03-T140000-chip20380_params_params_low_ISI_acqm.zip,chip20380,Retrosplenial Cortex
2590.0,1732.5,2024-02-03-T140000-chip20380_params_params_low_ISI_acqm.zip,chip20380,Unknown
2590.0,1120.0,2024-02-03-T140000-chip20380_params_params_low_ISI_acqm.zip,chip20380,Retrosplenial Cortex
2695.0,1207.5,2024-02-03-T140000-chip20380_params_params_low_ISI_acqm.zip,chip20380,Retrosplenial Cortex
2747.5,1137.5,2024-02-03-T140000-chip20380_params_params_low_ISI_acqm.zip,chip20380,Retrosplenial Cortex
2730.0,1155.0,2024-02-03-T140000-chip20380_params_params_low_ISI_acqm.zip,chip20380,Retrosplenial Cortex
2660.0,1295.0,2024-02-03-T140000-chip20380_params_params_low_ISI_acqm.zip,chip20380,Retrosplenial Cortex
2660.0,1032.5,2024-02-03-T140000-chip20380_params_params_low_ISI_acqm.zip,chip20380,Retrosplenial Cortex
2695.0,1137.5,2024-02-03-T150000-chip20380_params_params_low_ISI_acqm.zip,chip20380,Retrosplenial Cortex
735.0,1417.5,2024-02-03-T150000-chip20380_params_params_low_ISI_acqm.zip,chip20380,Septum
2747.5,1260.0,2024-02-03-T150000-chip20380_params_params_low_ISI_acqm.zip,chip20380,Retrosplenial Cortex
2695.0,1032.5,2024-02-03-T150000-chip20380_params_params_low_ISI_acqm.zip,chip20380,Retrosplenial Cortex
2695.0,1277.5,2024-02-03-T150000-chip20380_params_params_low_ISI_acqm.zip,chip20380,Retrosplenial Cortex
2660.0,1225.0,2024-02-03-T150000-chip20380_params_params_low_ISI_acqm.zip,chip20380,Retrosplenial Cortex
752.5,1347.5,2024-02-03-T150000-chip20380_params_params_low_ISI_acqm.zip,chip20380,Septum
2467.5,980.0,2024-02-03-T150000-chip20380_params_params_low_ISI_acqm.zip,chip20380,Retrosplenial Cortex
2590.0,1277.5,2024-02-03-T150000-chip20380_params_params_low_ISI_acqm.zip,chip20380,Retrosplenial Cortex
402.5,140.0,2024-02-03-T150000-chip20380_params_params_low_ISI_acqm.zip,chip20380,Striatum
735.0,1400.0,2024-02-03-T150000-chip20380_params_params_low_ISI_acqm.zip,chip20380,Septum
787.5,1627.5,2024-02-03-T150000-chip20380_params_params_low_ISI_acqm.zip,chip20380,Septum
805.0,1365.0,2024-02-03-T150000-chip20380_params_params_low_ISI_acqm.zip,chip20380,Septum
2712.5,1330.0,2024-02-03-T150000-chip20380_params_params_low_ISI_acqm.zip,chip20380,Retrosplenial Cortex
735.0,1417.5,2024-02-03-T150000-chip20380_params_params_low_ISI_acqm.zip,chip20380,Septum
2712.5,1172.5,2024-02-03-T150000-chip20380_params_params_low_ISI_acqm.zip,chip20380,Retrosplenial Cortex
2660.0,1172.5,2024-02-03-T150000-chip20380_params_params_low_ISI_acqm.zip,chip20380,Retrosplenial Cortex
2607.5,1015.0,2024-02-03-T150000-chip20380_params_params_low_ISI_acqm.zip,chip20380,Retrosplenial Cortex
770.0,1540.0,2024-02-03-T150000-chip20380_params_params_low_ISI_acqm.zip,chip20380,Septum
2660.0,1207.5,2024-02-03-T150000-chip20380_params_params_low_ISI_acqm.zip,chip20380,Retrosplenial Cortex
2747.5,1330.0,2024-02-03-T150000-chip20380_params_params_low_ISI_acqm.zip,chip20380,Retrosplenial Cortex
2677.5,1155.0,2024-02-03-T150000-chip20380_params_params_low_ISI_acqm.zip,chip20380,Retrosplenial Cortex
2590.0,1067.5,2024-02-03-T150000-chip20380_params_params_low_ISI_acqm.zip,chip20380,Retrosplenial Cortex
2555.0,962.5,2024-02-03-T150000-chip20380_params_params_low_ISI_acqm.zip,chip20380,Retrosplenial Cortex
2555.0,962.5,2024-02-03-T150000-chip20380_params_params_low_ISI_acqm.zip,chip20380,Retrosplenial Cortex
735.0,1575.0,2024-02-03-T150000-chip20380_params_params_low_ISI_acqm.zip,chip20380,Septum
2590.0,997.5,2024-02-03-T150000-chip20380_params_params_low_ISI_acqm.zip,chip20380,Retrosplenial Cortex
2712.5,1120.0,2024-02-03-T150000-chip20380_params_params_low_ISI_acqm.zip,chip20380,Retrosplenial Cortex
2590.0,1732.5,2024-02-03-T150000-chip20380_params_params_low_ISI_acqm.zip,chip20380,Unknown
2677.5,980.0,2024-02-03-T150000-chip20380_params_params_low_ISI_acqm.zip,chip20380,Retrosplenial Cortex
542.5,52.5,2024-02-03-T150000-chip20380_params_params_low_ISI_acqm.zip,chip20380,Striatum
2677.5,1067.5,2024-02-03-T150000-chip20380_params_params_low_ISI_acqm.zip,chip20380,Retrosplenial Cortex
2660.0,1120.0,2024-02-03-T150000-chip20380_params_params_low_ISI_acqm.zip,chip20380,Retrosplenial Cortex
2747.5,1295.0,2024-02-03-T150000-chip20380_params_params_low_ISI_acqm.zip,chip20380,Retrosplenial Cortex
770.0,1627.5,2024-02-03-T150000-chip20380_params_params_low_ISI_acqm.zip,chip20380,Septum
2625.0,1172.5,2024-02-03-T150000-chip20380_params_params_low_ISI_acqm.zip,chip20380,Retrosplenial Cortex
2642.5,1207.5,2024-02-03-T150000-chip20380_params_params_low_ISI_acqm.zip,chip20380,Retrosplenial Cortex
2642.5,1102.5,2024-02-03-T150000-chip20380_params_params_low_ISI_acqm.zip,chip20380,Retrosplenial Cortex
2607.5,1120.0,2024-02-03-T150000-chip20380_params_params_low_ISI_acqm.zip,chip20380,Retrosplenial Cortex
2677.5,1137.5,2024-02-03-T150000-chip20380_params_params_low_ISI_acqm.zip,chip20380,Retrosplenial Cortex
2642.5,1015.0,2024-02-03-T150000-chip20380_params_params_low_ISI_acqm.zip,chip20380,Retrosplenial Cortex
2660.0,1032.5,2024-02-03-T150000-chip20380_params_params_low_ISI_acqm.zip,chip20380,Retrosplenial Cortex
840.0,1540.0,2024-02-03-T150000-chip20380_params_params_low_ISI_acqm.zip,chip20380,Septum
2695.0,1120.0,2024-02-03-T150000-chip20380_params_params_low_ISI_acqm.zip,chip20380,Retrosplenial Cortex
2695.0,1120.0,2024-02-03-T150000-chip20380_params_params_low_ISI_acqm.zip,chip20380,Retrosplenial Cortex
2730.0,1155.0,2024-02-03-T150000-chip20380_params_params_low_ISI_acqm.zip,chip20380,Retrosplenial Cortex
2677.5,1225.0,2024-02-03-T150000-chip20380_params_params_low_ISI_acqm.zip,chip20380,Retrosplenial Cortex
2712.5,1120.0,2024-02-03-T150000-chip20380_params_params_low_ISI_acqm.zip,chip20380,Retrosplenial Cortex
2502.5,1172.5,2024-02-03-T150000-chip20380_params_params_low_ISI_acqm.zip,chip20380,Retrosplenial Cortex
2555.0,1120.0,2024-02-03-T150000-chip20380_params_params_low_ISI_acqm.zip,chip20380,Retrosplenial Cortex
2590.0,1732.5,2024-02-03-T150000-chip20380_params_params_low_ISI_acqm.zip,chip20380,Unknown
910.0,1487.5,2024-02-03-T150000-chip20380_params_params_low_ISI_acqm.zip,chip20380,Septum
2520.0,1260.0,2024-02-03-T150000-chip20380_params_params_low_ISI_acqm.zip,chip20380,Retrosplenial Cortex
2695.0,1085.0,2024-02-03-T150000-chip20380_params_params_low_ISI_acqm.zip,chip20380,Retrosplenial Cortex
2590.0,1120.0,2024-02-03-T150000-chip20380_params_params_low_ISI_acqm.zip,chip20380,Retrosplenial Cortex
2642.5,997.5,2024-02-03-T150000-chip20380_params_params_low_ISI_acqm.zip,chip20380,Retrosplenial Cortex
2642.5,1207.5,2024-02-03-T150000-chip20380_params_params_low_ISI_acqm.zip,chip20380,Retrosplenial Cortex
2607.5,1242.5,2024-02-03-T150000-chip20380_params_params_low_ISI_acqm.zip,chip20380,Retrosplenial Cortex
2677.5,1172.5,2024-02-03-T150000-chip20380_params_params_low_ISI_acqm.zip,chip20380,Retrosplenial Cortex
2730.0,1190.0,2024-02-03-T150000-chip20380_params_params_low_ISI_acqm.zip,chip20380,Retrosplenial Cortex
1680.0,350.0,2024-02-03-T150000-chip20380_params_params_low_ISI_acqm.zip,chip20380,Unknown
2712.5,1295.0,2024-02-03-T150000-chip20380_params_params_low_ISI_acqm.zip,chip20380,Retrosplenial Cortex
875.0,1505.0,2024-02-03-T150000-chip20380_params_params_low_ISI_acqm.zip,chip20380,Septum
2660.0,1225.0,2024-02-03-T150000-chip20380_params_params_low_ISI_acqm.zip,chip20380,Retrosplenial Cortex
2712.5,1242.5,2024-02-03-T150000-chip20380_params_params_low_ISI_acqm.zip,chip20380,Retrosplenial Cortex
2590.0,997.5,2024-02-03-T150000-chip20380_params_params_low_ISI_acqm.zip,chip20380,Retrosplenial Cortex
2677.5,1067.5,2024-02-03-T150000-chip20380_params_params_low_ISI_acqm.zip,chip20380,Retrosplenial Cortex
2712.5,1242.5,2024-02-03-T150000-chip20380_params_params_low_ISI_acqm.zip,chip20380,Retrosplenial Cortex
2625.0,1207.5,2024-02-03-T150000-chip20380_params_params_low_ISI_acqm.zip,chip20380,Retrosplenial Cortex
2695.0,1207.5,2024-02-03-T150000-chip20380_params_params_low_ISI_acqm.zip,chip20380,Retrosplenial Cortex
2660.0,1015.0,2024-02-03-T150000-chip20380_params_params_low_ISI_acqm.zip,chip20380,Retrosplenial Cortex
2747.5,1137.5,2024-02-03-T150000-chip20380_params_params_low_ISI_acqm.zip,chip20380,Retrosplenial Cortex
2730.0,1137.5,2024-02-03-T150000-chip20380_params_params_low_ISI_acqm.zip,chip20380,Retrosplenial Cortex
2677.5,1312.5,2024-02-03-T150000-chip20380_params_params_low_ISI_acqm.zip,chip20380,Retrosplenial Cortex
2642.5,980.0,2024-02-03-T150000-chip20380_params_params_low_ISI_acqm.zip,chip20380,Retrosplenial Cortex
2590.0,1260.0,2024-02-03-T150000-chip20380_params_params_low_ISI_acqm.zip,chip20380,Retrosplenial Cortex
2502.5,1207.5,2024-02-03-T150000-chip20380_params_params_low_ISI_acqm.zip,chip20380,Retrosplenial Cortex
2730.0,1225.0,2024-02-03-T150000-chip20380_params_params_low_ISI_acqm.zip,chip20380,Retrosplenial Cortex
2607.5,1172.5,2024-02-03-T150000-chip20380_params_params_low_ISI_acqm.zip,chip20380,Retrosplenial Cortex
2695.0,1277.5,2024-02-03-T150000-chip20380_params_params_low_ISI_acqm.zip,chip20380,Retrosplenial Cortex
2660.0,1225.0,2024-02-03-T150000-chip20380_params_params_low_ISI_acqm.zip,chip20380,Retrosplenial Cortex
2642.5,1242.5,2024-02-03-T150000-chip20380_params_params_low_ISI_acqm.zip,chip20380,Retrosplenial Cortex
2677.5,1207.5,2024-02-03-T150000-chip20380_params_params_low_ISI_acqm.zip,chip20380,Retrosplenial Cortex
2677.5,1295.0,2024-02-03-T150000-chip20380_params_params_low_ISI_acqm.zip,chip20380,Retrosplenial Cortex
2485.0,1102.5,2024-02-03-T150000-chip20380_params_params_low_ISI_acqm.zip,chip20380,Retrosplenial Cortex
2677.5,1067.5,2024-02-03-T150000-chip20380_params_params_low_ISI_acqm.zip,chip20380,Retrosplenial Cortex
2625.0,1172.5,2024-02-03-T160000-chip20380_params_params_low_ISI_acqm.zip,chip20380,Retrosplenial Cortex
2695.0,1102.5,2024-02-03-T160000-chip20380_params_params_low_ISI_acqm.zip,chip20380,Retrosplenial Cortex
2660.0,1295.0,2024-02-03-T160000-chip20380_params_params_low_ISI_acqm.zip,chip20380,Retrosplenial Cortex
2747.5,1260.0,2024-02-03-T160000-chip20380_params_params_low_ISI_acqm.zip,chip20380,Retrosplenial Cortex
2695.0,1032.5,2024-02-03-T160000-chip20380_params_params_low_ISI_acqm.zip,chip20380,Retrosplenial Cortex
2660.0,1225.0,2024-02-03-T160000-chip20380_params_params_low_ISI_acqm.zip,chip20380,Retrosplenial Cortex
2572.5,1155.0,2024-02-03-T160000-chip20380_params_params_low_ISI_acqm.zip,chip20380,Retrosplenial Cortex
2660.0,1085.0,2024-02-03-T160000-chip20380_params_params_low_ISI_acqm.zip,chip20380,Retrosplenial Cortex
752.5,1347.5,2024-02-03-T160000-chip20380_params_params_low_ISI_acqm.zip,chip20380,Septum
2467.5,980.0,2024-02-03-T160000-chip20380_params_params_low_ISI_acqm.zip,chip20380,Retrosplenial Cortex
2590.0,1277.5,2024-02-03-T160000-chip20380_params_params_low_ISI_acqm.zip,chip20380,Retrosplenial Cortex
402.5,140.0,2024-02-03-T160000-chip20380_params_params_low_ISI_acqm.zip,chip20380,Striatum
735.0,1400.0,2024-02-03-T160000-chip20380_params_params_low_ISI_acqm.zip,chip20380,Septum
2607.5,1120.0,2024-02-03-T160000-chip20380_params_params_low_ISI_acqm.zip,chip20380,Retrosplenial Cortex
787.5,1627.5,2024-02-03-T160000-chip20380_params_params_low_ISI_acqm.zip,chip20380,Septum
805.0,1365.0,2024-02-03-T160000-chip20380_params_params_low_ISI_acqm.zip,chip20380,Septum
2555.0,1102.5,2024-02-03-T160000-chip20380_params_params_low_ISI_acqm.zip,chip20380,Retrosplenial Cortex
2642.5,1242.5,2024-02-03-T160000-chip20380_params_params_low_ISI_acqm.zip,chip20380,Retrosplenial Cortex
2660.0,1225.0,2024-02-03-T160000-chip20380_params_params_low_ISI_acqm.zip,chip20380,Retrosplenial Cortex
2607.5,1015.0,2024-02-03-T160000-chip20380_params_params_low_ISI_acqm.zip,chip20380,Retrosplenial Cortex
752.5,1557.5,2024-02-03-T160000-chip20380_params_params_low_ISI_acqm.zip,chip20380,Septum
2642.5,1260.0,2024-02-03-T160000-chip20380_params_params_low_ISI_acqm.zip,chip20380,Retrosplenial Cortex
857.5,1435.0,2024-02-03-T160000-chip20380_params_params_low_ISI_acqm.zip,chip20380,Septum
2660.0,1295.0,2024-02-03-T160000-chip20380_params_params_low_ISI_acqm.zip,chip20380,Retrosplenial Cortex
2555.0,962.5,2024-02-03-T160000-chip20380_params_params_low_ISI_acqm.zip,chip20380,Retrosplenial Cortex
787.5,1662.5,2024-02-03-T160000-chip20380_params_params_low_ISI_acqm.zip,chip20380,Septum
2660.0,1032.5,2024-02-03-T160000-chip20380_params_params_low_ISI_acqm.zip,chip20380,Retrosplenial Cortex
2590.0,1732.5,2024-02-03-T160000-chip20380_params_params_low_ISI_acqm.zip,chip20380,Unknown
2660.0,1102.5,2024-02-03-T160000-chip20380_params_params_low_ISI_acqm.zip,chip20380,Retrosplenial Cortex
2660.0,1120.0,2024-02-03-T160000-chip20380_params_params_low_ISI_acqm.zip,chip20380,Retrosplenial Cortex
542.5,52.5,2024-02-03-T160000-chip20380_params_params_low_ISI_acqm.zip,chip20380,Striatum
2677.5,1067.5,2024-02-03-T160000-chip20380_params_params_low_ISI_acqm.zip,chip20380,Retrosplenial Cortex
2712.5,1172.5,2024-02-03-T160000-chip20380_params_params_low_ISI_acqm.zip,chip20380,Retrosplenial Cortex
2747.5,1295.0,2024-02-03-T160000-chip20380_params_params_low_ISI_acqm.zip,chip20380,Retrosplenial Cortex
2695.0,1242.5,2024-02-03-T160000-chip20380_params_params_low_ISI_acqm.zip,chip20380,Retrosplenial Cortex
770.0,1627.5,2024-02-03-T160000-chip20380_params_params_low_ISI_acqm.zip,chip20380,Septum
2695.0,1260.0,2024-02-03-T160000-chip20380_params_params_low_ISI_acqm.zip,chip20380,Retrosplenial Cortex
735.0,1417.5,2024-02-03-T160000-chip20380_params_params_low_ISI_acqm.zip,chip20380,Septum
2625.0,1207.5,2024-02-03-T160000-chip20380_params_params_low_ISI_acqm.zip,chip20380,Retrosplenial Cortex
2555.0,1277.5,2024-02-03-T160000-chip20380_params_params_low_ISI_acqm.zip,chip20380,Retrosplenial Cortex
2677.5,1155.0,2024-02-03-T160000-chip20380_params_params_low_ISI_acqm.zip,chip20380,Retrosplenial Cortex
2677.5,1137.5,2024-02-03-T160000-chip20380_params_params_low_ISI_acqm.zip,chip20380,Retrosplenial Cortex
840.0,1540.0,2024-02-03-T160000-chip20380_params_params_low_ISI_acqm.zip,chip20380,Septum
2695.0,1120.0,2024-02-03-T160000-chip20380_params_params_low_ISI_acqm.zip,chip20380,Retrosplenial Cortex
2730.0,1155.0,2024-02-03-T160000-chip20380_params_params_low_ISI_acqm.zip,chip20380,Retrosplenial Cortex
2695.0,1067.5,2024-02-03-T160000-chip20380_params_params_low_ISI_acqm.zip,chip20380,Retrosplenial Cortex
2712.5,1050.0,2024-02-03-T160000-chip20380_params_params_low_ISI_acqm.zip,chip20380,Retrosplenial Cortex
822.5,1347.5,2024-02-03-T160000-chip20380_params_params_low_ISI_acqm.zip,chip20380,Septum
2712.5,1120.0,2024-02-03-T160000-chip20380_params_params_low_ISI_acqm.zip,chip20380,Retrosplenial Cortex
2502.5,1172.5,2024-02-03-T160000-chip20380_params_params_low_ISI_acqm.zip,chip20380,Retrosplenial Cortex
2555.0,1120.0,2024-02-03-T160000-chip20380_params_params_low_ISI_acqm.zip,chip20380,Retrosplenial Cortex
2590.0,1732.5,2024-02-03-T160000-chip20380_params_params_low_ISI_acqm.zip,chip20380,Unknown
2695.0,1067.5,2024-02-03-T160000-chip20380_params_params_low_ISI_acqm.zip,chip20380,Retrosplenial Cortex
875.0,1487.5,2024-02-03-T160000-chip20380_params_params_low_ISI_acqm.zip,chip20380,Septum
857.5,1470.0,2024-02-03-T160000-chip20380_params_params_low_ISI_acqm.zip,chip20380,Septum
2537.5,1260.0,2024-02-03-T160000-chip20380_params_params_low_ISI_acqm.zip,chip20380,Retrosplenial Cortex
2520.0,1260.0,2024-02-03-T160000-chip20380_params_params_low_ISI_acqm.zip,chip20380,Retrosplenial Cortex
2695.0,1085.0,2024-02-03-T160000-chip20380_params_params_low_ISI_acqm.zip,chip20380,Retrosplenial Cortex
2607.5,1242.5,2024-02-03-T160000-chip20380_params_params_low_ISI_acqm.zip,chip20380,Retrosplenial Cortex
2695.0,1032.5,2024-02-03-T160000-chip20380_params_params_low_ISI_acqm.zip,chip20380,Retrosplenial Cortex
2642.5,1137.5,2024-02-03-T160000-chip20380_params_params_low_ISI_acqm.zip,chip20380,Retrosplenial Cortex
2590.0,1120.0,2024-02-03-T160000-chip20380_params_params_low_ISI_acqm.zip,chip20380,Retrosplenial Cortex
2712.5,1120.0,2024-02-03-T160000-chip20380_params_params_low_ISI_acqm.zip,chip20380,Retrosplenial Cortex
2642.5,997.5,2024-02-03-T160000-chip20380_params_params_low_ISI_acqm.zip,chip20380,Retrosplenial Cortex
2660.0,1120.0,2024-02-03-T160000-chip20380_params_params_low_ISI_acqm.zip,chip20380,Retrosplenial Cortex
2642.5,1207.5,2024-02-03-T160000-chip20380_params_params_low_ISI_acqm.zip,chip20380,Retrosplenial Cortex
2677.5,1312.5,2024-02-03-T160000-chip20380_params_params_low_ISI_acqm.zip,chip20380,Retrosplenial Cortex
2590.0,1242.5,2024-02-03-T160000-chip20380_params_params_low_ISI_acqm.zip,chip20380,Retrosplenial Cortex
2677.5,1172.5,2024-02-03-T160000-chip20380_params_params_low_ISI_acqm.zip,chip20380,Retrosplenial Cortex
2730.0,1190.0,2024-02-03-T160000-chip20380_params_params_low_ISI_acqm.zip,chip20380,Retrosplenial Cortex
2677.5,1225.0,2024-02-03-T160000-chip20380_params_params_low_ISI_acqm.zip,chip20380,Retrosplenial Cortex
1697.5,350.0,2024-02-03-T160000-chip20380_params_params_low_ISI_acqm.zip,chip20380,Unknown
2502.5,1207.5,2024-02-03-T160000-chip20380_params_params_low_ISI_acqm.zip,chip20380,Retrosplenial Cortex
2712.5,1155.0,2024-02-03-T160000-chip20380_params_params_low_ISI_acqm.zip,chip20380,Retrosplenial Cortex
2747.5,1137.5,2024-02-03-T160000-chip20380_params_params_low_ISI_acqm.zip,chip20380,Retrosplenial Cortex
2660.0,1172.5,2024-02-03-T160000-chip20380_params_params_low_ISI_acqm.zip,chip20380,Retrosplenial Cortex
2590.0,1085.0,2024-02-03-T160000-chip20380_params_params_low_ISI_acqm.zip,chip20380,Retrosplenial Cortex
2747.5,1330.0,2024-02-03-T160000-chip20380_params_params_low_ISI_acqm.zip,chip20380,Retrosplenial Cortex
2712.5,1225.0,2024-02-03-T160000-chip20380_params_params_low_ISI_acqm.zip,chip20380,Retrosplenial Cortex
2555.0,962.5,2024-02-03-T160000-chip20380_params_params_low_ISI_acqm.zip,chip20380,Retrosplenial Cortex
2590.0,997.5,2024-02-03-T160000-chip20380_params_params_low_ISI_acqm.zip,chip20380,Retrosplenial Cortex
2642.5,1015.0,2024-02-03-T160000-chip20380_params_params_low_ISI_acqm.zip,chip20380,Retrosplenial Cortex
2590.0,1732.5,2024-02-03-T160000-chip20380_params_params_low_ISI_acqm.zip,chip20380,Unknown
2607.5,1155.0,2024-02-03-T160000-chip20380_params_params_low_ISI_acqm.zip,chip20380,Retrosplenial Cortex
2677.5,1067.5,2024-02-03-T160000-chip20380_params_params_low_ISI_acqm.zip,chip20380,Retrosplenial Cortex
2712.5,1242.5,2024-02-03-T160000-chip20380_params_params_low_ISI_acqm.zip,chip20380,Retrosplenial Cortex
2695.0,1242.5,2024-02-03-T160000-chip20380_params_params_low_ISI_acqm.zip,chip20380,Retrosplenial Cortex
2537.5,1260.0,2024-02-03-T160000-chip20380_params_params_low_ISI_acqm.zip,chip20380,Retrosplenial Cortex
875.0,1522.5,2024-02-03-T160000-chip20380_params_params_low_ISI_acqm.zip,chip20380,Septum
2642.5,1050.0,2024-02-03-T160000-chip20380_params_params_low_ISI_acqm.zip,chip20380,Retrosplenial Cortex
2642.5,980.0,2024-02-03-T160000-chip20380_params_params_low_ISI_acqm.zip,chip20380,Retrosplenial Cortex
2590.0,1260.0,2024-02-03-T160000-chip20380_params_params_low_ISI_acqm.zip,chip20380,Retrosplenial Cortex
2642.5,1032.5,2024-02-03-T160000-chip20380_params_params_low_ISI_acqm.zip,chip20380,Retrosplenial Cortex
875.0,1522.5,2024-02-03-T160000-chip20380_params_params_low_ISI_acqm.zip,chip20380,Septum
2642.5,1050.0,2024-02-03-T160000-chip20380_params_params_low_ISI_acqm.zip,chip20380,Retrosplenial Cortex
2642.5,1190.0,2024-02-03-T160000-chip20380_params_params_low_ISI_acqm.zip,chip20380,Retrosplenial Cortex
2747.5,1260.0,2024-02-03-T170001-chip20380_params_params_low_ISI_acqm.zip,chip20380,Retrosplenial Cortex
2712.5,1347.5,2024-02-03-T170001-chip20380_params_params_low_ISI_acqm.zip,chip20380,Retrosplenial Cortex
2607.5,1190.0,2024-02-03-T170001-chip20380_params_params_low_ISI_acqm.zip,chip20380,Retrosplenial Cortex
2747.5,1137.5,2024-02-03-T170001-chip20380_params_params_low_ISI_acqm.zip,chip20380,Retrosplenial Cortex
2572.5,1155.0,2024-02-03-T170001-chip20380_params_params_low_ISI_acqm.zip,chip20380,Retrosplenial Cortex
2520.0,1137.5,2024-02-03-T170001-chip20380_params_params_low_ISI_acqm.zip,chip20380,Retrosplenial Cortex
752.5,1347.5,2024-02-03-T170001-chip20380_params_params_low_ISI_acqm.zip,chip20380,Septum
2467.5,980.0,2024-02-03-T170001-chip20380_params_params_low_ISI_acqm.zip,chip20380,Retrosplenial Cortex
2590.0,1260.0,2024-02-03-T170001-chip20380_params_params_low_ISI_acqm.zip,chip20380,Retrosplenial Cortex
735.0,1400.0,2024-02-03-T170001-chip20380_params_params_low_ISI_acqm.zip,chip20380,Septum
2607.5,1120.0,2024-02-03-T170001-chip20380_params_params_low_ISI_acqm.zip,chip20380,Retrosplenial Cortex
787.5,1627.5,2024-02-03-T170001-chip20380_params_params_low_ISI_acqm.zip,chip20380,Septum
805.0,1365.0,2024-02-03-T170001-chip20380_params_params_low_ISI_acqm.zip,chip20380,Septum
2537.5,1260.0,2024-02-03-T170001-chip20380_params_params_low_ISI_acqm.zip,chip20380,Retrosplenial Cortex
2712.5,1172.5,2024-02-03-T170001-chip20380_params_params_low_ISI_acqm.zip,chip20380,Retrosplenial Cortex
2660.0,1172.5,2024-02-03-T170001-chip20380_params_params_low_ISI_acqm.zip,chip20380,Retrosplenial Cortex
2660.0,1225.0,2024-02-03-T170001-chip20380_params_params_low_ISI_acqm.zip,chip20380,Retrosplenial Cortex
770.0,1540.0,2024-02-03-T170001-chip20380_params_params_low_ISI_acqm.zip,chip20380,Septum
840.0,1540.0,2024-02-03-T170001-chip20380_params_params_low_ISI_acqm.zip,chip20380,Septum
2590.0,1085.0,2024-02-03-T170001-chip20380_params_params_low_ISI_acqm.zip,chip20380,Retrosplenial Cortex
2520.0,1085.0,2024-02-03-T170001-chip20380_params_params_low_ISI_acqm.zip,chip20380,Retrosplenial Cortex
2747.5,1330.0,2024-02-03-T170001-chip20380_params_params_low_ISI_acqm.zip,chip20380,Retrosplenial Cortex
2642.5,1242.5,2024-02-03-T170001-chip20380_params_params_low_ISI_acqm.zip,chip20380,Retrosplenial Cortex
2642.5,1137.5,2024-02-03-T170001-chip20380_params_params_low_ISI_acqm.zip,chip20380,Retrosplenial Cortex
2555.0,962.5,2024-02-03-T170001-chip20380_params_params_low_ISI_acqm.zip,chip20380,Retrosplenial Cortex
875.0,1487.5,2024-02-03-T170001-chip20380_params_params_low_ISI_acqm.zip,chip20380,Septum
2590.0,997.5,2024-02-03-T170001-chip20380_params_params_low_ISI_acqm.zip,chip20380,Retrosplenial Cortex
2642.5,1032.5,2024-02-03-T170001-chip20380_params_params_low_ISI_acqm.zip,chip20380,Retrosplenial Cortex
2590.0,1732.5,2024-02-03-T170001-chip20380_params_params_low_ISI_acqm.zip,chip20380,Unknown
542.5,52.5,2024-02-03-T170001-chip20380_params_params_low_ISI_acqm.zip,chip20380,Striatum
2677.5,1067.5,2024-02-03-T170001-chip20380_params_params_low_ISI_acqm.zip,chip20380,Retrosplenial Cortex
2747.5,1295.0,2024-02-03-T170001-chip20380_params_params_low_ISI_acqm.zip,chip20380,Retrosplenial Cortex
2712.5,1242.5,2024-02-03-T170001-chip20380_params_params_low_ISI_acqm.zip,chip20380,Retrosplenial Cortex
770.0,1627.5,2024-02-03-T170001-chip20380_params_params_low_ISI_acqm.zip,chip20380,Septum
2695.0,1242.5,2024-02-03-T170001-chip20380_params_params_low_ISI_acqm.zip,chip20380,Retrosplenial Cortex
2712.5,1277.5,2024-02-03-T170001-chip20380_params_params_low_ISI_acqm.zip,chip20380,Retrosplenial Cortex
2625.0,1172.5,2024-02-03-T170001-chip20380_params_params_low_ISI_acqm.zip,chip20380,Retrosplenial Cortex
2677.5,1295.0,2024-02-03-T170001-chip20380_params_params_low_ISI_acqm.zip,chip20380,Retrosplenial Cortex
2642.5,1102.5,2024-02-03-T170001-chip20380_params_params_low_ISI_acqm.zip,chip20380,Retrosplenial Cortex
735.0,1417.5,2024-02-03-T170001-chip20380_params_params_low_ISI_acqm.zip,chip20380,Septum
2625.0,1190.0,2024-02-03-T170001-chip20380_params_params_low_ISI_acqm.zip,chip20380,Retrosplenial Cortex
402.5,140.0,2024-02-03-T170001-chip20380_params_params_low_ISI_acqm.zip,chip20380,Striatum
2677.5,1155.0,2024-02-03-T170001-chip20380_params_params_low_ISI_acqm.zip,chip20380,Retrosplenial Cortex
2677.5,1137.5,2024-02-03-T170001-chip20380_params_params_low_ISI_acqm.zip,chip20380,Retrosplenial Cortex
2695.0,1120.0,2024-02-03-T170001-chip20380_params_params_low_ISI_acqm.zip,chip20380,Retrosplenial Cortex
2695.0,1207.5,2024-02-03-T170001-chip20380_params_params_low_ISI_acqm.zip,chip20380,Retrosplenial Cortex
805.0,1365.0,2024-02-03-T170001-chip20380_params_params_low_ISI_acqm.zip,chip20380,Septum
805.0,1365.0,2024-02-03-T170001-chip20380_params_params_low_ISI_acqm.zip,chip20380,Septum
805.0,1365.0,2024-02-03-T170001-chip20380_params_params_low_ISI_acqm.zip,chip20380,Septum
735.0,1312.5,2024-02-03-T170001-chip20380_params_params_low_ISI_acqm.zip,chip20380,Septum
2677.5,1085.0,2024-02-03-T170001-chip20380_params_params_low_ISI_acqm.zip,chip20380,Retrosplenial Cortex
2712.5,1120.0,2024-02-03-T170001-chip20380_params_params_low_ISI_acqm.zip,chip20380,Retrosplenial Cortex
2502.5,1172.5,2024-02-03-T170001-chip20380_params_params_low_ISI_acqm.zip,chip20380,Retrosplenial Cortex
2607.5,1155.0,2024-02-03-T170001-chip20380_params_params_low_ISI_acqm.zip,chip20380,Retrosplenial Cortex
2590.0,1732.5,2024-02-03-T170001-chip20380_params_params_low_ISI_acqm.zip,chip20380,Unknown
2695.0,1067.5,2024-02-03-T170001-chip20380_params_params_low_ISI_acqm.zip,chip20380,Retrosplenial Cortex
2695.0,1067.5,2024-02-03-T170001-chip20380_params_params_low_ISI_acqm.zip,chip20380,Retrosplenial Cortex
2712.5,1155.0,2024-02-03-T170001-chip20380_params_params_low_ISI_acqm.zip,chip20380,Retrosplenial Cortex
2555.0,1277.5,2024-02-03-T170001-chip20380_params_params_low_ISI_acqm.zip,chip20380,Retrosplenial Cortex
875.0,1487.5,2024-02-03-T170001-chip20380_params_params_low_ISI_acqm.zip,chip20380,Septum
2520.0,1260.0,2024-02-03-T170001-chip20380_params_params_low_ISI_acqm.zip,chip20380,Retrosplenial Cortex
2695.0,1085.0,2024-02-03-T170001-chip20380_params_params_low_ISI_acqm.zip,chip20380,Retrosplenial Cortex
2695.0,1015.0,2024-02-03-T170001-chip20380_params_params_low_ISI_acqm.zip,chip20380,Retrosplenial Cortex
2607.5,1242.5,2024-02-03-T170001-chip20380_params_params_low_ISI_acqm.zip,chip20380,Retrosplenial Cortex
2590.0,1120.0,2024-02-03-T170001-chip20380_params_params_low_ISI_acqm.zip,chip20380,Retrosplenial Cortex
2712.5,1120.0,2024-02-03-T170001-chip20380_params_params_low_ISI_acqm.zip,chip20380,Retrosplenial Cortex
2677.5,1312.5,2024-02-03-T170001-chip20380_params_params_low_ISI_acqm.zip,chip20380,Retrosplenial Cortex
2642.5,980.0,2024-02-03-T170001-chip20380_params_params_low_ISI_acqm.zip,chip20380,Retrosplenial Cortex
2660.0,1120.0,2024-02-03-T170001-chip20380_params_params_low_ISI_acqm.zip,chip20380,Retrosplenial Cortex
2642.5,1190.0,2024-02-03-T170001-chip20380_params_params_low_ISI_acqm.zip,chip20380,Retrosplenial Cortex
2590.0,1260.0,2024-02-03-T170001-chip20380_params_params_low_ISI_acqm.zip,chip20380,Retrosplenial Cortex
2677.5,1172.5,2024-02-03-T170001-chip20380_params_params_low_ISI_acqm.zip,chip20380,Retrosplenial Cortex
2730.0,1190.0,2024-02-03-T170001-chip20380_params_params_low_ISI_acqm.zip,chip20380,Retrosplenial Cortex
1697.5,350.0,2024-02-03-T170001-chip20380_params_params_low_ISI_acqm.zip,chip20380,Unknown
2712.5,1225.0,2024-02-03-T170001-chip20380_params_params_low_ISI_acqm.zip,chip20380,Retrosplenial Cortex
2730.0,1295.0,2024-02-03-T170001-chip20380_params_params_low_ISI_acqm.zip,chip20380,Retrosplenial Cortex
2537.5,1260.0,2024-02-03-T170001-chip20380_params_params_low_ISI_acqm.zip,chip20380,Retrosplenial Cortex
2537.5,1260.0,2024-02-03-T170001-chip20380_params_params_low_ISI_acqm.zip,chip20380,Retrosplenial Cortex
2660.0,1172.5,2024-02-03-T170001-chip20380_params_params_low_ISI_acqm.zip,chip20380,Retrosplenial Cortex
2555.0,962.5,2024-02-03-T170001-chip20380_params_params_low_ISI_acqm.zip,chip20380,Retrosplenial Cortex
2590.0,1732.5,2024-02-03-T170001-chip20380_params_params_low_ISI_acqm.zip,chip20380,Unknown
2625.0,1207.5,2024-02-03-T170001-chip20380_params_params_low_ISI_acqm.zip,chip20380,Retrosplenial Cortex
892.5,1505.0,2024-02-03-T170001-chip20380_params_params_low_ISI_acqm.zip,chip20380,Septum
2660.0,1085.0,2024-02-03-T170001-chip20380_params_params_low_ISI_acqm.zip,chip20380,Retrosplenial Cortex
2660.0,1032.5,2024-02-03-T170001-chip20380_params_params_low_ISI_acqm.zip,chip20380,Retrosplenial Cortex
2730.0,1155.0,2024-02-03-T170001-chip20380_params_params_low_ISI_acqm.zip,chip20380,Retrosplenial Cortex
2730.0,1155.0,2024-02-03-T170001-chip20380_params_params_low_ISI_acqm.zip,chip20380,Retrosplenial Cortex
2677.5,1225.0,2024-02-03-T170001-chip20380_params_params_low_ISI_acqm.zip,chip20380,Retrosplenial Cortex
2695.0,1120.0,2024-02-03-T170001-chip20380_params_params_low_ISI_acqm.zip,chip20380,Retrosplenial Cortex
2695.0,1067.5,2024-02-03-T170001-chip20380_params_params_low_ISI_acqm.zip,chip20380,Retrosplenial Cortex
2695.0,1067.5,2024-02-03-T170001-chip20380_params_params_low_ISI_acqm.zip,chip20380,Retrosplenial Cortex
735.0,1417.5,2024-02-03-T170001-chip20380_params_params_low_ISI_acqm.zip,chip20380,Septum
2642.5,980.0,2024-02-03-T170001-chip20380_params_params_low_ISI_acqm.zip,chip20380,Retrosplenial Cortex
2642.5,997.5,2024-02-03-T170001-chip20380_params_params_low_ISI_acqm.zip,chip20380,Retrosplenial Cortex
2677.5,1155.0,2024-02-03-T170001-chip20380_params_params_low_ISI_acqm.zip,chip20380,Retrosplenial Cortex
2590.0,1732.5,2024-02-03-T170001-chip20380_params_params_low_ISI_acqm.zip,chip20380,Unknown
910.0,1382.5,2024-02-03-T170001-chip20380_params_params_low_ISI_acqm.zip,chip20380,Septum
2607.5,1050.0,2024-02-03-T170001-chip20380_params_params_low_ISI_acqm.zip,chip20380,Retrosplenial Cortex
2695.0,1067.5,2024-02-03-T170001-chip20380_params_params_low_ISI_acqm.zip,chip20380,Retrosplenial Cortex
2712.5,1155.0,2024-02-03-T180001-chip20380_params_params_low_ISI_acqm.zip,chip20380,Retrosplenial Cortex
2747.5,1260.0,2024-02-03-T180001-chip20380_params_params_low_ISI_acqm.zip,chip20380,Retrosplenial Cortex
2695.0,1032.5,2024-02-03-T180001-chip20380_params_params_low_ISI_acqm.zip,chip20380,Retrosplenial Cortex
2607.5,1190.0,2024-02-03-T180001-chip20380_params_params_low_ISI_acqm.zip,chip20380,Retrosplenial Cortex
717.5,1225.0,2024-02-03-T180001-chip20380_params_params_low_ISI_acqm.zip,chip20380,Septum
2572.5,1155.0,2024-02-03-T180001-chip20380_params_params_low_ISI_acqm.zip,chip20380,Retrosplenial Cortex
2520.0,1137.5,2024-02-03-T180001-chip20380_params_params_low_ISI_acqm.zip,chip20380,Retrosplenial Cortex
752.5,1347.5,2024-02-03-T180001-chip20380_params_params_low_ISI_acqm.zip,chip20380,Septum
2467.5,980.0,2024-02-03-T180001-chip20380_params_params_low_ISI_acqm.zip,chip20380,Retrosplenial Cortex
2590.0,1277.5,2024-02-03-T180001-chip20380_params_params_low_ISI_acqm.zip,chip20380,Retrosplenial Cortex
402.5,140.0,2024-02-03-T180001-chip20380_params_params_low_ISI_acqm.zip,chip20380,Striatum
735.0,1400.0,2024-02-03-T180001-chip20380_params_params_low_ISI_acqm.zip,chip20380,Septum
787.5,1627.5,2024-02-03-T180001-chip20380_params_params_low_ISI_acqm.zip,chip20380,Septum
805.0,1365.0,2024-02-03-T180001-chip20380_params_params_low_ISI_acqm.zip,chip20380,Septum
2555.0,1102.5,2024-02-03-T180001-chip20380_params_params_low_ISI_acqm.zip,chip20380,Retrosplenial Cortex
2660.0,1172.5,2024-02-03-T180001-chip20380_params_params_low_ISI_acqm.zip,chip20380,Retrosplenial Cortex
2625.0,1032.5,2024-02-03-T180001-chip20380_params_params_low_ISI_acqm.zip,chip20380,Retrosplenial Cortex
2677.5,1155.0,2024-02-03-T180001-chip20380_params_params_low_ISI_acqm.zip,chip20380,Retrosplenial Cortex
770.0,1540.0,2024-02-03-T180001-chip20380_params_params_low_ISI_acqm.zip,chip20380,Septum
2730.0,1295.0,2024-02-03-T180001-chip20380_params_params_low_ISI_acqm.zip,chip20380,Retrosplenial Cortex
2747.5,1330.0,2024-02-03-T180001-chip20380_params_params_low_ISI_acqm.zip,chip20380,Retrosplenial Cortex
2642.5,1190.0,2024-02-03-T180001-chip20380_params_params_low_ISI_acqm.zip,chip20380,Retrosplenial Cortex
2642.5,1242.5,2024-02-03-T180001-chip20380_params_params_low_ISI_acqm.zip,chip20380,Retrosplenial Cortex
2712.5,1120.0,2024-02-03-T180001-chip20380_params_params_low_ISI_acqm.zip,chip20380,Retrosplenial Cortex
857.5,1435.0,2024-02-03-T180001-chip20380_params_params_low_ISI_acqm.zip,chip20380,Septum
2660.0,1295.0,2024-02-03-T180001-chip20380_params_params_low_ISI_acqm.zip,chip20380,Retrosplenial Cortex
2712.5,1277.5,2024-02-03-T180001-chip20380_params_params_low_ISI_acqm.zip,chip20380,Retrosplenial Cortex
2555.0,962.5,2024-02-03-T180001-chip20380_params_params_low_ISI_acqm.zip,chip20380,Retrosplenial Cortex
875.0,1487.5,2024-02-03-T180001-chip20380_params_params_low_ISI_acqm.zip,chip20380,Septum
2642.5,1015.0,2024-02-03-T180001-chip20380_params_params_low_ISI_acqm.zip,chip20380,Retrosplenial Cortex
2590.0,1732.5,2024-02-03-T180001-chip20380_params_params_low_ISI_acqm.zip,chip20380,Unknown
2607.5,1155.0,2024-02-03-T180001-chip20380_params_params_low_ISI_acqm.zip,chip20380,Retrosplenial Cortex
2642.5,1032.5,2024-02-03-T180001-chip20380_params_params_low_ISI_acqm.zip,chip20380,Retrosplenial Cortex
2660.0,1102.5,2024-02-03-T180001-chip20380_params_params_low_ISI_acqm.zip,chip20380,Retrosplenial Cortex
542.5,52.5,2024-02-03-T180001-chip20380_params_params_low_ISI_acqm.zip,chip20380,Striatum
2747.5,1295.0,2024-02-03-T180001-chip20380_params_params_low_ISI_acqm.zip,chip20380,Retrosplenial Cortex
2712.5,1242.5,2024-02-03-T180001-chip20380_params_params_low_ISI_acqm.zip,chip20380,Retrosplenial Cortex
770.0,1627.5,2024-02-03-T180001-chip20380_params_params_low_ISI_acqm.zip,chip20380,Septum
2642.5,1102.5,2024-02-03-T180001-chip20380_params_params_low_ISI_acqm.zip,chip20380,Retrosplenial Cortex
735.0,1417.5,2024-02-03-T180001-chip20380_params_params_low_ISI_acqm.zip,chip20380,Septum
2537.5,1260.0,2024-02-03-T180001-chip20380_params_params_low_ISI_acqm.zip,chip20380,Retrosplenial Cortex
2677.5,1137.5,2024-02-03-T180001-chip20380_params_params_low_ISI_acqm.zip,chip20380,Retrosplenial Cortex
2677.5,1155.0,2024-02-03-T180001-chip20380_params_params_low_ISI_acqm.zip,chip20380,Retrosplenial Cortex
840.0,1540.0,2024-02-03-T180001-chip20380_params_params_low_ISI_acqm.zip,chip20380,Septum
2695.0,1102.5,2024-02-03-T180001-chip20380_params_params_low_ISI_acqm.zip,chip20380,Retrosplenial Cortex
2730.0,1155.0,2024-02-03-T180001-chip20380_params_params_low_ISI_acqm.zip,chip20380,Retrosplenial Cortex
2677.5,1207.5,2024-02-03-T180001-chip20380_params_params_low_ISI_acqm.zip,chip20380,Retrosplenial Cortex
2677.5,980.0,2024-02-03-T180001-chip20380_params_params_low_ISI_acqm.zip,chip20380,Retrosplenial Cortex
2712.5,1067.5,2024-02-03-T180001-chip20380_params_params_low_ISI_acqm.zip,chip20380,Retrosplenial Cortex
805.0,1365.0,2024-02-03-T180001-chip20380_params_params_low_ISI_acqm.zip,chip20380,Septum
735.0,1312.5,2024-02-03-T180001-chip20380_params_params_low_ISI_acqm.zip,chip20380,Septum
2712.5,1120.0,2024-02-03-T180001-chip20380_params_params_low_ISI_acqm.zip,chip20380,Retrosplenial Cortex
2502.5,1172.5,2024-02-03-T180001-chip20380_params_params_low_ISI_acqm.zip,chip20380,Retrosplenial Cortex
2555.0,1120.0,2024-02-03-T180001-chip20380_params_params_low_ISI_acqm.zip,chip20380,Retrosplenial Cortex
2590.0,1732.5,2024-02-03-T180001-chip20380_params_params_low_ISI_acqm.zip,chip20380,Unknown
2695.0,1067.5,2024-02-03-T180001-chip20380_params_params_low_ISI_acqm.zip,chip20380,Retrosplenial Cortex
2555.0,1277.5,2024-02-03-T180001-chip20380_params_params_low_ISI_acqm.zip,chip20380,Retrosplenial Cortex
1697.5,350.0,2024-02-03-T180001-chip20380_params_params_low_ISI_acqm.zip,chip20380,Unknown
2607.5,1015.0,2024-02-03-T180001-chip20380_params_params_low_ISI_acqm.zip,chip20380,Retrosplenial Cortex
735.0,1610.0,2024-02-03-T180001-chip20380_params_params_low_ISI_acqm.zip,chip20380,Septum
2555.0,1085.0,2024-02-03-T180001-chip20380_params_params_low_ISI_acqm.zip,chip20380,Retrosplenial Cortex
2520.0,1260.0,2024-02-03-T180001-chip20380_params_params_low_ISI_acqm.zip,chip20380,Retrosplenial Cortex
2695.0,1067.5,2024-02-03-T180001-chip20380_params_params_low_ISI_acqm.zip,chip20380,Retrosplenial Cortex
2695.0,1015.0,2024-02-03-T180001-chip20380_params_params_low_ISI_acqm.zip,chip20380,Retrosplenial Cortex
2607.5,1242.5,2024-02-03-T180001-chip20380_params_params_low_ISI_acqm.zip,chip20380,Retrosplenial Cortex
2695.0,1032.5,2024-02-03-T180001-chip20380_params_params_low_ISI_acqm.zip,chip20380,Retrosplenial Cortex
2642.5,1137.5,2024-02-03-T180001-chip20380_params_params_low_ISI_acqm.zip,chip20380,Retrosplenial Cortex
2590.0,1120.0,2024-02-03-T180001-chip20380_params_params_low_ISI_acqm.zip,chip20380,Retrosplenial Cortex
2485.0,1120.0,2024-02-03-T180001-chip20380_params_params_low_ISI_acqm.zip,chip20380,Retrosplenial Cortex
2660.0,1120.0,2024-02-03-T180001-chip20380_params_params_low_ISI_acqm.zip,chip20380,Retrosplenial Cortex
2695.0,1295.0,2024-02-03-T180001-chip20380_params_params_low_ISI_acqm.zip,chip20380,Retrosplenial Cortex
2695.0,1277.5,2024-02-03-T180001-chip20380_params_params_low_ISI_acqm.zip,chip20380,Retrosplenial Cortex
2590.0,1260.0,2024-02-03-T180001-chip20380_params_params_low_ISI_acqm.zip,chip20380,Retrosplenial Cortex
2730.0,1190.0,2024-02-03-T180001-chip20380_params_params_low_ISI_acqm.zip,chip20380,Retrosplenial Cortex
2695.0,1242.5,2024-02-03-T180001-chip20380_params_params_low_ISI_acqm.zip,chip20380,Retrosplenial Cortex
2712.5,1347.5,2024-02-03-T180001-chip20380_params_params_low_ISI_acqm.zip,chip20380,Retrosplenial Cortex
2590.0,997.5,2024-02-03-T180001-chip20380_params_params_low_ISI_acqm.zip,chip20380,Retrosplenial Cortex
2712.5,1242.5,2024-02-03-T180001-chip20380_params_params_low_ISI_acqm.zip,chip20380,Retrosplenial Cortex
2712.5,1225.0,2024-02-03-T180001-chip20380_params_params_low_ISI_acqm.zip,chip20380,Retrosplenial Cortex
2625.0,1225.0,2024-02-03-T180001-chip20380_params_params_low_ISI_acqm.zip,chip20380,Retrosplenial Cortex
2555.0,1242.5,2024-02-03-T180001-chip20380_params_params_low_ISI_acqm.zip,chip20380,Retrosplenial Cortex
2537.5,1260.0,2024-02-03-T180001-chip20380_params_params_low_ISI_acqm.zip,chip20380,Retrosplenial Cortex
2642.5,1050.0,2024-02-03-T180001-chip20380_params_params_low_ISI_acqm.zip,chip20380,Retrosplenial Cortex
2660.0,1015.0,2024-02-03-T180001-chip20380_params_params_low_ISI_acqm.zip,chip20380,Retrosplenial Cortex
2695.0,1120.0,2024-02-03-T180001-chip20380_params_params_low_ISI_acqm.zip,chip20380,Retrosplenial Cortex
2747.5,1137.5,2024-02-03-T180001-chip20380_params_params_low_ISI_acqm.zip,chip20380,Retrosplenial Cortex
2712.5,1050.0,2024-02-03-T180001-chip20380_params_params_low_ISI_acqm.zip,chip20380,Retrosplenial Cortex
2695.0,1120.0,2024-02-03-T180001-chip20380_params_params_low_ISI_acqm.zip,chip20380,Retrosplenial Cortex
2695.0,1085.0,2024-02-03-T180001-chip20380_params_params_low_ISI_acqm.zip,chip20380,Retrosplenial Cortex
2642.5,980.0,2024-02-03-T180001-chip20380_params_params_low_ISI_acqm.zip,chip20380,Retrosplenial Cortex
2502.5,1207.5,2024-02-03-T180001-chip20380_params_params_low_ISI_acqm.zip,chip20380,Retrosplenial Cortex
2660.0,1067.5,2024-02-03-T180001-chip20380_params_params_low_ISI_acqm.zip,chip20380,Retrosplenial Cortex
2625.0,1067.5,2024-02-03-T180001-chip20380_params_params_low_ISI_acqm.zip,chip20380,Retrosplenial Cortex
2660.0,1032.5,2024-02-03-T180001-chip20380_params_params_low_ISI_acqm.zip,chip20380,Retrosplenial Cortex
2730.0,1155.0,2024-02-03-T180001-chip20380_params_params_low_ISI_acqm.zip,chip20380,Retrosplenial Cortex
2677.5,1155.0,2024-02-03-T180001-chip20380_params_params_low_ISI_acqm.zip,chip20380,Retrosplenial Cortex
2502.5,1137.5,2024-02-03-T180001-chip20380_params_params_low_ISI_acqm.zip,chip20380,Retrosplenial Cortex
2625.0,1207.5,2024-02-03-T180001-chip20380_params_params_low_ISI_acqm.zip,chip20380,Retrosplenial Cortex
875.0,1522.5,2024-02-03-T180001-chip20380_params_params_low_ISI_acqm.zip,chip20380,Septum
2747.5,1137.5,2024-02-03-T180001-chip20380_params_params_low_ISI_acqm.zip,chip20380,Retrosplenial Cortex
2625.0,1172.5,2024-02-03-T190001-chip20380_params_params_low_ISI_acqm.zip,chip20380,Retrosplenial Cortex
2712.5,1155.0,2024-02-03-T190001-chip20380_params_params_low_ISI_acqm.zip,chip20380,Retrosplenial Cortex
2712.5,1225.0,2024-02-03-T190001-chip20380_params_params_low_ISI_acqm.zip,chip20380,Retrosplenial Cortex
2660.0,1277.5,2024-02-03-T190001-chip20380_params_params_low_ISI_acqm.zip,chip20380,Retrosplenial Cortex
2747.5,1260.0,2024-02-03-T190001-chip20380_params_params_low_ISI_acqm.zip,chip20380,Retrosplenial Cortex
2660.0,1225.0,2024-02-03-T190001-chip20380_params_params_low_ISI_acqm.zip,chip20380,Retrosplenial Cortex
2747.5,1137.5,2024-02-03-T190001-chip20380_params_params_low_ISI_acqm.zip,chip20380,Retrosplenial Cortex
2572.5,1155.0,2024-02-03-T190001-chip20380_params_params_low_ISI_acqm.zip,chip20380,Retrosplenial Cortex
752.5,1347.5,2024-02-03-T190001-chip20380_params_params_low_ISI_acqm.zip,chip20380,Septum
857.5,1435.0,2024-02-03-T190001-chip20380_params_params_low_ISI_acqm.zip,chip20380,Septum
2467.5,980.0,2024-02-03-T190001-chip20380_params_params_low_ISI_acqm.zip,chip20380,Retrosplenial Cortex
402.5,140.0,2024-02-03-T190001-chip20380_params_params_low_ISI_acqm.zip,chip20380,Striatum
735.0,1400.0,2024-02-03-T190001-chip20380_params_params_low_ISI_acqm.zip,chip20380,Septum
2572.5,1015.0,2024-02-03-T190001-chip20380_params_params_low_ISI_acqm.zip,chip20380,Retrosplenial Cortex
787.5,1627.5,2024-02-03-T190001-chip20380_params_params_low_ISI_acqm.zip,chip20380,Septum
805.0,1365.0,2024-02-03-T190001-chip20380_params_params_low_ISI_acqm.zip,chip20380,Septum
2537.5,1260.0,2024-02-03-T190001-chip20380_params_params_low_ISI_acqm.zip,chip20380,Retrosplenial Cortex
787.5,1417.5,2024-02-03-T190001-chip20380_params_params_low_ISI_acqm.zip,chip20380,Septum
2660.0,1172.5,2024-02-03-T190001-chip20380_params_params_low_ISI_acqm.zip,chip20380,Retrosplenial Cortex
2660.0,1242.5,2024-02-03-T190001-chip20380_params_params_low_ISI_acqm.zip,chip20380,Retrosplenial Cortex
2607.5,1050.0,2024-02-03-T190001-chip20380_params_params_low_ISI_acqm.zip,chip20380,Retrosplenial Cortex
787.5,1417.5,2024-02-03-T190001-chip20380_params_params_low_ISI_acqm.zip,chip20380,Septum
840.0,1540.0,2024-02-03-T190001-chip20380_params_params_low_ISI_acqm.zip,chip20380,Septum
2502.5,1085.0,2024-02-03-T190001-chip20380_params_params_low_ISI_acqm.zip,chip20380,Retrosplenial Cortex
2642.5,1190.0,2024-02-03-T190001-chip20380_params_params_low_ISI_acqm.zip,chip20380,Retrosplenial Cortex
2572.5,1277.5,2024-02-03-T190001-chip20380_params_params_low_ISI_acqm.zip,chip20380,Retrosplenial Cortex
2590.0,1067.5,2024-02-03-T190001-chip20380_params_params_low_ISI_acqm.zip,chip20380,Retrosplenial Cortex
2642.5,1242.5,2024-02-03-T190001-chip20380_params_params_low_ISI_acqm.zip,chip20380,Retrosplenial Cortex
2712.5,1120.0,2024-02-03-T190001-chip20380_params_params_low_ISI_acqm.zip,chip20380,Retrosplenial Cortex
857.5,1435.0,2024-02-03-T190001-chip20380_params_params_low_ISI_acqm.zip,chip20380,Septum
2555.0,962.5,2024-02-03-T190001-chip20380_params_params_low_ISI_acqm.zip,chip20380,Retrosplenial Cortex
2555.0,962.5,2024-02-03-T190001-chip20380_params_params_low_ISI_acqm.zip,chip20380,Retrosplenial Cortex
875.0,1487.5,2024-02-03-T190001-chip20380_params_params_low_ISI_acqm.zip,chip20380,Septum
2590.0,997.5,2024-02-03-T190001-chip20380_params_params_low_ISI_acqm.zip,chip20380,Retrosplenial Cortex
857.5,1470.0,2024-02-03-T190001-chip20380_params_params_low_ISI_acqm.zip,chip20380,Septum
2502.5,1207.5,2024-02-03-T190001-chip20380_params_params_low_ISI_acqm.zip,chip20380,Retrosplenial Cortex
542.5,52.5,2024-02-03-T190001-chip20380_params_params_low_ISI_acqm.zip,chip20380,Striatum
2677.5,1067.5,2024-02-03-T190001-chip20380_params_params_low_ISI_acqm.zip,chip20380,Retrosplenial Cortex
2660.0,1120.0,2024-02-03-T190001-chip20380_params_params_low_ISI_acqm.zip,chip20380,Retrosplenial Cortex
2747.5,1295.0,2024-02-03-T190001-chip20380_params_params_low_ISI_acqm.zip,chip20380,Retrosplenial Cortex
2712.5,1242.5,2024-02-03-T190001-chip20380_params_params_low_ISI_acqm.zip,chip20380,Retrosplenial Cortex
770.0,1627.5,2024-02-03-T190001-chip20380_params_params_low_ISI_acqm.zip,chip20380,Septum
2642.5,1172.5,2024-02-03-T190001-chip20380_params_params_low_ISI_acqm.zip,chip20380,Retrosplenial Cortex
2642.5,1102.5,2024-02-03-T190001-chip20380_params_params_low_ISI_acqm.zip,chip20380,Retrosplenial Cortex
735.0,1417.5,2024-02-03-T190001-chip20380_params_params_low_ISI_acqm.zip,chip20380,Septum
805.0,1365.0,2024-02-03-T190001-chip20380_params_params_low_ISI_acqm.zip,chip20380,Septum
2572.5,1102.5,2024-02-03-T190001-chip20380_params_params_low_ISI_acqm.zip,chip20380,Retrosplenial Cortex
2572.5,1242.5,2024-02-03-T190001-chip20380_params_params_low_ISI_acqm.zip,chip20380,Retrosplenial Cortex
892.5,1505.0,2024-02-03-T190001-chip20380_params_params_low_ISI_acqm.zip,chip20380,Septum
2677.5,1137.5,2024-02-03-T190001-chip20380_params_params_low_ISI_acqm.zip,chip20380,Retrosplenial Cortex
2660.0,1032.5,2024-02-03-T190001-chip20380_params_params_low_ISI_acqm.zip,chip20380,Retrosplenial Cortex
2695.0,1120.0,2024-02-03-T190001-chip20380_params_params_low_ISI_acqm.zip,chip20380,Retrosplenial Cortex
2730.0,1155.0,2024-02-03-T190001-chip20380_params_params_low_ISI_acqm.zip,chip20380,Retrosplenial Cortex
2695.0,1067.5,2024-02-03-T190001-chip20380_params_params_low_ISI_acqm.zip,chip20380,Retrosplenial Cortex
2712.5,1120.0,2024-02-03-T190001-chip20380_params_params_low_ISI_acqm.zip,chip20380,Retrosplenial Cortex
2555.0,1120.0,2024-02-03-T190001-chip20380_params_params_low_ISI_acqm.zip,chip20380,Retrosplenial Cortex
2590.0,1732.5,2024-02-03-T190001-chip20380_params_params_low_ISI_acqm.zip,chip20380,Unknown
2695.0,1067.5,2024-02-03-T190001-chip20380_params_params_low_ISI_acqm.zip,chip20380,Retrosplenial Cortex
857.5,1470.0,2024-02-03-T190001-chip20380_params_params_low_ISI_acqm.zip,chip20380,Septum
2642.5,1050.0,2024-02-03-T190001-chip20380_params_params_low_ISI_acqm.zip,chip20380,Retrosplenial Cortex
2555.0,1277.5,2024-02-03-T190001-chip20380_params_params_low_ISI_acqm.zip,chip20380,Retrosplenial Cortex
2695.0,1067.5,2024-02-03-T190001-chip20380_params_params_low_ISI_acqm.zip,chip20380,Retrosplenial Cortex
1697.5,350.0,2024-02-03-T190001-chip20380_params_params_low_ISI_acqm.zip,chip20380,Unknown
2520.0,1277.5,2024-02-03-T190001-chip20380_params_params_low_ISI_acqm.zip,chip20380,Retrosplenial Cortex
2695.0,1085.0,2024-02-03-T190001-chip20380_params_params_low_ISI_acqm.zip,chip20380,Retrosplenial Cortex
2520.0,1137.5,2024-02-03-T190001-chip20380_params_params_low_ISI_acqm.zip,chip20380,Retrosplenial Cortex
2695.0,1015.0,2024-02-03-T190001-chip20380_params_params_low_ISI_acqm.zip,chip20380,Retrosplenial Cortex
2590.0,1120.0,2024-02-03-T190001-chip20380_params_params_low_ISI_acqm.zip,chip20380,Retrosplenial Cortex
2660.0,1120.0,2024-02-03-T190001-chip20380_params_params_low_ISI_acqm.zip,chip20380,Retrosplenial Cortex
2660.0,1120.0,2024-02-03-T190001-chip20380_params_params_low_ISI_acqm.zip,chip20380,Retrosplenial Cortex
2695.0,1295.0,2024-02-03-T190001-chip20380_params_params_low_ISI_acqm.zip,chip20380,Retrosplenial Cortex
2590.0,1260.0,2024-02-03-T190001-chip20380_params_params_low_ISI_acqm.zip,chip20380,Retrosplenial Cortex
2677.5,1172.5,2024-02-03-T190001-chip20380_params_params_low_ISI_acqm.zip,chip20380,Retrosplenial Cortex
2502.5,1137.5,2024-02-03-T190001-chip20380_params_params_low_ISI_acqm.zip,chip20380,Retrosplenial Cortex
2695.0,1277.5,2024-02-03-T190001-chip20380_params_params_low_ISI_acqm.zip,chip20380,Retrosplenial Cortex
2712.5,1277.5,2024-02-03-T190001-chip20380_params_params_low_ISI_acqm.zip,chip20380,Retrosplenial Cortex
2502.5,1172.5,2024-02-03-T190001-chip20380_params_params_low_ISI_acqm.zip,chip20380,Retrosplenial Cortex
2712.5,1347.5,2024-02-03-T190001-chip20380_params_params_low_ISI_acqm.zip,chip20380,Retrosplenial Cortex
2747.5,1225.0,2024-02-03-T190001-chip20380_params_params_low_ISI_acqm.zip,chip20380,Retrosplenial Cortex
2660.0,1067.5,2024-02-03-T190001-chip20380_params_params_low_ISI_acqm.zip,chip20380,Retrosplenial Cortex
2607.5,1120.0,2024-02-03-T190001-chip20380_params_params_low_ISI_acqm.zip,chip20380,Retrosplenial Cortex
2555.0,1260.0,2024-02-03-T190001-chip20380_params_params_low_ISI_acqm.zip,chip20380,Retrosplenial Cortex
2712.5,1330.0,2024-02-03-T190001-chip20380_params_params_low_ISI_acqm.zip,chip20380,Retrosplenial Cortex
2625.0,1050.0,2024-02-03-T190001-chip20380_params_params_low_ISI_acqm.zip,chip20380,Retrosplenial Cortex
2590.0,1732.5,2024-02-03-T190001-chip20380_params_params_low_ISI_acqm.zip,chip20380,Unknown
2677.5,1067.5,2024-02-03-T190001-chip20380_params_params_low_ISI_acqm.zip,chip20380,Retrosplenial Cortex
2625.0,1207.5,2024-02-03-T190001-chip20380_params_params_low_ISI_acqm.zip,chip20380,Retrosplenial Cortex
2625.0,1067.5,2024-02-03-T190001-chip20380_params_params_low_ISI_acqm.zip,chip20380,Retrosplenial Cortex
2695.0,1067.5,2024-02-03-T190001-chip20380_params_params_low_ISI_acqm.zip,chip20380,Retrosplenial Cortex
2642.5,980.0,2024-02-03-T190001-chip20380_params_params_low_ISI_acqm.zip,chip20380,Retrosplenial Cortex
2695.0,1242.5,2024-02-03-T190001-chip20380_params_params_low_ISI_acqm.zip,chip20380,Retrosplenial Cortex
2695.0,1242.5,2024-02-03-T190001-chip20380_params_params_low_ISI_acqm.zip,chip20380,Retrosplenial Cortex
2625.0,1032.5,2024-02-03-T190001-chip20380_params_params_low_ISI_acqm.zip,chip20380,Retrosplenial Cortex
2502.5,1102.5,2024-02-03-T190001-chip20380_params_params_low_ISI_acqm.zip,chip20380,Retrosplenial Cortex
892.5,1505.0,2024-02-03-T190001-chip20380_params_params_low_ISI_acqm.zip,chip20380,Septum
2660.0,1225.0,2024-02-03-T190001-chip20380_params_params_low_ISI_acqm.zip,chip20380,Retrosplenial Cortex
875.0,1522.5,2024-02-03-T190001-chip20380_params_params_low_ISI_acqm.zip,chip20380,Septum
2712.5,1155.0,2024-02-03-T200000-chip20380_params_params_low_ISI_acqm.zip,chip20380,Retrosplenial Cortex
2695.0,1102.5,2024-02-03-T200000-chip20380_params_params_low_ISI_acqm.zip,chip20380,Retrosplenial Cortex
2642.5,1102.5,2024-02-03-T200000-chip20380_params_params_low_ISI_acqm.zip,chip20380,Retrosplenial Cortex
2660.0,1277.5,2024-02-03-T200000-chip20380_params_params_low_ISI_acqm.zip,chip20380,Retrosplenial Cortex
2747.5,1260.0,2024-02-03-T200000-chip20380_params_params_low_ISI_acqm.zip,chip20380,Retrosplenial Cortex
2695.0,1032.5,2024-02-03-T200000-chip20380_params_params_low_ISI_acqm.zip,chip20380,Retrosplenial Cortex
2660.0,1032.5,2024-02-03-T200000-chip20380_params_params_low_ISI_acqm.zip,chip20380,Retrosplenial Cortex
2590.0,1190.0,2024-02-03-T200000-chip20380_params_params_low_ISI_acqm.zip,chip20380,Retrosplenial Cortex
717.5,1225.0,2024-02-03-T200000-chip20380_params_params_low_ISI_acqm.zip,chip20380,Septum
2572.5,1155.0,2024-02-03-T200000-chip20380_params_params_low_ISI_acqm.zip,chip20380,Retrosplenial Cortex
2642.5,1102.5,2024-02-03-T200000-chip20380_params_params_low_ISI_acqm.zip,chip20380,Retrosplenial Cortex
752.5,1347.5,2024-02-03-T200000-chip20380_params_params_low_ISI_acqm.zip,chip20380,Septum
2467.5,980.0,2024-02-03-T200000-chip20380_params_params_low_ISI_acqm.zip,chip20380,Retrosplenial Cortex
402.5,140.0,2024-02-03-T200000-chip20380_params_params_low_ISI_acqm.zip,chip20380,Striatum
735.0,1400.0,2024-02-03-T200000-chip20380_params_params_low_ISI_acqm.zip,chip20380,Septum
2572.5,1015.0,2024-02-03-T200000-chip20380_params_params_low_ISI_acqm.zip,chip20380,Retrosplenial Cortex
2695.0,1120.0,2024-02-03-T200000-chip20380_params_params_low_ISI_acqm.zip,chip20380,Retrosplenial Cortex
787.5,1627.5,2024-02-03-T200000-chip20380_params_params_low_ISI_acqm.zip,chip20380,Septum
805.0,1365.0,2024-02-03-T200000-chip20380_params_params_low_ISI_acqm.zip,chip20380,Septum
2537.5,1260.0,2024-02-03-T200000-chip20380_params_params_low_ISI_acqm.zip,chip20380,Retrosplenial Cortex
2555.0,1120.0,2024-02-03-T200000-chip20380_params_params_low_ISI_acqm.zip,chip20380,Retrosplenial Cortex
2520.0,1137.5,2024-02-03-T200000-chip20380_params_params_low_ISI_acqm.zip,chip20380,Retrosplenial Cortex
2660.0,1172.5,2024-02-03-T200000-chip20380_params_params_low_ISI_acqm.zip,chip20380,Retrosplenial Cortex
2642.5,1242.5,2024-02-03-T200000-chip20380_params_params_low_ISI_acqm.zip,chip20380,Retrosplenial Cortex
2625.0,1032.5,2024-02-03-T200000-chip20380_params_params_low_ISI_acqm.zip,chip20380,Retrosplenial Cortex
770.0,1522.5,2024-02-03-T200000-chip20380_params_params_low_ISI_acqm.zip,chip20380,Septum
840.0,1540.0,2024-02-03-T200000-chip20380_params_params_low_ISI_acqm.zip,chip20380,Septum
2660.0,1225.0,2024-02-03-T200000-chip20380_params_params_low_ISI_acqm.zip,chip20380,Retrosplenial Cortex
2485.0,1102.5,2024-02-03-T200000-chip20380_params_params_low_ISI_acqm.zip,chip20380,Retrosplenial Cortex
2642.5,1190.0,2024-02-03-T200000-chip20380_params_params_low_ISI_acqm.zip,chip20380,Retrosplenial Cortex
2642.5,1277.5,2024-02-03-T200000-chip20380_params_params_low_ISI_acqm.zip,chip20380,Retrosplenial Cortex
2660.0,1155.0,2024-02-03-T200000-chip20380_params_params_low_ISI_acqm.zip,chip20380,Retrosplenial Cortex
2660.0,1295.0,2024-02-03-T200000-chip20380_params_params_low_ISI_acqm.zip,chip20380,Retrosplenial Cortex
875.0,1487.5,2024-02-03-T200000-chip20380_params_params_low_ISI_acqm.zip,chip20380,Septum
875.0,1487.5,2024-02-03-T200000-chip20380_params_params_low_ISI_acqm.zip,chip20380,Septum
2520.0,1277.5,2024-02-03-T200000-chip20380_params_params_low_ISI_acqm.zip,chip20380,Retrosplenial Cortex
2642.5,1015.0,2024-02-03-T200000-chip20380_params_params_low_ISI_acqm.zip,chip20380,Retrosplenial Cortex
2502.5,1207.5,2024-02-03-T200000-chip20380_params_params_low_ISI_acqm.zip,chip20380,Retrosplenial Cortex
2590.0,1732.5,2024-02-03-T200000-chip20380_params_params_low_ISI_acqm.zip,chip20380,Unknown
542.5,52.5,2024-02-03-T200000-chip20380_params_params_low_ISI_acqm.zip,chip20380,Striatum
2677.5,1067.5,2024-02-03-T200000-chip20380_params_params_low_ISI_acqm.zip,chip20380,Retrosplenial Cortex
2677.5,1067.5,2024-02-03-T200000-chip20380_params_params_low_ISI_acqm.zip,chip20380,Retrosplenial Cortex
2747.5,1295.0,2024-02-03-T200000-chip20380_params_params_low_ISI_acqm.zip,chip20380,Retrosplenial Cortex
2712.5,1242.5,2024-02-03-T200000-chip20380_params_params_low_ISI_acqm.zip,chip20380,Retrosplenial Cortex
770.0,1627.5,2024-02-03-T200000-chip20380_params_params_low_ISI_acqm.zip,chip20380,Septum
2642.5,1172.5,2024-02-03-T200000-chip20380_params_params_low_ISI_acqm.zip,chip20380,Retrosplenial Cortex
735.0,1417.5,2024-02-03-T200000-chip20380_params_params_low_ISI_acqm.zip,chip20380,Septum
805.0,1365.0,2024-02-03-T200000-chip20380_params_params_low_ISI_acqm.zip,chip20380,Septum
2485.0,1120.0,2024-02-03-T200000-chip20380_params_params_low_ISI_acqm.zip,chip20380,Retrosplenial Cortex
875.0,1522.5,2024-02-03-T200000-chip20380_params_params_low_ISI_acqm.zip,chip20380,Septum
2660.0,1102.5,2024-02-03-T200000-chip20380_params_params_low_ISI_acqm.zip,chip20380,Retrosplenial Cortex
2677.5,1155.0,2024-02-03-T200000-chip20380_params_params_low_ISI_acqm.zip,chip20380,Retrosplenial Cortex
2677.5,1155.0,2024-02-03-T200000-chip20380_params_params_low_ISI_acqm.zip,chip20380,Retrosplenial Cortex
2730.0,1155.0,2024-02-03-T200000-chip20380_params_params_low_ISI_acqm.zip,chip20380,Retrosplenial Cortex
2677.5,980.0,2024-02-03-T200000-chip20380_params_params_low_ISI_acqm.zip,chip20380,Retrosplenial Cortex
752.5,1312.5,2024-02-03-T200000-chip20380_params_params_low_ISI_acqm.zip,chip20380,Septum
2677.5,1085.0,2024-02-03-T200000-chip20380_params_params_low_ISI_acqm.zip,chip20380,Retrosplenial Cortex
2712.5,1120.0,2024-02-03-T200000-chip20380_params_params_low_ISI_acqm.zip,chip20380,Retrosplenial Cortex
2590.0,1732.5,2024-02-03-T200000-chip20380_params_params_low_ISI_acqm.zip,chip20380,Unknown
2712.5,1067.5,2024-02-03-T200000-chip20380_params_params_low_ISI_acqm.zip,chip20380,Retrosplenial Cortex
910.0,1487.5,2024-02-03-T200000-chip20380_params_params_low_ISI_acqm.zip,chip20380,Septum
1697.5,350.0,2024-02-03-T200000-chip20380_params_params_low_ISI_acqm.zip,chip20380,Unknown
2537.5,1260.0,2024-02-03-T200000-chip20380_params_params_low_ISI_acqm.zip,chip20380,Retrosplenial Cortex
2572.5,1277.5,2024-02-03-T200000-chip20380_params_params_low_ISI_acqm.zip,chip20380,Retrosplenial Cortex
2695.0,1085.0,2024-02-03-T200000-chip20380_params_params_low_ISI_acqm.zip,chip20380,Retrosplenial Cortex
2695.0,1015.0,2024-02-03-T200000-chip20380_params_params_low_ISI_acqm.zip,chip20380,Retrosplenial Cortex
2607.5,1242.5,2024-02-03-T200000-chip20380_params_params_low_ISI_acqm.zip,chip20380,Retrosplenial Cortex
2677.5,1032.5,2024-02-03-T200000-chip20380_params_params_low_ISI_acqm.zip,chip20380,Retrosplenial Cortex
2590.0,1120.0,2024-02-03-T200000-chip20380_params_params_low_ISI_acqm.zip,chip20380,Retrosplenial Cortex
2660.0,1120.0,2024-02-03-T200000-chip20380_params_params_low_ISI_acqm.zip,chip20380,Retrosplenial Cortex
2660.0,1120.0,2024-02-03-T200000-chip20380_params_params_low_ISI_acqm.zip,chip20380,Retrosplenial Cortex
2695.0,1277.5,2024-02-03-T200000-chip20380_params_params_low_ISI_acqm.zip,chip20380,Retrosplenial Cortex
2695.0,1295.0,2024-02-03-T200000-chip20380_params_params_low_ISI_acqm.zip,chip20380,Retrosplenial Cortex
2590.0,1260.0,2024-02-03-T200000-chip20380_params_params_low_ISI_acqm.zip,chip20380,Retrosplenial Cortex
2695.0,1277.5,2024-02-03-T200000-chip20380_params_params_low_ISI_acqm.zip,chip20380,Retrosplenial Cortex
2502.5,1172.5,2024-02-03-T200000-chip20380_params_params_low_ISI_acqm.zip,chip20380,Retrosplenial Cortex
2730.0,1190.0,2024-02-03-T200000-chip20380_params_params_low_ISI_acqm.zip,chip20380,Retrosplenial Cortex
2695.0,1242.5,2024-02-03-T200000-chip20380_params_params_low_ISI_acqm.zip,chip20380,Retrosplenial Cortex
2712.5,1347.5,2024-02-03-T200000-chip20380_params_params_low_ISI_acqm.zip,chip20380,Retrosplenial Cortex
2712.5,1172.5,2024-02-03-T200000-chip20380_params_params_low_ISI_acqm.zip,chip20380,Retrosplenial Cortex
2660.0,1067.5,2024-02-03-T200000-chip20380_params_params_low_ISI_acqm.zip,chip20380,Retrosplenial Cortex
2555.0,1242.5,2024-02-03-T200000-chip20380_params_params_low_ISI_acqm.zip,chip20380,Retrosplenial Cortex
2712.5,1242.5,2024-02-03-T200000-chip20380_params_params_low_ISI_acqm.zip,chip20380,Retrosplenial Cortex
2712.5,1085.0,2024-02-03-T200000-chip20380_params_params_low_ISI_acqm.zip,chip20380,Retrosplenial Cortex
2607.5,1120.0,2024-02-03-T200000-chip20380_params_params_low_ISI_acqm.zip,chip20380,Retrosplenial Cortex
770.0,1522.5,2024-02-03-T200000-chip20380_params_params_low_ISI_acqm.zip,chip20380,Septum
2660.0,1172.5,2024-02-03-T200000-chip20380_params_params_low_ISI_acqm.zip,chip20380,Retrosplenial Cortex
2712.5,1225.0,2024-02-03-T200000-chip20380_params_params_low_ISI_acqm.zip,chip20380,Retrosplenial Cortex
2590.0,1067.5,2024-02-03-T200000-chip20380_params_params_low_ISI_acqm.zip,chip20380,Retrosplenial Cortex
2555.0,962.5,2024-02-03-T200000-chip20380_params_params_low_ISI_acqm.zip,chip20380,Retrosplenial Cortex
2590.0,997.5,2024-02-03-T200000-chip20380_params_params_low_ISI_acqm.zip,chip20380,Retrosplenial Cortex
2660.0,1015.0,2024-02-03-T200000-chip20380_params_params_low_ISI_acqm.zip,chip20380,Retrosplenial Cortex
2660.0,1067.5,2024-02-03-T200000-chip20380_params_params_low_ISI_acqm.zip,chip20380,Retrosplenial Cortex
2625.0,1050.0,2024-02-03-T200000-chip20380_params_params_low_ISI_acqm.zip,chip20380,Retrosplenial Cortex
2747.5,1137.5,2024-02-03-T200000-chip20380_params_params_low_ISI_acqm.zip,chip20380,Retrosplenial Cortex
2695.0,1207.5,2024-02-03-T200000-chip20380_params_params_low_ISI_acqm.zip,chip20380,Retrosplenial Cortex
2677.5,1085.0,2024-02-03-T200000-chip20380_params_params_low_ISI_acqm.zip,chip20380,Retrosplenial Cortex
2607.5,1155.0,2024-02-03-T200000-chip20380_params_params_low_ISI_acqm.zip,chip20380,Retrosplenial Cortex
2642.5,980.0,2024-02-03-T200000-chip20380_params_params_low_ISI_acqm.zip,chip20380,Retrosplenial Cortex
2677.5,1155.0,2024-02-03-T200000-chip20380_params_params_low_ISI_acqm.zip,chip20380,Retrosplenial Cortex
2502.5,1137.5,2024-02-03-T200000-chip20380_params_params_low_ISI_acqm.zip,chip20380,Retrosplenial Cortex
2712.5,1085.0,2024-02-03-T200000-chip20380_params_params_low_ISI_acqm.zip,chip20380,Retrosplenial Cortex
2642.5,1015.0,2024-02-03-T200000-chip20380_params_params_low_ISI_acqm.zip,chip20380,Retrosplenial Cortex
2642.5,1050.0,2024-02-03-T200000-chip20380_params_params_low_ISI_acqm.zip,chip20380,Retrosplenial Cortex
2695.0,1207.5,2024-02-03-T200000-chip20380_params_params_low_ISI_acqm.zip,chip20380,Retrosplenial Cortex
2642.5,1260.0,2024-02-03-T200000-chip20380_params_params_low_ISI_acqm.zip,chip20380,Retrosplenial Cortex
2695.0,1277.5,2024-02-03-T200000-chip20380_params_params_low_ISI_acqm.zip,chip20380,Retrosplenial Cortex
2660.0,1032.5,2024-02-03-T200000-chip20380_params_params_low_ISI_acqm.zip,chip20380,Retrosplenial Cortex
2712.5,1277.5,2024-02-03-T200000-chip20380_params_params_low_ISI_acqm.zip,chip20380,Retrosplenial Cortex
2730.0,1137.5,2024-02-03-T210000-chip20380_params_params_low_ISI_acqm.zip,chip20380,Retrosplenial Cortex
2642.5,1120.0,2024-02-03-T210000-chip20380_params_params_low_ISI_acqm.zip,chip20380,Retrosplenial Cortex
2695.0,1102.5,2024-02-03-T210000-chip20380_params_params_low_ISI_acqm.zip,chip20380,Retrosplenial Cortex
2660.0,1277.5,2024-02-03-T210000-chip20380_params_params_low_ISI_acqm.zip,chip20380,Retrosplenial Cortex
2747.5,1260.0,2024-02-03-T210000-chip20380_params_params_low_ISI_acqm.zip,chip20380,Retrosplenial Cortex
717.5,1225.0,2024-02-03-T210000-chip20380_params_params_low_ISI_acqm.zip,chip20380,Septum
2747.5,1225.0,2024-02-03-T210000-chip20380_params_params_low_ISI_acqm.zip,chip20380,Retrosplenial Cortex
2660.0,1085.0,2024-02-03-T210000-chip20380_params_params_low_ISI_acqm.zip,chip20380,Retrosplenial Cortex
752.5,1347.5,2024-02-03-T210000-chip20380_params_params_low_ISI_acqm.zip,chip20380,Septum
2467.5,980.0,2024-02-03-T210000-chip20380_params_params_low_ISI_acqm.zip,chip20380,Retrosplenial Cortex
402.5,140.0,2024-02-03-T210000-chip20380_params_params_low_ISI_acqm.zip,chip20380,Striatum
735.0,1400.0,2024-02-03-T210000-chip20380_params_params_low_ISI_acqm.zip,chip20380,Septum
2607.5,1120.0,2024-02-03-T210000-chip20380_params_params_low_ISI_acqm.zip,chip20380,Retrosplenial Cortex
2695.0,1120.0,2024-02-03-T210000-chip20380_params_params_low_ISI_acqm.zip,chip20380,Retrosplenial Cortex
787.5,1627.5,2024-02-03-T210000-chip20380_params_params_low_ISI_acqm.zip,chip20380,Septum
805.0,1365.0,2024-02-03-T210000-chip20380_params_params_low_ISI_acqm.zip,chip20380,Septum
787.5,1417.5,2024-02-03-T210000-chip20380_params_params_low_ISI_acqm.zip,chip20380,Septum
2660.0,1172.5,2024-02-03-T210000-chip20380_params_params_low_ISI_acqm.zip,chip20380,Retrosplenial Cortex
2695.0,1207.5,2024-02-03-T210000-chip20380_params_params_low_ISI_acqm.zip,chip20380,Retrosplenial Cortex
2660.0,1242.5,2024-02-03-T210000-chip20380_params_params_low_ISI_acqm.zip,chip20380,Retrosplenial Cortex
2625.0,1032.5,2024-02-03-T210000-chip20380_params_params_low_ISI_acqm.zip,chip20380,Retrosplenial Cortex
787.5,1417.5,2024-02-03-T210000-chip20380_params_params_low_ISI_acqm.zip,chip20380,Septum
2590.0,1732.5,2024-02-03-T210000-chip20380_params_params_low_ISI_acqm.zip,chip20380,Unknown
2590.0,1085.0,2024-02-03-T210000-chip20380_params_params_low_ISI_acqm.zip,chip20380,Retrosplenial Cortex
2485.0,1102.5,2024-02-03-T210000-chip20380_params_params_low_ISI_acqm.zip,chip20380,Retrosplenial Cortex
2677.5,1155.0,2024-02-03-T210000-chip20380_params_params_low_ISI_acqm.zip,chip20380,Retrosplenial Cortex
2642.5,1190.0,2024-02-03-T210000-chip20380_params_params_low_ISI_acqm.zip,chip20380,Retrosplenial Cortex
2642.5,1242.5,2024-02-03-T210000-chip20380_params_params_low_ISI_acqm.zip,chip20380,Retrosplenial Cortex
2572.5,1277.5,2024-02-03-T210000-chip20380_params_params_low_ISI_acqm.zip,chip20380,Retrosplenial Cortex
2590.0,1067.5,2024-02-03-T210000-chip20380_params_params_low_ISI_acqm.zip,chip20380,Retrosplenial Cortex
2660.0,1155.0,2024-02-03-T210000-chip20380_params_params_low_ISI_acqm.zip,chip20380,Retrosplenial Cortex
2660.0,1295.0,2024-02-03-T210000-chip20380_params_params_low_ISI_acqm.zip,chip20380,Retrosplenial Cortex
2555.0,962.5,2024-02-03-T210000-chip20380_params_params_low_ISI_acqm.zip,chip20380,Retrosplenial Cortex
875.0,1487.5,2024-02-03-T210000-chip20380_params_params_low_ISI_acqm.zip,chip20380,Septum
2520.0,1277.5,2024-02-03-T210000-chip20380_params_params_low_ISI_acqm.zip,chip20380,Retrosplenial Cortex
2642.5,1015.0,2024-02-03-T210000-chip20380_params_params_low_ISI_acqm.zip,chip20380,Retrosplenial Cortex
2590.0,1732.5,2024-02-03-T210000-chip20380_params_params_low_ISI_acqm.zip,chip20380,Unknown
2572.5,1277.5,2024-02-03-T210000-chip20380_params_params_low_ISI_acqm.zip,chip20380,Retrosplenial Cortex
2677.5,980.0,2024-02-03-T210000-chip20380_params_params_low_ISI_acqm.zip,chip20380,Retrosplenial Cortex
542.5,52.5,2024-02-03-T210000-chip20380_params_params_low_ISI_acqm.zip,chip20380,Striatum
2677.5,1067.5,2024-02-03-T210000-chip20380_params_params_low_ISI_acqm.zip,chip20380,Retrosplenial Cortex
2747.5,1295.0,2024-02-03-T210000-chip20380_params_params_low_ISI_acqm.zip,chip20380,Retrosplenial Cortex
2712.5,1242.5,2024-02-03-T210000-chip20380_params_params_low_ISI_acqm.zip,chip20380,Retrosplenial Cortex
770.0,1627.5,2024-02-03-T210000-chip20380_params_params_low_ISI_acqm.zip,chip20380,Septum
752.5,1382.5,2024-02-03-T210000-chip20380_params_params_low_ISI_acqm.zip,chip20380,Septum
735.0,1417.5,2024-02-03-T210000-chip20380_params_params_low_ISI_acqm.zip,chip20380,Septum
2537.5,1260.0,2024-02-03-T210000-chip20380_params_params_low_ISI_acqm.zip,chip20380,Retrosplenial Cortex
2467.5,1102.5,2024-02-03-T210000-chip20380_params_params_low_ISI_acqm.zip,chip20380,Retrosplenial Cortex
2660.0,1225.0,2024-02-03-T210000-chip20380_params_params_low_ISI_acqm.zip,chip20380,Retrosplenial Cortex
2677.5,1155.0,2024-02-03-T210000-chip20380_params_params_low_ISI_acqm.zip,chip20380,Retrosplenial Cortex
2695.0,1190.0,2024-02-03-T210000-chip20380_params_params_low_ISI_acqm.zip,chip20380,Retrosplenial Cortex
840.0,1540.0,2024-02-03-T210000-chip20380_params_params_low_ISI_acqm.zip,chip20380,Septum
2712.5,1067.5,2024-02-03-T210000-chip20380_params_params_low_ISI_acqm.zip,chip20380,Retrosplenial Cortex
752.5,1312.5,2024-02-03-T210000-chip20380_params_params_low_ISI_acqm.zip,chip20380,Septum
2712.5,1120.0,2024-02-03-T210000-chip20380_params_params_low_ISI_acqm.zip,chip20380,Retrosplenial Cortex
2502.5,1172.5,2024-02-03-T210000-chip20380_params_params_low_ISI_acqm.zip,chip20380,Retrosplenial Cortex
2555.0,1120.0,2024-02-03-T210000-chip20380_params_params_low_ISI_acqm.zip,chip20380,Retrosplenial Cortex
2660.0,1225.0,2024-02-03-T210000-chip20380_params_params_low_ISI_acqm.zip,chip20380,Retrosplenial Cortex
2607.5,1155.0,2024-02-03-T210000-chip20380_params_params_low_ISI_acqm.zip,chip20380,Retrosplenial Cortex
2695.0,1067.5,2024-02-03-T210000-chip20380_params_params_low_ISI_acqm.zip,chip20380,Retrosplenial Cortex
2677.5,1085.0,2024-02-03-T210000-chip20380_params_params_low_ISI_acqm.zip,chip20380,Retrosplenial Cortex
875.0,1487.5,2024-02-03-T210000-chip20380_params_params_low_ISI_acqm.zip,chip20380,Septum
1697.5,350.0,2024-02-03-T210000-chip20380_params_params_low_ISI_acqm.zip,chip20380,Unknown
2607.5,1015.0,2024-02-03-T210000-chip20380_params_params_low_ISI_acqm.zip,chip20380,Retrosplenial Cortex
2555.0,1120.0,2024-02-03-T210000-chip20380_params_params_low_ISI_acqm.zip,chip20380,Retrosplenial Cortex
2677.5,1067.5,2024-02-03-T210000-chip20380_params_params_low_ISI_acqm.zip,chip20380,Retrosplenial Cortex
2695.0,1085.0,2024-02-03-T210000-chip20380_params_params_low_ISI_acqm.zip,chip20380,Retrosplenial Cortex
2695.0,1015.0,2024-02-03-T210000-chip20380_params_params_low_ISI_acqm.zip,chip20380,Retrosplenial Cortex
2677.5,1032.5,2024-02-03-T210000-chip20380_params_params_low_ISI_acqm.zip,chip20380,Retrosplenial Cortex
2695.0,1032.5,2024-02-03-T210000-chip20380_params_params_low_ISI_acqm.zip,chip20380,Retrosplenial Cortex
2677.5,1032.5,2024-02-03-T210000-chip20380_params_params_low_ISI_acqm.zip,chip20380,Retrosplenial Cortex
2590.0,1120.0,2024-02-03-T210000-chip20380_params_params_low_ISI_acqm.zip,chip20380,Retrosplenial Cortex
2642.5,980.0,2024-02-03-T210000-chip20380_params_params_low_ISI_acqm.zip,chip20380,Retrosplenial Cortex
2660.0,1120.0,2024-02-03-T210000-chip20380_params_params_low_ISI_acqm.zip,chip20380,Retrosplenial Cortex
2695.0,1295.0,2024-02-03-T210000-chip20380_params_params_low_ISI_acqm.zip,chip20380,Retrosplenial Cortex
2590.0,1260.0,2024-02-03-T210000-chip20380_params_params_low_ISI_acqm.zip,chip20380,Retrosplenial Cortex
2677.5,1172.5,2024-02-03-T210000-chip20380_params_params_low_ISI_acqm.zip,chip20380,Retrosplenial Cortex
2695.0,1260.0,2024-02-03-T210000-chip20380_params_params_low_ISI_acqm.zip,chip20380,Retrosplenial Cortex
2695.0,1277.5,2024-02-03-T210000-chip20380_params_params_low_ISI_acqm.zip,chip20380,Retrosplenial Cortex
2695.0,1242.5,2024-02-03-T210000-chip20380_params_params_low_ISI_acqm.zip,chip20380,Retrosplenial Cortex
2712.5,1347.5,2024-02-03-T210000-chip20380_params_params_low_ISI_acqm.zip,chip20380,Retrosplenial Cortex
2747.5,1137.5,2024-02-03-T210000-chip20380_params_params_low_ISI_acqm.zip,chip20380,Retrosplenial Cortex
2660.0,1120.0,2024-02-03-T210000-chip20380_params_params_low_ISI_acqm.zip,chip20380,Retrosplenial Cortex
2642.5,1102.5,2024-02-03-T210000-chip20380_params_params_low_ISI_acqm.zip,chip20380,Retrosplenial Cortex
2607.5,1120.0,2024-02-03-T210000-chip20380_params_params_low_ISI_acqm.zip,chip20380,Retrosplenial Cortex
787.5,1417.5,2024-02-03-T210000-chip20380_params_params_low_ISI_acqm.zip,chip20380,Septum
2660.0,1172.5,2024-02-03-T210000-chip20380_params_params_low_ISI_acqm.zip,chip20380,Retrosplenial Cortex
2555.0,980.0,2024-02-03-T210000-chip20380_params_params_low_ISI_acqm.zip,chip20380,Retrosplenial Cortex
2590.0,997.5,2024-02-03-T210000-chip20380_params_params_low_ISI_acqm.zip,chip20380,Retrosplenial Cortex
2502.5,1225.0,2024-02-03-T210000-chip20380_params_params_low_ISI_acqm.zip,chip20380,Retrosplenial Cortex
2625.0,1207.5,2024-02-03-T210000-chip20380_params_params_low_ISI_acqm.zip,chip20380,Retrosplenial Cortex
2555.0,1260.0,2024-02-03-T210000-chip20380_params_params_low_ISI_acqm.zip,chip20380,Retrosplenial Cortex
910.0,1505.0,2024-02-03-T210000-chip20380_params_params_low_ISI_acqm.zip,chip20380,Septum
2730.0,1155.0,2024-02-03-T210000-chip20380_params_params_low_ISI_acqm.zip,chip20380,Retrosplenial Cortex
2712.5,1172.5,2024-02-03-T210000-chip20380_params_params_low_ISI_acqm.zip,chip20380,Retrosplenial Cortex
2572.5,1155.0,2024-02-03-T210000-chip20380_params_params_low_ISI_acqm.zip,chip20380,Retrosplenial Cortex
2625.0,1050.0,2024-02-03-T210000-chip20380_params_params_low_ISI_acqm.zip,chip20380,Retrosplenial Cortex
875.0,1522.5,2024-02-03-T210000-chip20380_params_params_low_ISI_acqm.zip,chip20380,Septum
2712.5,1277.5,2024-02-03-T210000-chip20380_params_params_low_ISI_acqm.zip,chip20380,Retrosplenial Cortex
2695.0,1260.0,2024-02-03-T210000-chip20380_params_params_low_ISI_acqm.zip,chip20380,Retrosplenial Cortex
2660.0,1015.0,2024-02-03-T210000-chip20380_params_params_low_ISI_acqm.zip,chip20380,Retrosplenial Cortex
2677.5,1067.5,2024-02-03-T210000-chip20380_params_params_low_ISI_acqm.zip,chip20380,Retrosplenial Cortex
2642.5,1050.0,2024-02-03-T210000-chip20380_params_params_low_ISI_acqm.zip,chip20380,Retrosplenial Cortex
875.0,1522.5,2024-02-03-T210000-chip20380_params_params_low_ISI_acqm.zip,chip20380,Septum
2485.0,1102.5,2024-02-03-T210000-chip20380_params_params_low_ISI_acqm.zip,chip20380,Retrosplenial Cortex
2660.0,1225.0,2024-02-03-T210000-chip20380_params_params_low_ISI_acqm.zip,chip20380,Retrosplenial Cortex
2502.5,1137.5,2024-02-03-T210000-chip20380_params_params_low_ISI_acqm.zip,chip20380,Retrosplenial Cortex
2625.0,1260.0,2024-02-03-T210000-chip20380_params_params_low_ISI_acqm.zip,chip20380,Retrosplenial Cortex
2660.0,1137.5,2024-02-03-T220000-chip20380_params_params_low_ISI_acqm.zip,chip20380,Retrosplenial Cortex
2695.0,1155.0,2024-02-03-T220000-chip20380_params_params_low_ISI_acqm.zip,chip20380,Retrosplenial Cortex
2695.0,1102.5,2024-02-03-T220000-chip20380_params_params_low_ISI_acqm.zip,chip20380,Retrosplenial Cortex
2747.5,1260.0,2024-02-03-T220000-chip20380_params_params_low_ISI_acqm.zip,chip20380,Retrosplenial Cortex
2607.5,1190.0,2024-02-03-T220000-chip20380_params_params_low_ISI_acqm.zip,chip20380,Retrosplenial Cortex
717.5,1225.0,2024-02-03-T220000-chip20380_params_params_low_ISI_acqm.zip,chip20380,Septum
752.5,1347.5,2024-02-03-T220000-chip20380_params_params_low_ISI_acqm.zip,chip20380,Septum
2467.5,980.0,2024-02-03-T220000-chip20380_params_params_low_ISI_acqm.zip,chip20380,Retrosplenial Cortex
2730.0,1277.5,2024-02-03-T220000-chip20380_params_params_low_ISI_acqm.zip,chip20380,Retrosplenial Cortex
402.5,140.0,2024-02-03-T220000-chip20380_params_params_low_ISI_acqm.zip,chip20380,Striatum
735.0,1400.0,2024-02-03-T220000-chip20380_params_params_low_ISI_acqm.zip,chip20380,Septum
2695.0,1120.0,2024-02-03-T220000-chip20380_params_params_low_ISI_acqm.zip,chip20380,Retrosplenial Cortex
2660.0,1155.0,2024-02-03-T220000-chip20380_params_params_low_ISI_acqm.zip,chip20380,Retrosplenial Cortex
787.5,1627.5,2024-02-03-T220000-chip20380_params_params_low_ISI_acqm.zip,chip20380,Septum
787.5,1400.0,2024-02-03-T220000-chip20380_params_params_low_ISI_acqm.zip,chip20380,Septum
735.0,1417.5,2024-02-03-T220000-chip20380_params_params_low_ISI_acqm.zip,chip20380,Septum
2660.0,1172.5,2024-02-03-T220000-chip20380_params_params_low_ISI_acqm.zip,chip20380,Retrosplenial Cortex
2695.0,1172.5,2024-02-03-T220000-chip20380_params_params_low_ISI_acqm.zip,chip20380,Retrosplenial Cortex
787.5,1417.5,2024-02-03-T220000-chip20380_params_params_low_ISI_acqm.zip,chip20380,Septum
840.0,1540.0,2024-02-03-T220000-chip20380_params_params_low_ISI_acqm.zip,chip20380,Septum
2747.5,1312.5,2024-02-03-T220000-chip20380_params_params_low_ISI_acqm.zip,chip20380,Retrosplenial Cortex
2677.5,1155.0,2024-02-03-T220000-chip20380_params_params_low_ISI_acqm.zip,chip20380,Retrosplenial Cortex
2642.5,1190.0,2024-02-03-T220000-chip20380_params_params_low_ISI_acqm.zip,chip20380,Retrosplenial Cortex
2642.5,1242.5,2024-02-03-T220000-chip20380_params_params_low_ISI_acqm.zip,chip20380,Retrosplenial Cortex
2660.0,1295.0,2024-02-03-T220000-chip20380_params_params_low_ISI_acqm.zip,chip20380,Retrosplenial Cortex
2555.0,962.5,2024-02-03-T220000-chip20380_params_params_low_ISI_acqm.zip,chip20380,Retrosplenial Cortex
875.0,1487.5,2024-02-03-T220000-chip20380_params_params_low_ISI_acqm.zip,chip20380,Septum
2520.0,1277.5,2024-02-03-T220000-chip20380_params_params_low_ISI_acqm.zip,chip20380,Retrosplenial Cortex
2590.0,1732.5,2024-02-03-T220000-chip20380_params_params_low_ISI_acqm.zip,chip20380,Unknown
2660.0,1120.0,2024-02-03-T220000-chip20380_params_params_low_ISI_acqm.zip,chip20380,Retrosplenial Cortex
2607.5,1015.0,2024-02-03-T220000-chip20380_params_params_low_ISI_acqm.zip,chip20380,Retrosplenial Cortex
542.5,52.5,2024-02-03-T220000-chip20380_params_params_low_ISI_acqm.zip,chip20380,Striatum
2677.5,1067.5,2024-02-03-T220000-chip20380_params_params_low_ISI_acqm.zip,chip20380,Retrosplenial Cortex
2677.5,1067.5,2024-02-03-T220000-chip20380_params_params_low_ISI_acqm.zip,chip20380,Retrosplenial Cortex
2747.5,1295.0,2024-02-03-T220000-chip20380_params_params_low_ISI_acqm.zip,chip20380,Retrosplenial Cortex
2695.0,1242.5,2024-02-03-T220000-chip20380_params_params_low_ISI_acqm.zip,chip20380,Retrosplenial Cortex
2607.5,1155.0,2024-02-03-T220000-chip20380_params_params_low_ISI_acqm.zip,chip20380,Retrosplenial Cortex
770.0,1627.5,2024-02-03-T220000-chip20380_params_params_low_ISI_acqm.zip,chip20380,Septum
2695.0,1277.5,2024-02-03-T220000-chip20380_params_params_low_ISI_acqm.zip,chip20380,Retrosplenial Cortex
2642.5,1172.5,2024-02-03-T220000-chip20380_params_params_low_ISI_acqm.zip,chip20380,Retrosplenial Cortex
752.5,1382.5,2024-02-03-T220000-chip20380_params_params_low_ISI_acqm.zip,chip20380,Septum
910.0,1487.5,2024-02-03-T220000-chip20380_params_params_low_ISI_acqm.zip,chip20380,Septum
2467.5,1102.5,2024-02-03-T220000-chip20380_params_params_low_ISI_acqm.zip,chip20380,Retrosplenial Cortex
2572.5,1032.5,2024-02-03-T220000-chip20380_params_params_low_ISI_acqm.zip,chip20380,Retrosplenial Cortex
2677.5,1137.5,2024-02-03-T220000-chip20380_params_params_low_ISI_acqm.zip,chip20380,Retrosplenial Cortex
2695.0,1190.0,2024-02-03-T220000-chip20380_params_params_low_ISI_acqm.zip,chip20380,Retrosplenial Cortex
2677.5,1190.0,2024-02-03-T220000-chip20380_params_params_low_ISI_acqm.zip,chip20380,Retrosplenial Cortex
735.0,1312.5,2024-02-03-T220000-chip20380_params_params_low_ISI_acqm.zip,chip20380,Septum
2607.5,1085.0,2024-02-03-T220000-chip20380_params_params_low_ISI_acqm.zip,chip20380,Retrosplenial Cortex
2712.5,1120.0,2024-02-03-T220000-chip20380_params_params_low_ISI_acqm.zip,chip20380,Retrosplenial Cortex
2502.5,1172.5,2024-02-03-T220000-chip20380_params_params_low_ISI_acqm.zip,chip20380,Retrosplenial Cortex
2555.0,1120.0,2024-02-03-T220000-chip20380_params_params_low_ISI_acqm.zip,chip20380,Retrosplenial Cortex
2590.0,1732.5,2024-02-03-T220000-chip20380_params_params_low_ISI_acqm.zip,chip20380,Unknown
2695.0,1067.5,2024-02-03-T220000-chip20380_params_params_low_ISI_acqm.zip,chip20380,Retrosplenial Cortex
2642.5,1050.0,2024-02-03-T220000-chip20380_params_params_low_ISI_acqm.zip,chip20380,Retrosplenial Cortex
2712.5,1067.5,2024-02-03-T220000-chip20380_params_params_low_ISI_acqm.zip,chip20380,Retrosplenial Cortex
875.0,1522.5,2024-02-03-T220000-chip20380_params_params_low_ISI_acqm.zip,chip20380,Septum
1697.5,350.0,2024-02-03-T220000-chip20380_params_params_low_ISI_acqm.zip,chip20380,Unknown
752.5,1382.5,2024-02-03-T220000-chip20380_params_params_low_ISI_acqm.zip,chip20380,Septum
2607.5,1015.0,2024-02-03-T220000-chip20380_params_params_low_ISI_acqm.zip,chip20380,Retrosplenial Cortex
2555.0,1120.0,2024-02-03-T220000-chip20380_params_params_low_ISI_acqm.zip,chip20380,Retrosplenial Cortex
2537.5,1260.0,2024-02-03-T220000-chip20380_params_params_low_ISI_acqm.zip,chip20380,Retrosplenial Cortex
2572.5,1277.5,2024-02-03-T220000-chip20380_params_params_low_ISI_acqm.zip,chip20380,Retrosplenial Cortex
2695.0,1085.0,2024-02-03-T220000-chip20380_params_params_low_ISI_acqm.zip,chip20380,Retrosplenial Cortex
2520.0,1137.5,2024-02-03-T220000-chip20380_params_params_low_ISI_acqm.zip,chip20380,Retrosplenial Cortex
2695.0,1032.5,2024-02-03-T220000-chip20380_params_params_low_ISI_acqm.zip,chip20380,Retrosplenial Cortex
2607.5,1242.5,2024-02-03-T220000-chip20380_params_params_low_ISI_acqm.zip,chip20380,Retrosplenial Cortex
2677.5,1032.5,2024-02-03-T220000-chip20380_params_params_low_ISI_acqm.zip,chip20380,Retrosplenial Cortex
2642.5,1102.5,2024-02-03-T220000-chip20380_params_params_low_ISI_acqm.zip,chip20380,Retrosplenial Cortex
2590.0,1120.0,2024-02-03-T220000-chip20380_params_params_low_ISI_acqm.zip,chip20380,Retrosplenial Cortex
2642.5,980.0,2024-02-03-T220000-chip20380_params_params_low_ISI_acqm.zip,chip20380,Retrosplenial Cortex
2695.0,1295.0,2024-02-03-T220000-chip20380_params_params_low_ISI_acqm.zip,chip20380,Retrosplenial Cortex
2590.0,1260.0,2024-02-03-T220000-chip20380_params_params_low_ISI_acqm.zip,chip20380,Retrosplenial Cortex
2502.5,1137.5,2024-02-03-T220000-chip20380_params_params_low_ISI_acqm.zip,chip20380,Retrosplenial Cortex
2730.0,1190.0,2024-02-03-T220000-chip20380_params_params_low_ISI_acqm.zip,chip20380,Retrosplenial Cortex
2695.0,1242.5,2024-02-03-T220000-chip20380_params_params_low_ISI_acqm.zip,chip20380,Retrosplenial Cortex
2712.5,1347.5,2024-02-03-T220000-chip20380_params_params_low_ISI_acqm.zip,chip20380,Retrosplenial Cortex
2730.0,1225.0,2024-02-03-T220000-chip20380_params_params_low_ISI_acqm.zip,chip20380,Retrosplenial Cortex
2572.5,1155.0,2024-02-03-T220000-chip20380_params_params_low_ISI_acqm.zip,chip20380,Retrosplenial Cortex
2572.5,1172.5,2024-02-03-T220000-chip20380_params_params_low_ISI_acqm.zip,chip20380,Retrosplenial Cortex
787.5,1417.5,2024-02-03-T220000-chip20380_params_params_low_ISI_acqm.zip,chip20380,Septum
2660.0,1172.5,2024-02-03-T220000-chip20380_params_params_low_ISI_acqm.zip,chip20380,Retrosplenial Cortex
2590.0,997.5,2024-02-03-T220000-chip20380_params_params_low_ISI_acqm.zip,chip20380,Retrosplenial Cortex
2642.5,1015.0,2024-02-03-T220000-chip20380_params_params_low_ISI_acqm.zip,chip20380,Retrosplenial Cortex
2625.0,1225.0,2024-02-03-T220000-chip20380_params_params_low_ISI_acqm.zip,chip20380,Retrosplenial Cortex
2730.0,1155.0,2024-02-03-T220000-chip20380_params_params_low_ISI_acqm.zip,chip20380,Retrosplenial Cortex
2677.5,1225.0,2024-02-03-T220000-chip20380_params_params_low_ISI_acqm.zip,chip20380,Retrosplenial Cortex
2677.5,980.0,2024-02-03-T220000-chip20380_params_params_low_ISI_acqm.zip,chip20380,Retrosplenial Cortex
2607.5,1155.0,2024-02-03-T220000-chip20380_params_params_low_ISI_acqm.zip,chip20380,Retrosplenial Cortex
2537.5,1260.0,2024-02-03-T220000-chip20380_params_params_low_ISI_acqm.zip,chip20380,Retrosplenial Cortex
2537.5,1260.0,2024-02-03-T220000-chip20380_params_params_low_ISI_acqm.zip,chip20380,Retrosplenial Cortex
2695.0,1015.0,2024-02-03-T220000-chip20380_params_params_low_ISI_acqm.zip,chip20380,Retrosplenial Cortex
2467.5,1155.0,2024-02-03-T220000-chip20380_params_params_low_ISI_acqm.zip,chip20380,Retrosplenial Cortex
2712.5,1242.5,2024-02-03-T220000-chip20380_params_params_low_ISI_acqm.zip,chip20380,Retrosplenial Cortex
2555.0,962.5,2024-02-03-T220000-chip20380_params_params_low_ISI_acqm.zip,chip20380,Retrosplenial Cortex
2502.5,1207.5,2024-02-03-T220000-chip20380_params_params_low_ISI_acqm.zip,chip20380,Retrosplenial Cortex
2502.5,1102.5,2024-02-03-T220000-chip20380_params_params_low_ISI_acqm.zip,chip20380,Retrosplenial Cortex
2642.5,1015.0,2024-02-03-T220000-chip20380_params_params_low_ISI_acqm.zip,chip20380,Retrosplenial Cortex
2485.0,1102.5,2024-02-03-T220000-chip20380_params_params_low_ISI_acqm.zip,chip20380,Retrosplenial Cortex
2730.0,1190.0,2024-02-03-T230000-chip20380_params_params_low_ISI_acqm.zip,chip20380,Retrosplenial Cortex
2747.5,1260.0,2024-02-03-T230000-chip20380_params_params_low_ISI_acqm.zip,chip20380,Retrosplenial Cortex
2695.0,1032.5,2024-02-03-T230000-chip20380_params_params_low_ISI_acqm.zip,chip20380,Retrosplenial Cortex
2607.5,1190.0,2024-02-03-T230000-chip20380_params_params_low_ISI_acqm.zip,chip20380,Retrosplenial Cortex
717.5,1225.0,2024-02-03-T230000-chip20380_params_params_low_ISI_acqm.zip,chip20380,Septum
2572.5,1155.0,2024-02-03-T230000-chip20380_params_params_low_ISI_acqm.zip,chip20380,Retrosplenial Cortex
735.0,1347.5,2024-02-03-T230000-chip20380_params_params_low_ISI_acqm.zip,chip20380,Septum
2467.5,980.0,2024-02-03-T230000-chip20380_params_params_low_ISI_acqm.zip,chip20380,Retrosplenial Cortex
402.5,140.0,2024-02-03-T230000-chip20380_params_params_low_ISI_acqm.zip,chip20380,Striatum
2677.5,1190.0,2024-02-03-T230000-chip20380_params_params_low_ISI_acqm.zip,chip20380,Retrosplenial Cortex
735.0,1400.0,2024-02-03-T230000-chip20380_params_params_low_ISI_acqm.zip,chip20380,Septum
2695.0,1120.0,2024-02-03-T230000-chip20380_params_params_low_ISI_acqm.zip,chip20380,Retrosplenial Cortex
2572.5,1277.5,2024-02-03-T230000-chip20380_params_params_low_ISI_acqm.zip,chip20380,Retrosplenial Cortex
787.5,1627.5,2024-02-03-T230000-chip20380_params_params_low_ISI_acqm.zip,chip20380,Septum
787.5,1400.0,2024-02-03-T230000-chip20380_params_params_low_ISI_acqm.zip,chip20380,Septum
752.5,1382.5,2024-02-03-T230000-chip20380_params_params_low_ISI_acqm.zip,chip20380,Septum
2520.0,1137.5,2024-02-03-T230000-chip20380_params_params_low_ISI_acqm.zip,chip20380,Retrosplenial Cortex
2660.0,1172.5,2024-02-03-T230000-chip20380_params_params_low_ISI_acqm.zip,chip20380,Retrosplenial Cortex
2695.0,1207.5,2024-02-03-T230000-chip20380_params_params_low_ISI_acqm.zip,chip20380,Retrosplenial Cortex
2660.0,1242.5,2024-02-03-T230000-chip20380_params_params_low_ISI_acqm.zip,chip20380,Retrosplenial Cortex
2625.0,1050.0,2024-02-03-T230000-chip20380_params_params_low_ISI_acqm.zip,chip20380,Retrosplenial Cortex
787.5,1417.5,2024-02-03-T230000-chip20380_params_params_low_ISI_acqm.zip,chip20380,Septum
2590.0,1732.5,2024-02-03-T230000-chip20380_params_params_low_ISI_acqm.zip,chip20380,Unknown
840.0,1540.0,2024-02-03-T230000-chip20380_params_params_low_ISI_acqm.zip,chip20380,Septum
2590.0,1067.5,2024-02-03-T230000-chip20380_params_params_low_ISI_acqm.zip,chip20380,Retrosplenial Cortex
2747.5,1330.0,2024-02-03-T230000-chip20380_params_params_low_ISI_acqm.zip,chip20380,Retrosplenial Cortex
2677.5,1155.0,2024-02-03-T230000-chip20380_params_params_low_ISI_acqm.zip,chip20380,Retrosplenial Cortex
2642.5,1190.0,2024-02-03-T230000-chip20380_params_params_low_ISI_acqm.zip,chip20380,Retrosplenial Cortex
787.5,1645.0,2024-02-03-T230000-chip20380_params_params_low_ISI_acqm.zip,chip20380,Septum
2642.5,1242.5,2024-02-03-T230000-chip20380_params_params_low_ISI_acqm.zip,chip20380,Retrosplenial Cortex
2625.0,1260.0,2024-02-03-T230000-chip20380_params_params_low_ISI_acqm.zip,chip20380,Retrosplenial Cortex
2555.0,962.5,2024-02-03-T230000-chip20380_params_params_low_ISI_acqm.zip,chip20380,Retrosplenial Cortex
2520.0,1277.5,2024-02-03-T230000-chip20380_params_params_low_ISI_acqm.zip,chip20380,Retrosplenial Cortex
2642.5,1015.0,2024-02-03-T230000-chip20380_params_params_low_ISI_acqm.zip,chip20380,Retrosplenial Cortex
2485.0,1225.0,2024-02-03-T230000-chip20380_params_params_low_ISI_acqm.zip,chip20380,Retrosplenial Cortex
2590.0,1732.5,2024-02-03-T230000-chip20380_params_params_low_ISI_acqm.zip,chip20380,Unknown
2660.0,1120.0,2024-02-03-T230000-chip20380_params_params_low_ISI_acqm.zip,chip20380,Retrosplenial Cortex
542.5,52.5,2024-02-03-T230000-chip20380_params_params_low_ISI_acqm.zip,chip20380,Striatum
2677.5,1067.5,2024-02-03-T230000-chip20380_params_params_low_ISI_acqm.zip,chip20380,Retrosplenial Cortex
2747.5,1295.0,2024-02-03-T230000-chip20380_params_params_low_ISI_acqm.zip,chip20380,Retrosplenial Cortex
2712.5,1242.5,2024-02-03-T230000-chip20380_params_params_low_ISI_acqm.zip,chip20380,Retrosplenial Cortex
770.0,1627.5,2024-02-03-T230000-chip20380_params_params_low_ISI_acqm.zip,chip20380,Septum
752.5,1382.5,2024-02-03-T230000-chip20380_params_params_low_ISI_acqm.zip,chip20380,Septum
2572.5,1102.5,2024-02-03-T230000-chip20380_params_params_low_ISI_acqm.zip,chip20380,Retrosplenial Cortex
2502.5,1172.5,2024-02-03-T230000-chip20380_params_params_low_ISI_acqm.zip,chip20380,Retrosplenial Cortex
2467.5,1102.5,2024-02-03-T230000-chip20380_params_params_low_ISI_acqm.zip,chip20380,Retrosplenial Cortex
2607.5,1120.0,2024-02-03-T230000-chip20380_params_params_low_ISI_acqm.zip,chip20380,Retrosplenial Cortex
2677.5,1137.5,2024-02-03-T230000-chip20380_params_params_low_ISI_acqm.zip,chip20380,Retrosplenial Cortex
2695.0,1190.0,2024-02-03-T230000-chip20380_params_params_low_ISI_acqm.zip,chip20380,Retrosplenial Cortex
805.0,1365.0,2024-02-03-T230000-chip20380_params_params_low_ISI_acqm.zip,chip20380,Septum
752.5,1382.5,2024-02-03-T230000-chip20380_params_params_low_ISI_acqm.zip,chip20380,Septum
752.5,1382.5,2024-02-03-T230000-chip20380_params_params_low_ISI_acqm.zip,chip20380,Septum
735.0,1382.5,2024-02-03-T230000-chip20380_params_params_low_ISI_acqm.zip,chip20380,Septum
752.5,1312.5,2024-02-03-T230000-chip20380_params_params_low_ISI_acqm.zip,chip20380,Septum
2712.5,1120.0,2024-02-03-T230000-chip20380_params_params_low_ISI_acqm.zip,chip20380,Retrosplenial Cortex
2502.5,1102.5,2024-02-03-T230000-chip20380_params_params_low_ISI_acqm.zip,chip20380,Retrosplenial Cortex
2555.0,1120.0,2024-02-03-T230000-chip20380_params_params_low_ISI_acqm.zip,chip20380,Retrosplenial Cortex
2625.0,1172.5,2024-02-03-T230000-chip20380_params_params_low_ISI_acqm.zip,chip20380,Retrosplenial Cortex
2642.5,1050.0,2024-02-03-T230000-chip20380_params_params_low_ISI_acqm.zip,chip20380,Retrosplenial Cortex
875.0,1522.5,2024-02-03-T230000-chip20380_params_params_low_ISI_acqm.zip,chip20380,Septum
1697.5,350.0,2024-02-03-T230000-chip20380_params_params_low_ISI_acqm.zip,chip20380,Unknown
2555.0,1120.0,2024-02-03-T230000-chip20380_params_params_low_ISI_acqm.zip,chip20380,Retrosplenial Cortex
2695.0,1085.0,2024-02-03-T230000-chip20380_params_params_low_ISI_acqm.zip,chip20380,Retrosplenial Cortex
2695.0,1015.0,2024-02-03-T230000-chip20380_params_params_low_ISI_acqm.zip,chip20380,Retrosplenial Cortex
2695.0,1102.5,2024-02-03-T230000-chip20380_params_params_low_ISI_acqm.zip,chip20380,Retrosplenial Cortex
2677.5,1085.0,2024-02-03-T230000-chip20380_params_params_low_ISI_acqm.zip,chip20380,Retrosplenial Cortex
2607.5,1242.5,2024-02-03-T230000-chip20380_params_params_low_ISI_acqm.zip,chip20380,Retrosplenial Cortex
2677.5,1032.5,2024-02-03-T230000-chip20380_params_params_low_ISI_acqm.zip,chip20380,Retrosplenial Cortex
2660.0,1085.0,2024-02-03-T230000-chip20380_params_params_low_ISI_acqm.zip,chip20380,Retrosplenial Cortex
2590.0,1120.0,2024-02-03-T230000-chip20380_params_params_low_ISI_acqm.zip,chip20380,Retrosplenial Cortex
2642.5,980.0,2024-02-03-T230000-chip20380_params_params_low_ISI_acqm.zip,chip20380,Retrosplenial Cortex
2660.0,1120.0,2024-02-03-T230000-chip20380_params_params_low_ISI_acqm.zip,chip20380,Retrosplenial Cortex
2695.0,1295.0,2024-02-03-T230000-chip20380_params_params_low_ISI_acqm.zip,chip20380,Retrosplenial Cortex
2695.0,1242.5,2024-02-03-T230000-chip20380_params_params_low_ISI_acqm.zip,chip20380,Retrosplenial Cortex
2590.0,1260.0,2024-02-03-T230000-chip20380_params_params_low_ISI_acqm.zip,chip20380,Retrosplenial Cortex
2695.0,1225.0,2024-02-03-T230000-chip20380_params_params_low_ISI_acqm.zip,chip20380,Retrosplenial Cortex
2712.5,1347.5,2024-02-03-T230000-chip20380_params_params_low_ISI_acqm.zip,chip20380,Retrosplenial Cortex
2747.5,1137.5,2024-02-03-T230000-chip20380_params_params_low_ISI_acqm.zip,chip20380,Retrosplenial Cortex
787.5,1417.5,2024-02-03-T230000-chip20380_params_params_low_ISI_acqm.zip,chip20380,Septum
2660.0,1172.5,2024-02-03-T230000-chip20380_params_params_low_ISI_acqm.zip,chip20380,Retrosplenial Cortex
2625.0,1032.5,2024-02-03-T230000-chip20380_params_params_low_ISI_acqm.zip,chip20380,Retrosplenial Cortex
2502.5,1102.5,2024-02-03-T230000-chip20380_params_params_low_ISI_acqm.zip,chip20380,Retrosplenial Cortex
2660.0,1032.5,2024-02-03-T230000-chip20380_params_params_low_ISI_acqm.zip,chip20380,Retrosplenial Cortex
2677.5,980.0,2024-02-03-T230000-chip20380_params_params_low_ISI_acqm.zip,chip20380,Retrosplenial Cortex
2677.5,1067.5,2024-02-03-T230000-chip20380_params_params_low_ISI_acqm.zip,chip20380,Retrosplenial Cortex
2625.0,1225.0,2024-02-03-T230000-chip20380_params_params_low_ISI_acqm.zip,chip20380,Retrosplenial Cortex
2730.0,1155.0,2024-02-03-T230000-chip20380_params_params_low_ISI_acqm.zip,chip20380,Retrosplenial Cortex
2607.5,1155.0,2024-02-03-T230000-chip20380_params_params_low_ISI_acqm.zip,chip20380,Retrosplenial Cortex
2607.5,1015.0,2024-02-03-T230000-chip20380_params_params_low_ISI_acqm.zip,chip20380,Retrosplenial Cortex
2537.5,1260.0,2024-02-03-T230000-chip20380_params_params_low_ISI_acqm.zip,chip20380,Retrosplenial Cortex
2677.5,1085.0,2024-02-03-T230000-chip20380_params_params_low_ISI_acqm.zip,chip20380,Retrosplenial Cortex
2625.0,1085.0,2024-02-03-T230000-chip20380_params_params_low_ISI_acqm.zip,chip20380,Retrosplenial Cortex
2642.5,1102.5,2024-02-03-T230000-chip20380_params_params_low_ISI_acqm.zip,chip20380,Retrosplenial Cortex
2695.0,1277.5,2024-02-03-T230000-chip20380_params_params_low_ISI_acqm.zip,chip20380,Retrosplenial Cortex
2695.0,1242.5,2024-02-03-T230000-chip20380_params_params_low_ISI_acqm.zip,chip20380,Retrosplenial Cortex
875.0,1487.5,2024-02-03-T230000-chip20380_params_params_low_ISI_acqm.zip,chip20380,Septum
2712.5,1242.5,2024-02-03-T230000-chip20380_params_params_low_ISI_acqm.zip,chip20380,Retrosplenial Cortex
2572.5,1032.5,2024-02-03-T230000-chip20380_params_params_low_ISI_acqm.zip,chip20380,Retrosplenial Cortex
2660.0,1172.5,2024-02-03-T230000-chip20380_params_params_low_ISI_acqm.zip,chip20380,Retrosplenial Cortex
2695.0,1102.5,2024-02-03-T230000-chip20380_params_params_low_ISI_acqm.zip,chip20380,Retrosplenial Cortex
2747.5,1137.5,2024-02-03-T230000-chip20380_params_params_low_ISI_acqm.zip,chip20380,Retrosplenial Cortex
2730.0,1137.5,2024-02-04-T000000-chip20380_params_params_low_ISI_acqm.zip,chip20380,Retrosplenial Cortex
2695.0,1102.5,2024-02-04-T000000-chip20380_params_params_low_ISI_acqm.zip,chip20380,Retrosplenial Cortex
2695.0,1207.5,2024-02-04-T000000-chip20380_params_params_low_ISI_acqm.zip,chip20380,Retrosplenial Cortex
2747.5,1260.0,2024-02-04-T000000-chip20380_params_params_low_ISI_acqm.zip,chip20380,Retrosplenial Cortex
2555.0,1155.0,2024-02-04-T000000-chip20380_params_params_low_ISI_acqm.zip,chip20380,Retrosplenial Cortex
752.5,1347.5,2024-02-04-T000000-chip20380_params_params_low_ISI_acqm.zip,chip20380,Septum
2467.5,980.0,2024-02-04-T000000-chip20380_params_params_low_ISI_acqm.zip,chip20380,Retrosplenial Cortex
402.5,140.0,2024-02-04-T000000-chip20380_params_params_low_ISI_acqm.zip,chip20380,Striatum
2677.5,1190.0,2024-02-04-T000000-chip20380_params_params_low_ISI_acqm.zip,chip20380,Retrosplenial Cortex
735.0,1400.0,2024-02-04-T000000-chip20380_params_params_low_ISI_acqm.zip,chip20380,Septum
2572.5,1015.0,2024-02-04-T000000-chip20380_params_params_low_ISI_acqm.zip,chip20380,Retrosplenial Cortex
2695.0,1120.0,2024-02-04-T000000-chip20380_params_params_low_ISI_acqm.zip,chip20380,Retrosplenial Cortex
2730.0,1295.0,2024-02-04-T000000-chip20380_params_params_low_ISI_acqm.zip,chip20380,Retrosplenial Cortex
787.5,1627.5,2024-02-04-T000000-chip20380_params_params_low_ISI_acqm.zip,chip20380,Septum
805.0,1365.0,2024-02-04-T000000-chip20380_params_params_low_ISI_acqm.zip,chip20380,Septum
2537.5,1260.0,2024-02-04-T000000-chip20380_params_params_low_ISI_acqm.zip,chip20380,Retrosplenial Cortex
2572.5,1102.5,2024-02-04-T000000-chip20380_params_params_low_ISI_acqm.zip,chip20380,Retrosplenial Cortex
2520.0,1137.5,2024-02-04-T000000-chip20380_params_params_low_ISI_acqm.zip,chip20380,Retrosplenial Cortex
2660.0,1172.5,2024-02-04-T000000-chip20380_params_params_low_ISI_acqm.zip,chip20380,Retrosplenial Cortex
2642.5,1242.5,2024-02-04-T000000-chip20380_params_params_low_ISI_acqm.zip,chip20380,Retrosplenial Cortex
2695.0,1207.5,2024-02-04-T000000-chip20380_params_params_low_ISI_acqm.zip,chip20380,Retrosplenial Cortex
2660.0,1242.5,2024-02-04-T000000-chip20380_params_params_low_ISI_acqm.zip,chip20380,Retrosplenial Cortex
2625.0,1032.5,2024-02-04-T000000-chip20380_params_params_low_ISI_acqm.zip,chip20380,Retrosplenial Cortex
787.5,1417.5,2024-02-04-T000000-chip20380_params_params_low_ISI_acqm.zip,chip20380,Septum
2590.0,1732.5,2024-02-04-T000000-chip20380_params_params_low_ISI_acqm.zip,chip20380,Unknown
2590.0,1085.0,2024-02-04-T000000-chip20380_params_params_low_ISI_acqm.zip,chip20380,Retrosplenial Cortex
2485.0,1102.5,2024-02-04-T000000-chip20380_params_params_low_ISI_acqm.zip,chip20380,Retrosplenial Cortex
2677.5,1155.0,2024-02-04-T000000-chip20380_params_params_low_ISI_acqm.zip,chip20380,Retrosplenial Cortex
2642.5,1190.0,2024-02-04-T000000-chip20380_params_params_low_ISI_acqm.zip,chip20380,Retrosplenial Cortex
787.5,1645.0,2024-02-04-T000000-chip20380_params_params_low_ISI_acqm.zip,chip20380,Septum
2642.5,1242.5,2024-02-04-T000000-chip20380_params_params_low_ISI_acqm.zip,chip20380,Retrosplenial Cortex
2590.0,1067.5,2024-02-04-T000000-chip20380_params_params_low_ISI_acqm.zip,chip20380,Retrosplenial Cortex
2555.0,962.5,2024-02-04-T000000-chip20380_params_params_low_ISI_acqm.zip,chip20380,Retrosplenial Cortex
2520.0,1277.5,2024-02-04-T000000-chip20380_params_params_low_ISI_acqm.zip,chip20380,Retrosplenial Cortex
2642.5,1015.0,2024-02-04-T000000-chip20380_params_params_low_ISI_acqm.zip,chip20380,Retrosplenial Cortex
2502.5,1207.5,2024-02-04-T000000-chip20380_params_params_low_ISI_acqm.zip,chip20380,Retrosplenial Cortex
2607.5,1155.0,2024-02-04-T000000-chip20380_params_params_low_ISI_acqm.zip,chip20380,Retrosplenial Cortex
2660.0,1120.0,2024-02-04-T000000-chip20380_params_params_low_ISI_acqm.zip,chip20380,Retrosplenial Cortex
542.5,52.5,2024-02-04-T000000-chip20380_params_params_low_ISI_acqm.zip,chip20380,Striatum
2677.5,1067.5,2024-02-04-T000000-chip20380_params_params_low_ISI_acqm.zip,chip20380,Retrosplenial Cortex
2747.5,1312.5,2024-02-04-T000000-chip20380_params_params_low_ISI_acqm.zip,chip20380,Retrosplenial Cortex
2712.5,1242.5,2024-02-04-T000000-chip20380_params_params_low_ISI_acqm.zip,chip20380,Retrosplenial Cortex
770.0,1627.5,2024-02-04-T000000-chip20380_params_params_low_ISI_acqm.zip,chip20380,Septum
2695.0,1260.0,2024-02-04-T000000-chip20380_params_params_low_ISI_acqm.zip,chip20380,Retrosplenial Cortex
2642.5,1172.5,2024-02-04-T000000-chip20380_params_params_low_ISI_acqm.zip,chip20380,Retrosplenial Cortex
2625.0,1225.0,2024-02-04-T000000-chip20380_params_params_low_ISI_acqm.zip,chip20380,Retrosplenial Cortex
2607.5,1085.0,2024-02-04-T000000-chip20380_params_params_low_ISI_acqm.zip,chip20380,Retrosplenial Cortex
2467.5,1102.5,2024-02-04-T000000-chip20380_params_params_low_ISI_acqm.zip,chip20380,Retrosplenial Cortex
2677.5,1137.5,2024-02-04-T000000-chip20380_params_params_low_ISI_acqm.zip,chip20380,Retrosplenial Cortex
840.0,1540.0,2024-02-04-T000000-chip20380_params_params_low_ISI_acqm.zip,chip20380,Septum
2730.0,1155.0,2024-02-04-T000000-chip20380_params_params_low_ISI_acqm.zip,chip20380,Retrosplenial Cortex
787.5,1330.0,2024-02-04-T000000-chip20380_params_params_low_ISI_acqm.zip,chip20380,Septum
717.5,1400.0,2024-02-04-T000000-chip20380_params_params_low_ISI_acqm.zip,chip20380,Septum
735.0,1417.5,2024-02-04-T000000-chip20380_params_params_low_ISI_acqm.zip,chip20380,Septum
805.0,1365.0,2024-02-04-T000000-chip20380_params_params_low_ISI_acqm.zip,chip20380,Septum
735.0,1312.5,2024-02-04-T000000-chip20380_params_params_low_ISI_acqm.zip,chip20380,Septum
2712.5,1120.0,2024-02-04-T000000-chip20380_params_params_low_ISI_acqm.zip,chip20380,Retrosplenial Cortex
2555.0,1120.0,2024-02-04-T000000-chip20380_params_params_low_ISI_acqm.zip,chip20380,Retrosplenial Cortex
2695.0,1067.5,2024-02-04-T000000-chip20380_params_params_low_ISI_acqm.zip,chip20380,Retrosplenial Cortex
1697.5,350.0,2024-02-04-T000000-chip20380_params_params_low_ISI_acqm.zip,chip20380,Unknown
2607.5,1015.0,2024-02-04-T000000-chip20380_params_params_low_ISI_acqm.zip,chip20380,Retrosplenial Cortex
2572.5,1120.0,2024-02-04-T000000-chip20380_params_params_low_ISI_acqm.zip,chip20380,Retrosplenial Cortex
2572.5,1277.5,2024-02-04-T000000-chip20380_params_params_low_ISI_acqm.zip,chip20380,Retrosplenial Cortex
2677.5,1085.0,2024-02-04-T000000-chip20380_params_params_low_ISI_acqm.zip,chip20380,Retrosplenial Cortex
2695.0,1085.0,2024-02-04-T000000-chip20380_params_params_low_ISI_acqm.zip,chip20380,Retrosplenial Cortex
2695.0,1015.0,2024-02-04-T000000-chip20380_params_params_low_ISI_acqm.zip,chip20380,Retrosplenial Cortex
2607.5,1242.5,2024-02-04-T000000-chip20380_params_params_low_ISI_acqm.zip,chip20380,Retrosplenial Cortex
2607.5,1242.5,2024-02-04-T000000-chip20380_params_params_low_ISI_acqm.zip,chip20380,Retrosplenial Cortex
2677.5,1032.5,2024-02-04-T000000-chip20380_params_params_low_ISI_acqm.zip,chip20380,Retrosplenial Cortex
2642.5,1137.5,2024-02-04-T000000-chip20380_params_params_low_ISI_acqm.zip,chip20380,Retrosplenial Cortex
2625.0,1085.0,2024-02-04-T000000-chip20380_params_params_low_ISI_acqm.zip,chip20380,Retrosplenial Cortex
2590.0,1120.0,2024-02-04-T000000-chip20380_params_params_low_ISI_acqm.zip,chip20380,Retrosplenial Cortex
2642.5,980.0,2024-02-04-T000000-chip20380_params_params_low_ISI_acqm.zip,chip20380,Retrosplenial Cortex
2695.0,1295.0,2024-02-04-T000000-chip20380_params_params_low_ISI_acqm.zip,chip20380,Retrosplenial Cortex
2695.0,1295.0,2024-02-04-T000000-chip20380_params_params_low_ISI_acqm.zip,chip20380,Retrosplenial Cortex
2590.0,1260.0,2024-02-04-T000000-chip20380_params_params_low_ISI_acqm.zip,chip20380,Retrosplenial Cortex
2502.5,1137.5,2024-02-04-T000000-chip20380_params_params_low_ISI_acqm.zip,chip20380,Retrosplenial Cortex
2677.5,1155.0,2024-02-04-T000000-chip20380_params_params_low_ISI_acqm.zip,chip20380,Retrosplenial Cortex
2502.5,1172.5,2024-02-04-T000000-chip20380_params_params_low_ISI_acqm.zip,chip20380,Retrosplenial Cortex
2695.0,1225.0,2024-02-04-T000000-chip20380_params_params_low_ISI_acqm.zip,chip20380,Retrosplenial Cortex
2712.5,1347.5,2024-02-04-T000000-chip20380_params_params_low_ISI_acqm.zip,chip20380,Retrosplenial Cortex
2660.0,1225.0,2024-02-04-T000000-chip20380_params_params_low_ISI_acqm.zip,chip20380,Retrosplenial Cortex
2660.0,1207.5,2024-02-04-T000000-chip20380_params_params_low_ISI_acqm.zip,chip20380,Retrosplenial Cortex
2677.5,1225.0,2024-02-04-T000000-chip20380_params_params_low_ISI_acqm.zip,chip20380,Retrosplenial Cortex
2712.5,1225.0,2024-02-04-T000000-chip20380_params_params_low_ISI_acqm.zip,chip20380,Retrosplenial Cortex
2677.5,1120.0,2024-02-04-T000000-chip20380_params_params_low_ISI_acqm.zip,chip20380,Retrosplenial Cortex
787.5,1417.5,2024-02-04-T000000-chip20380_params_params_low_ISI_acqm.zip,chip20380,Septum
2660.0,1172.5,2024-02-04-T000000-chip20380_params_params_low_ISI_acqm.zip,chip20380,Retrosplenial Cortex
2590.0,1085.0,2024-02-04-T000000-chip20380_params_params_low_ISI_acqm.zip,chip20380,Retrosplenial Cortex
2625.0,1242.5,2024-02-04-T000000-chip20380_params_params_low_ISI_acqm.zip,chip20380,Retrosplenial Cortex
2607.5,1155.0,2024-02-04-T000000-chip20380_params_params_low_ISI_acqm.zip,chip20380,Retrosplenial Cortex
2677.5,1067.5,2024-02-04-T000000-chip20380_params_params_low_ISI_acqm.zip,chip20380,Retrosplenial Cortex
2712.5,1242.5,2024-02-04-T000000-chip20380_params_params_low_ISI_acqm.zip,chip20380,Retrosplenial Cortex
2625.0,1207.5,2024-02-04-T000000-chip20380_params_params_low_ISI_acqm.zip,chip20380,Retrosplenial Cortex
2625.0,1050.0,2024-02-04-T000000-chip20380_params_params_low_ISI_acqm.zip,chip20380,Retrosplenial Cortex
2625.0,1067.5,2024-02-04-T000000-chip20380_params_params_low_ISI_acqm.zip,chip20380,Retrosplenial Cortex
2467.5,1102.5,2024-02-04-T000000-chip20380_params_params_low_ISI_acqm.zip,chip20380,Retrosplenial Cortex
2590.0,1155.0,2024-02-04-T000000-chip20380_params_params_low_ISI_acqm.zip,chip20380,Retrosplenial Cortex
2607.5,1120.0,2024-02-04-T000000-chip20380_params_params_low_ISI_acqm.zip,chip20380,Retrosplenial Cortex
2502.5,1102.5,2024-02-04-T000000-chip20380_params_params_low_ISI_acqm.zip,chip20380,Retrosplenial Cortex
2607.5,1155.0,2024-02-04-T000000-chip20380_params_params_low_ISI_acqm.zip,chip20380,Retrosplenial Cortex
2677.5,1085.0,2024-02-04-T000000-chip20380_params_params_low_ISI_acqm.zip,chip20380,Retrosplenial Cortex
2660.0,1137.5,2024-02-04-T000000-chip20380_params_params_low_ISI_acqm.zip,chip20380,Retrosplenial Cortex
2625.0,1085.0,2024-02-04-T000000-chip20380_params_params_low_ISI_acqm.zip,chip20380,Retrosplenial Cortex
2695.0,1172.5,2024-02-04-T000000-chip20380_params_params_low_ISI_acqm.zip,chip20380,Retrosplenial Cortex
2730.0,1190.0,2024-02-04-T000000-chip20380_params_params_low_ISI_acqm.zip,chip20380,Retrosplenial Cortex
2660.0,1225.0,2024-02-04-T000000-chip20380_params_params_low_ISI_acqm.zip,chip20380,Retrosplenial Cortex
2660.0,1172.5,2024-02-04-T000000-chip20380_params_params_low_ISI_acqm.zip,chip20380,Retrosplenial Cortex
2642.5,1050.0,2024-02-04-T000000-chip20380_params_params_low_ISI_acqm.zip,chip20380,Retrosplenial Cortex
2712.5,1172.5,2024-02-04-T000000-chip20380_params_params_low_ISI_acqm.zip,chip20380,Retrosplenial Cortex
2677.5,980.0,2024-02-04-T000000-chip20380_params_params_low_ISI_acqm.zip,chip20380,Retrosplenial Cortex
2730.0,1155.0,2024-02-04-T000000-chip20380_params_params_low_ISI_acqm.zip,chip20380,Retrosplenial Cortex
875.0,1522.5,2024-02-04-T000000-chip20380_params_params_low_ISI_acqm.zip,chip20380,Septum
2695.0,1102.5,2024-02-04-T010000-chip20380_params_params_low_ISI_acqm.zip,chip20380,Retrosplenial Cortex
2712.5,1225.0,2024-02-04-T010000-chip20380_params_params_low_ISI_acqm.zip,chip20380,Retrosplenial Cortex
2642.5,1277.5,2024-02-04-T010000-chip20380_params_params_low_ISI_acqm.zip,chip20380,Retrosplenial Cortex
2747.5,1260.0,2024-02-04-T010000-chip20380_params_params_low_ISI_acqm.zip,chip20380,Retrosplenial Cortex
2695.0,1032.5,2024-02-04-T010000-chip20380_params_params_low_ISI_acqm.zip,chip20380,Retrosplenial Cortex
752.5,1347.5,2024-02-04-T010000-chip20380_params_params_low_ISI_acqm.zip,chip20380,Septum
2467.5,980.0,2024-02-04-T010000-chip20380_params_params_low_ISI_acqm.zip,chip20380,Retrosplenial Cortex
2712.5,1242.5,2024-02-04-T010000-chip20380_params_params_low_ISI_acqm.zip,chip20380,Retrosplenial Cortex
2712.5,1085.0,2024-02-04-T010000-chip20380_params_params_low_ISI_acqm.zip,chip20380,Retrosplenial Cortex
2660.0,1190.0,2024-02-04-T010000-chip20380_params_params_low_ISI_acqm.zip,chip20380,Retrosplenial Cortex
735.0,1400.0,2024-02-04-T010000-chip20380_params_params_low_ISI_acqm.zip,chip20380,Septum
2677.5,1120.0,2024-02-04-T010000-chip20380_params_params_low_ISI_acqm.zip,chip20380,Retrosplenial Cortex
2730.0,1277.5,2024-02-04-T010000-chip20380_params_params_low_ISI_acqm.zip,chip20380,Retrosplenial Cortex
2712.5,1295.0,2024-02-04-T010000-chip20380_params_params_low_ISI_acqm.zip,chip20380,Retrosplenial Cortex
787.5,1627.5,2024-02-04-T010000-chip20380_params_params_low_ISI_acqm.zip,chip20380,Septum
2537.5,1260.0,2024-02-04-T010000-chip20380_params_params_low_ISI_acqm.zip,chip20380,Retrosplenial Cortex
717.5,1400.0,2024-02-04-T010000-chip20380_params_params_low_ISI_acqm.zip,chip20380,Septum
805.0,1365.0,2024-02-04-T010000-chip20380_params_params_low_ISI_acqm.zip,chip20380,Septum
2660.0,1155.0,2024-02-04-T010000-chip20380_params_params_low_ISI_acqm.zip,chip20380,Retrosplenial Cortex
2642.5,1242.5,2024-02-04-T010000-chip20380_params_params_low_ISI_acqm.zip,chip20380,Retrosplenial Cortex
2695.0,1207.5,2024-02-04-T010000-chip20380_params_params_low_ISI_acqm.zip,chip20380,Retrosplenial Cortex
2642.5,1242.5,2024-02-04-T010000-chip20380_params_params_low_ISI_acqm.zip,chip20380,Retrosplenial Cortex
787.5,1417.5,2024-02-04-T010000-chip20380_params_params_low_ISI_acqm.zip,chip20380,Septum
2520.0,1085.0,2024-02-04-T010000-chip20380_params_params_low_ISI_acqm.zip,chip20380,Retrosplenial Cortex
2747.5,1312.5,2024-02-04-T010000-chip20380_params_params_low_ISI_acqm.zip,chip20380,Retrosplenial Cortex
2677.5,1155.0,2024-02-04-T010000-chip20380_params_params_low_ISI_acqm.zip,chip20380,Retrosplenial Cortex
2642.5,1190.0,2024-02-04-T010000-chip20380_params_params_low_ISI_acqm.zip,chip20380,Retrosplenial Cortex
2590.0,1067.5,2024-02-04-T010000-chip20380_params_params_low_ISI_acqm.zip,chip20380,Retrosplenial Cortex
2555.0,962.5,2024-02-04-T010000-chip20380_params_params_low_ISI_acqm.zip,chip20380,Retrosplenial Cortex
787.5,1645.0,2024-02-04-T010000-chip20380_params_params_low_ISI_acqm.zip,chip20380,Septum
2590.0,997.5,2024-02-04-T010000-chip20380_params_params_low_ISI_acqm.zip,chip20380,Retrosplenial Cortex
2520.0,1277.5,2024-02-04-T010000-chip20380_params_params_low_ISI_acqm.zip,chip20380,Retrosplenial Cortex
2502.5,1207.5,2024-02-04-T010000-chip20380_params_params_low_ISI_acqm.zip,chip20380,Retrosplenial Cortex
2590.0,1155.0,2024-02-04-T010000-chip20380_params_params_low_ISI_acqm.zip,chip20380,Retrosplenial Cortex
2607.5,1155.0,2024-02-04-T010000-chip20380_params_params_low_ISI_acqm.zip,chip20380,Retrosplenial Cortex
2660.0,1120.0,2024-02-04-T010000-chip20380_params_params_low_ISI_acqm.zip,chip20380,Retrosplenial Cortex
542.5,52.5,2024-02-04-T010000-chip20380_params_params_low_ISI_acqm.zip,chip20380,Striatum
2677.5,1067.5,2024-02-04-T010000-chip20380_params_params_low_ISI_acqm.zip,chip20380,Retrosplenial Cortex
2677.5,1067.5,2024-02-04-T010000-chip20380_params_params_low_ISI_acqm.zip,chip20380,Retrosplenial Cortex
2747.5,1137.5,2024-02-04-T010000-chip20380_params_params_low_ISI_acqm.zip,chip20380,Retrosplenial Cortex
2747.5,1295.0,2024-02-04-T010000-chip20380_params_params_low_ISI_acqm.zip,chip20380,Retrosplenial Cortex
2712.5,1242.5,2024-02-04-T010000-chip20380_params_params_low_ISI_acqm.zip,chip20380,Retrosplenial Cortex
770.0,1627.5,2024-02-04-T010000-chip20380_params_params_low_ISI_acqm.zip,chip20380,Septum
2642.5,1172.5,2024-02-04-T010000-chip20380_params_params_low_ISI_acqm.zip,chip20380,Retrosplenial Cortex
2642.5,1207.5,2024-02-04-T010000-chip20380_params_params_low_ISI_acqm.zip,chip20380,Retrosplenial Cortex
2555.0,1155.0,2024-02-04-T010000-chip20380_params_params_low_ISI_acqm.zip,chip20380,Retrosplenial Cortex
2467.5,1102.5,2024-02-04-T010000-chip20380_params_params_low_ISI_acqm.zip,chip20380,Retrosplenial Cortex
2677.5,1137.5,2024-02-04-T010000-chip20380_params_params_low_ISI_acqm.zip,chip20380,Retrosplenial Cortex
2660.0,1032.5,2024-02-04-T010000-chip20380_params_params_low_ISI_acqm.zip,chip20380,Retrosplenial Cortex
840.0,1540.0,2024-02-04-T010000-chip20380_params_params_low_ISI_acqm.zip,chip20380,Septum
717.5,1400.0,2024-02-04-T010000-chip20380_params_params_low_ISI_acqm.zip,chip20380,Septum
735.0,1312.5,2024-02-04-T010000-chip20380_params_params_low_ISI_acqm.zip,chip20380,Septum
2712.5,1120.0,2024-02-04-T010000-chip20380_params_params_low_ISI_acqm.zip,chip20380,Retrosplenial Cortex
2502.5,1172.5,2024-02-04-T010000-chip20380_params_params_low_ISI_acqm.zip,chip20380,Retrosplenial Cortex
2555.0,1120.0,2024-02-04-T010000-chip20380_params_params_low_ISI_acqm.zip,chip20380,Retrosplenial Cortex
2590.0,1732.5,2024-02-04-T010000-chip20380_params_params_low_ISI_acqm.zip,chip20380,Unknown
2695.0,1067.5,2024-02-04-T010000-chip20380_params_params_low_ISI_acqm.zip,chip20380,Retrosplenial Cortex
2677.5,1207.5,2024-02-04-T010000-chip20380_params_params_low_ISI_acqm.zip,chip20380,Retrosplenial Cortex
2677.5,1155.0,2024-02-04-T010000-chip20380_params_params_low_ISI_acqm.zip,chip20380,Retrosplenial Cortex
1697.5,350.0,2024-02-04-T010000-chip20380_params_params_low_ISI_acqm.zip,chip20380,Unknown
2607.5,1015.0,2024-02-04-T010000-chip20380_params_params_low_ISI_acqm.zip,chip20380,Retrosplenial Cortex
2572.5,1120.0,2024-02-04-T010000-chip20380_params_params_low_ISI_acqm.zip,chip20380,Retrosplenial Cortex
2572.5,1277.5,2024-02-04-T010000-chip20380_params_params_low_ISI_acqm.zip,chip20380,Retrosplenial Cortex
2695.0,1085.0,2024-02-04-T010000-chip20380_params_params_low_ISI_acqm.zip,chip20380,Retrosplenial Cortex
2520.0,1137.5,2024-02-04-T010000-chip20380_params_params_low_ISI_acqm.zip,chip20380,Retrosplenial Cortex
2695.0,1015.0,2024-02-04-T010000-chip20380_params_params_low_ISI_acqm.zip,chip20380,Retrosplenial Cortex
2607.5,1242.5,2024-02-04-T010000-chip20380_params_params_low_ISI_acqm.zip,chip20380,Retrosplenial Cortex
2695.0,1032.5,2024-02-04-T010000-chip20380_params_params_low_ISI_acqm.zip,chip20380,Retrosplenial Cortex
2660.0,1085.0,2024-02-04-T010000-chip20380_params_params_low_ISI_acqm.zip,chip20380,Retrosplenial Cortex
2590.0,1120.0,2024-02-04-T010000-chip20380_params_params_low_ISI_acqm.zip,chip20380,Retrosplenial Cortex
2677.5,1312.5,2024-02-04-T010000-chip20380_params_params_low_ISI_acqm.zip,chip20380,Retrosplenial Cortex
2642.5,980.0,2024-02-04-T010000-chip20380_params_params_low_ISI_acqm.zip,chip20380,Retrosplenial Cortex
2590.0,1260.0,2024-02-04-T010000-chip20380_params_params_low_ISI_acqm.zip,chip20380,Retrosplenial Cortex
2695.0,1260.0,2024-02-04-T010000-chip20380_params_params_low_ISI_acqm.zip,chip20380,Retrosplenial Cortex
2712.5,1277.5,2024-02-04-T010000-chip20380_params_params_low_ISI_acqm.zip,chip20380,Retrosplenial Cortex
2730.0,1190.0,2024-02-04-T010000-chip20380_params_params_low_ISI_acqm.zip,chip20380,Retrosplenial Cortex
2677.5,980.0,2024-02-04-T010000-chip20380_params_params_low_ISI_acqm.zip,chip20380,Retrosplenial Cortex
2695.0,1242.5,2024-02-04-T010000-chip20380_params_params_low_ISI_acqm.zip,chip20380,Retrosplenial Cortex
2712.5,1347.5,2024-02-04-T010000-chip20380_params_params_low_ISI_acqm.zip,chip20380,Retrosplenial Cortex
2625.0,1260.0,2024-02-04-T010000-chip20380_params_params_low_ISI_acqm.zip,chip20380,Retrosplenial Cortex
2695.0,1242.5,2024-02-04-T010000-chip20380_params_params_low_ISI_acqm.zip,chip20380,Retrosplenial Cortex
402.5,140.0,2024-02-04-T010000-chip20380_params_params_low_ISI_acqm.zip,chip20380,Striatum
2712.5,1085.0,2024-02-04-T010000-chip20380_params_params_low_ISI_acqm.zip,chip20380,Retrosplenial Cortex
2712.5,1085.0,2024-02-04-T010000-chip20380_params_params_low_ISI_acqm.zip,chip20380,Retrosplenial Cortex
2677.5,1190.0,2024-02-04-T010000-chip20380_params_params_low_ISI_acqm.zip,chip20380,Retrosplenial Cortex
2677.5,1190.0,2024-02-04-T010000-chip20380_params_params_low_ISI_acqm.zip,chip20380,Retrosplenial Cortex
2537.5,1260.0,2024-02-04-T010000-chip20380_params_params_low_ISI_acqm.zip,chip20380,Retrosplenial Cortex
787.5,1417.5,2024-02-04-T010000-chip20380_params_params_low_ISI_acqm.zip,chip20380,Septum
2607.5,1155.0,2024-02-04-T010000-chip20380_params_params_low_ISI_acqm.zip,chip20380,Retrosplenial Cortex
2555.0,1102.5,2024-02-04-T010000-chip20380_params_params_low_ISI_acqm.zip,chip20380,Retrosplenial Cortex
2625.0,1050.0,2024-02-04-T010000-chip20380_params_params_low_ISI_acqm.zip,chip20380,Retrosplenial Cortex
2625.0,1067.5,2024-02-04-T010000-chip20380_params_params_low_ISI_acqm.zip,chip20380,Retrosplenial Cortex
875.0,1522.5,2024-02-04-T010000-chip20380_params_params_low_ISI_acqm.zip,chip20380,Septum
2695.0,1190.0,2024-02-04-T010000-chip20380_params_params_low_ISI_acqm.zip,chip20380,Retrosplenial Cortex
2730.0,1155.0,2024-02-04-T010000-chip20380_params_params_low_ISI_acqm.zip,chip20380,Retrosplenial Cortex
2607.5,1155.0,2024-02-04-T010000-chip20380_params_params_low_ISI_acqm.zip,chip20380,Retrosplenial Cortex
2625.0,1085.0,2024-02-04-T010000-chip20380_params_params_low_ISI_acqm.zip,chip20380,Retrosplenial Cortex
2712.5,1277.5,2024-02-04-T010000-chip20380_params_params_low_ISI_acqm.zip,chip20380,Retrosplenial Cortex
2730.0,1190.0,2024-02-04-T010000-chip20380_params_params_low_ISI_acqm.zip,chip20380,Retrosplenial Cortex
2642.5,1050.0,2024-02-04-T010000-chip20380_params_params_low_ISI_acqm.zip,chip20380,Retrosplenial Cortex
2467.5,1102.5,2024-02-04-T010000-chip20380_params_params_low_ISI_acqm.zip,chip20380,Retrosplenial Cortex
875.0,1522.5,2024-02-04-T010000-chip20380_params_params_low_ISI_acqm.zip,chip20380,Septum
2677.5,1190.0,2024-02-04-T020000-chip20380_params_params_low_ISI_acqm.zip,chip20380,Retrosplenial Cortex
2747.5,1260.0,2024-02-04-T020000-chip20380_params_params_low_ISI_acqm.zip,chip20380,Retrosplenial Cortex
857.5,1452.5,2024-02-04-T020000-chip20380_params_params_low_ISI_acqm.zip,chip20380,Septum
2555.0,1155.0,2024-02-04-T020000-chip20380_params_params_low_ISI_acqm.zip,chip20380,Retrosplenial Cortex
2537.5,1120.0,2024-02-04-T020000-chip20380_params_params_low_ISI_acqm.zip,chip20380,Retrosplenial Cortex
787.5,1557.5,2024-02-04-T020000-chip20380_params_params_low_ISI_acqm.zip,chip20380,Septum
752.5,1330.0,2024-02-04-T020000-chip20380_params_params_low_ISI_acqm.zip,chip20380,Septum
2695.0,1312.5,2024-02-04-T020000-chip20380_params_params_low_ISI_acqm.zip,chip20380,Retrosplenial Cortex
2467.5,980.0,2024-02-04-T020000-chip20380_params_params_low_ISI_acqm.zip,chip20380,Retrosplenial Cortex
2642.5,1277.5,2024-02-04-T020000-chip20380_params_params_low_ISI_acqm.zip,chip20380,Retrosplenial Cortex
2712.5,1242.5,2024-02-04-T020000-chip20380_params_params_low_ISI_acqm.zip,chip20380,Retrosplenial Cortex
787.5,1417.5,2024-02-04-T020000-chip20380_params_params_low_ISI_acqm.zip,chip20380,Septum
735.0,1400.0,2024-02-04-T020000-chip20380_params_params_low_ISI_acqm.zip,chip20380,Septum
2747.5,1050.0,2024-02-04-T020000-chip20380_params_params_low_ISI_acqm.zip,chip20380,Retrosplenial Cortex
2607.5,1120.0,2024-02-04-T020000-chip20380_params_params_low_ISI_acqm.zip,chip20380,Retrosplenial Cortex
2695.0,1102.5,2024-02-04-T020000-chip20380_params_params_low_ISI_acqm.zip,chip20380,Retrosplenial Cortex
787.5,1627.5,2024-02-04-T020000-chip20380_params_params_low_ISI_acqm.zip,chip20380,Septum
717.5,1400.0,2024-02-04-T020000-chip20380_params_params_low_ISI_acqm.zip,chip20380,Septum
2555.0,1120.0,2024-02-04-T020000-chip20380_params_params_low_ISI_acqm.zip,chip20380,Retrosplenial Cortex
2555.0,1102.5,2024-02-04-T020000-chip20380_params_params_low_ISI_acqm.zip,chip20380,Retrosplenial Cortex
805.0,1365.0,2024-02-04-T020000-chip20380_params_params_low_ISI_acqm.zip,chip20380,Septum
2660.0,1155.0,2024-02-04-T020000-chip20380_params_params_low_ISI_acqm.zip,chip20380,Retrosplenial Cortex
2642.5,1242.5,2024-02-04-T020000-chip20380_params_params_low_ISI_acqm.zip,chip20380,Retrosplenial Cortex
2695.0,1207.5,2024-02-04-T020000-chip20380_params_params_low_ISI_acqm.zip,chip20380,Retrosplenial Cortex
2660.0,1242.5,2024-02-04-T020000-chip20380_params_params_low_ISI_acqm.zip,chip20380,Retrosplenial Cortex
2625.0,1050.0,2024-02-04-T020000-chip20380_params_params_low_ISI_acqm.zip,chip20380,Retrosplenial Cortex
2590.0,1732.5,2024-02-04-T020000-chip20380_params_params_low_ISI_acqm.zip,chip20380,Unknown
2590.0,1085.0,2024-02-04-T020000-chip20380_params_params_low_ISI_acqm.zip,chip20380,Retrosplenial Cortex
2520.0,1085.0,2024-02-04-T020000-chip20380_params_params_low_ISI_acqm.zip,chip20380,Retrosplenial Cortex
2677.5,1137.5,2024-02-04-T020000-chip20380_params_params_low_ISI_acqm.zip,chip20380,Retrosplenial Cortex
2642.5,1190.0,2024-02-04-T020000-chip20380_params_params_low_ISI_acqm.zip,chip20380,Retrosplenial Cortex
2432.5,1225.0,2024-02-04-T020000-chip20380_params_params_low_ISI_acqm.zip,chip20380,Retrosplenial Cortex
735.0,1575.0,2024-02-04-T020000-chip20380_params_params_low_ISI_acqm.zip,chip20380,Septum
2590.0,997.5,2024-02-04-T020000-chip20380_params_params_low_ISI_acqm.zip,chip20380,Retrosplenial Cortex
2520.0,1277.5,2024-02-04-T020000-chip20380_params_params_low_ISI_acqm.zip,chip20380,Retrosplenial Cortex
2502.5,1207.5,2024-02-04-T020000-chip20380_params_params_low_ISI_acqm.zip,chip20380,Retrosplenial Cortex
2607.5,1155.0,2024-02-04-T020000-chip20380_params_params_low_ISI_acqm.zip,chip20380,Retrosplenial Cortex
2660.0,1120.0,2024-02-04-T020000-chip20380_params_params_low_ISI_acqm.zip,chip20380,Retrosplenial Cortex
542.5,52.5,2024-02-04-T020000-chip20380_params_params_low_ISI_acqm.zip,chip20380,Striatum
2677.5,1067.5,2024-02-04-T020000-chip20380_params_params_low_ISI_acqm.zip,chip20380,Retrosplenial Cortex
2677.5,1067.5,2024-02-04-T020000-chip20380_params_params_low_ISI_acqm.zip,chip20380,Retrosplenial Cortex
2747.5,1295.0,2024-02-04-T020000-chip20380_params_params_low_ISI_acqm.zip,chip20380,Retrosplenial Cortex
2712.5,1242.5,2024-02-04-T020000-chip20380_params_params_low_ISI_acqm.zip,chip20380,Retrosplenial Cortex
2607.5,1155.0,2024-02-04-T020000-chip20380_params_params_low_ISI_acqm.zip,chip20380,Retrosplenial Cortex
770.0,1627.5,2024-02-04-T020000-chip20380_params_params_low_ISI_acqm.zip,chip20380,Septum
2695.0,1260.0,2024-02-04-T020000-chip20380_params_params_low_ISI_acqm.zip,chip20380,Retrosplenial Cortex
2712.5,1277.5,2024-02-04-T020000-chip20380_params_params_low_ISI_acqm.zip,chip20380,Retrosplenial Cortex
2642.5,1172.5,2024-02-04-T020000-chip20380_params_params_low_ISI_acqm.zip,chip20380,Retrosplenial Cortex
2642.5,1190.0,2024-02-04-T020000-chip20380_params_params_low_ISI_acqm.zip,chip20380,Retrosplenial Cortex
2520.0,1102.5,2024-02-04-T020000-chip20380_params_params_low_ISI_acqm.zip,chip20380,Retrosplenial Cortex
2467.5,1102.5,2024-02-04-T020000-chip20380_params_params_low_ISI_acqm.zip,chip20380,Retrosplenial Cortex
2467.5,1102.5,2024-02-04-T020000-chip20380_params_params_low_ISI_acqm.zip,chip20380,Retrosplenial Cortex
2677.5,1137.5,2024-02-04-T020000-chip20380_params_params_low_ISI_acqm.zip,chip20380,Retrosplenial Cortex
840.0,1540.0,2024-02-04-T020000-chip20380_params_params_low_ISI_acqm.zip,chip20380,Septum
717.5,1400.0,2024-02-04-T020000-chip20380_params_params_low_ISI_acqm.zip,chip20380,Septum
735.0,1312.5,2024-02-04-T020000-chip20380_params_params_low_ISI_acqm.zip,chip20380,Septum
2712.5,1120.0,2024-02-04-T020000-chip20380_params_params_low_ISI_acqm.zip,chip20380,Retrosplenial Cortex
2502.5,1102.5,2024-02-04-T020000-chip20380_params_params_low_ISI_acqm.zip,chip20380,Retrosplenial Cortex
2502.5,1172.5,2024-02-04-T020000-chip20380_params_params_low_ISI_acqm.zip,chip20380,Retrosplenial Cortex
2555.0,1120.0,2024-02-04-T020000-chip20380_params_params_low_ISI_acqm.zip,chip20380,Retrosplenial Cortex
2607.5,1155.0,2024-02-04-T020000-chip20380_params_params_low_ISI_acqm.zip,chip20380,Retrosplenial Cortex
2695.0,1155.0,2024-02-04-T020000-chip20380_params_params_low_ISI_acqm.zip,chip20380,Retrosplenial Cortex
2712.5,1067.5,2024-02-04-T020000-chip20380_params_params_low_ISI_acqm.zip,chip20380,Retrosplenial Cortex
875.0,1522.5,2024-02-04-T020000-chip20380_params_params_low_ISI_acqm.zip,chip20380,Septum
1697.5,350.0,2024-02-04-T020000-chip20380_params_params_low_ISI_acqm.zip,chip20380,Unknown
2572.5,1120.0,2024-02-04-T020000-chip20380_params_params_low_ISI_acqm.zip,chip20380,Retrosplenial Cortex
2537.5,1067.5,2024-02-04-T020000-chip20380_params_params_low_ISI_acqm.zip,chip20380,Retrosplenial Cortex
2572.5,1277.5,2024-02-04-T020000-chip20380_params_params_low_ISI_acqm.zip,chip20380,Retrosplenial Cortex
2695.0,1085.0,2024-02-04-T020000-chip20380_params_params_low_ISI_acqm.zip,chip20380,Retrosplenial Cortex
2695.0,1015.0,2024-02-04-T020000-chip20380_params_params_low_ISI_acqm.zip,chip20380,Retrosplenial Cortex
2695.0,1032.5,2024-02-04-T020000-chip20380_params_params_low_ISI_acqm.zip,chip20380,Retrosplenial Cortex
2677.5,1032.5,2024-02-04-T020000-chip20380_params_params_low_ISI_acqm.zip,chip20380,Retrosplenial Cortex
2625.0,1085.0,2024-02-04-T020000-chip20380_params_params_low_ISI_acqm.zip,chip20380,Retrosplenial Cortex
2590.0,1120.0,2024-02-04-T020000-chip20380_params_params_low_ISI_acqm.zip,chip20380,Retrosplenial Cortex
2642.5,980.0,2024-02-04-T020000-chip20380_params_params_low_ISI_acqm.zip,chip20380,Retrosplenial Cortex
2590.0,1260.0,2024-02-04-T020000-chip20380_params_params_low_ISI_acqm.zip,chip20380,Retrosplenial Cortex
2730.0,1190.0,2024-02-04-T020000-chip20380_params_params_low_ISI_acqm.zip,chip20380,Retrosplenial Cortex
2432.5,1225.0,2024-02-04-T020000-chip20380_params_params_low_ISI_acqm.zip,chip20380,Retrosplenial Cortex
2712.5,1347.5,2024-02-04-T020000-chip20380_params_params_low_ISI_acqm.zip,chip20380,Retrosplenial Cortex
2712.5,1242.5,2024-02-04-T020000-chip20380_params_params_low_ISI_acqm.zip,chip20380,Retrosplenial Cortex
2660.0,1277.5,2024-02-04-T020000-chip20380_params_params_low_ISI_acqm.zip,chip20380,Retrosplenial Cortex
875.0,1452.5,2024-02-04-T020000-chip20380_params_params_low_ISI_acqm.zip,chip20380,Septum
2695.0,1242.5,2024-02-04-T020000-chip20380_params_params_low_ISI_acqm.zip,chip20380,Retrosplenial Cortex
2695.0,1242.5,2024-02-04-T020000-chip20380_params_params_low_ISI_acqm.zip,chip20380,Retrosplenial Cortex
2677.5,1120.0,2024-02-04-T020000-chip20380_params_params_low_ISI_acqm.zip,chip20380,Retrosplenial Cortex
787.5,1417.5,2024-02-04-T020000-chip20380_params_params_low_ISI_acqm.zip,chip20380,Septum
2660.0,1155.0,2024-02-04-T020000-chip20380_params_params_low_ISI_acqm.zip,chip20380,Retrosplenial Cortex
2695.0,1207.5,2024-02-04-T020000-chip20380_params_params_low_ISI_acqm.zip,chip20380,Retrosplenial Cortex
2607.5,1155.0,2024-02-04-T020000-chip20380_params_params_low_ISI_acqm.zip,chip20380,Retrosplenial Cortex
2625.0,1207.5,2024-02-04-T020000-chip20380_params_params_low_ISI_acqm.zip,chip20380,Retrosplenial Cortex
2572.5,1102.5,2024-02-04-T020000-chip20380_params_params_low_ISI_acqm.zip,chip20380,Retrosplenial Cortex
2607.5,1155.0,2024-02-04-T020000-chip20380_params_params_low_ISI_acqm.zip,chip20380,Retrosplenial Cortex
2747.5,1137.5,2024-02-04-T020000-chip20380_params_params_low_ISI_acqm.zip,chip20380,Retrosplenial Cortex
2712.5,1120.0,2024-02-04-T020000-chip20380_params_params_low_ISI_acqm.zip,chip20380,Retrosplenial Cortex
2712.5,1120.0,2024-02-04-T020000-chip20380_params_params_low_ISI_acqm.zip,chip20380,Retrosplenial Cortex
2607.5,1155.0,2024-02-04-T020000-chip20380_params_params_low_ISI_acqm.zip,chip20380,Retrosplenial Cortex
2607.5,1015.0,2024-02-04-T020000-chip20380_params_params_low_ISI_acqm.zip,chip20380,Retrosplenial Cortex
2660.0,1120.0,2024-02-04-T020000-chip20380_params_params_low_ISI_acqm.zip,chip20380,Retrosplenial Cortex
2677.5,1312.5,2024-02-04-T020000-chip20380_params_params_low_ISI_acqm.zip,chip20380,Retrosplenial Cortex
2590.0,1260.0,2024-02-04-T020000-chip20380_params_params_low_ISI_acqm.zip,chip20380,Retrosplenial Cortex
857.5,1452.5,2024-02-04-T020000-chip20380_params_params_low_ISI_acqm.zip,chip20380,Septum
2642.5,1015.0,2024-02-04-T020000-chip20380_params_params_low_ISI_acqm.zip,chip20380,Retrosplenial Cortex
2467.5,1102.5,2024-02-04-T020000-chip20380_params_params_low_ISI_acqm.zip,chip20380,Retrosplenial Cortex
2695.0,1207.5,2024-02-04-T020000-chip20380_params_params_low_ISI_acqm.zip,chip20380,Retrosplenial Cortex
2677.5,1067.5,2024-02-04-T020000-chip20380_params_params_low_ISI_acqm.zip,chip20380,Retrosplenial Cortex
2660.0,1067.5,2024-02-04-T020000-chip20380_params_params_low_ISI_acqm.zip,chip20380,Retrosplenial Cortex
2660.0,1155.0,2024-02-04-T020000-chip20380_params_params_low_ISI_acqm.zip,chip20380,Retrosplenial Cortex
2747.5,1137.5,2024-02-04-T020000-chip20380_params_params_low_ISI_acqm.zip,chip20380,Retrosplenial Cortex
2747.5,1137.5,2024-02-04-T020000-chip20380_params_params_low_ISI_acqm.zip,chip20380,Retrosplenial Cortex
2747.5,1137.5,2024-02-04-T030001-chip20380_params_params_low_ISI_acqm.zip,chip20380,Retrosplenial Cortex
2660.0,1120.0,2024-02-04-T030001-chip20380_params_params_low_ISI_acqm.zip,chip20380,Retrosplenial Cortex
2695.0,1120.0,2024-02-04-T030001-chip20380_params_params_low_ISI_acqm.zip,chip20380,Retrosplenial Cortex
2712.5,1225.0,2024-02-04-T030001-chip20380_params_params_low_ISI_acqm.zip,chip20380,Retrosplenial Cortex
2747.5,1260.0,2024-02-04-T030001-chip20380_params_params_low_ISI_acqm.zip,chip20380,Retrosplenial Cortex
2730.0,1295.0,2024-02-04-T030001-chip20380_params_params_low_ISI_acqm.zip,chip20380,Retrosplenial Cortex
2520.0,1137.5,2024-02-04-T030001-chip20380_params_params_low_ISI_acqm.zip,chip20380,Retrosplenial Cortex
752.5,1347.5,2024-02-04-T030001-chip20380_params_params_low_ISI_acqm.zip,chip20380,Septum
2467.5,980.0,2024-02-04-T030001-chip20380_params_params_low_ISI_acqm.zip,chip20380,Retrosplenial Cortex
2537.5,1260.0,2024-02-04-T030001-chip20380_params_params_low_ISI_acqm.zip,chip20380,Retrosplenial Cortex
2677.5,1190.0,2024-02-04-T030001-chip20380_params_params_low_ISI_acqm.zip,chip20380,Retrosplenial Cortex
787.5,1417.5,2024-02-04-T030001-chip20380_params_params_low_ISI_acqm.zip,chip20380,Septum
2625.0,1050.0,2024-02-04-T030001-chip20380_params_params_low_ISI_acqm.zip,chip20380,Retrosplenial Cortex
735.0,1400.0,2024-02-04-T030001-chip20380_params_params_low_ISI_acqm.zip,chip20380,Septum
2677.5,1120.0,2024-02-04-T030001-chip20380_params_params_low_ISI_acqm.zip,chip20380,Retrosplenial Cortex
787.5,1627.5,2024-02-04-T030001-chip20380_params_params_low_ISI_acqm.zip,chip20380,Septum
805.0,1365.0,2024-02-04-T030001-chip20380_params_params_low_ISI_acqm.zip,chip20380,Septum
735.0,1417.5,2024-02-04-T030001-chip20380_params_params_low_ISI_acqm.zip,chip20380,Septum
875.0,1487.5,2024-02-04-T030001-chip20380_params_params_low_ISI_acqm.zip,chip20380,Septum
2660.0,1155.0,2024-02-04-T030001-chip20380_params_params_low_ISI_acqm.zip,chip20380,Retrosplenial Cortex
2642.5,1242.5,2024-02-04-T030001-chip20380_params_params_low_ISI_acqm.zip,chip20380,Retrosplenial Cortex
2695.0,1207.5,2024-02-04-T030001-chip20380_params_params_low_ISI_acqm.zip,chip20380,Retrosplenial Cortex
2625.0,1032.5,2024-02-04-T030001-chip20380_params_params_low_ISI_acqm.zip,chip20380,Retrosplenial Cortex
2590.0,1732.5,2024-02-04-T030001-chip20380_params_params_low_ISI_acqm.zip,chip20380,Unknown
2660.0,1225.0,2024-02-04-T030001-chip20380_params_params_low_ISI_acqm.zip,chip20380,Retrosplenial Cortex
2520.0,1085.0,2024-02-04-T030001-chip20380_params_params_low_ISI_acqm.zip,chip20380,Retrosplenial Cortex
2677.5,1137.5,2024-02-04-T030001-chip20380_params_params_low_ISI_acqm.zip,chip20380,Retrosplenial Cortex
2590.0,1067.5,2024-02-04-T030001-chip20380_params_params_low_ISI_acqm.zip,chip20380,Retrosplenial Cortex
2432.5,1225.0,2024-02-04-T030001-chip20380_params_params_low_ISI_acqm.zip,chip20380,Retrosplenial Cortex
787.5,1645.0,2024-02-04-T030001-chip20380_params_params_low_ISI_acqm.zip,chip20380,Septum
2520.0,1277.5,2024-02-04-T030001-chip20380_params_params_low_ISI_acqm.zip,chip20380,Retrosplenial Cortex
2642.5,1015.0,2024-02-04-T030001-chip20380_params_params_low_ISI_acqm.zip,chip20380,Retrosplenial Cortex
2485.0,1225.0,2024-02-04-T030001-chip20380_params_params_low_ISI_acqm.zip,chip20380,Retrosplenial Cortex
2590.0,1732.5,2024-02-04-T030001-chip20380_params_params_low_ISI_acqm.zip,chip20380,Unknown
402.5,140.0,2024-02-04-T030001-chip20380_params_params_low_ISI_acqm.zip,chip20380,Striatum
2660.0,1120.0,2024-02-04-T030001-chip20380_params_params_low_ISI_acqm.zip,chip20380,Retrosplenial Cortex
2660.0,1120.0,2024-02-04-T030001-chip20380_params_params_low_ISI_acqm.zip,chip20380,Retrosplenial Cortex
2677.5,980.0,2024-02-04-T030001-chip20380_params_params_low_ISI_acqm.zip,chip20380,Retrosplenial Cortex
542.5,52.5,2024-02-04-T030001-chip20380_params_params_low_ISI_acqm.zip,chip20380,Striatum
2677.5,1067.5,2024-02-04-T030001-chip20380_params_params_low_ISI_acqm.zip,chip20380,Retrosplenial Cortex
2677.5,1067.5,2024-02-04-T030001-chip20380_params_params_low_ISI_acqm.zip,chip20380,Retrosplenial Cortex
2747.5,1295.0,2024-02-04-T030001-chip20380_params_params_low_ISI_acqm.zip,chip20380,Retrosplenial Cortex
2712.5,1242.5,2024-02-04-T030001-chip20380_params_params_low_ISI_acqm.zip,chip20380,Retrosplenial Cortex
2695.0,1242.5,2024-02-04-T030001-chip20380_params_params_low_ISI_acqm.zip,chip20380,Retrosplenial Cortex
770.0,1627.5,2024-02-04-T030001-chip20380_params_params_low_ISI_acqm.zip,chip20380,Septum
2695.0,1260.0,2024-02-04-T030001-chip20380_params_params_low_ISI_acqm.zip,chip20380,Retrosplenial Cortex
2642.5,1190.0,2024-02-04-T030001-chip20380_params_params_low_ISI_acqm.zip,chip20380,Retrosplenial Cortex
2537.5,1260.0,2024-02-04-T030001-chip20380_params_params_low_ISI_acqm.zip,chip20380,Retrosplenial Cortex
2467.5,1102.5,2024-02-04-T030001-chip20380_params_params_low_ISI_acqm.zip,chip20380,Retrosplenial Cortex
2677.5,1137.5,2024-02-04-T030001-chip20380_params_params_low_ISI_acqm.zip,chip20380,Retrosplenial Cortex
840.0,1540.0,2024-02-04-T030001-chip20380_params_params_low_ISI_acqm.zip,chip20380,Septum
787.5,1330.0,2024-02-04-T030001-chip20380_params_params_low_ISI_acqm.zip,chip20380,Septum
2677.5,1225.0,2024-02-04-T030001-chip20380_params_params_low_ISI_acqm.zip,chip20380,Retrosplenial Cortex
2660.0,1190.0,2024-02-04-T030001-chip20380_params_params_low_ISI_acqm.zip,chip20380,Retrosplenial Cortex
717.5,1400.0,2024-02-04-T030001-chip20380_params_params_low_ISI_acqm.zip,chip20380,Septum
735.0,1417.5,2024-02-04-T030001-chip20380_params_params_low_ISI_acqm.zip,chip20380,Septum
752.5,1312.5,2024-02-04-T030001-chip20380_params_params_low_ISI_acqm.zip,chip20380,Septum
2712.5,1120.0,2024-02-04-T030001-chip20380_params_params_low_ISI_acqm.zip,chip20380,Retrosplenial Cortex
2520.0,1102.5,2024-02-04-T030001-chip20380_params_params_low_ISI_acqm.zip,chip20380,Retrosplenial Cortex
2502.5,1172.5,2024-02-04-T030001-chip20380_params_params_low_ISI_acqm.zip,chip20380,Retrosplenial Cortex
2555.0,1120.0,2024-02-04-T030001-chip20380_params_params_low_ISI_acqm.zip,chip20380,Retrosplenial Cortex
2555.0,1120.0,2024-02-04-T030001-chip20380_params_params_low_ISI_acqm.zip,chip20380,Retrosplenial Cortex
2537.5,1067.5,2024-02-04-T030001-chip20380_params_params_low_ISI_acqm.zip,chip20380,Retrosplenial Cortex
2695.0,1067.5,2024-02-04-T030001-chip20380_params_params_low_ISI_acqm.zip,chip20380,Retrosplenial Cortex
875.0,1522.5,2024-02-04-T030001-chip20380_params_params_low_ISI_acqm.zip,chip20380,Septum
1697.5,350.0,2024-02-04-T030001-chip20380_params_params_low_ISI_acqm.zip,chip20380,Unknown
2607.5,1015.0,2024-02-04-T030001-chip20380_params_params_low_ISI_acqm.zip,chip20380,Retrosplenial Cortex
2572.5,1277.5,2024-02-04-T030001-chip20380_params_params_low_ISI_acqm.zip,chip20380,Retrosplenial Cortex
2695.0,1085.0,2024-02-04-T030001-chip20380_params_params_low_ISI_acqm.zip,chip20380,Retrosplenial Cortex
2695.0,1015.0,2024-02-04-T030001-chip20380_params_params_low_ISI_acqm.zip,chip20380,Retrosplenial Cortex
2642.5,1120.0,2024-02-04-T030001-chip20380_params_params_low_ISI_acqm.zip,chip20380,Retrosplenial Cortex
2642.5,1137.5,2024-02-04-T030001-chip20380_params_params_low_ISI_acqm.zip,chip20380,Retrosplenial Cortex
2642.5,1102.5,2024-02-04-T030001-chip20380_params_params_low_ISI_acqm.zip,chip20380,Retrosplenial Cortex
2590.0,1120.0,2024-02-04-T030001-chip20380_params_params_low_ISI_acqm.zip,chip20380,Retrosplenial Cortex
2625.0,1295.0,2024-02-04-T030001-chip20380_params_params_low_ISI_acqm.zip,chip20380,Retrosplenial Cortex
2765.0,1295.0,2024-02-04-T030001-chip20380_params_params_low_ISI_acqm.zip,chip20380,Unknown
2677.5,1295.0,2024-02-04-T030001-chip20380_params_params_low_ISI_acqm.zip,chip20380,Retrosplenial Cortex
2642.5,980.0,2024-02-04-T030001-chip20380_params_params_low_ISI_acqm.zip,chip20380,Retrosplenial Cortex
2642.5,1207.5,2024-02-04-T030001-chip20380_params_params_low_ISI_acqm.zip,chip20380,Retrosplenial Cortex
2590.0,1260.0,2024-02-04-T030001-chip20380_params_params_low_ISI_acqm.zip,chip20380,Retrosplenial Cortex
2677.5,1172.5,2024-02-04-T030001-chip20380_params_params_low_ISI_acqm.zip,chip20380,Retrosplenial Cortex
2712.5,1190.0,2024-02-04-T030001-chip20380_params_params_low_ISI_acqm.zip,chip20380,Retrosplenial Cortex
2695.0,1242.5,2024-02-04-T030001-chip20380_params_params_low_ISI_acqm.zip,chip20380,Retrosplenial Cortex
2712.5,1347.5,2024-02-04-T030001-chip20380_params_params_low_ISI_acqm.zip,chip20380,Retrosplenial Cortex
2660.0,1120.0,2024-02-04-T030001-chip20380_params_params_low_ISI_acqm.zip,chip20380,Retrosplenial Cortex
2695.0,1102.5,2024-02-04-T030001-chip20380_params_params_low_ISI_acqm.zip,chip20380,Retrosplenial Cortex
787.5,1417.5,2024-02-04-T030001-chip20380_params_params_low_ISI_acqm.zip,chip20380,Septum
2642.5,1172.5,2024-02-04-T030001-chip20380_params_params_low_ISI_acqm.zip,chip20380,Retrosplenial Cortex
2642.5,1242.5,2024-02-04-T030001-chip20380_params_params_low_ISI_acqm.zip,chip20380,Retrosplenial Cortex
2607.5,1155.0,2024-02-04-T030001-chip20380_params_params_low_ISI_acqm.zip,chip20380,Retrosplenial Cortex
2712.5,1242.5,2024-02-04-T030001-chip20380_params_params_low_ISI_acqm.zip,chip20380,Retrosplenial Cortex
2625.0,1225.0,2024-02-04-T030001-chip20380_params_params_low_ISI_acqm.zip,chip20380,Retrosplenial Cortex
2555.0,1102.5,2024-02-04-T030001-chip20380_params_params_low_ISI_acqm.zip,chip20380,Retrosplenial Cortex
2607.5,1155.0,2024-02-04-T030001-chip20380_params_params_low_ISI_acqm.zip,chip20380,Retrosplenial Cortex
2677.5,1032.5,2024-02-04-T030001-chip20380_params_params_low_ISI_acqm.zip,chip20380,Retrosplenial Cortex
2642.5,1260.0,2024-02-04-T030001-chip20380_params_params_low_ISI_acqm.zip,chip20380,Retrosplenial Cortex
2695.0,1295.0,2024-02-04-T030001-chip20380_params_params_low_ISI_acqm.zip,chip20380,Retrosplenial Cortex
2695.0,1102.5,2024-02-04-T030001-chip20380_params_params_low_ISI_acqm.zip,chip20380,Retrosplenial Cortex
2572.5,1102.5,2024-02-04-T030001-chip20380_params_params_low_ISI_acqm.zip,chip20380,Retrosplenial Cortex
2677.5,1032.5,2024-02-04-T030001-chip20380_params_params_low_ISI_acqm.zip,chip20380,Retrosplenial Cortex
2695.0,1102.5,2024-02-04-T030001-chip20380_params_params_low_ISI_acqm.zip,chip20380,Retrosplenial Cortex
2590.0,997.5,2024-02-04-T030001-chip20380_params_params_low_ISI_acqm.zip,chip20380,Retrosplenial Cortex
2695.0,1277.5,2024-02-04-T030001-chip20380_params_params_low_ISI_acqm.zip,chip20380,Retrosplenial Cortex
2712.5,1190.0,2024-02-04-T030001-chip20380_params_params_low_ISI_acqm.zip,chip20380,Retrosplenial Cortex
2695.0,1260.0,2024-02-04-T030001-chip20380_params_params_low_ISI_acqm.zip,chip20380,Retrosplenial Cortex
2747.5,1137.5,2024-02-04-T040000-chip20380_params_params_low_ISI_acqm.zip,chip20380,Retrosplenial Cortex
2660.0,1120.0,2024-02-04-T040000-chip20380_params_params_low_ISI_acqm.zip,chip20380,Retrosplenial Cortex
2712.5,1155.0,2024-02-04-T040000-chip20380_params_params_low_ISI_acqm.zip,chip20380,Retrosplenial Cortex
2747.5,1260.0,2024-02-04-T040000-chip20380_params_params_low_ISI_acqm.zip,chip20380,Retrosplenial Cortex
2695.0,1015.0,2024-02-04-T040000-chip20380_params_params_low_ISI_acqm.zip,chip20380,Retrosplenial Cortex
892.5,1505.0,2024-02-04-T040000-chip20380_params_params_low_ISI_acqm.zip,chip20380,Septum
857.5,1452.5,2024-02-04-T040000-chip20380_params_params_low_ISI_acqm.zip,chip20380,Septum
717.5,1225.0,2024-02-04-T040000-chip20380_params_params_low_ISI_acqm.zip,chip20380,Septum
2660.0,1085.0,2024-02-04-T040000-chip20380_params_params_low_ISI_acqm.zip,chip20380,Retrosplenial Cortex
752.5,1347.5,2024-02-04-T040000-chip20380_params_params_low_ISI_acqm.zip,chip20380,Septum
2730.0,1277.5,2024-02-04-T040000-chip20380_params_params_low_ISI_acqm.zip,chip20380,Retrosplenial Cortex
2677.5,1190.0,2024-02-04-T040000-chip20380_params_params_low_ISI_acqm.zip,chip20380,Retrosplenial Cortex
735.0,1400.0,2024-02-04-T040000-chip20380_params_params_low_ISI_acqm.zip,chip20380,Septum
2695.0,1102.5,2024-02-04-T040000-chip20380_params_params_low_ISI_acqm.zip,chip20380,Retrosplenial Cortex
787.5,1627.5,2024-02-04-T040000-chip20380_params_params_low_ISI_acqm.zip,chip20380,Septum
2537.5,1260.0,2024-02-04-T040000-chip20380_params_params_low_ISI_acqm.zip,chip20380,Retrosplenial Cortex
787.5,1417.5,2024-02-04-T040000-chip20380_params_params_low_ISI_acqm.zip,chip20380,Septum
735.0,1417.5,2024-02-04-T040000-chip20380_params_params_low_ISI_acqm.zip,chip20380,Septum
2712.5,1172.5,2024-02-04-T040000-chip20380_params_params_low_ISI_acqm.zip,chip20380,Retrosplenial Cortex
2642.5,1242.5,2024-02-04-T040000-chip20380_params_params_low_ISI_acqm.zip,chip20380,Retrosplenial Cortex
2695.0,1190.0,2024-02-04-T040000-chip20380_params_params_low_ISI_acqm.zip,chip20380,Retrosplenial Cortex
787.5,1417.5,2024-02-04-T040000-chip20380_params_params_low_ISI_acqm.zip,chip20380,Septum
2660.0,1242.5,2024-02-04-T040000-chip20380_params_params_low_ISI_acqm.zip,chip20380,Retrosplenial Cortex
2642.5,1190.0,2024-02-04-T040000-chip20380_params_params_low_ISI_acqm.zip,chip20380,Retrosplenial Cortex
2590.0,1067.5,2024-02-04-T040000-chip20380_params_params_low_ISI_acqm.zip,chip20380,Retrosplenial Cortex
2642.5,1242.5,2024-02-04-T040000-chip20380_params_params_low_ISI_acqm.zip,chip20380,Retrosplenial Cortex
2712.5,1120.0,2024-02-04-T040000-chip20380_params_params_low_ISI_acqm.zip,chip20380,Retrosplenial Cortex
2712.5,1277.5,2024-02-04-T040000-chip20380_params_params_low_ISI_acqm.zip,chip20380,Retrosplenial Cortex
787.5,1645.0,2024-02-04-T040000-chip20380_params_params_low_ISI_acqm.zip,chip20380,Septum
2520.0,1277.5,2024-02-04-T040000-chip20380_params_params_low_ISI_acqm.zip,chip20380,Retrosplenial Cortex
2502.5,1207.5,2024-02-04-T040000-chip20380_params_params_low_ISI_acqm.zip,chip20380,Retrosplenial Cortex
2660.0,1120.0,2024-02-04-T040000-chip20380_params_params_low_ISI_acqm.zip,chip20380,Retrosplenial Cortex
2677.5,980.0,2024-02-04-T040000-chip20380_params_params_low_ISI_acqm.zip,chip20380,Retrosplenial Cortex
542.5,52.5,2024-02-04-T040000-chip20380_params_params_low_ISI_acqm.zip,chip20380,Striatum
2677.5,1067.5,2024-02-04-T040000-chip20380_params_params_low_ISI_acqm.zip,chip20380,Retrosplenial Cortex
2747.5,1295.0,2024-02-04-T040000-chip20380_params_params_low_ISI_acqm.zip,chip20380,Retrosplenial Cortex
2712.5,1242.5,2024-02-04-T040000-chip20380_params_params_low_ISI_acqm.zip,chip20380,Retrosplenial Cortex
2695.0,1242.5,2024-02-04-T040000-chip20380_params_params_low_ISI_acqm.zip,chip20380,Retrosplenial Cortex
770.0,1627.5,2024-02-04-T040000-chip20380_params_params_low_ISI_acqm.zip,chip20380,Septum
2625.0,1225.0,2024-02-04-T040000-chip20380_params_params_low_ISI_acqm.zip,chip20380,Retrosplenial Cortex
2467.5,1102.5,2024-02-04-T040000-chip20380_params_params_low_ISI_acqm.zip,chip20380,Retrosplenial Cortex
2677.5,1155.0,2024-02-04-T040000-chip20380_params_params_low_ISI_acqm.zip,chip20380,Retrosplenial Cortex
2677.5,1137.5,2024-02-04-T040000-chip20380_params_params_low_ISI_acqm.zip,chip20380,Retrosplenial Cortex
840.0,1540.0,2024-02-04-T040000-chip20380_params_params_low_ISI_acqm.zip,chip20380,Septum
717.5,1400.0,2024-02-04-T040000-chip20380_params_params_low_ISI_acqm.zip,chip20380,Septum
2625.0,1067.5,2024-02-04-T040000-chip20380_params_params_low_ISI_acqm.zip,chip20380,Retrosplenial Cortex
735.0,1312.5,2024-02-04-T040000-chip20380_params_params_low_ISI_acqm.zip,chip20380,Septum
2712.5,1120.0,2024-02-04-T040000-chip20380_params_params_low_ISI_acqm.zip,chip20380,Retrosplenial Cortex
2502.5,1102.5,2024-02-04-T040000-chip20380_params_params_low_ISI_acqm.zip,chip20380,Retrosplenial Cortex
2502.5,1172.5,2024-02-04-T040000-chip20380_params_params_low_ISI_acqm.zip,chip20380,Retrosplenial Cortex
2555.0,1120.0,2024-02-04-T040000-chip20380_params_params_low_ISI_acqm.zip,chip20380,Retrosplenial Cortex
2537.5,1067.5,2024-02-04-T040000-chip20380_params_params_low_ISI_acqm.zip,chip20380,Retrosplenial Cortex
2590.0,1732.5,2024-02-04-T040000-chip20380_params_params_low_ISI_acqm.zip,chip20380,Unknown
2695.0,1067.5,2024-02-04-T040000-chip20380_params_params_low_ISI_acqm.zip,chip20380,Retrosplenial Cortex
2695.0,1067.5,2024-02-04-T040000-chip20380_params_params_low_ISI_acqm.zip,chip20380,Retrosplenial Cortex
2642.5,1190.0,2024-02-04-T040000-chip20380_params_params_low_ISI_acqm.zip,chip20380,Retrosplenial Cortex
875.0,1522.5,2024-02-04-T040000-chip20380_params_params_low_ISI_acqm.zip,chip20380,Septum
1697.5,350.0,2024-02-04-T040000-chip20380_params_params_low_ISI_acqm.zip,chip20380,Unknown
717.5,1400.0,2024-02-04-T040000-chip20380_params_params_low_ISI_acqm.zip,chip20380,Septum
2607.5,1015.0,2024-02-04-T040000-chip20380_params_params_low_ISI_acqm.zip,chip20380,Retrosplenial Cortex
2572.5,1120.0,2024-02-04-T040000-chip20380_params_params_low_ISI_acqm.zip,chip20380,Retrosplenial Cortex
2537.5,1260.0,2024-02-04-T040000-chip20380_params_params_low_ISI_acqm.zip,chip20380,Retrosplenial Cortex
2590.0,1277.5,2024-02-04-T040000-chip20380_params_params_low_ISI_acqm.zip,chip20380,Retrosplenial Cortex
2695.0,1085.0,2024-02-04-T040000-chip20380_params_params_low_ISI_acqm.zip,chip20380,Retrosplenial Cortex
2520.0,1137.5,2024-02-04-T040000-chip20380_params_params_low_ISI_acqm.zip,chip20380,Retrosplenial Cortex
2642.5,1120.0,2024-02-04-T040000-chip20380_params_params_low_ISI_acqm.zip,chip20380,Retrosplenial Cortex
2625.0,1085.0,2024-02-04-T040000-chip20380_params_params_low_ISI_acqm.zip,chip20380,Retrosplenial Cortex
2590.0,1120.0,2024-02-04-T040000-chip20380_params_params_low_ISI_acqm.zip,chip20380,Retrosplenial Cortex
2642.5,980.0,2024-02-04-T040000-chip20380_params_params_low_ISI_acqm.zip,chip20380,Retrosplenial Cortex
2590.0,1260.0,2024-02-04-T040000-chip20380_params_params_low_ISI_acqm.zip,chip20380,Retrosplenial Cortex
2502.5,1137.5,2024-02-04-T040000-chip20380_params_params_low_ISI_acqm.zip,chip20380,Retrosplenial Cortex
2677.5,1172.5,2024-02-04-T040000-chip20380_params_params_low_ISI_acqm.zip,chip20380,Retrosplenial Cortex
2712.5,1190.0,2024-02-04-T040000-chip20380_params_params_low_ISI_acqm.zip,chip20380,Retrosplenial Cortex
2695.0,1225.0,2024-02-04-T040000-chip20380_params_params_low_ISI_acqm.zip,chip20380,Retrosplenial Cortex
2432.5,1225.0,2024-02-04-T040000-chip20380_params_params_low_ISI_acqm.zip,chip20380,Retrosplenial Cortex
2712.5,1347.5,2024-02-04-T040000-chip20380_params_params_low_ISI_acqm.zip,chip20380,Retrosplenial Cortex
2730.0,1137.5,2024-02-04-T040000-chip20380_params_params_low_ISI_acqm.zip,chip20380,Retrosplenial Cortex
2660.0,1225.0,2024-02-04-T040000-chip20380_params_params_low_ISI_acqm.zip,chip20380,Retrosplenial Cortex
2712.5,1225.0,2024-02-04-T040000-chip20380_params_params_low_ISI_acqm.zip,chip20380,Retrosplenial Cortex
910.0,1505.0,2024-02-04-T040000-chip20380_params_params_low_ISI_acqm.zip,chip20380,Septum
2607.5,1120.0,2024-02-04-T040000-chip20380_params_params_low_ISI_acqm.zip,chip20380,Retrosplenial Cortex
2695.0,1120.0,2024-02-04-T040000-chip20380_params_params_low_ISI_acqm.zip,chip20380,Retrosplenial Cortex
787.5,1417.5,2024-02-04-T040000-chip20380_params_params_low_ISI_acqm.zip,chip20380,Septum
787.5,1417.5,2024-02-04-T040000-chip20380_params_params_low_ISI_acqm.zip,chip20380,Septum
2677.5,1067.5,2024-02-04-T040000-chip20380_params_params_low_ISI_acqm.zip,chip20380,Retrosplenial Cortex
2712.5,1242.5,2024-02-04-T040000-chip20380_params_params_low_ISI_acqm.zip,chip20380,Retrosplenial Cortex
2712.5,1242.5,2024-02-04-T040000-chip20380_params_params_low_ISI_acqm.zip,chip20380,Retrosplenial Cortex
2555.0,1260.0,2024-02-04-T040000-chip20380_params_params_low_ISI_acqm.zip,chip20380,Retrosplenial Cortex
2625.0,1050.0,2024-02-04-T040000-chip20380_params_params_low_ISI_acqm.zip,chip20380,Retrosplenial Cortex
2625.0,1032.5,2024-02-04-T040000-chip20380_params_params_low_ISI_acqm.zip,chip20380,Retrosplenial Cortex
2607.5,1015.0,2024-02-04-T040000-chip20380_params_params_low_ISI_acqm.zip,chip20380,Retrosplenial Cortex
2625.0,1102.5,2024-02-04-T040000-chip20380_params_params_low_ISI_acqm.zip,chip20380,Retrosplenial Cortex
2625.0,1067.5,2024-02-04-T040000-chip20380_params_params_low_ISI_acqm.zip,chip20380,Retrosplenial Cortex
2677.5,1312.5,2024-02-04-T040000-chip20380_params_params_low_ISI_acqm.zip,chip20380,Retrosplenial Cortex
2712.5,1330.0,2024-02-04-T040000-chip20380_params_params_low_ISI_acqm.zip,chip20380,Retrosplenial Cortex
2730.0,1190.0,2024-02-04-T040000-chip20380_params_params_low_ISI_acqm.zip,chip20380,Retrosplenial Cortex
2730.0,1190.0,2024-02-04-T040000-chip20380_params_params_low_ISI_acqm.zip,chip20380,Retrosplenial Cortex
2695.0,1032.5,2024-02-04-T040000-chip20380_params_params_low_ISI_acqm.zip,chip20380,Retrosplenial Cortex
787.5,1417.5,2024-02-04-T040000-chip20380_params_params_low_ISI_acqm.zip,chip20380,Septum
2677.5,1067.5,2024-02-04-T040000-chip20380_params_params_low_ISI_acqm.zip,chip20380,Retrosplenial Cortex
2572.5,1102.5,2024-02-04-T040000-chip20380_params_params_low_ISI_acqm.zip,chip20380,Retrosplenial Cortex
2695.0,1120.0,2024-02-04-T040000-chip20380_params_params_low_ISI_acqm.zip,chip20380,Retrosplenial Cortex
2747.5,1312.5,2024-02-04-T040000-chip20380_params_params_low_ISI_acqm.zip,chip20380,Retrosplenial Cortex
2590.0,1732.5,2024-02-04-T040000-chip20380_params_params_low_ISI_acqm.zip,chip20380,Unknown
2572.5,1260.0,2024-02-04-T040000-chip20380_params_params_low_ISI_acqm.zip,chip20380,Retrosplenial Cortex
2677.5,1295.0,2024-02-04-T040000-chip20380_params_params_low_ISI_acqm.zip,chip20380,Retrosplenial Cortex
2660.0,1137.5,2024-02-04-T050001-chip20380_params_params_low_ISI_acqm.zip,chip20380,Retrosplenial Cortex
2695.0,1120.0,2024-02-04-T050001-chip20380_params_params_low_ISI_acqm.zip,chip20380,Retrosplenial Cortex
2660.0,1225.0,2024-02-04-T050001-chip20380_params_params_low_ISI_acqm.zip,chip20380,Retrosplenial Cortex
2747.5,1260.0,2024-02-04-T050001-chip20380_params_params_low_ISI_acqm.zip,chip20380,Retrosplenial Cortex
717.5,1225.0,2024-02-04-T050001-chip20380_params_params_low_ISI_acqm.zip,chip20380,Septum
2642.5,1067.5,2024-02-04-T050001-chip20380_params_params_low_ISI_acqm.zip,chip20380,Retrosplenial Cortex
752.5,1347.5,2024-02-04-T050001-chip20380_params_params_low_ISI_acqm.zip,chip20380,Septum
2730.0,1295.0,2024-02-04-T050001-chip20380_params_params_low_ISI_acqm.zip,chip20380,Retrosplenial Cortex
402.5,140.0,2024-02-04-T050001-chip20380_params_params_low_ISI_acqm.zip,chip20380,Striatum
2712.5,1085.0,2024-02-04-T050001-chip20380_params_params_low_ISI_acqm.zip,chip20380,Retrosplenial Cortex
2677.5,1190.0,2024-02-04-T050001-chip20380_params_params_low_ISI_acqm.zip,chip20380,Retrosplenial Cortex
735.0,1400.0,2024-02-04-T050001-chip20380_params_params_low_ISI_acqm.zip,chip20380,Septum
2572.5,1015.0,2024-02-04-T050001-chip20380_params_params_low_ISI_acqm.zip,chip20380,Retrosplenial Cortex
2607.5,1120.0,2024-02-04-T050001-chip20380_params_params_low_ISI_acqm.zip,chip20380,Retrosplenial Cortex
2677.5,1120.0,2024-02-04-T050001-chip20380_params_params_low_ISI_acqm.zip,chip20380,Retrosplenial Cortex
875.0,1487.5,2024-02-04-T050001-chip20380_params_params_low_ISI_acqm.zip,chip20380,Septum
787.5,1627.5,2024-02-04-T050001-chip20380_params_params_low_ISI_acqm.zip,chip20380,Septum
735.0,1382.5,2024-02-04-T050001-chip20380_params_params_low_ISI_acqm.zip,chip20380,Septum
787.5,1417.5,2024-02-04-T050001-chip20380_params_params_low_ISI_acqm.zip,chip20380,Septum
2555.0,1102.5,2024-02-04-T050001-chip20380_params_params_low_ISI_acqm.zip,chip20380,Retrosplenial Cortex
2660.0,1155.0,2024-02-04-T050001-chip20380_params_params_low_ISI_acqm.zip,chip20380,Retrosplenial Cortex
787.5,1417.5,2024-02-04-T050001-chip20380_params_params_low_ISI_acqm.zip,chip20380,Septum
2660.0,1242.5,2024-02-04-T050001-chip20380_params_params_low_ISI_acqm.zip,chip20380,Retrosplenial Cortex
2520.0,1085.0,2024-02-04-T050001-chip20380_params_params_low_ISI_acqm.zip,chip20380,Retrosplenial Cortex
2677.5,1155.0,2024-02-04-T050001-chip20380_params_params_low_ISI_acqm.zip,chip20380,Retrosplenial Cortex
2642.5,1190.0,2024-02-04-T050001-chip20380_params_params_low_ISI_acqm.zip,chip20380,Retrosplenial Cortex
787.5,1645.0,2024-02-04-T050001-chip20380_params_params_low_ISI_acqm.zip,chip20380,Septum
2590.0,1277.5,2024-02-04-T050001-chip20380_params_params_low_ISI_acqm.zip,chip20380,Retrosplenial Cortex
2590.0,1067.5,2024-02-04-T050001-chip20380_params_params_low_ISI_acqm.zip,chip20380,Retrosplenial Cortex
2625.0,1260.0,2024-02-04-T050001-chip20380_params_params_low_ISI_acqm.zip,chip20380,Retrosplenial Cortex
2712.5,1120.0,2024-02-04-T050001-chip20380_params_params_low_ISI_acqm.zip,chip20380,Retrosplenial Cortex
805.0,1470.0,2024-02-04-T050001-chip20380_params_params_low_ISI_acqm.zip,chip20380,Septum
2590.0,997.5,2024-02-04-T050001-chip20380_params_params_low_ISI_acqm.zip,chip20380,Retrosplenial Cortex
875.0,1487.5,2024-02-04-T050001-chip20380_params_params_low_ISI_acqm.zip,chip20380,Septum
2520.0,1277.5,2024-02-04-T050001-chip20380_params_params_low_ISI_acqm.zip,chip20380,Retrosplenial Cortex
2642.5,1015.0,2024-02-04-T050001-chip20380_params_params_low_ISI_acqm.zip,chip20380,Retrosplenial Cortex
2625.0,1172.5,2024-02-04-T050001-chip20380_params_params_low_ISI_acqm.zip,chip20380,Retrosplenial Cortex
542.5,52.5,2024-02-04-T050001-chip20380_params_params_low_ISI_acqm.zip,chip20380,Striatum
2747.5,1295.0,2024-02-04-T050001-chip20380_params_params_low_ISI_acqm.zip,chip20380,Retrosplenial Cortex
2695.0,1242.5,2024-02-04-T050001-chip20380_params_params_low_ISI_acqm.zip,chip20380,Retrosplenial Cortex
2712.5,1242.5,2024-02-04-T050001-chip20380_params_params_low_ISI_acqm.zip,chip20380,Retrosplenial Cortex
770.0,1627.5,2024-02-04-T050001-chip20380_params_params_low_ISI_acqm.zip,chip20380,Septum
2695.0,1277.5,2024-02-04-T050001-chip20380_params_params_low_ISI_acqm.zip,chip20380,Retrosplenial Cortex
875.0,1487.5,2024-02-04-T050001-chip20380_params_params_low_ISI_acqm.zip,chip20380,Septum
2625.0,1207.5,2024-02-04-T050001-chip20380_params_params_low_ISI_acqm.zip,chip20380,Retrosplenial Cortex
2555.0,1260.0,2024-02-04-T050001-chip20380_params_params_low_ISI_acqm.zip,chip20380,Retrosplenial Cortex
2590.0,1155.0,2024-02-04-T050001-chip20380_params_params_low_ISI_acqm.zip,chip20380,Retrosplenial Cortex
2467.5,1102.5,2024-02-04-T050001-chip20380_params_params_low_ISI_acqm.zip,chip20380,Retrosplenial Cortex
2467.5,1102.5,2024-02-04-T050001-chip20380_params_params_low_ISI_acqm.zip,chip20380,Retrosplenial Cortex
875.0,1522.5,2024-02-04-T050001-chip20380_params_params_low_ISI_acqm.zip,chip20380,Septum
2677.5,1137.5,2024-02-04-T050001-chip20380_params_params_low_ISI_acqm.zip,chip20380,Retrosplenial Cortex
2695.0,1190.0,2024-02-04-T050001-chip20380_params_params_low_ISI_acqm.zip,chip20380,Retrosplenial Cortex
840.0,1540.0,2024-02-04-T050001-chip20380_params_params_low_ISI_acqm.zip,chip20380,Septum
2730.0,1155.0,2024-02-04-T050001-chip20380_params_params_low_ISI_acqm.zip,chip20380,Retrosplenial Cortex
2730.0,1155.0,2024-02-04-T050001-chip20380_params_params_low_ISI_acqm.zip,chip20380,Retrosplenial Cortex
2660.0,1032.5,2024-02-04-T050001-chip20380_params_params_low_ISI_acqm.zip,chip20380,Retrosplenial Cortex
735.0,1417.5,2024-02-04-T050001-chip20380_params_params_low_ISI_acqm.zip,chip20380,Septum
735.0,1312.5,2024-02-04-T050001-chip20380_params_params_low_ISI_acqm.zip,chip20380,Septum
2712.5,1120.0,2024-02-04-T050001-chip20380_params_params_low_ISI_acqm.zip,chip20380,Retrosplenial Cortex
2502.5,1102.5,2024-02-04-T050001-chip20380_params_params_low_ISI_acqm.zip,chip20380,Retrosplenial Cortex
2502.5,1172.5,2024-02-04-T050001-chip20380_params_params_low_ISI_acqm.zip,chip20380,Retrosplenial Cortex
2555.0,1120.0,2024-02-04-T050001-chip20380_params_params_low_ISI_acqm.zip,chip20380,Retrosplenial Cortex
2572.5,1732.5,2024-02-04-T050001-chip20380_params_params_low_ISI_acqm.zip,chip20380,Unknown
2695.0,1067.5,2024-02-04-T050001-chip20380_params_params_low_ISI_acqm.zip,chip20380,Retrosplenial Cortex
2695.0,1067.5,2024-02-04-T050001-chip20380_params_params_low_ISI_acqm.zip,chip20380,Retrosplenial Cortex
2642.5,1050.0,2024-02-04-T050001-chip20380_params_params_low_ISI_acqm.zip,chip20380,Retrosplenial Cortex
1697.5,350.0,2024-02-04-T050001-chip20380_params_params_low_ISI_acqm.zip,chip20380,Unknown
2607.5,1015.0,2024-02-04-T050001-chip20380_params_params_low_ISI_acqm.zip,chip20380,Retrosplenial Cortex
2537.5,1242.5,2024-02-04-T050001-chip20380_params_params_low_ISI_acqm.zip,chip20380,Retrosplenial Cortex
2572.5,1277.5,2024-02-04-T050001-chip20380_params_params_low_ISI_acqm.zip,chip20380,Retrosplenial Cortex
2695.0,1085.0,2024-02-04-T050001-chip20380_params_params_low_ISI_acqm.zip,chip20380,Retrosplenial Cortex
2520.0,1137.5,2024-02-04-T050001-chip20380_params_params_low_ISI_acqm.zip,chip20380,Retrosplenial Cortex
2695.0,1015.0,2024-02-04-T050001-chip20380_params_params_low_ISI_acqm.zip,chip20380,Retrosplenial Cortex
2695.0,1015.0,2024-02-04-T050001-chip20380_params_params_low_ISI_acqm.zip,chip20380,Retrosplenial Cortex
2677.5,1032.5,2024-02-04-T050001-chip20380_params_params_low_ISI_acqm.zip,chip20380,Retrosplenial Cortex
2677.5,1032.5,2024-02-04-T050001-chip20380_params_params_low_ISI_acqm.zip,chip20380,Retrosplenial Cortex
2590.0,1120.0,2024-02-04-T050001-chip20380_params_params_low_ISI_acqm.zip,chip20380,Retrosplenial Cortex
2642.5,980.0,2024-02-04-T050001-chip20380_params_params_low_ISI_acqm.zip,chip20380,Retrosplenial Cortex
2660.0,1120.0,2024-02-04-T050001-chip20380_params_params_low_ISI_acqm.zip,chip20380,Retrosplenial Cortex
2590.0,1260.0,2024-02-04-T050001-chip20380_params_params_low_ISI_acqm.zip,chip20380,Retrosplenial Cortex
2502.5,1137.5,2024-02-04-T050001-chip20380_params_params_low_ISI_acqm.zip,chip20380,Retrosplenial Cortex
2730.0,1190.0,2024-02-04-T050001-chip20380_params_params_low_ISI_acqm.zip,chip20380,Retrosplenial Cortex
2677.5,980.0,2024-02-04-T050001-chip20380_params_params_low_ISI_acqm.zip,chip20380,Retrosplenial Cortex
2695.0,1225.0,2024-02-04-T050001-chip20380_params_params_low_ISI_acqm.zip,chip20380,Retrosplenial Cortex
2712.5,1347.5,2024-02-04-T050001-chip20380_params_params_low_ISI_acqm.zip,chip20380,Retrosplenial Cortex
2642.5,1102.5,2024-02-04-T050001-chip20380_params_params_low_ISI_acqm.zip,chip20380,Retrosplenial Cortex
2537.5,1067.5,2024-02-04-T050001-chip20380_params_params_low_ISI_acqm.zip,chip20380,Retrosplenial Cortex
2625.0,1032.5,2024-02-04-T050001-chip20380_params_params_low_ISI_acqm.zip,chip20380,Retrosplenial Cortex
2642.5,1295.0,2024-02-04-T050001-chip20380_params_params_low_ISI_acqm.zip,chip20380,Retrosplenial Cortex
2607.5,1155.0,2024-02-04-T050001-chip20380_params_params_low_ISI_acqm.zip,chip20380,Retrosplenial Cortex
2712.5,1242.5,2024-02-04-T050001-chip20380_params_params_low_ISI_acqm.zip,chip20380,Retrosplenial Cortex
2712.5,1242.5,2024-02-04-T050001-chip20380_params_params_low_ISI_acqm.zip,chip20380,Retrosplenial Cortex
2572.5,1260.0,2024-02-04-T050001-chip20380_params_params_low_ISI_acqm.zip,chip20380,Retrosplenial Cortex
2677.5,1172.5,2024-02-04-T050001-chip20380_params_params_low_ISI_acqm.zip,chip20380,Retrosplenial Cortex
2730.0,1137.5,2024-02-04-T050001-chip20380_params_params_low_ISI_acqm.zip,chip20380,Retrosplenial Cortex
2712.5,1120.0,2024-02-04-T050001-chip20380_params_params_low_ISI_acqm.zip,chip20380,Retrosplenial Cortex
2590.0,1120.0,2024-02-04-T050001-chip20380_params_params_low_ISI_acqm.zip,chip20380,Retrosplenial Cortex
2660.0,1120.0,2024-02-04-T050001-chip20380_params_params_low_ISI_acqm.zip,chip20380,Retrosplenial Cortex
2660.0,1120.0,2024-02-04-T050001-chip20380_params_params_low_ISI_acqm.zip,chip20380,Retrosplenial Cortex
2660.0,1120.0,2024-02-04-T050001-chip20380_params_params_low_ISI_acqm.zip,chip20380,Retrosplenial Cortex
2695.0,1295.0,2024-02-04-T050001-chip20380_params_params_low_ISI_acqm.zip,chip20380,Retrosplenial Cortex
2677.5,1295.0,2024-02-04-T050001-chip20380_params_params_low_ISI_acqm.zip,chip20380,Retrosplenial Cortex
2712.5,1295.0,2024-02-04-T050001-chip20380_params_params_low_ISI_acqm.zip,chip20380,Retrosplenial Cortex
2677.5,1155.0,2024-02-04-T050001-chip20380_params_params_low_ISI_acqm.zip,chip20380,Retrosplenial Cortex
2642.5,1102.5,2024-02-04-T050001-chip20380_params_params_low_ISI_acqm.zip,chip20380,Retrosplenial Cortex
2695.0,1295.0,2024-02-04-T050001-chip20380_params_params_low_ISI_acqm.zip,chip20380,Retrosplenial Cortex
2642.5,1085.0,2024-02-04-T050001-chip20380_params_params_low_ISI_acqm.zip,chip20380,Retrosplenial Cortex
2695.0,1260.0,2024-02-04-T050001-chip20380_params_params_low_ISI_acqm.zip,chip20380,Retrosplenial Cortex
2642.5,1207.5,2024-02-04-T050001-chip20380_params_params_low_ISI_acqm.zip,chip20380,Retrosplenial Cortex
2695.0,1155.0,2024-02-04-T050001-chip20380_params_params_low_ISI_acqm.zip,chip20380,Retrosplenial Cortex
2590.0,1120.0,2024-02-04-T050001-chip20380_params_params_low_ISI_acqm.zip,chip20380,Retrosplenial Cortex
2660.0,1137.5,2024-02-04-T060000-chip20380_params_params_low_ISI_acqm.zip,chip20380,Retrosplenial Cortex
2660.0,1155.0,2024-02-04-T060000-chip20380_params_params_low_ISI_acqm.zip,chip20380,Retrosplenial Cortex
2695.0,1120.0,2024-02-04-T060000-chip20380_params_params_low_ISI_acqm.zip,chip20380,Retrosplenial Cortex
2712.5,1242.5,2024-02-04-T060000-chip20380_params_params_low_ISI_acqm.zip,chip20380,Retrosplenial Cortex
2677.5,1295.0,2024-02-04-T060000-chip20380_params_params_low_ISI_acqm.zip,chip20380,Retrosplenial Cortex
2642.5,1277.5,2024-02-04-T060000-chip20380_params_params_low_ISI_acqm.zip,chip20380,Retrosplenial Cortex
2747.5,1260.0,2024-02-04-T060000-chip20380_params_params_low_ISI_acqm.zip,chip20380,Retrosplenial Cortex
2747.5,1260.0,2024-02-04-T060000-chip20380_params_params_low_ISI_acqm.zip,chip20380,Retrosplenial Cortex
2712.5,1295.0,2024-02-04-T060000-chip20380_params_params_low_ISI_acqm.zip,chip20380,Retrosplenial Cortex
717.5,1225.0,2024-02-04-T060000-chip20380_params_params_low_ISI_acqm.zip,chip20380,Septum
2625.0,1085.0,2024-02-04-T060000-chip20380_params_params_low_ISI_acqm.zip,chip20380,Retrosplenial Cortex
752.5,1347.5,2024-02-04-T060000-chip20380_params_params_low_ISI_acqm.zip,chip20380,Septum
402.5,140.0,2024-02-04-T060000-chip20380_params_params_low_ISI_acqm.zip,chip20380,Striatum
2712.5,1085.0,2024-02-04-T060000-chip20380_params_params_low_ISI_acqm.zip,chip20380,Retrosplenial Cortex
735.0,1400.0,2024-02-04-T060000-chip20380_params_params_low_ISI_acqm.zip,chip20380,Septum
2607.5,1120.0,2024-02-04-T060000-chip20380_params_params_low_ISI_acqm.zip,chip20380,Retrosplenial Cortex
2677.5,1120.0,2024-02-04-T060000-chip20380_params_params_low_ISI_acqm.zip,chip20380,Retrosplenial Cortex
787.5,1627.5,2024-02-04-T060000-chip20380_params_params_low_ISI_acqm.zip,chip20380,Septum
2555.0,1260.0,2024-02-04-T060000-chip20380_params_params_low_ISI_acqm.zip,chip20380,Retrosplenial Cortex
875.0,1487.5,2024-02-04-T060000-chip20380_params_params_low_ISI_acqm.zip,chip20380,Septum
735.0,1382.5,2024-02-04-T060000-chip20380_params_params_low_ISI_acqm.zip,chip20380,Septum
2590.0,1120.0,2024-02-04-T060000-chip20380_params_params_low_ISI_acqm.zip,chip20380,Retrosplenial Cortex
787.5,1417.5,2024-02-04-T060000-chip20380_params_params_low_ISI_acqm.zip,chip20380,Septum
2660.0,1242.5,2024-02-04-T060000-chip20380_params_params_low_ISI_acqm.zip,chip20380,Retrosplenial Cortex
2625.0,1032.5,2024-02-04-T060000-chip20380_params_params_low_ISI_acqm.zip,chip20380,Retrosplenial Cortex
2520.0,1085.0,2024-02-04-T060000-chip20380_params_params_low_ISI_acqm.zip,chip20380,Retrosplenial Cortex
2677.5,1155.0,2024-02-04-T060000-chip20380_params_params_low_ISI_acqm.zip,chip20380,Retrosplenial Cortex
2625.0,1260.0,2024-02-04-T060000-chip20380_params_params_low_ISI_acqm.zip,chip20380,Retrosplenial Cortex
2625.0,1242.5,2024-02-04-T060000-chip20380_params_params_low_ISI_acqm.zip,chip20380,Retrosplenial Cortex
2590.0,1067.5,2024-02-04-T060000-chip20380_params_params_low_ISI_acqm.zip,chip20380,Retrosplenial Cortex
2660.0,1155.0,2024-02-04-T060000-chip20380_params_params_low_ISI_acqm.zip,chip20380,Retrosplenial Cortex
2712.5,1277.5,2024-02-04-T060000-chip20380_params_params_low_ISI_acqm.zip,chip20380,Retrosplenial Cortex
2555.0,962.5,2024-02-04-T060000-chip20380_params_params_low_ISI_acqm.zip,chip20380,Retrosplenial Cortex
875.0,1487.5,2024-02-04-T060000-chip20380_params_params_low_ISI_acqm.zip,chip20380,Septum
2520.0,1277.5,2024-02-04-T060000-chip20380_params_params_low_ISI_acqm.zip,chip20380,Retrosplenial Cortex
2642.5,1015.0,2024-02-04-T060000-chip20380_params_params_low_ISI_acqm.zip,chip20380,Retrosplenial Cortex
2642.5,1015.0,2024-02-04-T060000-chip20380_params_params_low_ISI_acqm.zip,chip20380,Retrosplenial Cortex
2502.5,1207.5,2024-02-04-T060000-chip20380_params_params_low_ISI_acqm.zip,chip20380,Retrosplenial Cortex
2607.5,1155.0,2024-02-04-T060000-chip20380_params_params_low_ISI_acqm.zip,chip20380,Retrosplenial Cortex
892.5,1627.5,2024-02-04-T060000-chip20380_params_params_low_ISI_acqm.zip,chip20380,Septum
2660.0,1120.0,2024-02-04-T060000-chip20380_params_params_low_ISI_acqm.zip,chip20380,Retrosplenial Cortex
542.5,52.5,2024-02-04-T060000-chip20380_params_params_low_ISI_acqm.zip,chip20380,Striatum
2677.5,1067.5,2024-02-04-T060000-chip20380_params_params_low_ISI_acqm.zip,chip20380,Retrosplenial Cortex
2677.5,1067.5,2024-02-04-T060000-chip20380_params_params_low_ISI_acqm.zip,chip20380,Retrosplenial Cortex
2747.5,1295.0,2024-02-04-T060000-chip20380_params_params_low_ISI_acqm.zip,chip20380,Retrosplenial Cortex
2712.5,1242.5,2024-02-04-T060000-chip20380_params_params_low_ISI_acqm.zip,chip20380,Retrosplenial Cortex
2712.5,1242.5,2024-02-04-T060000-chip20380_params_params_low_ISI_acqm.zip,chip20380,Retrosplenial Cortex
787.5,1645.0,2024-02-04-T060000-chip20380_params_params_low_ISI_acqm.zip,chip20380,Septum
2695.0,1260.0,2024-02-04-T060000-chip20380_params_params_low_ISI_acqm.zip,chip20380,Retrosplenial Cortex
2625.0,1225.0,2024-02-04-T060000-chip20380_params_params_low_ISI_acqm.zip,chip20380,Retrosplenial Cortex
2712.5,1120.0,2024-02-04-T060000-chip20380_params_params_low_ISI_acqm.zip,chip20380,Retrosplenial Cortex
2555.0,1120.0,2024-02-04-T060000-chip20380_params_params_low_ISI_acqm.zip,chip20380,Retrosplenial Cortex
2590.0,1085.0,2024-02-04-T060000-chip20380_params_params_low_ISI_acqm.zip,chip20380,Retrosplenial Cortex
2625.0,1050.0,2024-02-04-T060000-chip20380_params_params_low_ISI_acqm.zip,chip20380,Retrosplenial Cortex
2467.5,1102.5,2024-02-04-T060000-chip20380_params_params_low_ISI_acqm.zip,chip20380,Retrosplenial Cortex
857.5,1452.5,2024-02-04-T060000-chip20380_params_params_low_ISI_acqm.zip,chip20380,Septum
2660.0,1102.5,2024-02-04-T060000-chip20380_params_params_low_ISI_acqm.zip,chip20380,Retrosplenial Cortex
2677.5,1137.5,2024-02-04-T060000-chip20380_params_params_low_ISI_acqm.zip,chip20380,Retrosplenial Cortex
2695.0,1190.0,2024-02-04-T060000-chip20380_params_params_low_ISI_acqm.zip,chip20380,Retrosplenial Cortex
840.0,1540.0,2024-02-04-T060000-chip20380_params_params_low_ISI_acqm.zip,chip20380,Septum
2677.5,1050.0,2024-02-04-T060000-chip20380_params_params_low_ISI_acqm.zip,chip20380,Retrosplenial Cortex
2730.0,1155.0,2024-02-04-T060000-chip20380_params_params_low_ISI_acqm.zip,chip20380,Retrosplenial Cortex
717.5,1400.0,2024-02-04-T060000-chip20380_params_params_low_ISI_acqm.zip,chip20380,Septum
735.0,1312.5,2024-02-04-T060000-chip20380_params_params_low_ISI_acqm.zip,chip20380,Septum
2712.5,1120.0,2024-02-04-T060000-chip20380_params_params_low_ISI_acqm.zip,chip20380,Retrosplenial Cortex
2502.5,1102.5,2024-02-04-T060000-chip20380_params_params_low_ISI_acqm.zip,chip20380,Retrosplenial Cortex
2502.5,1102.5,2024-02-04-T060000-chip20380_params_params_low_ISI_acqm.zip,chip20380,Retrosplenial Cortex
2502.5,1172.5,2024-02-04-T060000-chip20380_params_params_low_ISI_acqm.zip,chip20380,Retrosplenial Cortex
2555.0,1120.0,2024-02-04-T060000-chip20380_params_params_low_ISI_acqm.zip,chip20380,Retrosplenial Cortex
2590.0,1732.5,2024-02-04-T060000-chip20380_params_params_low_ISI_acqm.zip,chip20380,Unknown
2695.0,1067.5,2024-02-04-T060000-chip20380_params_params_low_ISI_acqm.zip,chip20380,Retrosplenial Cortex
2660.0,1207.5,2024-02-04-T060000-chip20380_params_params_low_ISI_acqm.zip,chip20380,Retrosplenial Cortex
1697.5,350.0,2024-02-04-T060000-chip20380_params_params_low_ISI_acqm.zip,chip20380,Unknown
2607.5,1015.0,2024-02-04-T060000-chip20380_params_params_low_ISI_acqm.zip,chip20380,Retrosplenial Cortex
2607.5,1015.0,2024-02-04-T060000-chip20380_params_params_low_ISI_acqm.zip,chip20380,Retrosplenial Cortex
2555.0,1120.0,2024-02-04-T060000-chip20380_params_params_low_ISI_acqm.zip,chip20380,Retrosplenial Cortex
2485.0,1242.5,2024-02-04-T060000-chip20380_params_params_low_ISI_acqm.zip,chip20380,Retrosplenial Cortex
2520.0,1137.5,2024-02-04-T060000-chip20380_params_params_low_ISI_acqm.zip,chip20380,Retrosplenial Cortex
2695.0,1015.0,2024-02-04-T060000-chip20380_params_params_low_ISI_acqm.zip,chip20380,Retrosplenial Cortex
2607.5,1242.5,2024-02-04-T060000-chip20380_params_params_low_ISI_acqm.zip,chip20380,Retrosplenial Cortex
2590.0,1120.0,2024-02-04-T060000-chip20380_params_params_low_ISI_acqm.zip,chip20380,Retrosplenial Cortex
2607.5,1015.0,2024-02-04-T060000-chip20380_params_params_low_ISI_acqm.zip,chip20380,Retrosplenial Cortex
2642.5,980.0,2024-02-04-T060000-chip20380_params_params_low_ISI_acqm.zip,chip20380,Retrosplenial Cortex
2660.0,1120.0,2024-02-04-T060000-chip20380_params_params_low_ISI_acqm.zip,chip20380,Retrosplenial Cortex
2642.5,1190.0,2024-02-04-T060000-chip20380_params_params_low_ISI_acqm.zip,chip20380,Retrosplenial Cortex
2712.5,1277.5,2024-02-04-T060000-chip20380_params_params_low_ISI_acqm.zip,chip20380,Retrosplenial Cortex
2695.0,1295.0,2024-02-04-T060000-chip20380_params_params_low_ISI_acqm.zip,chip20380,Retrosplenial Cortex
2590.0,1260.0,2024-02-04-T060000-chip20380_params_params_low_ISI_acqm.zip,chip20380,Retrosplenial Cortex
2502.5,1137.5,2024-02-04-T060000-chip20380_params_params_low_ISI_acqm.zip,chip20380,Retrosplenial Cortex
2677.5,1172.5,2024-02-04-T060000-chip20380_params_params_low_ISI_acqm.zip,chip20380,Retrosplenial Cortex
2730.0,1190.0,2024-02-04-T060000-chip20380_params_params_low_ISI_acqm.zip,chip20380,Retrosplenial Cortex
2677.5,980.0,2024-02-04-T060000-chip20380_params_params_low_ISI_acqm.zip,chip20380,Retrosplenial Cortex
2677.5,1207.5,2024-02-04-T060000-chip20380_params_params_low_ISI_acqm.zip,chip20380,Retrosplenial Cortex
2695.0,1242.5,2024-02-04-T060000-chip20380_params_params_low_ISI_acqm.zip,chip20380,Retrosplenial Cortex
2432.5,1190.0,2024-02-04-T060000-chip20380_params_params_low_ISI_acqm.zip,chip20380,Retrosplenial Cortex
2712.5,1347.5,2024-02-04-T060000-chip20380_params_params_low_ISI_acqm.zip,chip20380,Retrosplenial Cortex
2677.5,1207.5,2024-02-04-T060000-chip20380_params_params_low_ISI_acqm.zip,chip20380,Retrosplenial Cortex
2660.0,1277.5,2024-02-04-T060000-chip20380_params_params_low_ISI_acqm.zip,chip20380,Retrosplenial Cortex
2730.0,1312.5,2024-02-04-T060000-chip20380_params_params_low_ISI_acqm.zip,chip20380,Retrosplenial Cortex
2625.0,1085.0,2024-02-04-T060000-chip20380_params_params_low_ISI_acqm.zip,chip20380,Retrosplenial Cortex
2695.0,1242.5,2024-02-04-T060000-chip20380_params_params_low_ISI_acqm.zip,chip20380,Retrosplenial Cortex
2712.5,1085.0,2024-02-04-T060000-chip20380_params_params_low_ISI_acqm.zip,chip20380,Retrosplenial Cortex
787.5,1417.5,2024-02-04-T060000-chip20380_params_params_low_ISI_acqm.zip,chip20380,Septum
2590.0,997.5,2024-02-04-T060000-chip20380_params_params_low_ISI_acqm.zip,chip20380,Retrosplenial Cortex
2642.5,1015.0,2024-02-04-T060000-chip20380_params_params_low_ISI_acqm.zip,chip20380,Retrosplenial Cortex
2572.5,1172.5,2024-02-04-T060000-chip20380_params_params_low_ISI_acqm.zip,chip20380,Retrosplenial Cortex
2695.0,1190.0,2024-02-04-T060000-chip20380_params_params_low_ISI_acqm.zip,chip20380,Retrosplenial Cortex
2712.5,1137.5,2024-02-04-T060000-chip20380_params_params_low_ISI_acqm.zip,chip20380,Retrosplenial Cortex
875.0,1522.5,2024-02-04-T060000-chip20380_params_params_low_ISI_acqm.zip,chip20380,Septum
2695.0,1085.0,2024-02-04-T060000-chip20380_params_params_low_ISI_acqm.zip,chip20380,Retrosplenial Cortex
2695.0,1067.5,2024-02-04-T060000-chip20380_params_params_low_ISI_acqm.zip,chip20380,Retrosplenial Cortex
2677.5,1032.5,2024-02-04-T060000-chip20380_params_params_low_ISI_acqm.zip,chip20380,Retrosplenial Cortex
2677.5,1120.0,2024-02-04-T060000-chip20380_params_params_low_ISI_acqm.zip,chip20380,Retrosplenial Cortex
2660.0,1225.0,2024-02-04-T060000-chip20380_params_params_low_ISI_acqm.zip,chip20380,Retrosplenial Cortex
2607.5,1155.0,2024-02-04-T060000-chip20380_params_params_low_ISI_acqm.zip,chip20380,Retrosplenial Cortex
2730.0,1155.0,2024-02-04-T060000-chip20380_params_params_low_ISI_acqm.zip,chip20380,Retrosplenial Cortex
2485.0,1102.5,2024-02-04-T060000-chip20380_params_params_low_ISI_acqm.zip,chip20380,Retrosplenial Cortex
2712.5,1120.0,2024-02-04-T060000-chip20380_params_params_low_ISI_acqm.zip,chip20380,Retrosplenial Cortex
2660.0,1120.0,2024-02-04-T070001-chip20380_params_params_low_ISI_acqm.zip,chip20380,Retrosplenial Cortex
2695.0,1102.5,2024-02-04-T070001-chip20380_params_params_low_ISI_acqm.zip,chip20380,Retrosplenial Cortex
2660.0,1277.5,2024-02-04-T070001-chip20380_params_params_low_ISI_acqm.zip,chip20380,Retrosplenial Cortex
2642.5,1277.5,2024-02-04-T070001-chip20380_params_params_low_ISI_acqm.zip,chip20380,Retrosplenial Cortex
2747.5,1260.0,2024-02-04-T070001-chip20380_params_params_low_ISI_acqm.zip,chip20380,Retrosplenial Cortex
2695.0,1032.5,2024-02-04-T070001-chip20380_params_params_low_ISI_acqm.zip,chip20380,Retrosplenial Cortex
717.5,1225.0,2024-02-04-T070001-chip20380_params_params_low_ISI_acqm.zip,chip20380,Septum
2625.0,1067.5,2024-02-04-T070001-chip20380_params_params_low_ISI_acqm.zip,chip20380,Retrosplenial Cortex
752.5,1347.5,2024-02-04-T070001-chip20380_params_params_low_ISI_acqm.zip,chip20380,Septum
2625.0,1032.5,2024-02-04-T070001-chip20380_params_params_low_ISI_acqm.zip,chip20380,Retrosplenial Cortex
735.0,1400.0,2024-02-04-T070001-chip20380_params_params_low_ISI_acqm.zip,chip20380,Septum
2677.5,1120.0,2024-02-04-T070001-chip20380_params_params_low_ISI_acqm.zip,chip20380,Retrosplenial Cortex
787.5,1627.5,2024-02-04-T070001-chip20380_params_params_low_ISI_acqm.zip,chip20380,Septum
735.0,1382.5,2024-02-04-T070001-chip20380_params_params_low_ISI_acqm.zip,chip20380,Septum
2555.0,1260.0,2024-02-04-T070001-chip20380_params_params_low_ISI_acqm.zip,chip20380,Retrosplenial Cortex
787.5,1417.5,2024-02-04-T070001-chip20380_params_params_low_ISI_acqm.zip,chip20380,Septum
2555.0,1120.0,2024-02-04-T070001-chip20380_params_params_low_ISI_acqm.zip,chip20380,Retrosplenial Cortex
2555.0,1102.5,2024-02-04-T070001-chip20380_params_params_low_ISI_acqm.zip,chip20380,Retrosplenial Cortex
735.0,1382.5,2024-02-04-T070001-chip20380_params_params_low_ISI_acqm.zip,chip20380,Septum
2660.0,1172.5,2024-02-04-T070001-chip20380_params_params_low_ISI_acqm.zip,chip20380,Retrosplenial Cortex
2660.0,1155.0,2024-02-04-T070001-chip20380_params_params_low_ISI_acqm.zip,chip20380,Retrosplenial Cortex
2660.0,1225.0,2024-02-04-T070001-chip20380_params_params_low_ISI_acqm.zip,chip20380,Retrosplenial Cortex
787.5,1417.5,2024-02-04-T070001-chip20380_params_params_low_ISI_acqm.zip,chip20380,Septum
2677.5,1155.0,2024-02-04-T070001-chip20380_params_params_low_ISI_acqm.zip,chip20380,Retrosplenial Cortex
2642.5,1207.5,2024-02-04-T070001-chip20380_params_params_low_ISI_acqm.zip,chip20380,Retrosplenial Cortex
787.5,1645.0,2024-02-04-T070001-chip20380_params_params_low_ISI_acqm.zip,chip20380,Septum
2625.0,1242.5,2024-02-04-T070001-chip20380_params_params_low_ISI_acqm.zip,chip20380,Retrosplenial Cortex
2590.0,1067.5,2024-02-04-T070001-chip20380_params_params_low_ISI_acqm.zip,chip20380,Retrosplenial Cortex
875.0,1487.5,2024-02-04-T070001-chip20380_params_params_low_ISI_acqm.zip,chip20380,Septum
2520.0,1277.5,2024-02-04-T070001-chip20380_params_params_low_ISI_acqm.zip,chip20380,Retrosplenial Cortex
2642.5,1015.0,2024-02-04-T070001-chip20380_params_params_low_ISI_acqm.zip,chip20380,Retrosplenial Cortex
2607.5,1155.0,2024-02-04-T070001-chip20380_params_params_low_ISI_acqm.zip,chip20380,Retrosplenial Cortex
2660.0,1120.0,2024-02-04-T070001-chip20380_params_params_low_ISI_acqm.zip,chip20380,Retrosplenial Cortex
2677.5,980.0,2024-02-04-T070001-chip20380_params_params_low_ISI_acqm.zip,chip20380,Retrosplenial Cortex
542.5,52.5,2024-02-04-T070001-chip20380_params_params_low_ISI_acqm.zip,chip20380,Striatum
2677.5,1067.5,2024-02-04-T070001-chip20380_params_params_low_ISI_acqm.zip,chip20380,Retrosplenial Cortex
2747.5,1295.0,2024-02-04-T070001-chip20380_params_params_low_ISI_acqm.zip,chip20380,Retrosplenial Cortex
2712.5,1242.5,2024-02-04-T070001-chip20380_params_params_low_ISI_acqm.zip,chip20380,Retrosplenial Cortex
2712.5,1242.5,2024-02-04-T070001-chip20380_params_params_low_ISI_acqm.zip,chip20380,Retrosplenial Cortex
2607.5,1172.5,2024-02-04-T070001-chip20380_params_params_low_ISI_acqm.zip,chip20380,Retrosplenial Cortex
770.0,1627.5,2024-02-04-T070001-chip20380_params_params_low_ISI_acqm.zip,chip20380,Septum
2695.0,1277.5,2024-02-04-T070001-chip20380_params_params_low_ISI_acqm.zip,chip20380,Retrosplenial Cortex
875.0,1487.5,2024-02-04-T070001-chip20380_params_params_low_ISI_acqm.zip,chip20380,Septum
2625.0,1225.0,2024-02-04-T070001-chip20380_params_params_low_ISI_acqm.zip,chip20380,Retrosplenial Cortex
2625.0,1032.5,2024-02-04-T070001-chip20380_params_params_low_ISI_acqm.zip,chip20380,Retrosplenial Cortex
2467.5,1102.5,2024-02-04-T070001-chip20380_params_params_low_ISI_acqm.zip,chip20380,Retrosplenial Cortex
2642.5,1120.0,2024-02-04-T070001-chip20380_params_params_low_ISI_acqm.zip,chip20380,Retrosplenial Cortex
2607.5,1032.5,2024-02-04-T070001-chip20380_params_params_low_ISI_acqm.zip,chip20380,Retrosplenial Cortex
2660.0,1102.5,2024-02-04-T070001-chip20380_params_params_low_ISI_acqm.zip,chip20380,Retrosplenial Cortex
2677.5,1137.5,2024-02-04-T070001-chip20380_params_params_low_ISI_acqm.zip,chip20380,Retrosplenial Cortex
2695.0,1190.0,2024-02-04-T070001-chip20380_params_params_low_ISI_acqm.zip,chip20380,Retrosplenial Cortex
840.0,1540.0,2024-02-04-T070001-chip20380_params_params_low_ISI_acqm.zip,chip20380,Septum
787.5,1330.0,2024-02-04-T070001-chip20380_params_params_low_ISI_acqm.zip,chip20380,Septum
717.5,1260.0,2024-02-04-T070001-chip20380_params_params_low_ISI_acqm.zip,chip20380,Septum
2712.5,1120.0,2024-02-04-T070001-chip20380_params_params_low_ISI_acqm.zip,chip20380,Retrosplenial Cortex
2502.5,1102.5,2024-02-04-T070001-chip20380_params_params_low_ISI_acqm.zip,chip20380,Retrosplenial Cortex
2607.5,1172.5,2024-02-04-T070001-chip20380_params_params_low_ISI_acqm.zip,chip20380,Retrosplenial Cortex
2590.0,1732.5,2024-02-04-T070001-chip20380_params_params_low_ISI_acqm.zip,chip20380,Unknown
2695.0,1067.5,2024-02-04-T070001-chip20380_params_params_low_ISI_acqm.zip,chip20380,Retrosplenial Cortex
2695.0,1067.5,2024-02-04-T070001-chip20380_params_params_low_ISI_acqm.zip,chip20380,Retrosplenial Cortex
875.0,1522.5,2024-02-04-T070001-chip20380_params_params_low_ISI_acqm.zip,chip20380,Septum
1697.5,350.0,2024-02-04-T070001-chip20380_params_params_low_ISI_acqm.zip,chip20380,Unknown
2607.5,1015.0,2024-02-04-T070001-chip20380_params_params_low_ISI_acqm.zip,chip20380,Retrosplenial Cortex
2572.5,1277.5,2024-02-04-T070001-chip20380_params_params_low_ISI_acqm.zip,chip20380,Retrosplenial Cortex
2695.0,1085.0,2024-02-04-T070001-chip20380_params_params_low_ISI_acqm.zip,chip20380,Retrosplenial Cortex
2520.0,1137.5,2024-02-04-T070001-chip20380_params_params_low_ISI_acqm.zip,chip20380,Retrosplenial Cortex
2590.0,1120.0,2024-02-04-T070001-chip20380_params_params_low_ISI_acqm.zip,chip20380,Retrosplenial Cortex
2590.0,1120.0,2024-02-04-T070001-chip20380_params_params_low_ISI_acqm.zip,chip20380,Retrosplenial Cortex
2642.5,980.0,2024-02-04-T070001-chip20380_params_params_low_ISI_acqm.zip,chip20380,Retrosplenial Cortex
2677.5,1295.0,2024-02-04-T070001-chip20380_params_params_low_ISI_acqm.zip,chip20380,Retrosplenial Cortex
2590.0,1260.0,2024-02-04-T070001-chip20380_params_params_low_ISI_acqm.zip,chip20380,Retrosplenial Cortex
2677.5,1172.5,2024-02-04-T070001-chip20380_params_params_low_ISI_acqm.zip,chip20380,Retrosplenial Cortex
2730.0,1190.0,2024-02-04-T070001-chip20380_params_params_low_ISI_acqm.zip,chip20380,Retrosplenial Cortex
2695.0,1242.5,2024-02-04-T070001-chip20380_params_params_low_ISI_acqm.zip,chip20380,Retrosplenial Cortex
2712.5,1347.5,2024-02-04-T070001-chip20380_params_params_low_ISI_acqm.zip,chip20380,Retrosplenial Cortex
2660.0,1225.0,2024-02-04-T070001-chip20380_params_params_low_ISI_acqm.zip,chip20380,Retrosplenial Cortex
2677.5,1190.0,2024-02-04-T070001-chip20380_params_params_low_ISI_acqm.zip,chip20380,Retrosplenial Cortex
2712.5,1225.0,2024-02-04-T070001-chip20380_params_params_low_ISI_acqm.zip,chip20380,Retrosplenial Cortex
2642.5,1102.5,2024-02-04-T070001-chip20380_params_params_low_ISI_acqm.zip,chip20380,Retrosplenial Cortex
2660.0,1085.0,2024-02-04-T070001-chip20380_params_params_low_ISI_acqm.zip,chip20380,Retrosplenial Cortex
2695.0,1242.5,2024-02-04-T070001-chip20380_params_params_low_ISI_acqm.zip,chip20380,Retrosplenial Cortex
2625.0,1207.5,2024-02-04-T070001-chip20380_params_params_low_ISI_acqm.zip,chip20380,Retrosplenial Cortex
2625.0,1050.0,2024-02-04-T070001-chip20380_params_params_low_ISI_acqm.zip,chip20380,Retrosplenial Cortex
2730.0,1155.0,2024-02-04-T070001-chip20380_params_params_low_ISI_acqm.zip,chip20380,Retrosplenial Cortex
2520.0,1085.0,2024-02-04-T070001-chip20380_params_params_low_ISI_acqm.zip,chip20380,Retrosplenial Cortex
2607.5,1172.5,2024-02-04-T070001-chip20380_params_params_low_ISI_acqm.zip,chip20380,Retrosplenial Cortex
2695.0,1067.5,2024-02-04-T070001-chip20380_params_params_low_ISI_acqm.zip,chip20380,Retrosplenial Cortex
2625.0,1032.5,2024-02-04-T070001-chip20380_params_params_low_ISI_acqm.zip,chip20380,Retrosplenial Cortex
2572.5,1120.0,2024-02-04-T070001-chip20380_params_params_low_ISI_acqm.zip,chip20380,Retrosplenial Cortex
2695.0,1015.0,2024-02-04-T070001-chip20380_params_params_low_ISI_acqm.zip,chip20380,Retrosplenial Cortex
2607.5,1155.0,2024-02-04-T070001-chip20380_params_params_low_ISI_acqm.zip,chip20380,Retrosplenial Cortex
2712.5,1242.5,2024-02-04-T070001-chip20380_params_params_low_ISI_acqm.zip,chip20380,Retrosplenial Cortex
2695.0,1260.0,2024-02-04-T070001-chip20380_params_params_low_ISI_acqm.zip,chip20380,Retrosplenial Cortex
2590.0,1260.0,2024-02-04-T070001-chip20380_params_params_low_ISI_acqm.zip,chip20380,Retrosplenial Cortex
2660.0,1120.0,2024-02-04-T080000-chip20380_params_params_low_ISI_acqm.zip,chip20380,Retrosplenial Cortex
2695.0,1120.0,2024-02-04-T080000-chip20380_params_params_low_ISI_acqm.zip,chip20380,Retrosplenial Cortex
2712.5,1242.5,2024-02-04-T080000-chip20380_params_params_low_ISI_acqm.zip,chip20380,Retrosplenial Cortex
2747.5,1260.0,2024-02-04-T080000-chip20380_params_params_low_ISI_acqm.zip,chip20380,Retrosplenial Cortex
2695.0,1032.5,2024-02-04-T080000-chip20380_params_params_low_ISI_acqm.zip,chip20380,Retrosplenial Cortex
717.5,1225.0,2024-02-04-T080000-chip20380_params_params_low_ISI_acqm.zip,chip20380,Septum
2537.5,1120.0,2024-02-04-T080000-chip20380_params_params_low_ISI_acqm.zip,chip20380,Retrosplenial Cortex
2642.5,1085.0,2024-02-04-T080000-chip20380_params_params_low_ISI_acqm.zip,chip20380,Retrosplenial Cortex
752.5,1347.5,2024-02-04-T080000-chip20380_params_params_low_ISI_acqm.zip,chip20380,Septum
402.5,140.0,2024-02-04-T080000-chip20380_params_params_low_ISI_acqm.zip,chip20380,Striatum
735.0,1400.0,2024-02-04-T080000-chip20380_params_params_low_ISI_acqm.zip,chip20380,Septum
2677.5,1120.0,2024-02-04-T080000-chip20380_params_params_low_ISI_acqm.zip,chip20380,Retrosplenial Cortex
787.5,1627.5,2024-02-04-T080000-chip20380_params_params_low_ISI_acqm.zip,chip20380,Septum
2537.5,1067.5,2024-02-04-T080000-chip20380_params_params_low_ISI_acqm.zip,chip20380,Retrosplenial Cortex
805.0,1417.5,2024-02-04-T080000-chip20380_params_params_low_ISI_acqm.zip,chip20380,Septum
735.0,1382.5,2024-02-04-T080000-chip20380_params_params_low_ISI_acqm.zip,chip20380,Septum
2660.0,1172.5,2024-02-04-T080000-chip20380_params_params_low_ISI_acqm.zip,chip20380,Retrosplenial Cortex
787.5,1417.5,2024-02-04-T080000-chip20380_params_params_low_ISI_acqm.zip,chip20380,Septum
2660.0,1225.0,2024-02-04-T080000-chip20380_params_params_low_ISI_acqm.zip,chip20380,Retrosplenial Cortex
2537.5,1295.0,2024-02-04-T080000-chip20380_params_params_low_ISI_acqm.zip,chip20380,Retrosplenial Cortex
2677.5,1155.0,2024-02-04-T080000-chip20380_params_params_low_ISI_acqm.zip,chip20380,Retrosplenial Cortex
2642.5,1190.0,2024-02-04-T080000-chip20380_params_params_low_ISI_acqm.zip,chip20380,Retrosplenial Cortex
2642.5,1242.5,2024-02-04-T080000-chip20380_params_params_low_ISI_acqm.zip,chip20380,Retrosplenial Cortex
2590.0,1067.5,2024-02-04-T080000-chip20380_params_params_low_ISI_acqm.zip,chip20380,Retrosplenial Cortex
2660.0,1155.0,2024-02-04-T080000-chip20380_params_params_low_ISI_acqm.zip,chip20380,Retrosplenial Cortex
2660.0,1155.0,2024-02-04-T080000-chip20380_params_params_low_ISI_acqm.zip,chip20380,Retrosplenial Cortex
787.5,1645.0,2024-02-04-T080000-chip20380_params_params_low_ISI_acqm.zip,chip20380,Septum
2590.0,997.5,2024-02-04-T080000-chip20380_params_params_low_ISI_acqm.zip,chip20380,Retrosplenial Cortex
2520.0,1277.5,2024-02-04-T080000-chip20380_params_params_low_ISI_acqm.zip,chip20380,Retrosplenial Cortex
2642.5,1015.0,2024-02-04-T080000-chip20380_params_params_low_ISI_acqm.zip,chip20380,Retrosplenial Cortex
2502.5,1225.0,2024-02-04-T080000-chip20380_params_params_low_ISI_acqm.zip,chip20380,Retrosplenial Cortex
2607.5,1155.0,2024-02-04-T080000-chip20380_params_params_low_ISI_acqm.zip,chip20380,Retrosplenial Cortex
2660.0,1102.5,2024-02-04-T080000-chip20380_params_params_low_ISI_acqm.zip,chip20380,Retrosplenial Cortex
2677.5,980.0,2024-02-04-T080000-chip20380_params_params_low_ISI_acqm.zip,chip20380,Retrosplenial Cortex
542.5,52.5,2024-02-04-T080000-chip20380_params_params_low_ISI_acqm.zip,chip20380,Striatum
2677.5,1067.5,2024-02-04-T080000-chip20380_params_params_low_ISI_acqm.zip,chip20380,Retrosplenial Cortex
2747.5,1295.0,2024-02-04-T080000-chip20380_params_params_low_ISI_acqm.zip,chip20380,Retrosplenial Cortex
2712.5,1242.5,2024-02-04-T080000-chip20380_params_params_low_ISI_acqm.zip,chip20380,Retrosplenial Cortex
770.0,1627.5,2024-02-04-T080000-chip20380_params_params_low_ISI_acqm.zip,chip20380,Septum
2695.0,1277.5,2024-02-04-T080000-chip20380_params_params_low_ISI_acqm.zip,chip20380,Retrosplenial Cortex
2625.0,1207.5,2024-02-04-T080000-chip20380_params_params_low_ISI_acqm.zip,chip20380,Retrosplenial Cortex
2555.0,1120.0,2024-02-04-T080000-chip20380_params_params_low_ISI_acqm.zip,chip20380,Retrosplenial Cortex
2625.0,1050.0,2024-02-04-T080000-chip20380_params_params_low_ISI_acqm.zip,chip20380,Retrosplenial Cortex
2677.5,1137.5,2024-02-04-T080000-chip20380_params_params_low_ISI_acqm.zip,chip20380,Retrosplenial Cortex
2695.0,1190.0,2024-02-04-T080000-chip20380_params_params_low_ISI_acqm.zip,chip20380,Retrosplenial Cortex
840.0,1540.0,2024-02-04-T080000-chip20380_params_params_low_ISI_acqm.zip,chip20380,Septum
735.0,1400.0,2024-02-04-T080000-chip20380_params_params_low_ISI_acqm.zip,chip20380,Septum
735.0,1312.5,2024-02-04-T080000-chip20380_params_params_low_ISI_acqm.zip,chip20380,Septum
2712.5,1137.5,2024-02-04-T080000-chip20380_params_params_low_ISI_acqm.zip,chip20380,Retrosplenial Cortex
2502.5,1102.5,2024-02-04-T080000-chip20380_params_params_low_ISI_acqm.zip,chip20380,Retrosplenial Cortex
2502.5,1172.5,2024-02-04-T080000-chip20380_params_params_low_ISI_acqm.zip,chip20380,Retrosplenial Cortex
2555.0,1120.0,2024-02-04-T080000-chip20380_params_params_low_ISI_acqm.zip,chip20380,Retrosplenial Cortex
2590.0,1732.5,2024-02-04-T080000-chip20380_params_params_low_ISI_acqm.zip,chip20380,Unknown
2695.0,1067.5,2024-02-04-T080000-chip20380_params_params_low_ISI_acqm.zip,chip20380,Retrosplenial Cortex
2642.5,1050.0,2024-02-04-T080000-chip20380_params_params_low_ISI_acqm.zip,chip20380,Retrosplenial Cortex
875.0,1522.5,2024-02-04-T080000-chip20380_params_params_low_ISI_acqm.zip,chip20380,Septum
1697.5,350.0,2024-02-04-T080000-chip20380_params_params_low_ISI_acqm.zip,chip20380,Unknown
2572.5,1120.0,2024-02-04-T080000-chip20380_params_params_low_ISI_acqm.zip,chip20380,Retrosplenial Cortex
2572.5,1277.5,2024-02-04-T080000-chip20380_params_params_low_ISI_acqm.zip,chip20380,Retrosplenial Cortex
2590.0,1067.5,2024-02-04-T080000-chip20380_params_params_low_ISI_acqm.zip,chip20380,Retrosplenial Cortex
2695.0,1085.0,2024-02-04-T080000-chip20380_params_params_low_ISI_acqm.zip,chip20380,Retrosplenial Cortex
2625.0,1242.5,2024-02-04-T080000-chip20380_params_params_low_ISI_acqm.zip,chip20380,Retrosplenial Cortex
2660.0,1015.0,2024-02-04-T080000-chip20380_params_params_low_ISI_acqm.zip,chip20380,Retrosplenial Cortex
2695.0,1032.5,2024-02-04-T080000-chip20380_params_params_low_ISI_acqm.zip,chip20380,Retrosplenial Cortex
2642.5,1155.0,2024-02-04-T080000-chip20380_params_params_low_ISI_acqm.zip,chip20380,Retrosplenial Cortex
2590.0,1120.0,2024-02-04-T080000-chip20380_params_params_low_ISI_acqm.zip,chip20380,Retrosplenial Cortex
2642.5,980.0,2024-02-04-T080000-chip20380_params_params_low_ISI_acqm.zip,chip20380,Retrosplenial Cortex
2555.0,1155.0,2024-02-04-T080000-chip20380_params_params_low_ISI_acqm.zip,chip20380,Retrosplenial Cortex
2660.0,1120.0,2024-02-04-T080000-chip20380_params_params_low_ISI_acqm.zip,chip20380,Retrosplenial Cortex
2677.5,1295.0,2024-02-04-T080000-chip20380_params_params_low_ISI_acqm.zip,chip20380,Retrosplenial Cortex
2590.0,1242.5,2024-02-04-T080000-chip20380_params_params_low_ISI_acqm.zip,chip20380,Retrosplenial Cortex
2677.5,1172.5,2024-02-04-T080000-chip20380_params_params_low_ISI_acqm.zip,chip20380,Retrosplenial Cortex
2607.5,1172.5,2024-02-04-T080000-chip20380_params_params_low_ISI_acqm.zip,chip20380,Retrosplenial Cortex
2695.0,1242.5,2024-02-04-T080000-chip20380_params_params_low_ISI_acqm.zip,chip20380,Retrosplenial Cortex
2712.5,1347.5,2024-02-04-T080000-chip20380_params_params_low_ISI_acqm.zip,chip20380,Retrosplenial Cortex
2695.0,1102.5,2024-02-04-T080000-chip20380_params_params_low_ISI_acqm.zip,chip20380,Retrosplenial Cortex
2677.5,1207.5,2024-02-04-T080000-chip20380_params_params_low_ISI_acqm.zip,chip20380,Retrosplenial Cortex
2677.5,1207.5,2024-02-04-T080000-chip20380_params_params_low_ISI_acqm.zip,chip20380,Retrosplenial Cortex
2660.0,1190.0,2024-02-04-T080000-chip20380_params_params_low_ISI_acqm.zip,chip20380,Retrosplenial Cortex
2642.5,1102.5,2024-02-04-T080000-chip20380_params_params_low_ISI_acqm.zip,chip20380,Retrosplenial Cortex
2607.5,1120.0,2024-02-04-T080000-chip20380_params_params_low_ISI_acqm.zip,chip20380,Retrosplenial Cortex
787.5,1417.5,2024-02-04-T080000-chip20380_params_params_low_ISI_acqm.zip,chip20380,Septum
2677.5,1137.5,2024-02-04-T080000-chip20380_params_params_low_ISI_acqm.zip,chip20380,Retrosplenial Cortex
2660.0,1155.0,2024-02-04-T080000-chip20380_params_params_low_ISI_acqm.zip,chip20380,Retrosplenial Cortex
2712.5,1242.5,2024-02-04-T080000-chip20380_params_params_low_ISI_acqm.zip,chip20380,Retrosplenial Cortex
2712.5,1120.0,2024-02-04-T080000-chip20380_params_params_low_ISI_acqm.zip,chip20380,Retrosplenial Cortex
2695.0,1015.0,2024-02-04-T080000-chip20380_params_params_low_ISI_acqm.zip,chip20380,Retrosplenial Cortex
2695.0,1295.0,2024-02-04-T080000-chip20380_params_params_low_ISI_acqm.zip,chip20380,Retrosplenial Cortex
2590.0,1260.0,2024-02-04-T080000-chip20380_params_params_low_ISI_acqm.zip,chip20380,Retrosplenial Cortex
2660.0,1225.0,2024-02-04-T080000-chip20380_params_params_low_ISI_acqm.zip,chip20380,Retrosplenial Cortex
2677.5,1120.0,2024-02-04-T080000-chip20380_params_params_low_ISI_acqm.zip,chip20380,Retrosplenial Cortex
2695.0,1260.0,2024-02-04-T080000-chip20380_params_params_low_ISI_acqm.zip,chip20380,Retrosplenial Cortex
2590.0,1032.5,2024-02-04-T080000-chip20380_params_params_low_ISI_acqm.zip,chip20380,Retrosplenial Cortex
2590.0,1032.5,2024-02-04-T080000-chip20380_params_params_low_ISI_acqm.zip,chip20380,Retrosplenial Cortex
2695.0,1102.5,2024-02-04-T090001-chip20380_params_params_low_ISI_acqm.zip,chip20380,Retrosplenial Cortex
2747.5,1260.0,2024-02-04-T090001-chip20380_params_params_low_ISI_acqm.zip,chip20380,Retrosplenial Cortex
2695.0,1032.5,2024-02-04-T090001-chip20380_params_params_low_ISI_acqm.zip,chip20380,Retrosplenial Cortex
2712.5,1295.0,2024-02-04-T090001-chip20380_params_params_low_ISI_acqm.zip,chip20380,Retrosplenial Cortex
2677.5,1120.0,2024-02-04-T090001-chip20380_params_params_low_ISI_acqm.zip,chip20380,Retrosplenial Cortex
717.5,1225.0,2024-02-04-T090001-chip20380_params_params_low_ISI_acqm.zip,chip20380,Septum
2520.0,1137.5,2024-02-04-T090001-chip20380_params_params_low_ISI_acqm.zip,chip20380,Retrosplenial Cortex
752.5,1347.5,2024-02-04-T090001-chip20380_params_params_low_ISI_acqm.zip,chip20380,Septum
2467.5,980.0,2024-02-04-T090001-chip20380_params_params_low_ISI_acqm.zip,chip20380,Retrosplenial Cortex
385.0,122.5,2024-02-04-T090001-chip20380_params_params_low_ISI_acqm.zip,chip20380,Striatum
2712.5,1085.0,2024-02-04-T090001-chip20380_params_params_low_ISI_acqm.zip,chip20380,Retrosplenial Cortex
735.0,1400.0,2024-02-04-T090001-chip20380_params_params_low_ISI_acqm.zip,chip20380,Septum
2607.5,1120.0,2024-02-04-T090001-chip20380_params_params_low_ISI_acqm.zip,chip20380,Retrosplenial Cortex
2677.5,1120.0,2024-02-04-T090001-chip20380_params_params_low_ISI_acqm.zip,chip20380,Retrosplenial Cortex
787.5,1627.5,2024-02-04-T090001-chip20380_params_params_low_ISI_acqm.zip,chip20380,Septum
717.5,1400.0,2024-02-04-T090001-chip20380_params_params_low_ISI_acqm.zip,chip20380,Septum
2555.0,1102.5,2024-02-04-T090001-chip20380_params_params_low_ISI_acqm.zip,chip20380,Retrosplenial Cortex
787.5,1417.5,2024-02-04-T090001-chip20380_params_params_low_ISI_acqm.zip,chip20380,Septum
735.0,1382.5,2024-02-04-T090001-chip20380_params_params_low_ISI_acqm.zip,chip20380,Septum
2642.5,1242.5,2024-02-04-T090001-chip20380_params_params_low_ISI_acqm.zip,chip20380,Retrosplenial Cortex
2677.5,1207.5,2024-02-04-T090001-chip20380_params_params_low_ISI_acqm.zip,chip20380,Retrosplenial Cortex
787.5,1417.5,2024-02-04-T090001-chip20380_params_params_low_ISI_acqm.zip,chip20380,Septum
2537.5,1295.0,2024-02-04-T090001-chip20380_params_params_low_ISI_acqm.zip,chip20380,Retrosplenial Cortex
2660.0,1225.0,2024-02-04-T090001-chip20380_params_params_low_ISI_acqm.zip,chip20380,Retrosplenial Cortex
2520.0,1085.0,2024-02-04-T090001-chip20380_params_params_low_ISI_acqm.zip,chip20380,Retrosplenial Cortex
2747.5,1312.5,2024-02-04-T090001-chip20380_params_params_low_ISI_acqm.zip,chip20380,Retrosplenial Cortex
2642.5,1190.0,2024-02-04-T090001-chip20380_params_params_low_ISI_acqm.zip,chip20380,Retrosplenial Cortex
2642.5,1190.0,2024-02-04-T090001-chip20380_params_params_low_ISI_acqm.zip,chip20380,Retrosplenial Cortex
2642.5,1242.5,2024-02-04-T090001-chip20380_params_params_low_ISI_acqm.zip,chip20380,Retrosplenial Cortex
2590.0,1067.5,2024-02-04-T090001-chip20380_params_params_low_ISI_acqm.zip,chip20380,Retrosplenial Cortex
2660.0,1155.0,2024-02-04-T090001-chip20380_params_params_low_ISI_acqm.zip,chip20380,Retrosplenial Cortex
2660.0,1155.0,2024-02-04-T090001-chip20380_params_params_low_ISI_acqm.zip,chip20380,Retrosplenial Cortex
787.5,1662.5,2024-02-04-T090001-chip20380_params_params_low_ISI_acqm.zip,chip20380,Septum
2590.0,997.5,2024-02-04-T090001-chip20380_params_params_low_ISI_acqm.zip,chip20380,Retrosplenial Cortex
2520.0,1277.5,2024-02-04-T090001-chip20380_params_params_low_ISI_acqm.zip,chip20380,Retrosplenial Cortex
2642.5,1015.0,2024-02-04-T090001-chip20380_params_params_low_ISI_acqm.zip,chip20380,Retrosplenial Cortex
2660.0,1102.5,2024-02-04-T090001-chip20380_params_params_low_ISI_acqm.zip,chip20380,Retrosplenial Cortex
2660.0,1120.0,2024-02-04-T090001-chip20380_params_params_low_ISI_acqm.zip,chip20380,Retrosplenial Cortex
2607.5,1015.0,2024-02-04-T090001-chip20380_params_params_low_ISI_acqm.zip,chip20380,Retrosplenial Cortex
542.5,52.5,2024-02-04-T090001-chip20380_params_params_low_ISI_acqm.zip,chip20380,Striatum
2677.5,1067.5,2024-02-04-T090001-chip20380_params_params_low_ISI_acqm.zip,chip20380,Retrosplenial Cortex
2747.5,1050.0,2024-02-04-T090001-chip20380_params_params_low_ISI_acqm.zip,chip20380,Retrosplenial Cortex
2747.5,1295.0,2024-02-04-T090001-chip20380_params_params_low_ISI_acqm.zip,chip20380,Retrosplenial Cortex
2712.5,1242.5,2024-02-04-T090001-chip20380_params_params_low_ISI_acqm.zip,chip20380,Retrosplenial Cortex
770.0,1627.5,2024-02-04-T090001-chip20380_params_params_low_ISI_acqm.zip,chip20380,Septum
2695.0,1277.5,2024-02-04-T090001-chip20380_params_params_low_ISI_acqm.zip,chip20380,Retrosplenial Cortex
2625.0,1190.0,2024-02-04-T090001-chip20380_params_params_low_ISI_acqm.zip,chip20380,Retrosplenial Cortex
2555.0,1260.0,2024-02-04-T090001-chip20380_params_params_low_ISI_acqm.zip,chip20380,Retrosplenial Cortex
2555.0,1120.0,2024-02-04-T090001-chip20380_params_params_low_ISI_acqm.zip,chip20380,Retrosplenial Cortex
2625.0,1067.5,2024-02-04-T090001-chip20380_params_params_low_ISI_acqm.zip,chip20380,Retrosplenial Cortex
2467.5,1102.5,2024-02-04-T090001-chip20380_params_params_low_ISI_acqm.zip,chip20380,Retrosplenial Cortex
2677.5,1137.5,2024-02-04-T090001-chip20380_params_params_low_ISI_acqm.zip,chip20380,Retrosplenial Cortex
2677.5,1137.5,2024-02-04-T090001-chip20380_params_params_low_ISI_acqm.zip,chip20380,Retrosplenial Cortex
2695.0,1172.5,2024-02-04-T090001-chip20380_params_params_low_ISI_acqm.zip,chip20380,Retrosplenial Cortex
2695.0,1190.0,2024-02-04-T090001-chip20380_params_params_low_ISI_acqm.zip,chip20380,Retrosplenial Cortex
840.0,1540.0,2024-02-04-T090001-chip20380_params_params_low_ISI_acqm.zip,chip20380,Septum
2730.0,1155.0,2024-02-04-T090001-chip20380_params_params_low_ISI_acqm.zip,chip20380,Retrosplenial Cortex
787.5,1330.0,2024-02-04-T090001-chip20380_params_params_low_ISI_acqm.zip,chip20380,Septum
717.5,1400.0,2024-02-04-T090001-chip20380_params_params_low_ISI_acqm.zip,chip20380,Septum
2712.5,1050.0,2024-02-04-T090001-chip20380_params_params_low_ISI_acqm.zip,chip20380,Retrosplenial Cortex
735.0,1312.5,2024-02-04-T090001-chip20380_params_params_low_ISI_acqm.zip,chip20380,Septum
2712.5,1137.5,2024-02-04-T090001-chip20380_params_params_low_ISI_acqm.zip,chip20380,Retrosplenial Cortex
2502.5,1102.5,2024-02-04-T090001-chip20380_params_params_low_ISI_acqm.zip,chip20380,Retrosplenial Cortex
2502.5,1172.5,2024-02-04-T090001-chip20380_params_params_low_ISI_acqm.zip,chip20380,Retrosplenial Cortex
2555.0,1120.0,2024-02-04-T090001-chip20380_params_params_low_ISI_acqm.zip,chip20380,Retrosplenial Cortex
2625.0,1172.5,2024-02-04-T090001-chip20380_params_params_low_ISI_acqm.zip,chip20380,Retrosplenial Cortex
2590.0,1732.5,2024-02-04-T090001-chip20380_params_params_low_ISI_acqm.zip,chip20380,Unknown
2695.0,1067.5,2024-02-04-T090001-chip20380_params_params_low_ISI_acqm.zip,chip20380,Retrosplenial Cortex
2642.5,1050.0,2024-02-04-T090001-chip20380_params_params_low_ISI_acqm.zip,chip20380,Retrosplenial Cortex
1697.5,350.0,2024-02-04-T090001-chip20380_params_params_low_ISI_acqm.zip,chip20380,Unknown
2695.0,1085.0,2024-02-04-T090001-chip20380_params_params_low_ISI_acqm.zip,chip20380,Retrosplenial Cortex
2695.0,1015.0,2024-02-04-T090001-chip20380_params_params_low_ISI_acqm.zip,chip20380,Retrosplenial Cortex
2607.5,1242.5,2024-02-04-T090001-chip20380_params_params_low_ISI_acqm.zip,chip20380,Retrosplenial Cortex
2642.5,1102.5,2024-02-04-T090001-chip20380_params_params_low_ISI_acqm.zip,chip20380,Retrosplenial Cortex
2660.0,1155.0,2024-02-04-T090001-chip20380_params_params_low_ISI_acqm.zip,chip20380,Retrosplenial Cortex
2677.5,1312.5,2024-02-04-T090001-chip20380_params_params_low_ISI_acqm.zip,chip20380,Retrosplenial Cortex
2642.5,980.0,2024-02-04-T090001-chip20380_params_params_low_ISI_acqm.zip,chip20380,Retrosplenial Cortex
2642.5,1190.0,2024-02-04-T090001-chip20380_params_params_low_ISI_acqm.zip,chip20380,Retrosplenial Cortex
2695.0,1295.0,2024-02-04-T090001-chip20380_params_params_low_ISI_acqm.zip,chip20380,Retrosplenial Cortex
2502.5,1137.5,2024-02-04-T090001-chip20380_params_params_low_ISI_acqm.zip,chip20380,Retrosplenial Cortex
2677.5,1172.5,2024-02-04-T090001-chip20380_params_params_low_ISI_acqm.zip,chip20380,Retrosplenial Cortex
2730.0,1190.0,2024-02-04-T090001-chip20380_params_params_low_ISI_acqm.zip,chip20380,Retrosplenial Cortex
2607.5,1155.0,2024-02-04-T090001-chip20380_params_params_low_ISI_acqm.zip,chip20380,Retrosplenial Cortex
2695.0,1242.5,2024-02-04-T090001-chip20380_params_params_low_ISI_acqm.zip,chip20380,Retrosplenial Cortex
2712.5,1347.5,2024-02-04-T090001-chip20380_params_params_low_ISI_acqm.zip,chip20380,Retrosplenial Cortex
2625.0,1032.5,2024-02-04-T090001-chip20380_params_params_low_ISI_acqm.zip,chip20380,Retrosplenial Cortex
2520.0,1085.0,2024-02-04-T090001-chip20380_params_params_low_ISI_acqm.zip,chip20380,Retrosplenial Cortex
2520.0,1085.0,2024-02-04-T090001-chip20380_params_params_low_ISI_acqm.zip,chip20380,Retrosplenial Cortex
875.0,1487.5,2024-02-04-T090001-chip20380_params_params_low_ISI_acqm.zip,chip20380,Septum
2625.0,1207.5,2024-02-04-T090001-chip20380_params_params_low_ISI_acqm.zip,chip20380,Retrosplenial Cortex
2625.0,1207.5,2024-02-04-T090001-chip20380_params_params_low_ISI_acqm.zip,chip20380,Retrosplenial Cortex
2572.5,1242.5,2024-02-04-T090001-chip20380_params_params_low_ISI_acqm.zip,chip20380,Retrosplenial Cortex
2625.0,1120.0,2024-02-04-T090001-chip20380_params_params_low_ISI_acqm.zip,chip20380,Retrosplenial Cortex
892.5,1505.0,2024-02-04-T090001-chip20380_params_params_low_ISI_acqm.zip,chip20380,Septum
2730.0,1137.5,2024-02-04-T090001-chip20380_params_params_low_ISI_acqm.zip,chip20380,Retrosplenial Cortex
2712.5,1120.0,2024-02-04-T090001-chip20380_params_params_low_ISI_acqm.zip,chip20380,Retrosplenial Cortex
2695.0,1067.5,2024-02-04-T090001-chip20380_params_params_low_ISI_acqm.zip,chip20380,Retrosplenial Cortex
2607.5,1015.0,2024-02-04-T090001-chip20380_params_params_low_ISI_acqm.zip,chip20380,Retrosplenial Cortex
2432.5,1190.0,2024-02-04-T090001-chip20380_params_params_low_ISI_acqm.zip,chip20380,Retrosplenial Cortex
2642.5,1120.0,2024-02-04-T090001-chip20380_params_params_low_ISI_acqm.zip,chip20380,Retrosplenial Cortex
2730.0,1137.5,2024-02-04-T090001-chip20380_params_params_low_ISI_acqm.zip,chip20380,Retrosplenial Cortex
2677.5,1312.5,2024-02-04-T090001-chip20380_params_params_low_ISI_acqm.zip,chip20380,Retrosplenial Cortex
2677.5,1137.5,2024-02-04-T090001-chip20380_params_params_low_ISI_acqm.zip,chip20380,Retrosplenial Cortex
2607.5,1155.0,2024-02-04-T090001-chip20380_params_params_low_ISI_acqm.zip,chip20380,Retrosplenial Cortex
2695.0,1260.0,2024-02-04-T090001-chip20380_params_params_low_ISI_acqm.zip,chip20380,Retrosplenial Cortex
892.5,1505.0,2024-02-04-T090001-chip20380_params_params_low_ISI_acqm.zip,chip20380,Septum
2695.0,1102.5,2024-02-04-T100000-chip20380_params_params_low_ISI_acqm.zip,chip20380,Retrosplenial Cortex
2660.0,1067.5,2024-02-04-T100000-chip20380_params_params_low_ISI_acqm.zip,chip20380,Retrosplenial Cortex
2747.5,1260.0,2024-02-04-T100000-chip20380_params_params_low_ISI_acqm.zip,chip20380,Retrosplenial Cortex
2695.0,1032.5,2024-02-04-T100000-chip20380_params_params_low_ISI_acqm.zip,chip20380,Retrosplenial Cortex
717.5,1225.0,2024-02-04-T100000-chip20380_params_params_low_ISI_acqm.zip,chip20380,Septum
2642.5,1102.5,2024-02-04-T100000-chip20380_params_params_low_ISI_acqm.zip,chip20380,Retrosplenial Cortex
2642.5,1085.0,2024-02-04-T100000-chip20380_params_params_low_ISI_acqm.zip,chip20380,Retrosplenial Cortex
752.5,1347.5,2024-02-04-T100000-chip20380_params_params_low_ISI_acqm.zip,chip20380,Septum
2625.0,1242.5,2024-02-04-T100000-chip20380_params_params_low_ISI_acqm.zip,chip20380,Retrosplenial Cortex
2712.5,1085.0,2024-02-04-T100000-chip20380_params_params_low_ISI_acqm.zip,chip20380,Retrosplenial Cortex
735.0,1400.0,2024-02-04-T100000-chip20380_params_params_low_ISI_acqm.zip,chip20380,Septum
2607.5,1120.0,2024-02-04-T100000-chip20380_params_params_low_ISI_acqm.zip,chip20380,Retrosplenial Cortex
2677.5,1120.0,2024-02-04-T100000-chip20380_params_params_low_ISI_acqm.zip,chip20380,Retrosplenial Cortex
787.5,1627.5,2024-02-04-T100000-chip20380_params_params_low_ISI_acqm.zip,chip20380,Septum
2555.0,1260.0,2024-02-04-T100000-chip20380_params_params_low_ISI_acqm.zip,chip20380,Retrosplenial Cortex
805.0,1417.5,2024-02-04-T100000-chip20380_params_params_low_ISI_acqm.zip,chip20380,Septum
717.5,1400.0,2024-02-04-T100000-chip20380_params_params_low_ISI_acqm.zip,chip20380,Septum
2555.0,1102.5,2024-02-04-T100000-chip20380_params_params_low_ISI_acqm.zip,chip20380,Retrosplenial Cortex
787.5,1417.5,2024-02-04-T100000-chip20380_params_params_low_ISI_acqm.zip,chip20380,Septum
735.0,1382.5,2024-02-04-T100000-chip20380_params_params_low_ISI_acqm.zip,chip20380,Septum
2642.5,1242.5,2024-02-04-T100000-chip20380_params_params_low_ISI_acqm.zip,chip20380,Retrosplenial Cortex
2695.0,1207.5,2024-02-04-T100000-chip20380_params_params_low_ISI_acqm.zip,chip20380,Retrosplenial Cortex
787.5,1417.5,2024-02-04-T100000-chip20380_params_params_low_ISI_acqm.zip,chip20380,Septum
2660.0,1242.5,2024-02-04-T100000-chip20380_params_params_low_ISI_acqm.zip,chip20380,Retrosplenial Cortex
2625.0,1032.5,2024-02-04-T100000-chip20380_params_params_low_ISI_acqm.zip,chip20380,Retrosplenial Cortex
2695.0,1172.5,2024-02-04-T100000-chip20380_params_params_low_ISI_acqm.zip,chip20380,Retrosplenial Cortex
2607.5,1155.0,2024-02-04-T100000-chip20380_params_params_low_ISI_acqm.zip,chip20380,Retrosplenial Cortex
2590.0,1085.0,2024-02-04-T100000-chip20380_params_params_low_ISI_acqm.zip,chip20380,Retrosplenial Cortex
2520.0,1085.0,2024-02-04-T100000-chip20380_params_params_low_ISI_acqm.zip,chip20380,Retrosplenial Cortex
2642.5,1190.0,2024-02-04-T100000-chip20380_params_params_low_ISI_acqm.zip,chip20380,Retrosplenial Cortex
787.5,1645.0,2024-02-04-T100000-chip20380_params_params_low_ISI_acqm.zip,chip20380,Septum
2625.0,1260.0,2024-02-04-T100000-chip20380_params_params_low_ISI_acqm.zip,chip20380,Retrosplenial Cortex
2590.0,1067.5,2024-02-04-T100000-chip20380_params_params_low_ISI_acqm.zip,chip20380,Retrosplenial Cortex
2660.0,1155.0,2024-02-04-T100000-chip20380_params_params_low_ISI_acqm.zip,chip20380,Retrosplenial Cortex
2537.5,1295.0,2024-02-04-T100000-chip20380_params_params_low_ISI_acqm.zip,chip20380,Retrosplenial Cortex
2642.5,1015.0,2024-02-04-T100000-chip20380_params_params_low_ISI_acqm.zip,chip20380,Retrosplenial Cortex
2607.5,1155.0,2024-02-04-T100000-chip20380_params_params_low_ISI_acqm.zip,chip20380,Retrosplenial Cortex
2660.0,1120.0,2024-02-04-T100000-chip20380_params_params_low_ISI_acqm.zip,chip20380,Retrosplenial Cortex
542.5,52.5,2024-02-04-T100000-chip20380_params_params_low_ISI_acqm.zip,chip20380,Striatum
2677.5,1067.5,2024-02-04-T100000-chip20380_params_params_low_ISI_acqm.zip,chip20380,Retrosplenial Cortex
2660.0,1120.0,2024-02-04-T100000-chip20380_params_params_low_ISI_acqm.zip,chip20380,Retrosplenial Cortex
2712.5,1172.5,2024-02-04-T100000-chip20380_params_params_low_ISI_acqm.zip,chip20380,Retrosplenial Cortex
2747.5,1295.0,2024-02-04-T100000-chip20380_params_params_low_ISI_acqm.zip,chip20380,Retrosplenial Cortex
2712.5,1242.5,2024-02-04-T100000-chip20380_params_params_low_ISI_acqm.zip,chip20380,Retrosplenial Cortex
770.0,1627.5,2024-02-04-T100000-chip20380_params_params_low_ISI_acqm.zip,chip20380,Septum
2660.0,1155.0,2024-02-04-T100000-chip20380_params_params_low_ISI_acqm.zip,chip20380,Retrosplenial Cortex
2642.5,1190.0,2024-02-04-T100000-chip20380_params_params_low_ISI_acqm.zip,chip20380,Retrosplenial Cortex
2677.5,1295.0,2024-02-04-T100000-chip20380_params_params_low_ISI_acqm.zip,chip20380,Retrosplenial Cortex
2625.0,1225.0,2024-02-04-T100000-chip20380_params_params_low_ISI_acqm.zip,chip20380,Retrosplenial Cortex
2555.0,1260.0,2024-02-04-T100000-chip20380_params_params_low_ISI_acqm.zip,chip20380,Retrosplenial Cortex
385.0,122.5,2024-02-04-T100000-chip20380_params_params_low_ISI_acqm.zip,chip20380,Striatum
2625.0,1050.0,2024-02-04-T100000-chip20380_params_params_low_ISI_acqm.zip,chip20380,Retrosplenial Cortex
2467.5,1102.5,2024-02-04-T100000-chip20380_params_params_low_ISI_acqm.zip,chip20380,Retrosplenial Cortex
2590.0,1032.5,2024-02-04-T100000-chip20380_params_params_low_ISI_acqm.zip,chip20380,Retrosplenial Cortex
875.0,1487.5,2024-02-04-T100000-chip20380_params_params_low_ISI_acqm.zip,chip20380,Septum
2677.5,1137.5,2024-02-04-T100000-chip20380_params_params_low_ISI_acqm.zip,chip20380,Retrosplenial Cortex
2695.0,1190.0,2024-02-04-T100000-chip20380_params_params_low_ISI_acqm.zip,chip20380,Retrosplenial Cortex
840.0,1540.0,2024-02-04-T100000-chip20380_params_params_low_ISI_acqm.zip,chip20380,Septum
2730.0,1172.5,2024-02-04-T100000-chip20380_params_params_low_ISI_acqm.zip,chip20380,Retrosplenial Cortex
2677.5,1242.5,2024-02-04-T100000-chip20380_params_params_low_ISI_acqm.zip,chip20380,Retrosplenial Cortex
717.5,1400.0,2024-02-04-T100000-chip20380_params_params_low_ISI_acqm.zip,chip20380,Septum
2712.5,1050.0,2024-02-04-T100000-chip20380_params_params_low_ISI_acqm.zip,chip20380,Retrosplenial Cortex
735.0,1312.5,2024-02-04-T100000-chip20380_params_params_low_ISI_acqm.zip,chip20380,Septum
2712.5,1120.0,2024-02-04-T100000-chip20380_params_params_low_ISI_acqm.zip,chip20380,Retrosplenial Cortex
2730.0,1137.5,2024-02-04-T100000-chip20380_params_params_low_ISI_acqm.zip,chip20380,Retrosplenial Cortex
2502.5,1102.5,2024-02-04-T100000-chip20380_params_params_low_ISI_acqm.zip,chip20380,Retrosplenial Cortex
2502.5,1172.5,2024-02-04-T100000-chip20380_params_params_low_ISI_acqm.zip,chip20380,Retrosplenial Cortex
2555.0,1120.0,2024-02-04-T100000-chip20380_params_params_low_ISI_acqm.zip,chip20380,Retrosplenial Cortex
2555.0,1120.0,2024-02-04-T100000-chip20380_params_params_low_ISI_acqm.zip,chip20380,Retrosplenial Cortex
2695.0,1067.5,2024-02-04-T100000-chip20380_params_params_low_ISI_acqm.zip,chip20380,Retrosplenial Cortex
2677.5,1155.0,2024-02-04-T100000-chip20380_params_params_low_ISI_acqm.zip,chip20380,Retrosplenial Cortex
2677.5,1120.0,2024-02-04-T100000-chip20380_params_params_low_ISI_acqm.zip,chip20380,Retrosplenial Cortex
1697.5,350.0,2024-02-04-T100000-chip20380_params_params_low_ISI_acqm.zip,chip20380,Unknown
2607.5,1015.0,2024-02-04-T100000-chip20380_params_params_low_ISI_acqm.zip,chip20380,Retrosplenial Cortex
2695.0,1085.0,2024-02-04-T100000-chip20380_params_params_low_ISI_acqm.zip,chip20380,Retrosplenial Cortex
2520.0,1120.0,2024-02-04-T100000-chip20380_params_params_low_ISI_acqm.zip,chip20380,Retrosplenial Cortex
2695.0,1015.0,2024-02-04-T100000-chip20380_params_params_low_ISI_acqm.zip,chip20380,Retrosplenial Cortex
2677.5,1085.0,2024-02-04-T100000-chip20380_params_params_low_ISI_acqm.zip,chip20380,Retrosplenial Cortex
2590.0,1120.0,2024-02-04-T100000-chip20380_params_params_low_ISI_acqm.zip,chip20380,Retrosplenial Cortex
2642.5,980.0,2024-02-04-T100000-chip20380_params_params_low_ISI_acqm.zip,chip20380,Retrosplenial Cortex
2660.0,1120.0,2024-02-04-T100000-chip20380_params_params_low_ISI_acqm.zip,chip20380,Retrosplenial Cortex
2695.0,1295.0,2024-02-04-T100000-chip20380_params_params_low_ISI_acqm.zip,chip20380,Retrosplenial Cortex
2607.5,1242.5,2024-02-04-T100000-chip20380_params_params_low_ISI_acqm.zip,chip20380,Retrosplenial Cortex
2485.0,1120.0,2024-02-04-T100000-chip20380_params_params_low_ISI_acqm.zip,chip20380,Retrosplenial Cortex
2730.0,1190.0,2024-02-04-T100000-chip20380_params_params_low_ISI_acqm.zip,chip20380,Retrosplenial Cortex
2677.5,1207.5,2024-02-04-T100000-chip20380_params_params_low_ISI_acqm.zip,chip20380,Retrosplenial Cortex
2607.5,1120.0,2024-02-04-T100000-chip20380_params_params_low_ISI_acqm.zip,chip20380,Retrosplenial Cortex
2660.0,1242.5,2024-02-04-T100000-chip20380_params_params_low_ISI_acqm.zip,chip20380,Retrosplenial Cortex
2712.5,1347.5,2024-02-04-T100000-chip20380_params_params_low_ISI_acqm.zip,chip20380,Retrosplenial Cortex
2590.0,997.5,2024-02-04-T100000-chip20380_params_params_low_ISI_acqm.zip,chip20380,Retrosplenial Cortex
2607.5,1155.0,2024-02-04-T100000-chip20380_params_params_low_ISI_acqm.zip,chip20380,Retrosplenial Cortex
2660.0,1102.5,2024-02-04-T100000-chip20380_params_params_low_ISI_acqm.zip,chip20380,Retrosplenial Cortex
2730.0,1137.5,2024-02-04-T100000-chip20380_params_params_low_ISI_acqm.zip,chip20380,Retrosplenial Cortex
2695.0,1242.5,2024-02-04-T100000-chip20380_params_params_low_ISI_acqm.zip,chip20380,Retrosplenial Cortex
2712.5,1242.5,2024-02-04-T100000-chip20380_params_params_low_ISI_acqm.zip,chip20380,Retrosplenial Cortex
2712.5,1242.5,2024-02-04-T100000-chip20380_params_params_low_ISI_acqm.zip,chip20380,Retrosplenial Cortex
2677.5,1295.0,2024-02-04-T100000-chip20380_params_params_low_ISI_acqm.zip,chip20380,Retrosplenial Cortex
2642.5,1190.0,2024-02-04-T100000-chip20380_params_params_low_ISI_acqm.zip,chip20380,Retrosplenial Cortex
2485.0,1120.0,2024-02-04-T100000-chip20380_params_params_low_ISI_acqm.zip,chip20380,Retrosplenial Cortex
892.5,1505.0,2024-02-04-T100000-chip20380_params_params_low_ISI_acqm.zip,chip20380,Septum
892.5,1505.0,2024-02-04-T100000-chip20380_params_params_low_ISI_acqm.zip,chip20380,Septum
2607.5,1015.0,2024-02-04-T100000-chip20380_params_params_low_ISI_acqm.zip,chip20380,Retrosplenial Cortex
2607.5,1032.5,2024-02-04-T100000-chip20380_params_params_low_ISI_acqm.zip,chip20380,Retrosplenial Cortex
875.0,1487.5,2024-02-04-T100000-chip20380_params_params_low_ISI_acqm.zip,chip20380,Septum
2625.0,1067.5,2024-02-04-T100000-chip20380_params_params_low_ISI_acqm.zip,chip20380,Retrosplenial Cortex
2607.5,1172.5,2024-02-04-T100000-chip20380_params_params_low_ISI_acqm.zip,chip20380,Retrosplenial Cortex
2607.5,1172.5,2024-02-04-T100000-chip20380_params_params_low_ISI_acqm.zip,chip20380,Retrosplenial Cortex
2695.0,1067.5,2024-02-04-T100000-chip20380_params_params_low_ISI_acqm.zip,chip20380,Retrosplenial Cortex
2607.5,1172.5,2024-02-04-T100000-chip20380_params_params_low_ISI_acqm.zip,chip20380,Retrosplenial Cortex
2555.0,1120.0,2024-02-04-T100000-chip20380_params_params_low_ISI_acqm.zip,chip20380,Retrosplenial Cortex
2590.0,1260.0,2024-02-04-T100000-chip20380_params_params_low_ISI_acqm.zip,chip20380,Retrosplenial Cortex
2660.0,1225.0,2024-02-04-T100000-chip20380_params_params_low_ISI_acqm.zip,chip20380,Retrosplenial Cortex
2677.5,1190.0,2024-02-04-T100000-chip20380_params_params_low_ISI_acqm.zip,chip20380,Retrosplenial Cortex
2642.5,1277.5,2024-02-04-T100000-chip20380_params_params_low_ISI_acqm.zip,chip20380,Retrosplenial Cortex
2695.0,1242.5,2024-02-04-T100000-chip20380_params_params_low_ISI_acqm.zip,chip20380,Retrosplenial Cortex
2677.5,1295.0,2024-02-04-T100000-chip20380_params_params_low_ISI_acqm.zip,chip20380,Retrosplenial Cortex
2590.0,1032.5,2024-02-04-T100000-chip20380_params_params_low_ISI_acqm.zip,chip20380,Retrosplenial Cortex
2712.5,1242.5,2024-02-04-T100000-chip20380_params_params_low_ISI_acqm.zip,chip20380,Retrosplenial Cortex
2695.0,1242.5,2024-02-04-T100000-chip20380_params_params_low_ISI_acqm.zip,chip20380,Retrosplenial Cortex
2520.0,1085.0,2024-02-04-T100000-chip20380_params_params_low_ISI_acqm.zip,chip20380,Retrosplenial Cortex
2677.5,1207.5,2024-02-04-T100000-chip20380_params_params_low_ISI_acqm.zip,chip20380,Retrosplenial Cortex
2712.5,1242.5,2024-02-04-T100000-chip20380_params_params_low_ISI_acqm.zip,chip20380,Retrosplenial Cortex
2712.5,1120.0,2024-02-04-T100000-chip20380_params_params_low_ISI_acqm.zip,chip20380,Retrosplenial Cortex
2695.0,1260.0,2024-02-04-T100000-chip20380_params_params_low_ISI_acqm.zip,chip20380,Retrosplenial Cortex
2695.0,1102.5,2024-02-04-T110001-chip20380_params_params_low_ISI_acqm.zip,chip20380,Retrosplenial Cortex
2747.5,1260.0,2024-02-04-T110001-chip20380_params_params_low_ISI_acqm.zip,chip20380,Retrosplenial Cortex
2695.0,1032.5,2024-02-04-T110001-chip20380_params_params_low_ISI_acqm.zip,chip20380,Retrosplenial Cortex
717.5,1225.0,2024-02-04-T110001-chip20380_params_params_low_ISI_acqm.zip,chip20380,Septum
2642.5,1085.0,2024-02-04-T110001-chip20380_params_params_low_ISI_acqm.zip,chip20380,Retrosplenial Cortex
752.5,1347.5,2024-02-04-T110001-chip20380_params_params_low_ISI_acqm.zip,chip20380,Septum
2730.0,1277.5,2024-02-04-T110001-chip20380_params_params_low_ISI_acqm.zip,chip20380,Retrosplenial Cortex
2660.0,1225.0,2024-02-04-T110001-chip20380_params_params_low_ISI_acqm.zip,chip20380,Retrosplenial Cortex
735.0,1400.0,2024-02-04-T110001-chip20380_params_params_low_ISI_acqm.zip,chip20380,Septum
2677.5,1120.0,2024-02-04-T110001-chip20380_params_params_low_ISI_acqm.zip,chip20380,Retrosplenial Cortex
770.0,1575.0,2024-02-04-T110001-chip20380_params_params_low_ISI_acqm.zip,chip20380,Septum
875.0,1487.5,2024-02-04-T110001-chip20380_params_params_low_ISI_acqm.zip,chip20380,Septum
787.5,1417.5,2024-02-04-T110001-chip20380_params_params_low_ISI_acqm.zip,chip20380,Septum
735.0,1382.5,2024-02-04-T110001-chip20380_params_params_low_ISI_acqm.zip,chip20380,Septum
2695.0,1155.0,2024-02-04-T110001-chip20380_params_params_low_ISI_acqm.zip,chip20380,Retrosplenial Cortex
2642.5,1242.5,2024-02-04-T110001-chip20380_params_params_low_ISI_acqm.zip,chip20380,Retrosplenial Cortex
2677.5,1207.5,2024-02-04-T110001-chip20380_params_params_low_ISI_acqm.zip,chip20380,Retrosplenial Cortex
787.5,1417.5,2024-02-04-T110001-chip20380_params_params_low_ISI_acqm.zip,chip20380,Septum
2625.0,1032.5,2024-02-04-T110001-chip20380_params_params_low_ISI_acqm.zip,chip20380,Retrosplenial Cortex
2537.5,1295.0,2024-02-04-T110001-chip20380_params_params_low_ISI_acqm.zip,chip20380,Retrosplenial Cortex
2520.0,1085.0,2024-02-04-T110001-chip20380_params_params_low_ISI_acqm.zip,chip20380,Retrosplenial Cortex
2677.5,1155.0,2024-02-04-T110001-chip20380_params_params_low_ISI_acqm.zip,chip20380,Retrosplenial Cortex
2642.5,1207.5,2024-02-04-T110001-chip20380_params_params_low_ISI_acqm.zip,chip20380,Retrosplenial Cortex
2625.0,1242.5,2024-02-04-T110001-chip20380_params_params_low_ISI_acqm.zip,chip20380,Retrosplenial Cortex
2590.0,1067.5,2024-02-04-T110001-chip20380_params_params_low_ISI_acqm.zip,chip20380,Retrosplenial Cortex
2660.0,1155.0,2024-02-04-T110001-chip20380_params_params_low_ISI_acqm.zip,chip20380,Retrosplenial Cortex
2555.0,962.5,2024-02-04-T110001-chip20380_params_params_low_ISI_acqm.zip,chip20380,Retrosplenial Cortex
787.5,1662.5,2024-02-04-T110001-chip20380_params_params_low_ISI_acqm.zip,chip20380,Septum
2607.5,997.5,2024-02-04-T110001-chip20380_params_params_low_ISI_acqm.zip,chip20380,Retrosplenial Cortex
2520.0,1277.5,2024-02-04-T110001-chip20380_params_params_low_ISI_acqm.zip,chip20380,Retrosplenial Cortex
2642.5,1015.0,2024-02-04-T110001-chip20380_params_params_low_ISI_acqm.zip,chip20380,Retrosplenial Cortex
2502.5,1225.0,2024-02-04-T110001-chip20380_params_params_low_ISI_acqm.zip,chip20380,Retrosplenial Cortex
2625.0,1172.5,2024-02-04-T110001-chip20380_params_params_low_ISI_acqm.zip,chip20380,Retrosplenial Cortex
2660.0,1015.0,2024-02-04-T110001-chip20380_params_params_low_ISI_acqm.zip,chip20380,Retrosplenial Cortex
2660.0,1120.0,2024-02-04-T110001-chip20380_params_params_low_ISI_acqm.zip,chip20380,Retrosplenial Cortex
2590.0,997.5,2024-02-04-T110001-chip20380_params_params_low_ISI_acqm.zip,chip20380,Retrosplenial Cortex
542.5,52.5,2024-02-04-T110001-chip20380_params_params_low_ISI_acqm.zip,chip20380,Striatum
2677.5,1085.0,2024-02-04-T110001-chip20380_params_params_low_ISI_acqm.zip,chip20380,Retrosplenial Cortex
2712.5,1172.5,2024-02-04-T110001-chip20380_params_params_low_ISI_acqm.zip,chip20380,Retrosplenial Cortex
2712.5,1242.5,2024-02-04-T110001-chip20380_params_params_low_ISI_acqm.zip,chip20380,Retrosplenial Cortex
770.0,1627.5,2024-02-04-T110001-chip20380_params_params_low_ISI_acqm.zip,chip20380,Septum
2660.0,1172.5,2024-02-04-T110001-chip20380_params_params_low_ISI_acqm.zip,chip20380,Retrosplenial Cortex
2677.5,1295.0,2024-02-04-T110001-chip20380_params_params_low_ISI_acqm.zip,chip20380,Retrosplenial Cortex
2625.0,1102.5,2024-02-04-T110001-chip20380_params_params_low_ISI_acqm.zip,chip20380,Retrosplenial Cortex
2625.0,1207.5,2024-02-04-T110001-chip20380_params_params_low_ISI_acqm.zip,chip20380,Retrosplenial Cortex
385.0,122.5,2024-02-04-T110001-chip20380_params_params_low_ISI_acqm.zip,chip20380,Striatum
2590.0,1032.5,2024-02-04-T110001-chip20380_params_params_low_ISI_acqm.zip,chip20380,Retrosplenial Cortex
892.5,1505.0,2024-02-04-T110001-chip20380_params_params_low_ISI_acqm.zip,chip20380,Septum
2677.5,1137.5,2024-02-04-T110001-chip20380_params_params_low_ISI_acqm.zip,chip20380,Retrosplenial Cortex
2695.0,1190.0,2024-02-04-T110001-chip20380_params_params_low_ISI_acqm.zip,chip20380,Retrosplenial Cortex
857.5,1557.5,2024-02-04-T110001-chip20380_params_params_low_ISI_acqm.zip,chip20380,Septum
2730.0,1155.0,2024-02-04-T110001-chip20380_params_params_low_ISI_acqm.zip,chip20380,Retrosplenial Cortex
2730.0,1155.0,2024-02-04-T110001-chip20380_params_params_low_ISI_acqm.zip,chip20380,Retrosplenial Cortex
717.5,1400.0,2024-02-04-T110001-chip20380_params_params_low_ISI_acqm.zip,chip20380,Septum
2712.5,1050.0,2024-02-04-T110001-chip20380_params_params_low_ISI_acqm.zip,chip20380,Retrosplenial Cortex
735.0,1312.5,2024-02-04-T110001-chip20380_params_params_low_ISI_acqm.zip,chip20380,Septum
2712.5,1120.0,2024-02-04-T110001-chip20380_params_params_low_ISI_acqm.zip,chip20380,Retrosplenial Cortex
2502.5,1102.5,2024-02-04-T110001-chip20380_params_params_low_ISI_acqm.zip,chip20380,Retrosplenial Cortex
2502.5,1172.5,2024-02-04-T110001-chip20380_params_params_low_ISI_acqm.zip,chip20380,Retrosplenial Cortex
2555.0,1120.0,2024-02-04-T110001-chip20380_params_params_low_ISI_acqm.zip,chip20380,Retrosplenial Cortex
2607.5,1155.0,2024-02-04-T110001-chip20380_params_params_low_ISI_acqm.zip,chip20380,Retrosplenial Cortex
2625.0,1050.0,2024-02-04-T110001-chip20380_params_params_low_ISI_acqm.zip,chip20380,Retrosplenial Cortex
1697.5,350.0,2024-02-04-T110001-chip20380_params_params_low_ISI_acqm.zip,chip20380,Unknown
2607.5,1015.0,2024-02-04-T110001-chip20380_params_params_low_ISI_acqm.zip,chip20380,Retrosplenial Cortex
2590.0,1120.0,2024-02-04-T110001-chip20380_params_params_low_ISI_acqm.zip,chip20380,Retrosplenial Cortex
2520.0,1120.0,2024-02-04-T110001-chip20380_params_params_low_ISI_acqm.zip,chip20380,Retrosplenial Cortex
2695.0,1032.5,2024-02-04-T110001-chip20380_params_params_low_ISI_acqm.zip,chip20380,Retrosplenial Cortex
2642.5,1120.0,2024-02-04-T110001-chip20380_params_params_low_ISI_acqm.zip,chip20380,Retrosplenial Cortex
2642.5,1137.5,2024-02-04-T110001-chip20380_params_params_low_ISI_acqm.zip,chip20380,Retrosplenial Cortex
2590.0,1120.0,2024-02-04-T110001-chip20380_params_params_low_ISI_acqm.zip,chip20380,Retrosplenial Cortex
2765.0,1295.0,2024-02-04-T110001-chip20380_params_params_low_ISI_acqm.zip,chip20380,Unknown
2642.5,980.0,2024-02-04-T110001-chip20380_params_params_low_ISI_acqm.zip,chip20380,Retrosplenial Cortex
2660.0,1120.0,2024-02-04-T110001-chip20380_params_params_low_ISI_acqm.zip,chip20380,Retrosplenial Cortex
2660.0,1120.0,2024-02-04-T110001-chip20380_params_params_low_ISI_acqm.zip,chip20380,Retrosplenial Cortex
2712.5,1277.5,2024-02-04-T110001-chip20380_params_params_low_ISI_acqm.zip,chip20380,Retrosplenial Cortex
2730.0,1190.0,2024-02-04-T110001-chip20380_params_params_low_ISI_acqm.zip,chip20380,Retrosplenial Cortex
2695.0,1242.5,2024-02-04-T110001-chip20380_params_params_low_ISI_acqm.zip,chip20380,Retrosplenial Cortex
2695.0,1120.0,2024-02-04-T110001-chip20380_params_params_low_ISI_acqm.zip,chip20380,Retrosplenial Cortex
2642.5,1277.5,2024-02-04-T110001-chip20380_params_params_low_ISI_acqm.zip,chip20380,Retrosplenial Cortex
2695.0,1032.5,2024-02-04-T110001-chip20380_params_params_low_ISI_acqm.zip,chip20380,Retrosplenial Cortex
2677.5,1207.5,2024-02-04-T110001-chip20380_params_params_low_ISI_acqm.zip,chip20380,Retrosplenial Cortex
2712.5,1347.5,2024-02-04-T110001-chip20380_params_params_low_ISI_acqm.zip,chip20380,Retrosplenial Cortex
2660.0,1102.5,2024-02-04-T110001-chip20380_params_params_low_ISI_acqm.zip,chip20380,Retrosplenial Cortex
2712.5,1242.5,2024-02-04-T110001-chip20380_params_params_low_ISI_acqm.zip,chip20380,Retrosplenial Cortex
2677.5,1242.5,2024-02-04-T110001-chip20380_params_params_low_ISI_acqm.zip,chip20380,Retrosplenial Cortex
2625.0,1067.5,2024-02-04-T110001-chip20380_params_params_low_ISI_acqm.zip,chip20380,Retrosplenial Cortex
2625.0,1172.5,2024-02-04-T110001-chip20380_params_params_low_ISI_acqm.zip,chip20380,Retrosplenial Cortex
2660.0,1137.5,2024-02-04-T110001-chip20380_params_params_low_ISI_acqm.zip,chip20380,Retrosplenial Cortex
2660.0,1120.0,2024-02-04-T110001-chip20380_params_params_low_ISI_acqm.zip,chip20380,Retrosplenial Cortex
2712.5,1190.0,2024-02-04-T110001-chip20380_params_params_low_ISI_acqm.zip,chip20380,Retrosplenial Cortex
2712.5,1190.0,2024-02-04-T110001-chip20380_params_params_low_ISI_acqm.zip,chip20380,Retrosplenial Cortex
2677.5,1190.0,2024-02-04-T110001-chip20380_params_params_low_ISI_acqm.zip,chip20380,Retrosplenial Cortex
2555.0,1102.5,2024-02-04-T110001-chip20380_params_params_low_ISI_acqm.zip,chip20380,Retrosplenial Cortex
2712.5,1225.0,2024-02-04-T110001-chip20380_params_params_low_ISI_acqm.zip,chip20380,Retrosplenial Cortex
2607.5,1155.0,2024-02-04-T110001-chip20380_params_params_low_ISI_acqm.zip,chip20380,Retrosplenial Cortex
2642.5,1207.5,2024-02-04-T110001-chip20380_params_params_low_ISI_acqm.zip,chip20380,Retrosplenial Cortex
2607.5,1155.0,2024-02-04-T110001-chip20380_params_params_low_ISI_acqm.zip,chip20380,Retrosplenial Cortex
2695.0,1260.0,2024-02-04-T110001-chip20380_params_params_low_ISI_acqm.zip,chip20380,Retrosplenial Cortex
2712.5,1225.0,2024-02-04-T110001-chip20380_params_params_low_ISI_acqm.zip,chip20380,Retrosplenial Cortex
2660.0,1120.0,2024-02-04-T120000-chip20380_params_params_low_ISI_acqm.zip,chip20380,Retrosplenial Cortex
2712.5,1155.0,2024-02-04-T120000-chip20380_params_params_low_ISI_acqm.zip,chip20380,Retrosplenial Cortex
2695.0,1102.5,2024-02-04-T120000-chip20380_params_params_low_ISI_acqm.zip,chip20380,Retrosplenial Cortex
2660.0,1207.5,2024-02-04-T120000-chip20380_params_params_low_ISI_acqm.zip,chip20380,Retrosplenial Cortex
2712.5,1225.0,2024-02-04-T120000-chip20380_params_params_low_ISI_acqm.zip,chip20380,Retrosplenial Cortex
2660.0,1295.0,2024-02-04-T120000-chip20380_params_params_low_ISI_acqm.zip,chip20380,Retrosplenial Cortex
2747.5,1260.0,2024-02-04-T120000-chip20380_params_params_low_ISI_acqm.zip,chip20380,Retrosplenial Cortex
717.5,1225.0,2024-02-04-T120000-chip20380_params_params_low_ISI_acqm.zip,chip20380,Septum
2520.0,1120.0,2024-02-04-T120000-chip20380_params_params_low_ISI_acqm.zip,chip20380,Retrosplenial Cortex
752.5,1347.5,2024-02-04-T120000-chip20380_params_params_low_ISI_acqm.zip,chip20380,Septum
2695.0,1242.5,2024-02-04-T120000-chip20380_params_params_low_ISI_acqm.zip,chip20380,Retrosplenial Cortex
2677.5,1190.0,2024-02-04-T120000-chip20380_params_params_low_ISI_acqm.zip,chip20380,Retrosplenial Cortex
735.0,1400.0,2024-02-04-T120000-chip20380_params_params_low_ISI_acqm.zip,chip20380,Septum
2677.5,1120.0,2024-02-04-T120000-chip20380_params_params_low_ISI_acqm.zip,chip20380,Retrosplenial Cortex
2730.0,1277.5,2024-02-04-T120000-chip20380_params_params_low_ISI_acqm.zip,chip20380,Retrosplenial Cortex
735.0,1382.5,2024-02-04-T120000-chip20380_params_params_low_ISI_acqm.zip,chip20380,Septum
2555.0,1102.5,2024-02-04-T120000-chip20380_params_params_low_ISI_acqm.zip,chip20380,Retrosplenial Cortex
787.5,1435.0,2024-02-04-T120000-chip20380_params_params_low_ISI_acqm.zip,chip20380,Septum
2520.0,1137.5,2024-02-04-T120000-chip20380_params_params_low_ISI_acqm.zip,chip20380,Retrosplenial Cortex
2660.0,1172.5,2024-02-04-T120000-chip20380_params_params_low_ISI_acqm.zip,chip20380,Retrosplenial Cortex
2642.5,1242.5,2024-02-04-T120000-chip20380_params_params_low_ISI_acqm.zip,chip20380,Retrosplenial Cortex
2660.0,1225.0,2024-02-04-T120000-chip20380_params_params_low_ISI_acqm.zip,chip20380,Retrosplenial Cortex
2625.0,1032.5,2024-02-04-T120000-chip20380_params_params_low_ISI_acqm.zip,chip20380,Retrosplenial Cortex
787.5,1435.0,2024-02-04-T120000-chip20380_params_params_low_ISI_acqm.zip,chip20380,Septum
2590.0,1067.5,2024-02-04-T120000-chip20380_params_params_low_ISI_acqm.zip,chip20380,Retrosplenial Cortex
2520.0,1085.0,2024-02-04-T120000-chip20380_params_params_low_ISI_acqm.zip,chip20380,Retrosplenial Cortex
2677.5,1172.5,2024-02-04-T120000-chip20380_params_params_low_ISI_acqm.zip,chip20380,Retrosplenial Cortex
2642.5,1207.5,2024-02-04-T120000-chip20380_params_params_low_ISI_acqm.zip,chip20380,Retrosplenial Cortex
787.5,1645.0,2024-02-04-T120000-chip20380_params_params_low_ISI_acqm.zip,chip20380,Septum
2572.5,1277.5,2024-02-04-T120000-chip20380_params_params_low_ISI_acqm.zip,chip20380,Retrosplenial Cortex
2660.0,1155.0,2024-02-04-T120000-chip20380_params_params_low_ISI_acqm.zip,chip20380,Retrosplenial Cortex
2712.5,1277.5,2024-02-04-T120000-chip20380_params_params_low_ISI_acqm.zip,chip20380,Retrosplenial Cortex
2555.0,962.5,2024-02-04-T120000-chip20380_params_params_low_ISI_acqm.zip,chip20380,Retrosplenial Cortex
2590.0,997.5,2024-02-04-T120000-chip20380_params_params_low_ISI_acqm.zip,chip20380,Retrosplenial Cortex
875.0,1487.5,2024-02-04-T120000-chip20380_params_params_low_ISI_acqm.zip,chip20380,Septum
2520.0,1277.5,2024-02-04-T120000-chip20380_params_params_low_ISI_acqm.zip,chip20380,Retrosplenial Cortex
2642.5,1015.0,2024-02-04-T120000-chip20380_params_params_low_ISI_acqm.zip,chip20380,Retrosplenial Cortex
2625.0,1172.5,2024-02-04-T120000-chip20380_params_params_low_ISI_acqm.zip,chip20380,Retrosplenial Cortex
2660.0,1120.0,2024-02-04-T120000-chip20380_params_params_low_ISI_acqm.zip,chip20380,Retrosplenial Cortex
542.5,52.5,2024-02-04-T120000-chip20380_params_params_low_ISI_acqm.zip,chip20380,Striatum
2677.5,1067.5,2024-02-04-T120000-chip20380_params_params_low_ISI_acqm.zip,chip20380,Retrosplenial Cortex
2660.0,1120.0,2024-02-04-T120000-chip20380_params_params_low_ISI_acqm.zip,chip20380,Retrosplenial Cortex
2747.5,1207.5,2024-02-04-T120000-chip20380_params_params_low_ISI_acqm.zip,chip20380,Retrosplenial Cortex
2747.5,1295.0,2024-02-04-T120000-chip20380_params_params_low_ISI_acqm.zip,chip20380,Retrosplenial Cortex
2695.0,1242.5,2024-02-04-T120000-chip20380_params_params_low_ISI_acqm.zip,chip20380,Retrosplenial Cortex
2712.5,1242.5,2024-02-04-T120000-chip20380_params_params_low_ISI_acqm.zip,chip20380,Retrosplenial Cortex
770.0,1627.5,2024-02-04-T120000-chip20380_params_params_low_ISI_acqm.zip,chip20380,Septum
2607.5,1155.0,2024-02-04-T120000-chip20380_params_params_low_ISI_acqm.zip,chip20380,Retrosplenial Cortex
2642.5,1102.5,2024-02-04-T120000-chip20380_params_params_low_ISI_acqm.zip,chip20380,Retrosplenial Cortex
2625.0,1207.5,2024-02-04-T120000-chip20380_params_params_low_ISI_acqm.zip,chip20380,Retrosplenial Cortex
2572.5,1085.0,2024-02-04-T120000-chip20380_params_params_low_ISI_acqm.zip,chip20380,Retrosplenial Cortex
2590.0,1067.5,2024-02-04-T120000-chip20380_params_params_low_ISI_acqm.zip,chip20380,Retrosplenial Cortex
2555.0,1260.0,2024-02-04-T120000-chip20380_params_params_low_ISI_acqm.zip,chip20380,Retrosplenial Cortex
2555.0,1120.0,2024-02-04-T120000-chip20380_params_params_low_ISI_acqm.zip,chip20380,Retrosplenial Cortex
2467.5,1102.5,2024-02-04-T120000-chip20380_params_params_low_ISI_acqm.zip,chip20380,Retrosplenial Cortex
892.5,1505.0,2024-02-04-T120000-chip20380_params_params_low_ISI_acqm.zip,chip20380,Septum
2677.5,1137.5,2024-02-04-T120000-chip20380_params_params_low_ISI_acqm.zip,chip20380,Retrosplenial Cortex
2677.5,1137.5,2024-02-04-T120000-chip20380_params_params_low_ISI_acqm.zip,chip20380,Retrosplenial Cortex
840.0,1540.0,2024-02-04-T120000-chip20380_params_params_low_ISI_acqm.zip,chip20380,Septum
2730.0,1155.0,2024-02-04-T120000-chip20380_params_params_low_ISI_acqm.zip,chip20380,Retrosplenial Cortex
787.5,1330.0,2024-02-04-T120000-chip20380_params_params_low_ISI_acqm.zip,chip20380,Septum
735.0,1382.5,2024-02-04-T120000-chip20380_params_params_low_ISI_acqm.zip,chip20380,Septum
717.5,1400.0,2024-02-04-T120000-chip20380_params_params_low_ISI_acqm.zip,chip20380,Septum
2712.5,1120.0,2024-02-04-T120000-chip20380_params_params_low_ISI_acqm.zip,chip20380,Retrosplenial Cortex
2502.5,1102.5,2024-02-04-T120000-chip20380_params_params_low_ISI_acqm.zip,chip20380,Retrosplenial Cortex
2485.0,1190.0,2024-02-04-T120000-chip20380_params_params_low_ISI_acqm.zip,chip20380,Retrosplenial Cortex
2555.0,1120.0,2024-02-04-T120000-chip20380_params_params_low_ISI_acqm.zip,chip20380,Retrosplenial Cortex
2555.0,1120.0,2024-02-04-T120000-chip20380_params_params_low_ISI_acqm.zip,chip20380,Retrosplenial Cortex
2520.0,1085.0,2024-02-04-T120000-chip20380_params_params_low_ISI_acqm.zip,chip20380,Retrosplenial Cortex
2625.0,1172.5,2024-02-04-T120000-chip20380_params_params_low_ISI_acqm.zip,chip20380,Retrosplenial Cortex
2607.5,1155.0,2024-02-04-T120000-chip20380_params_params_low_ISI_acqm.zip,chip20380,Retrosplenial Cortex
787.5,1610.0,2024-02-04-T120000-chip20380_params_params_low_ISI_acqm.zip,chip20380,Septum
2625.0,1172.5,2024-02-04-T120000-chip20380_params_params_low_ISI_acqm.zip,chip20380,Retrosplenial Cortex
2555.0,1277.5,2024-02-04-T120000-chip20380_params_params_low_ISI_acqm.zip,chip20380,Retrosplenial Cortex
875.0,1522.5,2024-02-04-T120000-chip20380_params_params_low_ISI_acqm.zip,chip20380,Septum
1697.5,350.0,2024-02-04-T120000-chip20380_params_params_low_ISI_acqm.zip,chip20380,Unknown
2607.5,1015.0,2024-02-04-T120000-chip20380_params_params_low_ISI_acqm.zip,chip20380,Retrosplenial Cortex
2590.0,1067.5,2024-02-04-T120000-chip20380_params_params_low_ISI_acqm.zip,chip20380,Retrosplenial Cortex
2695.0,1085.0,2024-02-04-T120000-chip20380_params_params_low_ISI_acqm.zip,chip20380,Retrosplenial Cortex
2695.0,1015.0,2024-02-04-T120000-chip20380_params_params_low_ISI_acqm.zip,chip20380,Retrosplenial Cortex
2625.0,1242.5,2024-02-04-T120000-chip20380_params_params_low_ISI_acqm.zip,chip20380,Retrosplenial Cortex
2677.5,1032.5,2024-02-04-T120000-chip20380_params_params_low_ISI_acqm.zip,chip20380,Retrosplenial Cortex
2677.5,1032.5,2024-02-04-T120000-chip20380_params_params_low_ISI_acqm.zip,chip20380,Retrosplenial Cortex
2660.0,1120.0,2024-02-04-T120000-chip20380_params_params_low_ISI_acqm.zip,chip20380,Retrosplenial Cortex
2590.0,1120.0,2024-02-04-T120000-chip20380_params_params_low_ISI_acqm.zip,chip20380,Retrosplenial Cortex
2765.0,1295.0,2024-02-04-T120000-chip20380_params_params_low_ISI_acqm.zip,chip20380,Unknown
2642.5,980.0,2024-02-04-T120000-chip20380_params_params_low_ISI_acqm.zip,chip20380,Retrosplenial Cortex
2660.0,1120.0,2024-02-04-T120000-chip20380_params_params_low_ISI_acqm.zip,chip20380,Retrosplenial Cortex
2642.5,1207.5,2024-02-04-T120000-chip20380_params_params_low_ISI_acqm.zip,chip20380,Retrosplenial Cortex
2695.0,1295.0,2024-02-04-T120000-chip20380_params_params_low_ISI_acqm.zip,chip20380,Retrosplenial Cortex
2572.5,1260.0,2024-02-04-T120000-chip20380_params_params_low_ISI_acqm.zip,chip20380,Retrosplenial Cortex
2747.5,1312.5,2024-02-04-T120000-chip20380_params_params_low_ISI_acqm.zip,chip20380,Retrosplenial Cortex
2677.5,1102.5,2024-02-04-T120000-chip20380_params_params_low_ISI_acqm.zip,chip20380,Retrosplenial Cortex
2695.0,1102.5,2024-02-04-T120000-chip20380_params_params_low_ISI_acqm.zip,chip20380,Retrosplenial Cortex
2677.5,1207.5,2024-02-04-T120000-chip20380_params_params_low_ISI_acqm.zip,chip20380,Retrosplenial Cortex
2642.5,1277.5,2024-02-04-T120000-chip20380_params_params_low_ISI_acqm.zip,chip20380,Retrosplenial Cortex
2660.0,1067.5,2024-02-04-T120000-chip20380_params_params_low_ISI_acqm.zip,chip20380,Retrosplenial Cortex
2730.0,1190.0,2024-02-04-T120000-chip20380_params_params_low_ISI_acqm.zip,chip20380,Retrosplenial Cortex
2607.5,1120.0,2024-02-04-T120000-chip20380_params_params_low_ISI_acqm.zip,chip20380,Retrosplenial Cortex
2660.0,1172.5,2024-02-04-T120000-chip20380_params_params_low_ISI_acqm.zip,chip20380,Retrosplenial Cortex
2660.0,1155.0,2024-02-04-T120000-chip20380_params_params_low_ISI_acqm.zip,chip20380,Retrosplenial Cortex
2677.5,1242.5,2024-02-04-T120000-chip20380_params_params_low_ISI_acqm.zip,chip20380,Retrosplenial Cortex
2677.5,1155.0,2024-02-04-T120000-chip20380_params_params_low_ISI_acqm.zip,chip20380,Retrosplenial Cortex
2712.5,1347.5,2024-02-04-T120000-chip20380_params_params_low_ISI_acqm.zip,chip20380,Retrosplenial Cortex
2677.5,1102.5,2024-02-04-T120000-chip20380_params_params_low_ISI_acqm.zip,chip20380,Retrosplenial Cortex
2695.0,1260.0,2024-02-04-T120000-chip20380_params_params_low_ISI_acqm.zip,chip20380,Retrosplenial Cortex
2642.5,1102.5,2024-02-04-T120000-chip20380_params_params_low_ISI_acqm.zip,chip20380,Retrosplenial Cortex
2625.0,1050.0,2024-02-04-T120000-chip20380_params_params_low_ISI_acqm.zip,chip20380,Retrosplenial Cortex
2695.0,1067.5,2024-02-04-T120000-chip20380_params_params_low_ISI_acqm.zip,chip20380,Retrosplenial Cortex
735.0,1382.5,2024-02-04-T120000-chip20380_params_params_low_ISI_acqm.zip,chip20380,Septum
2537.5,1067.5,2024-02-04-T120000-chip20380_params_params_low_ISI_acqm.zip,chip20380,Retrosplenial Cortex
2695.0,1067.5,2024-02-04-T120000-chip20380_params_params_low_ISI_acqm.zip,chip20380,Retrosplenial Cortex
2677.5,1120.0,2024-02-04-T120000-chip20380_params_params_low_ISI_acqm.zip,chip20380,Retrosplenial Cortex
2695.0,1015.0,2024-02-04-T120000-chip20380_params_params_low_ISI_acqm.zip,chip20380,Retrosplenial Cortex
2642.5,1120.0,2024-02-04-T120000-chip20380_params_params_low_ISI_acqm.zip,chip20380,Retrosplenial Cortex
2590.0,1260.0,2024-02-04-T120000-chip20380_params_params_low_ISI_acqm.zip,chip20380,Retrosplenial Cortex
2660.0,1242.5,2024-02-04-T120000-chip20380_params_params_low_ISI_acqm.zip,chip20380,Retrosplenial Cortex
2660.0,1102.5,2024-02-04-T120000-chip20380_params_params_low_ISI_acqm.zip,chip20380,Retrosplenial Cortex
2695.0,1067.5,2024-02-04-T120000-chip20380_params_params_low_ISI_acqm.zip,chip20380,Retrosplenial Cortex
2712.5,1050.0,2024-02-04-T120000-chip20380_params_params_low_ISI_acqm.zip,chip20380,Retrosplenial Cortex
2625.0,1260.0,2024-02-04-T120000-chip20380_params_params_low_ISI_acqm.zip,chip20380,Retrosplenial Cortex
2625.0,1260.0,2024-02-04-T120000-chip20380_params_params_low_ISI_acqm.zip,chip20380,Retrosplenial Cortex
2607.5,1155.0,2024-02-04-T120000-chip20380_params_params_low_ISI_acqm.zip,chip20380,Retrosplenial Cortex
2677.5,1295.0,2024-02-04-T120000-chip20380_params_params_low_ISI_acqm.zip,chip20380,Retrosplenial Cortex
2555.0,1260.0,2024-02-04-T120000-chip20380_params_params_low_ISI_acqm.zip,chip20380,Retrosplenial Cortex
2712.5,1190.0,2024-02-04-T120000-chip20380_params_params_low_ISI_acqm.zip,chip20380,Retrosplenial Cortex
2625.0,1260.0,2024-02-04-T120000-chip20380_params_params_low_ISI_acqm.zip,chip20380,Retrosplenial Cortex
2660.0,1137.5,2024-02-04-T130000-chip20380_params_params_low_ISI_acqm.zip,chip20380,Retrosplenial Cortex
2625.0,1172.5,2024-02-04-T130000-chip20380_params_params_low_ISI_acqm.zip,chip20380,Retrosplenial Cortex
2695.0,1155.0,2024-02-04-T130000-chip20380_params_params_low_ISI_acqm.zip,chip20380,Retrosplenial Cortex
2695.0,1120.0,2024-02-04-T130000-chip20380_params_params_low_ISI_acqm.zip,chip20380,Retrosplenial Cortex
2747.5,1260.0,2024-02-04-T130000-chip20380_params_params_low_ISI_acqm.zip,chip20380,Retrosplenial Cortex
717.5,1225.0,2024-02-04-T130000-chip20380_params_params_low_ISI_acqm.zip,chip20380,Septum
752.5,1347.5,2024-02-04-T130000-chip20380_params_params_low_ISI_acqm.zip,chip20380,Septum
2467.5,980.0,2024-02-04-T130000-chip20380_params_params_low_ISI_acqm.zip,chip20380,Retrosplenial Cortex
2660.0,1295.0,2024-02-04-T130000-chip20380_params_params_low_ISI_acqm.zip,chip20380,Retrosplenial Cortex
2572.5,1260.0,2024-02-04-T130000-chip20380_params_params_low_ISI_acqm.zip,chip20380,Retrosplenial Cortex
2695.0,1242.5,2024-02-04-T130000-chip20380_params_params_low_ISI_acqm.zip,chip20380,Retrosplenial Cortex
735.0,1400.0,2024-02-04-T130000-chip20380_params_params_low_ISI_acqm.zip,chip20380,Septum
2677.5,1120.0,2024-02-04-T130000-chip20380_params_params_low_ISI_acqm.zip,chip20380,Retrosplenial Cortex
2730.0,1277.5,2024-02-04-T130000-chip20380_params_params_low_ISI_acqm.zip,chip20380,Retrosplenial Cortex
717.5,1400.0,2024-02-04-T130000-chip20380_params_params_low_ISI_acqm.zip,chip20380,Septum
2572.5,1102.5,2024-02-04-T130000-chip20380_params_params_low_ISI_acqm.zip,chip20380,Retrosplenial Cortex
787.5,1435.0,2024-02-04-T130000-chip20380_params_params_low_ISI_acqm.zip,chip20380,Septum
735.0,1382.5,2024-02-04-T130000-chip20380_params_params_low_ISI_acqm.zip,chip20380,Septum
2660.0,1155.0,2024-02-04-T130000-chip20380_params_params_low_ISI_acqm.zip,chip20380,Retrosplenial Cortex
2642.5,1242.5,2024-02-04-T130000-chip20380_params_params_low_ISI_acqm.zip,chip20380,Retrosplenial Cortex
2642.5,1242.5,2024-02-04-T130000-chip20380_params_params_low_ISI_acqm.zip,chip20380,Retrosplenial Cortex
2625.0,1172.5,2024-02-04-T130000-chip20380_params_params_low_ISI_acqm.zip,chip20380,Retrosplenial Cortex
2625.0,1032.5,2024-02-04-T130000-chip20380_params_params_low_ISI_acqm.zip,chip20380,Retrosplenial Cortex
2537.5,1295.0,2024-02-04-T130000-chip20380_params_params_low_ISI_acqm.zip,chip20380,Retrosplenial Cortex
787.5,1435.0,2024-02-04-T130000-chip20380_params_params_low_ISI_acqm.zip,chip20380,Septum
2520.0,1085.0,2024-02-04-T130000-chip20380_params_params_low_ISI_acqm.zip,chip20380,Retrosplenial Cortex
2677.5,1155.0,2024-02-04-T130000-chip20380_params_params_low_ISI_acqm.zip,chip20380,Retrosplenial Cortex
2642.5,1190.0,2024-02-04-T130000-chip20380_params_params_low_ISI_acqm.zip,chip20380,Retrosplenial Cortex
2625.0,1260.0,2024-02-04-T130000-chip20380_params_params_low_ISI_acqm.zip,chip20380,Retrosplenial Cortex
2590.0,1067.5,2024-02-04-T130000-chip20380_params_params_low_ISI_acqm.zip,chip20380,Retrosplenial Cortex
2660.0,1155.0,2024-02-04-T130000-chip20380_params_params_low_ISI_acqm.zip,chip20380,Retrosplenial Cortex
2555.0,962.5,2024-02-04-T130000-chip20380_params_params_low_ISI_acqm.zip,chip20380,Retrosplenial Cortex
787.5,1645.0,2024-02-04-T130000-chip20380_params_params_low_ISI_acqm.zip,chip20380,Septum
875.0,1487.5,2024-02-04-T130000-chip20380_params_params_low_ISI_acqm.zip,chip20380,Septum
2520.0,1277.5,2024-02-04-T130000-chip20380_params_params_low_ISI_acqm.zip,chip20380,Retrosplenial Cortex
2607.5,1155.0,2024-02-04-T130000-chip20380_params_params_low_ISI_acqm.zip,chip20380,Retrosplenial Cortex
2537.5,997.5,2024-02-04-T130000-chip20380_params_params_low_ISI_acqm.zip,chip20380,Retrosplenial Cortex
542.5,52.5,2024-02-04-T130000-chip20380_params_params_low_ISI_acqm.zip,chip20380,Striatum
2660.0,1067.5,2024-02-04-T130000-chip20380_params_params_low_ISI_acqm.zip,chip20380,Retrosplenial Cortex
2677.5,1067.5,2024-02-04-T130000-chip20380_params_params_low_ISI_acqm.zip,chip20380,Retrosplenial Cortex
2712.5,1242.5,2024-02-04-T130000-chip20380_params_params_low_ISI_acqm.zip,chip20380,Retrosplenial Cortex
2712.5,1242.5,2024-02-04-T130000-chip20380_params_params_low_ISI_acqm.zip,chip20380,Retrosplenial Cortex
770.0,1627.5,2024-02-04-T130000-chip20380_params_params_low_ISI_acqm.zip,chip20380,Septum
2695.0,1260.0,2024-02-04-T130000-chip20380_params_params_low_ISI_acqm.zip,chip20380,Retrosplenial Cortex
2607.5,1155.0,2024-02-04-T130000-chip20380_params_params_low_ISI_acqm.zip,chip20380,Retrosplenial Cortex
2642.5,1120.0,2024-02-04-T130000-chip20380_params_params_low_ISI_acqm.zip,chip20380,Retrosplenial Cortex
2625.0,1207.5,2024-02-04-T130000-chip20380_params_params_low_ISI_acqm.zip,chip20380,Retrosplenial Cortex
2590.0,1067.5,2024-02-04-T130000-chip20380_params_params_low_ISI_acqm.zip,chip20380,Retrosplenial Cortex
402.5,140.0,2024-02-04-T130000-chip20380_params_params_low_ISI_acqm.zip,chip20380,Striatum
2467.5,1102.5,2024-02-04-T130000-chip20380_params_params_low_ISI_acqm.zip,chip20380,Retrosplenial Cortex
2625.0,1190.0,2024-02-04-T130000-chip20380_params_params_low_ISI_acqm.zip,chip20380,Retrosplenial Cortex
892.5,1505.0,2024-02-04-T130000-chip20380_params_params_low_ISI_acqm.zip,chip20380,Septum
875.0,1522.5,2024-02-04-T130000-chip20380_params_params_low_ISI_acqm.zip,chip20380,Septum
2677.5,1085.0,2024-02-04-T130000-chip20380_params_params_low_ISI_acqm.zip,chip20380,Retrosplenial Cortex
2677.5,1155.0,2024-02-04-T130000-chip20380_params_params_low_ISI_acqm.zip,chip20380,Retrosplenial Cortex
2695.0,1190.0,2024-02-04-T130000-chip20380_params_params_low_ISI_acqm.zip,chip20380,Retrosplenial Cortex
2695.0,1190.0,2024-02-04-T130000-chip20380_params_params_low_ISI_acqm.zip,chip20380,Retrosplenial Cortex
857.5,1557.5,2024-02-04-T130000-chip20380_params_params_low_ISI_acqm.zip,chip20380,Septum
2730.0,1155.0,2024-02-04-T130000-chip20380_params_params_low_ISI_acqm.zip,chip20380,Retrosplenial Cortex
717.5,1400.0,2024-02-04-T130000-chip20380_params_params_low_ISI_acqm.zip,chip20380,Septum
2712.5,1050.0,2024-02-04-T130000-chip20380_params_params_low_ISI_acqm.zip,chip20380,Retrosplenial Cortex
2712.5,1120.0,2024-02-04-T130000-chip20380_params_params_low_ISI_acqm.zip,chip20380,Retrosplenial Cortex
2502.5,1102.5,2024-02-04-T130000-chip20380_params_params_low_ISI_acqm.zip,chip20380,Retrosplenial Cortex
2555.0,1120.0,2024-02-04-T130000-chip20380_params_params_low_ISI_acqm.zip,chip20380,Retrosplenial Cortex
2555.0,1120.0,2024-02-04-T130000-chip20380_params_params_low_ISI_acqm.zip,chip20380,Retrosplenial Cortex
2537.5,1067.5,2024-02-04-T130000-chip20380_params_params_low_ISI_acqm.zip,chip20380,Retrosplenial Cortex
2485.0,1120.0,2024-02-04-T130000-chip20380_params_params_low_ISI_acqm.zip,chip20380,Retrosplenial Cortex
2607.5,1155.0,2024-02-04-T130000-chip20380_params_params_low_ISI_acqm.zip,chip20380,Retrosplenial Cortex
2485.0,1190.0,2024-02-04-T130000-chip20380_params_params_low_ISI_acqm.zip,chip20380,Retrosplenial Cortex
2695.0,1067.5,2024-02-04-T130000-chip20380_params_params_low_ISI_acqm.zip,chip20380,Retrosplenial Cortex
770.0,1575.0,2024-02-04-T130000-chip20380_params_params_low_ISI_acqm.zip,chip20380,Septum
2555.0,1277.5,2024-02-04-T130000-chip20380_params_params_low_ISI_acqm.zip,chip20380,Retrosplenial Cortex
1697.5,350.0,2024-02-04-T130000-chip20380_params_params_low_ISI_acqm.zip,chip20380,Unknown
2607.5,1015.0,2024-02-04-T130000-chip20380_params_params_low_ISI_acqm.zip,chip20380,Retrosplenial Cortex
2607.5,1015.0,2024-02-04-T130000-chip20380_params_params_low_ISI_acqm.zip,chip20380,Retrosplenial Cortex
2572.5,1277.5,2024-02-04-T130000-chip20380_params_params_low_ISI_acqm.zip,chip20380,Retrosplenial Cortex
2695.0,1085.0,2024-02-04-T130000-chip20380_params_params_low_ISI_acqm.zip,chip20380,Retrosplenial Cortex
2520.0,1120.0,2024-02-04-T130000-chip20380_params_params_low_ISI_acqm.zip,chip20380,Retrosplenial Cortex
2625.0,1242.5,2024-02-04-T130000-chip20380_params_params_low_ISI_acqm.zip,chip20380,Retrosplenial Cortex
2677.5,1032.5,2024-02-04-T130000-chip20380_params_params_low_ISI_acqm.zip,chip20380,Retrosplenial Cortex
2677.5,1032.5,2024-02-04-T130000-chip20380_params_params_low_ISI_acqm.zip,chip20380,Retrosplenial Cortex
2590.0,1120.0,2024-02-04-T130000-chip20380_params_params_low_ISI_acqm.zip,chip20380,Retrosplenial Cortex
2765.0,1295.0,2024-02-04-T130000-chip20380_params_params_low_ISI_acqm.zip,chip20380,Unknown
2642.5,980.0,2024-02-04-T130000-chip20380_params_params_low_ISI_acqm.zip,chip20380,Retrosplenial Cortex
2660.0,1120.0,2024-02-04-T130000-chip20380_params_params_low_ISI_acqm.zip,chip20380,Retrosplenial Cortex
2660.0,1120.0,2024-02-04-T130000-chip20380_params_params_low_ISI_acqm.zip,chip20380,Retrosplenial Cortex
2695.0,1295.0,2024-02-04-T130000-chip20380_params_params_low_ISI_acqm.zip,chip20380,Retrosplenial Cortex
2590.0,1260.0,2024-02-04-T130000-chip20380_params_params_low_ISI_acqm.zip,chip20380,Retrosplenial Cortex
2485.0,1120.0,2024-02-04-T130000-chip20380_params_params_low_ISI_acqm.zip,chip20380,Retrosplenial Cortex
2730.0,1190.0,2024-02-04-T130000-chip20380_params_params_low_ISI_acqm.zip,chip20380,Retrosplenial Cortex
2712.5,1347.5,2024-02-04-T130000-chip20380_params_params_low_ISI_acqm.zip,chip20380,Retrosplenial Cortex
2695.0,1102.5,2024-02-04-T130000-chip20380_params_params_low_ISI_acqm.zip,chip20380,Retrosplenial Cortex
2677.5,1207.5,2024-02-04-T130000-chip20380_params_params_low_ISI_acqm.zip,chip20380,Retrosplenial Cortex
2712.5,1225.0,2024-02-04-T130000-chip20380_params_params_low_ISI_acqm.zip,chip20380,Retrosplenial Cortex
2642.5,1085.0,2024-02-04-T130000-chip20380_params_params_low_ISI_acqm.zip,chip20380,Retrosplenial Cortex
2660.0,1277.5,2024-02-04-T130000-chip20380_params_params_low_ISI_acqm.zip,chip20380,Retrosplenial Cortex
2695.0,1242.5,2024-02-04-T130000-chip20380_params_params_low_ISI_acqm.zip,chip20380,Retrosplenial Cortex
2695.0,1242.5,2024-02-04-T130000-chip20380_params_params_low_ISI_acqm.zip,chip20380,Retrosplenial Cortex
2712.5,1085.0,2024-02-04-T130000-chip20380_params_params_low_ISI_acqm.zip,chip20380,Retrosplenial Cortex
2607.5,1120.0,2024-02-04-T130000-chip20380_params_params_low_ISI_acqm.zip,chip20380,Retrosplenial Cortex
2712.5,1330.0,2024-02-04-T130000-chip20380_params_params_low_ISI_acqm.zip,chip20380,Retrosplenial Cortex
2642.5,1242.5,2024-02-04-T130000-chip20380_params_params_low_ISI_acqm.zip,chip20380,Retrosplenial Cortex
2677.5,1120.0,2024-02-04-T130000-chip20380_params_params_low_ISI_acqm.zip,chip20380,Retrosplenial Cortex
892.5,1505.0,2024-02-04-T130000-chip20380_params_params_low_ISI_acqm.zip,chip20380,Septum
2520.0,1085.0,2024-02-04-T130000-chip20380_params_params_low_ISI_acqm.zip,chip20380,Retrosplenial Cortex
2712.5,1277.5,2024-02-04-T130000-chip20380_params_params_low_ISI_acqm.zip,chip20380,Retrosplenial Cortex
787.5,1645.0,2024-02-04-T130000-chip20380_params_params_low_ISI_acqm.zip,chip20380,Septum
2607.5,1155.0,2024-02-04-T130000-chip20380_params_params_low_ISI_acqm.zip,chip20380,Retrosplenial Cortex
2660.0,1067.5,2024-02-04-T130000-chip20380_params_params_low_ISI_acqm.zip,chip20380,Retrosplenial Cortex
2695.0,1277.5,2024-02-04-T130000-chip20380_params_params_low_ISI_acqm.zip,chip20380,Retrosplenial Cortex
2660.0,1120.0,2024-02-04-T130000-chip20380_params_params_low_ISI_acqm.zip,chip20380,Retrosplenial Cortex
2660.0,1120.0,2024-02-04-T130000-chip20380_params_params_low_ISI_acqm.zip,chip20380,Retrosplenial Cortex
2625.0,1067.5,2024-02-04-T130000-chip20380_params_params_low_ISI_acqm.zip,chip20380,Retrosplenial Cortex
2660.0,1102.5,2024-02-04-T130000-chip20380_params_params_low_ISI_acqm.zip,chip20380,Retrosplenial Cortex
2712.5,1120.0,2024-02-04-T130000-chip20380_params_params_low_ISI_acqm.zip,chip20380,Retrosplenial Cortex
2747.5,1295.0,2024-02-04-T130000-chip20380_params_params_low_ISI_acqm.zip,chip20380,Retrosplenial Cortex
2660.0,1207.5,2024-02-04-T130000-chip20380_params_params_low_ISI_acqm.zip,chip20380,Retrosplenial Cortex
2695.0,1242.5,2024-02-04-T130000-chip20380_params_params_low_ISI_acqm.zip,chip20380,Retrosplenial Cortex
2660.0,1120.0,2024-02-04-T130000-chip20380_params_params_low_ISI_acqm.zip,chip20380,Retrosplenial Cortex
2695.0,1260.0,2024-02-04-T130000-chip20380_params_params_low_ISI_acqm.zip,chip20380,Retrosplenial Cortex
2660.0,1120.0,2024-02-04-T130000-chip20380_params_params_low_ISI_acqm.zip,chip20380,Retrosplenial Cortex
2712.5,1242.5,2024-02-04-T130000-chip20380_params_params_low_ISI_acqm.zip,chip20380,Retrosplenial Cortex
2607.5,1155.0,2024-02-04-T130000-chip20380_params_params_low_ISI_acqm.zip,chip20380,Retrosplenial Cortex
2712.5,1172.5,2024-02-04-T150000-chip20380_params_params_low_ISI_acqm.zip,chip20380,Retrosplenial Cortex
2677.5,1102.5,2024-02-04-T150000-chip20380_params_params_low_ISI_acqm.zip,chip20380,Retrosplenial Cortex
2642.5,1207.5,2024-02-04-T150000-chip20380_params_params_low_ISI_acqm.zip,chip20380,Retrosplenial Cortex
2730.0,1137.5,2024-02-04-T150000-chip20380_params_params_low_ISI_acqm.zip,chip20380,Retrosplenial Cortex
2747.5,1260.0,2024-02-04-T150000-chip20380_params_params_low_ISI_acqm.zip,chip20380,Retrosplenial Cortex
2712.5,1295.0,2024-02-04-T150000-chip20380_params_params_low_ISI_acqm.zip,chip20380,Retrosplenial Cortex
2712.5,1295.0,2024-02-04-T150000-chip20380_params_params_low_ISI_acqm.zip,chip20380,Retrosplenial Cortex
717.5,1225.0,2024-02-04-T150000-chip20380_params_params_low_ISI_acqm.zip,chip20380,Septum
2625.0,1085.0,2024-02-04-T150000-chip20380_params_params_low_ISI_acqm.zip,chip20380,Retrosplenial Cortex
752.5,1347.5,2024-02-04-T150000-chip20380_params_params_low_ISI_acqm.zip,chip20380,Septum
2467.5,980.0,2024-02-04-T150000-chip20380_params_params_low_ISI_acqm.zip,chip20380,Retrosplenial Cortex
2712.5,1085.0,2024-02-04-T150000-chip20380_params_params_low_ISI_acqm.zip,chip20380,Retrosplenial Cortex
735.0,1400.0,2024-02-04-T150000-chip20380_params_params_low_ISI_acqm.zip,chip20380,Septum
2677.5,1120.0,2024-02-04-T150000-chip20380_params_params_low_ISI_acqm.zip,chip20380,Retrosplenial Cortex
2730.0,1295.0,2024-02-04-T150000-chip20380_params_params_low_ISI_acqm.zip,chip20380,Retrosplenial Cortex
752.5,1382.5,2024-02-04-T150000-chip20380_params_params_low_ISI_acqm.zip,chip20380,Septum
2572.5,1102.5,2024-02-04-T150000-chip20380_params_params_low_ISI_acqm.zip,chip20380,Retrosplenial Cortex
787.5,1435.0,2024-02-04-T150000-chip20380_params_params_low_ISI_acqm.zip,chip20380,Septum
735.0,1382.5,2024-02-04-T150000-chip20380_params_params_low_ISI_acqm.zip,chip20380,Septum
2660.0,1155.0,2024-02-04-T150000-chip20380_params_params_low_ISI_acqm.zip,chip20380,Retrosplenial Cortex
2642.5,1242.5,2024-02-04-T150000-chip20380_params_params_low_ISI_acqm.zip,chip20380,Retrosplenial Cortex
2695.0,1172.5,2024-02-04-T150000-chip20380_params_params_low_ISI_acqm.zip,chip20380,Retrosplenial Cortex
787.5,1435.0,2024-02-04-T150000-chip20380_params_params_low_ISI_acqm.zip,chip20380,Septum
2730.0,1312.5,2024-02-04-T150000-chip20380_params_params_low_ISI_acqm.zip,chip20380,Retrosplenial Cortex
2520.0,1085.0,2024-02-04-T150000-chip20380_params_params_low_ISI_acqm.zip,chip20380,Retrosplenial Cortex
2642.5,1172.5,2024-02-04-T150000-chip20380_params_params_low_ISI_acqm.zip,chip20380,Retrosplenial Cortex
2642.5,1207.5,2024-02-04-T150000-chip20380_params_params_low_ISI_acqm.zip,chip20380,Retrosplenial Cortex
787.5,1610.0,2024-02-04-T150000-chip20380_params_params_low_ISI_acqm.zip,chip20380,Septum
2625.0,1242.5,2024-02-04-T150000-chip20380_params_params_low_ISI_acqm.zip,chip20380,Retrosplenial Cortex
2590.0,1067.5,2024-02-04-T150000-chip20380_params_params_low_ISI_acqm.zip,chip20380,Retrosplenial Cortex
2555.0,962.5,2024-02-04-T150000-chip20380_params_params_low_ISI_acqm.zip,chip20380,Retrosplenial Cortex
2590.0,997.5,2024-02-04-T150000-chip20380_params_params_low_ISI_acqm.zip,chip20380,Retrosplenial Cortex
875.0,1487.5,2024-02-04-T150000-chip20380_params_params_low_ISI_acqm.zip,chip20380,Septum
2520.0,1277.5,2024-02-04-T150000-chip20380_params_params_low_ISI_acqm.zip,chip20380,Retrosplenial Cortex
2642.5,1015.0,2024-02-04-T150000-chip20380_params_params_low_ISI_acqm.zip,chip20380,Retrosplenial Cortex
2642.5,1015.0,2024-02-04-T150000-chip20380_params_params_low_ISI_acqm.zip,chip20380,Retrosplenial Cortex
2607.5,1155.0,2024-02-04-T150000-chip20380_params_params_low_ISI_acqm.zip,chip20380,Retrosplenial Cortex
2642.5,1120.0,2024-02-04-T150000-chip20380_params_params_low_ISI_acqm.zip,chip20380,Retrosplenial Cortex
2677.5,997.5,2024-02-04-T150000-chip20380_params_params_low_ISI_acqm.zip,chip20380,Retrosplenial Cortex
542.5,52.5,2024-02-04-T150000-chip20380_params_params_low_ISI_acqm.zip,chip20380,Striatum
2660.0,1067.5,2024-02-04-T150000-chip20380_params_params_low_ISI_acqm.zip,chip20380,Retrosplenial Cortex
2747.5,1295.0,2024-02-04-T150000-chip20380_params_params_low_ISI_acqm.zip,chip20380,Retrosplenial Cortex
2712.5,1242.5,2024-02-04-T150000-chip20380_params_params_low_ISI_acqm.zip,chip20380,Retrosplenial Cortex
770.0,1627.5,2024-02-04-T150000-chip20380_params_params_low_ISI_acqm.zip,chip20380,Septum
2695.0,1277.5,2024-02-04-T150000-chip20380_params_params_low_ISI_acqm.zip,chip20380,Retrosplenial Cortex
2677.5,1295.0,2024-02-04-T150000-chip20380_params_params_low_ISI_acqm.zip,chip20380,Retrosplenial Cortex
2660.0,1120.0,2024-02-04-T150000-chip20380_params_params_low_ISI_acqm.zip,chip20380,Retrosplenial Cortex
2555.0,1260.0,2024-02-04-T150000-chip20380_params_params_low_ISI_acqm.zip,chip20380,Retrosplenial Cortex
385.0,122.5,2024-02-04-T150000-chip20380_params_params_low_ISI_acqm.zip,chip20380,Striatum
2485.0,1120.0,2024-02-04-T150000-chip20380_params_params_low_ISI_acqm.zip,chip20380,Retrosplenial Cortex
2660.0,1085.0,2024-02-04-T150000-chip20380_params_params_low_ISI_acqm.zip,chip20380,Retrosplenial Cortex
2677.5,1155.0,2024-02-04-T150000-chip20380_params_params_low_ISI_acqm.zip,chip20380,Retrosplenial Cortex
2677.5,1137.5,2024-02-04-T150000-chip20380_params_params_low_ISI_acqm.zip,chip20380,Retrosplenial Cortex
2695.0,1190.0,2024-02-04-T150000-chip20380_params_params_low_ISI_acqm.zip,chip20380,Retrosplenial Cortex
857.5,1557.5,2024-02-04-T150000-chip20380_params_params_low_ISI_acqm.zip,chip20380,Septum
2730.0,1155.0,2024-02-04-T150000-chip20380_params_params_low_ISI_acqm.zip,chip20380,Retrosplenial Cortex
752.5,1382.5,2024-02-04-T150000-chip20380_params_params_low_ISI_acqm.zip,chip20380,Septum
752.5,1382.5,2024-02-04-T150000-chip20380_params_params_low_ISI_acqm.zip,chip20380,Septum
735.0,1312.5,2024-02-04-T150000-chip20380_params_params_low_ISI_acqm.zip,chip20380,Septum
2712.5,1120.0,2024-02-04-T150000-chip20380_params_params_low_ISI_acqm.zip,chip20380,Retrosplenial Cortex
2555.0,1120.0,2024-02-04-T150000-chip20380_params_params_low_ISI_acqm.zip,chip20380,Retrosplenial Cortex
2607.5,1155.0,2024-02-04-T150000-chip20380_params_params_low_ISI_acqm.zip,chip20380,Retrosplenial Cortex
2555.0,1277.5,2024-02-04-T150000-chip20380_params_params_low_ISI_acqm.zip,chip20380,Retrosplenial Cortex
875.0,1522.5,2024-02-04-T150000-chip20380_params_params_low_ISI_acqm.zip,chip20380,Septum
1697.5,350.0,2024-02-04-T150000-chip20380_params_params_low_ISI_acqm.zip,chip20380,Unknown
2572.5,1277.5,2024-02-04-T150000-chip20380_params_params_low_ISI_acqm.zip,chip20380,Retrosplenial Cortex
2607.5,1015.0,2024-02-04-T150000-chip20380_params_params_low_ISI_acqm.zip,chip20380,Retrosplenial Cortex
2607.5,1015.0,2024-02-04-T150000-chip20380_params_params_low_ISI_acqm.zip,chip20380,Retrosplenial Cortex
2747.5,1032.5,2024-02-04-T150000-chip20380_params_params_low_ISI_acqm.zip,chip20380,Retrosplenial Cortex
2695.0,1085.0,2024-02-04-T150000-chip20380_params_params_low_ISI_acqm.zip,chip20380,Retrosplenial Cortex
2520.0,1137.5,2024-02-04-T150000-chip20380_params_params_low_ISI_acqm.zip,chip20380,Retrosplenial Cortex
2695.0,1015.0,2024-02-04-T150000-chip20380_params_params_low_ISI_acqm.zip,chip20380,Retrosplenial Cortex
2677.5,1032.5,2024-02-04-T150000-chip20380_params_params_low_ISI_acqm.zip,chip20380,Retrosplenial Cortex
2642.5,1137.5,2024-02-04-T150000-chip20380_params_params_low_ISI_acqm.zip,chip20380,Retrosplenial Cortex
2642.5,1277.5,2024-02-04-T150000-chip20380_params_params_low_ISI_acqm.zip,chip20380,Retrosplenial Cortex
2765.0,1295.0,2024-02-04-T150000-chip20380_params_params_low_ISI_acqm.zip,chip20380,Unknown
2695.0,1312.5,2024-02-04-T150000-chip20380_params_params_low_ISI_acqm.zip,chip20380,Retrosplenial Cortex
2642.5,980.0,2024-02-04-T150000-chip20380_params_params_low_ISI_acqm.zip,chip20380,Retrosplenial Cortex
2660.0,1120.0,2024-02-04-T150000-chip20380_params_params_low_ISI_acqm.zip,chip20380,Retrosplenial Cortex
2590.0,1260.0,2024-02-04-T150000-chip20380_params_params_low_ISI_acqm.zip,chip20380,Retrosplenial Cortex
2502.5,1172.5,2024-02-04-T150000-chip20380_params_params_low_ISI_acqm.zip,chip20380,Retrosplenial Cortex
2607.5,1172.5,2024-02-04-T150000-chip20380_params_params_low_ISI_acqm.zip,chip20380,Retrosplenial Cortex
2432.5,1155.0,2024-02-04-T150000-chip20380_params_params_low_ISI_acqm.zip,chip20380,Retrosplenial Cortex
2712.5,1347.5,2024-02-04-T150000-chip20380_params_params_low_ISI_acqm.zip,chip20380,Retrosplenial Cortex
2695.0,1102.5,2024-02-04-T150000-chip20380_params_params_low_ISI_acqm.zip,chip20380,Retrosplenial Cortex
2660.0,1207.5,2024-02-04-T150000-chip20380_params_params_low_ISI_acqm.zip,chip20380,Retrosplenial Cortex
2712.5,1277.5,2024-02-04-T150000-chip20380_params_params_low_ISI_acqm.zip,chip20380,Retrosplenial Cortex
2642.5,1085.0,2024-02-04-T150000-chip20380_params_params_low_ISI_acqm.zip,chip20380,Retrosplenial Cortex
2712.5,1085.0,2024-02-04-T150000-chip20380_params_params_low_ISI_acqm.zip,chip20380,Retrosplenial Cortex
2555.0,1120.0,2024-02-04-T150000-chip20380_params_params_low_ISI_acqm.zip,chip20380,Retrosplenial Cortex
2555.0,1102.5,2024-02-04-T150000-chip20380_params_params_low_ISI_acqm.zip,chip20380,Retrosplenial Cortex
2660.0,1155.0,2024-02-04-T150000-chip20380_params_params_low_ISI_acqm.zip,chip20380,Retrosplenial Cortex
2660.0,1155.0,2024-02-04-T150000-chip20380_params_params_low_ISI_acqm.zip,chip20380,Retrosplenial Cortex
2642.5,1190.0,2024-02-04-T150000-chip20380_params_params_low_ISI_acqm.zip,chip20380,Retrosplenial Cortex
2660.0,1155.0,2024-02-04-T150000-chip20380_params_params_low_ISI_acqm.zip,chip20380,Retrosplenial Cortex
2607.5,1172.5,2024-02-04-T150000-chip20380_params_params_low_ISI_acqm.zip,chip20380,Retrosplenial Cortex
2607.5,1155.0,2024-02-04-T150000-chip20380_params_params_low_ISI_acqm.zip,chip20380,Retrosplenial Cortex
2660.0,1120.0,2024-02-04-T150000-chip20380_params_params_low_ISI_acqm.zip,chip20380,Retrosplenial Cortex
2625.0,1207.5,2024-02-04-T150000-chip20380_params_params_low_ISI_acqm.zip,chip20380,Retrosplenial Cortex
2625.0,1190.0,2024-02-04-T150000-chip20380_params_params_low_ISI_acqm.zip,chip20380,Retrosplenial Cortex
2625.0,1050.0,2024-02-04-T150000-chip20380_params_params_low_ISI_acqm.zip,chip20380,Retrosplenial Cortex
2660.0,1120.0,2024-02-04-T150000-chip20380_params_params_low_ISI_acqm.zip,chip20380,Retrosplenial Cortex
2712.5,1120.0,2024-02-04-T150000-chip20380_params_params_low_ISI_acqm.zip,chip20380,Retrosplenial Cortex
2712.5,1120.0,2024-02-04-T150000-chip20380_params_params_low_ISI_acqm.zip,chip20380,Retrosplenial Cortex
2607.5,1015.0,2024-02-04-T150000-chip20380_params_params_low_ISI_acqm.zip,chip20380,Retrosplenial Cortex
2642.5,1277.5,2024-02-04-T150000-chip20380_params_params_low_ISI_acqm.zip,chip20380,Retrosplenial Cortex
2677.5,1137.5,2024-02-04-T150000-chip20380_params_params_low_ISI_acqm.zip,chip20380,Retrosplenial Cortex
2607.5,1242.5,2024-02-04-T150000-chip20380_params_params_low_ISI_acqm.zip,chip20380,Retrosplenial Cortex
2677.5,1120.0,2024-02-04-T150000-chip20380_params_params_low_ISI_acqm.zip,chip20380,Retrosplenial Cortex
2607.5,1155.0,2024-02-04-T150000-chip20380_params_params_low_ISI_acqm.zip,chip20380,Retrosplenial Cortex
2642.5,1225.0,2024-02-04-T150000-chip20380_params_params_low_ISI_acqm.zip,chip20380,Retrosplenial Cortex
2625.0,1050.0,2024-02-04-T150000-chip20380_params_params_low_ISI_acqm.zip,chip20380,Retrosplenial Cortex
2537.5,1067.5,2024-02-04-T150000-chip20380_params_params_low_ISI_acqm.zip,chip20380,Retrosplenial Cortex
2677.5,1137.5,2024-02-04-T150000-chip20380_params_params_low_ISI_acqm.zip,chip20380,Retrosplenial Cortex
2642.5,1120.0,2024-02-04-T150000-chip20380_params_params_low_ISI_acqm.zip,chip20380,Retrosplenial Cortex
2590.0,997.5,2024-02-04-T150000-chip20380_params_params_low_ISI_acqm.zip,chip20380,Retrosplenial Cortex
2695.0,1242.5,2024-02-04-T150000-chip20380_params_params_low_ISI_acqm.zip,chip20380,Retrosplenial Cortex
2625.0,1190.0,2024-02-04-T150000-chip20380_params_params_low_ISI_acqm.zip,chip20380,Retrosplenial Cortex
2590.0,1260.0,2024-02-04-T150000-chip20380_params_params_low_ISI_acqm.zip,chip20380,Retrosplenial Cortex
2660.0,1172.5,2024-02-04-T150000-chip20380_params_params_low_ISI_acqm.zip,chip20380,Retrosplenial Cortex
2625.0,1295.0,2024-02-04-T150000-chip20380_params_params_low_ISI_acqm.zip,chip20380,Retrosplenial Cortex
2660.0,1137.5,2024-02-04-T160000-chip20380_params_params_low_ISI_acqm.zip,chip20380,Retrosplenial Cortex
2607.5,1155.0,2024-02-04-T160000-chip20380_params_params_low_ISI_acqm.zip,chip20380,Retrosplenial Cortex
2712.5,1155.0,2024-02-04-T160000-chip20380_params_params_low_ISI_acqm.zip,chip20380,Retrosplenial Cortex
2712.5,1225.0,2024-02-04-T160000-chip20380_params_params_low_ISI_acqm.zip,chip20380,Retrosplenial Cortex
2642.5,1295.0,2024-02-04-T160000-chip20380_params_params_low_ISI_acqm.zip,chip20380,Retrosplenial Cortex
2747.5,1260.0,2024-02-04-T160000-chip20380_params_params_low_ISI_acqm.zip,chip20380,Retrosplenial Cortex
2747.5,1137.5,2024-02-04-T160000-chip20380_params_params_low_ISI_acqm.zip,chip20380,Retrosplenial Cortex
2712.5,1190.0,2024-02-04-T160000-chip20380_params_params_low_ISI_acqm.zip,chip20380,Retrosplenial Cortex
717.5,1225.0,2024-02-04-T160000-chip20380_params_params_low_ISI_acqm.zip,chip20380,Septum
2520.0,1207.5,2024-02-04-T160000-chip20380_params_params_low_ISI_acqm.zip,chip20380,Retrosplenial Cortex
2660.0,1085.0,2024-02-04-T160000-chip20380_params_params_low_ISI_acqm.zip,chip20380,Retrosplenial Cortex
752.5,1347.5,2024-02-04-T160000-chip20380_params_params_low_ISI_acqm.zip,chip20380,Septum
2712.5,1085.0,2024-02-04-T160000-chip20380_params_params_low_ISI_acqm.zip,chip20380,Retrosplenial Cortex
2642.5,945.0,2024-02-04-T160000-chip20380_params_params_low_ISI_acqm.zip,chip20380,Retrosplenial Cortex
717.5,1400.0,2024-02-04-T160000-chip20380_params_params_low_ISI_acqm.zip,chip20380,Septum
2677.5,1120.0,2024-02-04-T160000-chip20380_params_params_low_ISI_acqm.zip,chip20380,Retrosplenial Cortex
2730.0,1277.5,2024-02-04-T160000-chip20380_params_params_low_ISI_acqm.zip,chip20380,Retrosplenial Cortex
805.0,1417.5,2024-02-04-T160000-chip20380_params_params_low_ISI_acqm.zip,chip20380,Septum
2572.5,1102.5,2024-02-04-T160000-chip20380_params_params_low_ISI_acqm.zip,chip20380,Retrosplenial Cortex
787.5,1435.0,2024-02-04-T160000-chip20380_params_params_low_ISI_acqm.zip,chip20380,Septum
2520.0,1137.5,2024-02-04-T160000-chip20380_params_params_low_ISI_acqm.zip,chip20380,Retrosplenial Cortex
2642.5,1242.5,2024-02-04-T160000-chip20380_params_params_low_ISI_acqm.zip,chip20380,Retrosplenial Cortex
2625.0,1172.5,2024-02-04-T160000-chip20380_params_params_low_ISI_acqm.zip,chip20380,Retrosplenial Cortex
2695.0,1172.5,2024-02-04-T160000-chip20380_params_params_low_ISI_acqm.zip,chip20380,Retrosplenial Cortex
787.5,1435.0,2024-02-04-T160000-chip20380_params_params_low_ISI_acqm.zip,chip20380,Septum
2642.5,1207.5,2024-02-04-T160000-chip20380_params_params_low_ISI_acqm.zip,chip20380,Retrosplenial Cortex
2625.0,1242.5,2024-02-04-T160000-chip20380_params_params_low_ISI_acqm.zip,chip20380,Retrosplenial Cortex
2625.0,1260.0,2024-02-04-T160000-chip20380_params_params_low_ISI_acqm.zip,chip20380,Retrosplenial Cortex
2590.0,1067.5,2024-02-04-T160000-chip20380_params_params_low_ISI_acqm.zip,chip20380,Retrosplenial Cortex
2660.0,1295.0,2024-02-04-T160000-chip20380_params_params_low_ISI_acqm.zip,chip20380,Retrosplenial Cortex
2555.0,962.5,2024-02-04-T160000-chip20380_params_params_low_ISI_acqm.zip,chip20380,Retrosplenial Cortex
787.5,1645.0,2024-02-04-T160000-chip20380_params_params_low_ISI_acqm.zip,chip20380,Septum
2520.0,1277.5,2024-02-04-T160000-chip20380_params_params_low_ISI_acqm.zip,chip20380,Retrosplenial Cortex
2642.5,1015.0,2024-02-04-T160000-chip20380_params_params_low_ISI_acqm.zip,chip20380,Retrosplenial Cortex
2642.5,1015.0,2024-02-04-T160000-chip20380_params_params_low_ISI_acqm.zip,chip20380,Retrosplenial Cortex
2607.5,1155.0,2024-02-04-T160000-chip20380_params_params_low_ISI_acqm.zip,chip20380,Retrosplenial Cortex
2660.0,1120.0,2024-02-04-T160000-chip20380_params_params_low_ISI_acqm.zip,chip20380,Retrosplenial Cortex
2572.5,1015.0,2024-02-04-T160000-chip20380_params_params_low_ISI_acqm.zip,chip20380,Retrosplenial Cortex
2590.0,1032.5,2024-02-04-T160000-chip20380_params_params_low_ISI_acqm.zip,chip20380,Retrosplenial Cortex
542.5,52.5,2024-02-04-T160000-chip20380_params_params_low_ISI_acqm.zip,chip20380,Striatum
2677.5,1067.5,2024-02-04-T160000-chip20380_params_params_low_ISI_acqm.zip,chip20380,Retrosplenial Cortex
2712.5,1172.5,2024-02-04-T160000-chip20380_params_params_low_ISI_acqm.zip,chip20380,Retrosplenial Cortex
2747.5,1295.0,2024-02-04-T160000-chip20380_params_params_low_ISI_acqm.zip,chip20380,Retrosplenial Cortex
2695.0,1242.5,2024-02-04-T160000-chip20380_params_params_low_ISI_acqm.zip,chip20380,Retrosplenial Cortex
770.0,1627.5,2024-02-04-T160000-chip20380_params_params_low_ISI_acqm.zip,chip20380,Septum
752.5,1382.5,2024-02-04-T160000-chip20380_params_params_low_ISI_acqm.zip,chip20380,Septum
2695.0,1260.0,2024-02-04-T160000-chip20380_params_params_low_ISI_acqm.zip,chip20380,Retrosplenial Cortex
2677.5,1295.0,2024-02-04-T160000-chip20380_params_params_low_ISI_acqm.zip,chip20380,Retrosplenial Cortex
2642.5,1120.0,2024-02-04-T160000-chip20380_params_params_low_ISI_acqm.zip,chip20380,Retrosplenial Cortex
2625.0,1207.5,2024-02-04-T160000-chip20380_params_params_low_ISI_acqm.zip,chip20380,Retrosplenial Cortex
2572.5,1260.0,2024-02-04-T160000-chip20380_params_params_low_ISI_acqm.zip,chip20380,Retrosplenial Cortex
385.0,122.5,2024-02-04-T160000-chip20380_params_params_low_ISI_acqm.zip,chip20380,Striatum
2485.0,1225.0,2024-02-04-T160000-chip20380_params_params_low_ISI_acqm.zip,chip20380,Retrosplenial Cortex
2660.0,1085.0,2024-02-04-T160000-chip20380_params_params_low_ISI_acqm.zip,chip20380,Retrosplenial Cortex
2677.5,1137.5,2024-02-04-T160000-chip20380_params_params_low_ISI_acqm.zip,chip20380,Retrosplenial Cortex
2677.5,1137.5,2024-02-04-T160000-chip20380_params_params_low_ISI_acqm.zip,chip20380,Retrosplenial Cortex
2695.0,1190.0,2024-02-04-T160000-chip20380_params_params_low_ISI_acqm.zip,chip20380,Retrosplenial Cortex
857.5,1557.5,2024-02-04-T160000-chip20380_params_params_low_ISI_acqm.zip,chip20380,Septum
717.5,1400.0,2024-02-04-T160000-chip20380_params_params_low_ISI_acqm.zip,chip20380,Septum
2625.0,1067.5,2024-02-04-T160000-chip20380_params_params_low_ISI_acqm.zip,chip20380,Retrosplenial Cortex
2660.0,1120.0,2024-02-04-T160000-chip20380_params_params_low_ISI_acqm.zip,chip20380,Retrosplenial Cortex
2712.5,1050.0,2024-02-04-T160000-chip20380_params_params_low_ISI_acqm.zip,chip20380,Retrosplenial Cortex
735.0,1382.5,2024-02-04-T160000-chip20380_params_params_low_ISI_acqm.zip,chip20380,Septum
735.0,1312.5,2024-02-04-T160000-chip20380_params_params_low_ISI_acqm.zip,chip20380,Septum
2712.5,1120.0,2024-02-04-T160000-chip20380_params_params_low_ISI_acqm.zip,chip20380,Retrosplenial Cortex
2502.5,1102.5,2024-02-04-T160000-chip20380_params_params_low_ISI_acqm.zip,chip20380,Retrosplenial Cortex
2555.0,1120.0,2024-02-04-T160000-chip20380_params_params_low_ISI_acqm.zip,chip20380,Retrosplenial Cortex
2625.0,1172.5,2024-02-04-T160000-chip20380_params_params_low_ISI_acqm.zip,chip20380,Retrosplenial Cortex
2607.5,1155.0,2024-02-04-T160000-chip20380_params_params_low_ISI_acqm.zip,chip20380,Retrosplenial Cortex
2485.0,1190.0,2024-02-04-T160000-chip20380_params_params_low_ISI_acqm.zip,chip20380,Retrosplenial Cortex
770.0,1575.0,2024-02-04-T160000-chip20380_params_params_low_ISI_acqm.zip,chip20380,Septum
875.0,1522.5,2024-02-04-T160000-chip20380_params_params_low_ISI_acqm.zip,chip20380,Septum
1697.5,350.0,2024-02-04-T160000-chip20380_params_params_low_ISI_acqm.zip,chip20380,Unknown
2537.5,1260.0,2024-02-04-T160000-chip20380_params_params_low_ISI_acqm.zip,chip20380,Retrosplenial Cortex
2555.0,1120.0,2024-02-04-T160000-chip20380_params_params_low_ISI_acqm.zip,chip20380,Retrosplenial Cortex
2660.0,1067.5,2024-02-04-T160000-chip20380_params_params_low_ISI_acqm.zip,chip20380,Retrosplenial Cortex
2747.5,1032.5,2024-02-04-T160000-chip20380_params_params_low_ISI_acqm.zip,chip20380,Retrosplenial Cortex
2695.0,1085.0,2024-02-04-T160000-chip20380_params_params_low_ISI_acqm.zip,chip20380,Retrosplenial Cortex
2695.0,1015.0,2024-02-04-T160000-chip20380_params_params_low_ISI_acqm.zip,chip20380,Retrosplenial Cortex
2677.5,1032.5,2024-02-04-T160000-chip20380_params_params_low_ISI_acqm.zip,chip20380,Retrosplenial Cortex
2625.0,1207.5,2024-02-04-T160000-chip20380_params_params_low_ISI_acqm.zip,chip20380,Retrosplenial Cortex
2625.0,1067.5,2024-02-04-T160000-chip20380_params_params_low_ISI_acqm.zip,chip20380,Retrosplenial Cortex
2590.0,1120.0,2024-02-04-T160000-chip20380_params_params_low_ISI_acqm.zip,chip20380,Retrosplenial Cortex
2642.5,1277.5,2024-02-04-T160000-chip20380_params_params_low_ISI_acqm.zip,chip20380,Retrosplenial Cortex
2765.0,1295.0,2024-02-04-T160000-chip20380_params_params_low_ISI_acqm.zip,chip20380,Unknown
2677.5,1312.5,2024-02-04-T160000-chip20380_params_params_low_ISI_acqm.zip,chip20380,Retrosplenial Cortex
2660.0,1120.0,2024-02-04-T160000-chip20380_params_params_low_ISI_acqm.zip,chip20380,Retrosplenial Cortex
2747.5,1312.5,2024-02-04-T160000-chip20380_params_params_low_ISI_acqm.zip,chip20380,Retrosplenial Cortex
2677.5,1260.0,2024-02-04-T160000-chip20380_params_params_low_ISI_acqm.zip,chip20380,Retrosplenial Cortex
2677.5,1312.5,2024-02-04-T160000-chip20380_params_params_low_ISI_acqm.zip,chip20380,Retrosplenial Cortex
2607.5,1242.5,2024-02-04-T160000-chip20380_params_params_low_ISI_acqm.zip,chip20380,Retrosplenial Cortex
2677.5,1172.5,2024-02-04-T160000-chip20380_params_params_low_ISI_acqm.zip,chip20380,Retrosplenial Cortex
2712.5,1277.5,2024-02-04-T160000-chip20380_params_params_low_ISI_acqm.zip,chip20380,Retrosplenial Cortex
2730.0,1312.5,2024-02-04-T160000-chip20380_params_params_low_ISI_acqm.zip,chip20380,Retrosplenial Cortex
2712.5,1347.5,2024-02-04-T160000-chip20380_params_params_low_ISI_acqm.zip,chip20380,Retrosplenial Cortex
2677.5,1102.5,2024-02-04-T160000-chip20380_params_params_low_ISI_acqm.zip,chip20380,Retrosplenial Cortex
2660.0,1207.5,2024-02-04-T160000-chip20380_params_params_low_ISI_acqm.zip,chip20380,Retrosplenial Cortex
2712.5,1242.5,2024-02-04-T160000-chip20380_params_params_low_ISI_acqm.zip,chip20380,Retrosplenial Cortex
2712.5,1295.0,2024-02-04-T160000-chip20380_params_params_low_ISI_acqm.zip,chip20380,Retrosplenial Cortex
2712.5,1330.0,2024-02-04-T160000-chip20380_params_params_low_ISI_acqm.zip,chip20380,Retrosplenial Cortex
2660.0,1172.5,2024-02-04-T160000-chip20380_params_params_low_ISI_acqm.zip,chip20380,Retrosplenial Cortex
2660.0,1155.0,2024-02-04-T160000-chip20380_params_params_low_ISI_acqm.zip,chip20380,Retrosplenial Cortex
2677.5,1120.0,2024-02-04-T160000-chip20380_params_params_low_ISI_acqm.zip,chip20380,Retrosplenial Cortex
2590.0,997.5,2024-02-04-T160000-chip20380_params_params_low_ISI_acqm.zip,chip20380,Retrosplenial Cortex
2695.0,1225.0,2024-02-04-T160000-chip20380_params_params_low_ISI_acqm.zip,chip20380,Retrosplenial Cortex
2712.5,1242.5,2024-02-04-T160000-chip20380_params_params_low_ISI_acqm.zip,chip20380,Retrosplenial Cortex
2695.0,1242.5,2024-02-04-T160000-chip20380_params_params_low_ISI_acqm.zip,chip20380,Retrosplenial Cortex
2695.0,1277.5,2024-02-04-T160000-chip20380_params_params_low_ISI_acqm.zip,chip20380,Retrosplenial Cortex
2660.0,1120.0,2024-02-04-T160000-chip20380_params_params_low_ISI_acqm.zip,chip20380,Retrosplenial Cortex
2625.0,1207.5,2024-02-04-T160000-chip20380_params_params_low_ISI_acqm.zip,chip20380,Retrosplenial Cortex
2467.5,1137.5,2024-02-04-T160000-chip20380_params_params_low_ISI_acqm.zip,chip20380,Retrosplenial Cortex
752.5,1382.5,2024-02-04-T160000-chip20380_params_params_low_ISI_acqm.zip,chip20380,Septum
2747.5,1155.0,2024-02-04-T160000-chip20380_params_params_low_ISI_acqm.zip,chip20380,Retrosplenial Cortex
2695.0,1067.5,2024-02-04-T160000-chip20380_params_params_low_ISI_acqm.zip,chip20380,Retrosplenial Cortex
892.5,1505.0,2024-02-04-T160000-chip20380_params_params_low_ISI_acqm.zip,chip20380,Septum
892.5,1505.0,2024-02-04-T160000-chip20380_params_params_low_ISI_acqm.zip,chip20380,Septum
2677.5,1032.5,2024-02-04-T160000-chip20380_params_params_low_ISI_acqm.zip,chip20380,Retrosplenial Cortex
2642.5,1277.5,2024-02-04-T160000-chip20380_params_params_low_ISI_acqm.zip,chip20380,Retrosplenial Cortex
2677.5,1242.5,2024-02-04-T160000-chip20380_params_params_low_ISI_acqm.zip,chip20380,Retrosplenial Cortex
2590.0,1260.0,2024-02-04-T160000-chip20380_params_params_low_ISI_acqm.zip,chip20380,Retrosplenial Cortex
2747.5,1330.0,2024-02-04-T160000-chip20380_params_params_low_ISI_acqm.zip,chip20380,Retrosplenial Cortex
2695.0,1242.5,2024-02-04-T160000-chip20380_params_params_low_ISI_acqm.zip,chip20380,Retrosplenial Cortex
2660.0,1120.0,2024-02-04-T160000-chip20380_params_params_low_ISI_acqm.zip,chip20380,Retrosplenial Cortex
2467.5,1102.5,2024-02-04-T160000-chip20380_params_params_low_ISI_acqm.zip,chip20380,Retrosplenial Cortex
2660.0,1242.5,2024-02-04-T160000-chip20380_params_params_low_ISI_acqm.zip,chip20380,Retrosplenial Cortex
2502.5,1242.5,2024-02-04-T160000-chip20380_params_params_low_ISI_acqm.zip,chip20380,Retrosplenial Cortex
2642.5,1277.5,2024-02-04-T160000-chip20380_params_params_low_ISI_acqm.zip,chip20380,Retrosplenial Cortex
2555.0,1102.5,2024-02-04-T160000-chip20380_params_params_low_ISI_acqm.zip,chip20380,Retrosplenial Cortex
2537.5,1067.5,2024-02-04-T160000-chip20380_params_params_low_ISI_acqm.zip,chip20380,Retrosplenial Cortex
2695.0,1295.0,2024-02-04-T160000-chip20380_params_params_low_ISI_acqm.zip,chip20380,Retrosplenial Cortex
2590.0,1260.0,2024-02-04-T160000-chip20380_params_params_low_ISI_acqm.zip,chip20380,Retrosplenial Cortex
2642.5,1120.0,2024-02-04-T160000-chip20380_params_params_low_ISI_acqm.zip,chip20380,Retrosplenial Cortex
875.0,1522.5,2024-02-04-T160000-chip20380_params_params_low_ISI_acqm.zip,chip20380,Septum
2660.0,1120.0,2024-02-04-T220000-chip20380_params_params_low_ISI_acqm.zip,chip20380,Retrosplenial Cortex
2677.5,1155.0,2024-02-04-T220000-chip20380_params_params_low_ISI_acqm.zip,chip20380,Retrosplenial Cortex
2695.0,1102.5,2024-02-04-T220000-chip20380_params_params_low_ISI_acqm.zip,chip20380,Retrosplenial Cortex
2660.0,1207.5,2024-02-04-T220000-chip20380_params_params_low_ISI_acqm.zip,chip20380,Retrosplenial Cortex
2712.5,1225.0,2024-02-04-T220000-chip20380_params_params_low_ISI_acqm.zip,chip20380,Retrosplenial Cortex
2660.0,1277.5,2024-02-04-T220000-chip20380_params_params_low_ISI_acqm.zip,chip20380,Retrosplenial Cortex
2747.5,1260.0,2024-02-04-T220000-chip20380_params_params_low_ISI_acqm.zip,chip20380,Retrosplenial Cortex
2677.5,1032.5,2024-02-04-T220000-chip20380_params_params_low_ISI_acqm.zip,chip20380,Retrosplenial Cortex
2677.5,1032.5,2024-02-04-T220000-chip20380_params_params_low_ISI_acqm.zip,chip20380,Retrosplenial Cortex
2730.0,1277.5,2024-02-04-T220000-chip20380_params_params_low_ISI_acqm.zip,chip20380,Retrosplenial Cortex
2712.5,1190.0,2024-02-04-T220000-chip20380_params_params_low_ISI_acqm.zip,chip20380,Retrosplenial Cortex
2625.0,1067.5,2024-02-04-T220000-chip20380_params_params_low_ISI_acqm.zip,chip20380,Retrosplenial Cortex
752.5,1347.5,2024-02-04-T220000-chip20380_params_params_low_ISI_acqm.zip,chip20380,Septum
2712.5,1085.0,2024-02-04-T220000-chip20380_params_params_low_ISI_acqm.zip,chip20380,Retrosplenial Cortex
2642.5,945.0,2024-02-04-T220000-chip20380_params_params_low_ISI_acqm.zip,chip20380,Retrosplenial Cortex
2730.0,1190.0,2024-02-04-T220000-chip20380_params_params_low_ISI_acqm.zip,chip20380,Retrosplenial Cortex
2677.5,1207.5,2024-02-04-T220000-chip20380_params_params_low_ISI_acqm.zip,chip20380,Retrosplenial Cortex
717.5,1400.0,2024-02-04-T220000-chip20380_params_params_low_ISI_acqm.zip,chip20380,Septum
2625.0,1067.5,2024-02-04-T220000-chip20380_params_params_low_ISI_acqm.zip,chip20380,Retrosplenial Cortex
805.0,1417.5,2024-02-04-T220000-chip20380_params_params_low_ISI_acqm.zip,chip20380,Septum
787.5,1417.5,2024-02-04-T220000-chip20380_params_params_low_ISI_acqm.zip,chip20380,Septum
2555.0,1102.5,2024-02-04-T220000-chip20380_params_params_low_ISI_acqm.zip,chip20380,Retrosplenial Cortex
2555.0,1102.5,2024-02-04-T220000-chip20380_params_params_low_ISI_acqm.zip,chip20380,Retrosplenial Cortex
2660.0,1155.0,2024-02-04-T220000-chip20380_params_params_low_ISI_acqm.zip,chip20380,Retrosplenial Cortex
2642.5,1242.5,2024-02-04-T220000-chip20380_params_params_low_ISI_acqm.zip,chip20380,Retrosplenial Cortex
2625.0,1172.5,2024-02-04-T220000-chip20380_params_params_low_ISI_acqm.zip,chip20380,Retrosplenial Cortex
2625.0,1032.5,2024-02-04-T220000-chip20380_params_params_low_ISI_acqm.zip,chip20380,Retrosplenial Cortex
2695.0,1172.5,2024-02-04-T220000-chip20380_params_params_low_ISI_acqm.zip,chip20380,Retrosplenial Cortex
787.5,1417.5,2024-02-04-T220000-chip20380_params_params_low_ISI_acqm.zip,chip20380,Septum
2590.0,1732.5,2024-02-04-T220000-chip20380_params_params_low_ISI_acqm.zip,chip20380,Unknown
2660.0,1225.0,2024-02-04-T220000-chip20380_params_params_low_ISI_acqm.zip,chip20380,Retrosplenial Cortex
2625.0,1172.5,2024-02-04-T220000-chip20380_params_params_low_ISI_acqm.zip,chip20380,Retrosplenial Cortex
2747.5,1312.5,2024-02-04-T220000-chip20380_params_params_low_ISI_acqm.zip,chip20380,Retrosplenial Cortex
2677.5,1155.0,2024-02-04-T220000-chip20380_params_params_low_ISI_acqm.zip,chip20380,Retrosplenial Cortex
420.0,105.0,2024-02-04-T220000-chip20380_params_params_low_ISI_acqm.zip,chip20380,Striatum
787.5,1645.0,2024-02-04-T220000-chip20380_params_params_low_ISI_acqm.zip,chip20380,Septum
2642.5,1260.0,2024-02-04-T220000-chip20380_params_params_low_ISI_acqm.zip,chip20380,Retrosplenial Cortex
2625.0,1260.0,2024-02-04-T220000-chip20380_params_params_low_ISI_acqm.zip,chip20380,Retrosplenial Cortex
2660.0,1155.0,2024-02-04-T220000-chip20380_params_params_low_ISI_acqm.zip,chip20380,Retrosplenial Cortex
2660.0,1295.0,2024-02-04-T220000-chip20380_params_params_low_ISI_acqm.zip,chip20380,Retrosplenial Cortex
2712.5,1295.0,2024-02-04-T220000-chip20380_params_params_low_ISI_acqm.zip,chip20380,Retrosplenial Cortex
2555.0,962.5,2024-02-04-T220000-chip20380_params_params_low_ISI_acqm.zip,chip20380,Retrosplenial Cortex
2590.0,1015.0,2024-02-04-T220000-chip20380_params_params_low_ISI_acqm.zip,chip20380,Retrosplenial Cortex
2590.0,997.5,2024-02-04-T220000-chip20380_params_params_low_ISI_acqm.zip,chip20380,Retrosplenial Cortex
2642.5,1015.0,2024-02-04-T220000-chip20380_params_params_low_ISI_acqm.zip,chip20380,Retrosplenial Cortex
2625.0,1172.5,2024-02-04-T220000-chip20380_params_params_low_ISI_acqm.zip,chip20380,Retrosplenial Cortex
2660.0,1120.0,2024-02-04-T220000-chip20380_params_params_low_ISI_acqm.zip,chip20380,Retrosplenial Cortex
2590.0,1015.0,2024-02-04-T220000-chip20380_params_params_low_ISI_acqm.zip,chip20380,Retrosplenial Cortex
2677.5,980.0,2024-02-04-T220000-chip20380_params_params_low_ISI_acqm.zip,chip20380,Retrosplenial Cortex
542.5,52.5,2024-02-04-T220000-chip20380_params_params_low_ISI_acqm.zip,chip20380,Striatum
2677.5,1067.5,2024-02-04-T220000-chip20380_params_params_low_ISI_acqm.zip,chip20380,Retrosplenial Cortex
2730.0,1137.5,2024-02-04-T220000-chip20380_params_params_low_ISI_acqm.zip,chip20380,Retrosplenial Cortex
2712.5,1172.5,2024-02-04-T220000-chip20380_params_params_low_ISI_acqm.zip,chip20380,Retrosplenial Cortex
2747.5,1295.0,2024-02-04-T220000-chip20380_params_params_low_ISI_acqm.zip,chip20380,Retrosplenial Cortex
2712.5,1242.5,2024-02-04-T220000-chip20380_params_params_low_ISI_acqm.zip,chip20380,Retrosplenial Cortex
770.0,1627.5,2024-02-04-T220000-chip20380_params_params_low_ISI_acqm.zip,chip20380,Septum
752.5,1365.0,2024-02-04-T220000-chip20380_params_params_low_ISI_acqm.zip,chip20380,Septum
2695.0,1260.0,2024-02-04-T220000-chip20380_params_params_low_ISI_acqm.zip,chip20380,Retrosplenial Cortex
2695.0,1260.0,2024-02-04-T220000-chip20380_params_params_low_ISI_acqm.zip,chip20380,Retrosplenial Cortex
2607.5,1155.0,2024-02-04-T220000-chip20380_params_params_low_ISI_acqm.zip,chip20380,Retrosplenial Cortex
2642.5,1190.0,2024-02-04-T220000-chip20380_params_params_low_ISI_acqm.zip,chip20380,Retrosplenial Cortex
2642.5,1190.0,2024-02-04-T220000-chip20380_params_params_low_ISI_acqm.zip,chip20380,Retrosplenial Cortex
2677.5,1295.0,2024-02-04-T220000-chip20380_params_params_low_ISI_acqm.zip,chip20380,Retrosplenial Cortex
2625.0,1207.5,2024-02-04-T220000-chip20380_params_params_low_ISI_acqm.zip,chip20380,Retrosplenial Cortex
2625.0,1207.5,2024-02-04-T220000-chip20380_params_params_low_ISI_acqm.zip,chip20380,Retrosplenial Cortex
2572.5,1067.5,2024-02-04-T220000-chip20380_params_params_low_ISI_acqm.zip,chip20380,Retrosplenial Cortex
2572.5,1242.5,2024-02-04-T220000-chip20380_params_params_low_ISI_acqm.zip,chip20380,Retrosplenial Cortex
2467.5,1102.5,2024-02-04-T220000-chip20380_params_params_low_ISI_acqm.zip,chip20380,Retrosplenial Cortex
2625.0,1120.0,2024-02-04-T220000-chip20380_params_params_low_ISI_acqm.zip,chip20380,Retrosplenial Cortex
2660.0,1102.5,2024-02-04-T220000-chip20380_params_params_low_ISI_acqm.zip,chip20380,Retrosplenial Cortex
2677.5,1137.5,2024-02-04-T220000-chip20380_params_params_low_ISI_acqm.zip,chip20380,Retrosplenial Cortex
2677.5,1137.5,2024-02-04-T220000-chip20380_params_params_low_ISI_acqm.zip,chip20380,Retrosplenial Cortex
2660.0,1155.0,2024-02-04-T220000-chip20380_params_params_low_ISI_acqm.zip,chip20380,Retrosplenial Cortex
2695.0,1190.0,2024-02-04-T220000-chip20380_params_params_low_ISI_acqm.zip,chip20380,Retrosplenial Cortex
857.5,1540.0,2024-02-04-T220000-chip20380_params_params_low_ISI_acqm.zip,chip20380,Septum
717.5,1225.0,2024-02-04-T220000-chip20380_params_params_low_ISI_acqm.zip,chip20380,Septum
2730.0,1155.0,2024-02-04-T220000-chip20380_params_params_low_ISI_acqm.zip,chip20380,Retrosplenial Cortex
717.5,1382.5,2024-02-04-T220000-chip20380_params_params_low_ISI_acqm.zip,chip20380,Septum
735.0,1382.5,2024-02-04-T220000-chip20380_params_params_low_ISI_acqm.zip,chip20380,Septum
822.5,1347.5,2024-02-04-T220000-chip20380_params_params_low_ISI_acqm.zip,chip20380,Septum
2712.5,1120.0,2024-02-04-T220000-chip20380_params_params_low_ISI_acqm.zip,chip20380,Retrosplenial Cortex
2502.5,1102.5,2024-02-04-T220000-chip20380_params_params_low_ISI_acqm.zip,chip20380,Retrosplenial Cortex
2485.0,1102.5,2024-02-04-T220000-chip20380_params_params_low_ISI_acqm.zip,chip20380,Retrosplenial Cortex
2625.0,1172.5,2024-02-04-T220000-chip20380_params_params_low_ISI_acqm.zip,chip20380,Retrosplenial Cortex
2485.0,1190.0,2024-02-04-T220000-chip20380_params_params_low_ISI_acqm.zip,chip20380,Retrosplenial Cortex
2695.0,1067.5,2024-02-04-T220000-chip20380_params_params_low_ISI_acqm.zip,chip20380,Retrosplenial Cortex
2467.5,1155.0,2024-02-04-T220000-chip20380_params_params_low_ISI_acqm.zip,chip20380,Retrosplenial Cortex
2712.5,1207.5,2024-02-04-T220000-chip20380_params_params_low_ISI_acqm.zip,chip20380,Retrosplenial Cortex
875.0,1522.5,2024-02-04-T220000-chip20380_params_params_low_ISI_acqm.zip,chip20380,Septum
1697.5,350.0,2024-02-04-T220000-chip20380_params_params_low_ISI_acqm.zip,chip20380,Unknown
2537.5,1277.5,2024-02-04-T220000-chip20380_params_params_low_ISI_acqm.zip,chip20380,Retrosplenial Cortex
2607.5,1015.0,2024-02-04-T220000-chip20380_params_params_low_ISI_acqm.zip,chip20380,Retrosplenial Cortex
2660.0,1050.0,2024-02-04-T220000-chip20380_params_params_low_ISI_acqm.zip,chip20380,Retrosplenial Cortex
2660.0,1050.0,2024-02-04-T220000-chip20380_params_params_low_ISI_acqm.zip,chip20380,Retrosplenial Cortex
2747.5,1032.5,2024-02-04-T220000-chip20380_params_params_low_ISI_acqm.zip,chip20380,Retrosplenial Cortex
2555.0,1295.0,2024-02-04-T220000-chip20380_params_params_low_ISI_acqm.zip,chip20380,Retrosplenial Cortex
2520.0,1260.0,2024-02-04-T220000-chip20380_params_params_low_ISI_acqm.zip,chip20380,Retrosplenial Cortex
2712.5,1137.5,2024-02-04-T220000-chip20380_params_params_low_ISI_acqm.zip,chip20380,Retrosplenial Cortex
2712.5,1137.5,2024-02-04-T220000-chip20380_params_params_low_ISI_acqm.zip,chip20380,Retrosplenial Cortex
2695.0,1085.0,2024-02-04-T220000-chip20380_params_params_low_ISI_acqm.zip,chip20380,Retrosplenial Cortex
2520.0,1120.0,2024-02-04-T220000-chip20380_params_params_low_ISI_acqm.zip,chip20380,Retrosplenial Cortex
2695.0,1015.0,2024-02-04-T220000-chip20380_params_params_low_ISI_acqm.zip,chip20380,Retrosplenial Cortex
2677.5,1102.5,2024-02-04-T220000-chip20380_params_params_low_ISI_acqm.zip,chip20380,Retrosplenial Cortex
2625.0,1242.5,2024-02-04-T220000-chip20380_params_params_low_ISI_acqm.zip,chip20380,Retrosplenial Cortex
2677.5,1032.5,2024-02-04-T220000-chip20380_params_params_low_ISI_acqm.zip,chip20380,Retrosplenial Cortex
2590.0,1120.0,2024-02-04-T220000-chip20380_params_params_low_ISI_acqm.zip,chip20380,Retrosplenial Cortex
2642.5,1277.5,2024-02-04-T220000-chip20380_params_params_low_ISI_acqm.zip,chip20380,Retrosplenial Cortex
2765.0,1295.0,2024-02-04-T220000-chip20380_params_params_low_ISI_acqm.zip,chip20380,Unknown
2607.5,1102.5,2024-02-04-T220000-chip20380_params_params_low_ISI_acqm.zip,chip20380,Retrosplenial Cortex
2660.0,1120.0,2024-02-04-T220000-chip20380_params_params_low_ISI_acqm.zip,chip20380,Retrosplenial Cortex
2642.5,1207.5,2024-02-04-T220000-chip20380_params_params_low_ISI_acqm.zip,chip20380,Retrosplenial Cortex
2695.0,1295.0,2024-02-04-T220000-chip20380_params_params_low_ISI_acqm.zip,chip20380,Retrosplenial Cortex
2695.0,1295.0,2024-02-04-T220000-chip20380_params_params_low_ISI_acqm.zip,chip20380,Retrosplenial Cortex
2590.0,1260.0,2024-02-04-T220000-chip20380_params_params_low_ISI_acqm.zip,chip20380,Retrosplenial Cortex
2467.5,1137.5,2024-02-04-T220000-chip20380_params_params_low_ISI_acqm.zip,chip20380,Retrosplenial Cortex
2677.5,1155.0,2024-02-04-T220000-chip20380_params_params_low_ISI_acqm.zip,chip20380,Retrosplenial Cortex
2695.0,1242.5,2024-02-04-T220000-chip20380_params_params_low_ISI_acqm.zip,chip20380,Retrosplenial Cortex
2747.5,1242.5,2024-02-04-T220000-chip20380_params_params_low_ISI_acqm.zip,chip20380,Retrosplenial Cortex
2555.0,997.5,2024-02-04-T220000-chip20380_params_params_low_ISI_acqm.zip,chip20380,Retrosplenial Cortex
2712.5,1347.5,2024-02-04-T220000-chip20380_params_params_low_ISI_acqm.zip,chip20380,Retrosplenial Cortex
2712.5,1172.5,2024-02-04-T220000-chip20380_params_params_low_ISI_acqm.zip,chip20380,Retrosplenial Cortex
2642.5,1085.0,2024-02-04-T220000-chip20380_params_params_low_ISI_acqm.zip,chip20380,Retrosplenial Cortex
2712.5,1085.0,2024-02-04-T220000-chip20380_params_params_low_ISI_acqm.zip,chip20380,Retrosplenial Cortex
2590.0,1155.0,2024-02-04-T220000-chip20380_params_params_low_ISI_acqm.zip,chip20380,Retrosplenial Cortex
2677.5,1120.0,2024-02-04-T220000-chip20380_params_params_low_ISI_acqm.zip,chip20380,Retrosplenial Cortex
2677.5,1155.0,2024-02-04-T220000-chip20380_params_params_low_ISI_acqm.zip,chip20380,Retrosplenial Cortex
2590.0,1067.5,2024-02-04-T220000-chip20380_params_params_low_ISI_acqm.zip,chip20380,Retrosplenial Cortex
2660.0,1155.0,2024-02-04-T220000-chip20380_params_params_low_ISI_acqm.zip,chip20380,Retrosplenial Cortex
2677.5,1102.5,2024-02-04-T220000-chip20380_params_params_low_ISI_acqm.zip,chip20380,Retrosplenial Cortex
2695.0,1242.5,2024-02-04-T220000-chip20380_params_params_low_ISI_acqm.zip,chip20380,Retrosplenial Cortex
2695.0,1242.5,2024-02-04-T220000-chip20380_params_params_low_ISI_acqm.zip,chip20380,Retrosplenial Cortex
2712.5,1277.5,2024-02-04-T220000-chip20380_params_params_low_ISI_acqm.zip,chip20380,Retrosplenial Cortex
2695.0,1260.0,2024-02-04-T220000-chip20380_params_params_low_ISI_acqm.zip,chip20380,Retrosplenial Cortex
385.0,122.5,2024-02-04-T220000-chip20380_params_params_low_ISI_acqm.zip,chip20380,Striatum
2765.0,1277.5,2024-02-04-T220000-chip20380_params_params_low_ISI_acqm.zip,chip20380,Unknown
2485.0,1225.0,2024-02-04-T220000-chip20380_params_params_low_ISI_acqm.zip,chip20380,Retrosplenial Cortex
2485.0,1242.5,2024-02-04-T220000-chip20380_params_params_low_ISI_acqm.zip,chip20380,Retrosplenial Cortex
2730.0,1155.0,2024-02-04-T220000-chip20380_params_params_low_ISI_acqm.zip,chip20380,Retrosplenial Cortex
2712.5,1050.0,2024-02-04-T220000-chip20380_params_params_low_ISI_acqm.zip,chip20380,Retrosplenial Cortex
2695.0,1050.0,2024-02-04-T220000-chip20380_params_params_low_ISI_acqm.zip,chip20380,Retrosplenial Cortex
2712.5,1120.0,2024-02-04-T220000-chip20380_params_params_low_ISI_acqm.zip,chip20380,Retrosplenial Cortex
2695.0,1067.5,2024-02-04-T220000-chip20380_params_params_low_ISI_acqm.zip,chip20380,Retrosplenial Cortex
2607.5,1015.0,2024-02-04-T220000-chip20380_params_params_low_ISI_acqm.zip,chip20380,Retrosplenial Cortex
2625.0,1225.0,2024-02-04-T220000-chip20380_params_params_low_ISI_acqm.zip,chip20380,Retrosplenial Cortex
2642.5,1277.5,2024-02-04-T220000-chip20380_params_params_low_ISI_acqm.zip,chip20380,Retrosplenial Cortex
2642.5,980.0,2024-02-04-T220000-chip20380_params_params_low_ISI_acqm.zip,chip20380,Retrosplenial Cortex
2607.5,1260.0,2024-02-04-T220000-chip20380_params_params_low_ISI_acqm.zip,chip20380,Retrosplenial Cortex
2712.5,1365.0,2024-02-04-T220000-chip20380_params_params_low_ISI_acqm.zip,chip20380,Retrosplenial Cortex
2660.0,1207.5,2024-02-04-T220000-chip20380_params_params_low_ISI_acqm.zip,chip20380,Retrosplenial Cortex
2642.5,1120.0,2024-02-04-T220000-chip20380_params_params_low_ISI_acqm.zip,chip20380,Retrosplenial Cortex
2712.5,1242.5,2024-02-04-T220000-chip20380_params_params_low_ISI_acqm.zip,chip20380,Retrosplenial Cortex
2695.0,1260.0,2024-02-04-T220000-chip20380_params_params_low_ISI_acqm.zip,chip20380,Retrosplenial Cortex
2660.0,1242.5,2024-02-04-T220000-chip20380_params_params_low_ISI_acqm.zip,chip20380,Retrosplenial Cortex
2660.0,1120.0,2024-02-04-T220000-chip20380_params_params_low_ISI_acqm.zip,chip20380,Retrosplenial Cortex
2642.5,1277.5,2024-02-04-T220000-chip20380_params_params_low_ISI_acqm.zip,chip20380,Retrosplenial Cortex
2572.5,1067.5,2024-02-04-T220000-chip20380_params_params_low_ISI_acqm.zip,chip20380,Retrosplenial Cortex
2712.5,1032.5,2024-02-04-T220000-chip20380_params_params_low_ISI_acqm.zip,chip20380,Retrosplenial Cortex
2660.0,1050.0,2024-02-04-T220000-chip20380_params_params_low_ISI_acqm.zip,chip20380,Retrosplenial Cortex
2677.5,1120.0,2024-02-04-T220000-chip20380_params_params_low_ISI_acqm.zip,chip20380,Retrosplenial Cortex
2642.5,997.5,2024-02-04-T220000-chip20380_params_params_low_ISI_acqm.zip,chip20380,Retrosplenial Cortex
2660.0,1050.0,2024-02-04-T220000-chip20380_params_params_low_ISI_acqm.zip,chip20380,Retrosplenial Cortex
2712.5,1347.5,2024-02-04-T220000-chip20380_params_params_low_ISI_acqm.zip,chip20380,Retrosplenial Cortex
2660.0,1120.0,2024-02-04-T220000-chip20380_params_params_low_ISI_acqm.zip,chip20380,Retrosplenial Cortex
2660.0,1102.5,2024-02-04-T230001-chip20380_params_params_low_ISI_acqm.zip,chip20380,Retrosplenial Cortex
2712.5,1155.0,2024-02-04-T230001-chip20380_params_params_low_ISI_acqm.zip,chip20380,Retrosplenial Cortex
2695.0,1102.5,2024-02-04-T230001-chip20380_params_params_low_ISI_acqm.zip,chip20380,Retrosplenial Cortex
2695.0,1102.5,2024-02-04-T230001-chip20380_params_params_low_ISI_acqm.zip,chip20380,Retrosplenial Cortex
2660.0,1207.5,2024-02-04-T230001-chip20380_params_params_low_ISI_acqm.zip,chip20380,Retrosplenial Cortex
2660.0,1067.5,2024-02-04-T230001-chip20380_params_params_low_ISI_acqm.zip,chip20380,Retrosplenial Cortex
2660.0,1277.5,2024-02-04-T230001-chip20380_params_params_low_ISI_acqm.zip,chip20380,Retrosplenial Cortex
2642.5,1207.5,2024-02-04-T230001-chip20380_params_params_low_ISI_acqm.zip,chip20380,Retrosplenial Cortex
2747.5,1260.0,2024-02-04-T230001-chip20380_params_params_low_ISI_acqm.zip,chip20380,Retrosplenial Cortex
752.5,1365.0,2024-02-04-T230001-chip20380_params_params_low_ISI_acqm.zip,chip20380,Septum
2695.0,1190.0,2024-02-04-T230001-chip20380_params_params_low_ISI_acqm.zip,chip20380,Retrosplenial Cortex
717.5,1225.0,2024-02-04-T230001-chip20380_params_params_low_ISI_acqm.zip,chip20380,Septum
2467.5,980.0,2024-02-04-T230001-chip20380_params_params_low_ISI_acqm.zip,chip20380,Retrosplenial Cortex
2625.0,1242.5,2024-02-04-T230001-chip20380_params_params_low_ISI_acqm.zip,chip20380,Retrosplenial Cortex
2695.0,1242.5,2024-02-04-T230001-chip20380_params_params_low_ISI_acqm.zip,chip20380,Retrosplenial Cortex
385.0,122.5,2024-02-04-T230001-chip20380_params_params_low_ISI_acqm.zip,chip20380,Striatum
2642.5,945.0,2024-02-04-T230001-chip20380_params_params_low_ISI_acqm.zip,chip20380,Retrosplenial Cortex
2677.5,1207.5,2024-02-04-T230001-chip20380_params_params_low_ISI_acqm.zip,chip20380,Retrosplenial Cortex
717.5,1400.0,2024-02-04-T230001-chip20380_params_params_low_ISI_acqm.zip,chip20380,Septum
2607.5,1120.0,2024-02-04-T230001-chip20380_params_params_low_ISI_acqm.zip,chip20380,Retrosplenial Cortex
2677.5,1102.5,2024-02-04-T230001-chip20380_params_params_low_ISI_acqm.zip,chip20380,Retrosplenial Cortex
787.5,1417.5,2024-02-04-T230001-chip20380_params_params_low_ISI_acqm.zip,chip20380,Septum
2555.0,1102.5,2024-02-04-T230001-chip20380_params_params_low_ISI_acqm.zip,chip20380,Retrosplenial Cortex
2555.0,1102.5,2024-02-04-T230001-chip20380_params_params_low_ISI_acqm.zip,chip20380,Retrosplenial Cortex
2712.5,1330.0,2024-02-04-T230001-chip20380_params_params_low_ISI_acqm.zip,chip20380,Retrosplenial Cortex
2712.5,1172.5,2024-02-04-T230001-chip20380_params_params_low_ISI_acqm.zip,chip20380,Retrosplenial Cortex
2695.0,1242.5,2024-02-04-T230001-chip20380_params_params_low_ISI_acqm.zip,chip20380,Retrosplenial Cortex
2660.0,1155.0,2024-02-04-T230001-chip20380_params_params_low_ISI_acqm.zip,chip20380,Retrosplenial Cortex
2642.5,1242.5,2024-02-04-T230001-chip20380_params_params_low_ISI_acqm.zip,chip20380,Retrosplenial Cortex
2677.5,1120.0,2024-02-04-T230001-chip20380_params_params_low_ISI_acqm.zip,chip20380,Retrosplenial Cortex
2625.0,1032.5,2024-02-04-T230001-chip20380_params_params_low_ISI_acqm.zip,chip20380,Retrosplenial Cortex
787.5,1417.5,2024-02-04-T230001-chip20380_params_params_low_ISI_acqm.zip,chip20380,Septum
752.5,1330.0,2024-02-04-T230001-chip20380_params_params_low_ISI_acqm.zip,chip20380,Septum
2677.5,1137.5,2024-02-04-T230001-chip20380_params_params_low_ISI_acqm.zip,chip20380,Retrosplenial Cortex
2642.5,1260.0,2024-02-04-T230001-chip20380_params_params_low_ISI_acqm.zip,chip20380,Retrosplenial Cortex
2660.0,1155.0,2024-02-04-T230001-chip20380_params_params_low_ISI_acqm.zip,chip20380,Retrosplenial Cortex
2660.0,1295.0,2024-02-04-T230001-chip20380_params_params_low_ISI_acqm.zip,chip20380,Retrosplenial Cortex
2660.0,1295.0,2024-02-04-T230001-chip20380_params_params_low_ISI_acqm.zip,chip20380,Retrosplenial Cortex
2590.0,997.5,2024-02-04-T230001-chip20380_params_params_low_ISI_acqm.zip,chip20380,Retrosplenial Cortex
2625.0,1172.5,2024-02-04-T230001-chip20380_params_params_low_ISI_acqm.zip,chip20380,Retrosplenial Cortex
2607.5,1242.5,2024-02-04-T230001-chip20380_params_params_low_ISI_acqm.zip,chip20380,Retrosplenial Cortex
2590.0,1015.0,2024-02-04-T230001-chip20380_params_params_low_ISI_acqm.zip,chip20380,Retrosplenial Cortex
2712.5,1032.5,2024-02-04-T230001-chip20380_params_params_low_ISI_acqm.zip,chip20380,Retrosplenial Cortex
542.5,52.5,2024-02-04-T230001-chip20380_params_params_low_ISI_acqm.zip,chip20380,Striatum
2712.5,1172.5,2024-02-04-T230001-chip20380_params_params_low_ISI_acqm.zip,chip20380,Retrosplenial Cortex
2747.5,1295.0,2024-02-04-T230001-chip20380_params_params_low_ISI_acqm.zip,chip20380,Retrosplenial Cortex
2712.5,1242.5,2024-02-04-T230001-chip20380_params_params_low_ISI_acqm.zip,chip20380,Retrosplenial Cortex
2712.5,1242.5,2024-02-04-T230001-chip20380_params_params_low_ISI_acqm.zip,chip20380,Retrosplenial Cortex
787.5,1610.0,2024-02-04-T230001-chip20380_params_params_low_ISI_acqm.zip,chip20380,Septum
770.0,1627.5,2024-02-04-T230001-chip20380_params_params_low_ISI_acqm.zip,chip20380,Septum
2695.0,1277.5,2024-02-04-T230001-chip20380_params_params_low_ISI_acqm.zip,chip20380,Retrosplenial Cortex
2642.5,1190.0,2024-02-04-T230001-chip20380_params_params_low_ISI_acqm.zip,chip20380,Retrosplenial Cortex
2607.5,1155.0,2024-02-04-T230001-chip20380_params_params_low_ISI_acqm.zip,chip20380,Retrosplenial Cortex
2660.0,1120.0,2024-02-04-T230001-chip20380_params_params_low_ISI_acqm.zip,chip20380,Retrosplenial Cortex
787.5,1417.5,2024-02-04-T230001-chip20380_params_params_low_ISI_acqm.zip,chip20380,Septum
2625.0,1207.5,2024-02-04-T230001-chip20380_params_params_low_ISI_acqm.zip,chip20380,Retrosplenial Cortex
2572.5,1242.5,2024-02-04-T230001-chip20380_params_params_low_ISI_acqm.zip,chip20380,Retrosplenial Cortex
2572.5,1067.5,2024-02-04-T230001-chip20380_params_params_low_ISI_acqm.zip,chip20380,Retrosplenial Cortex
2607.5,1085.0,2024-02-04-T230001-chip20380_params_params_low_ISI_acqm.zip,chip20380,Retrosplenial Cortex
2467.5,1102.5,2024-02-04-T230001-chip20380_params_params_low_ISI_acqm.zip,chip20380,Retrosplenial Cortex
2642.5,1120.0,2024-02-04-T230001-chip20380_params_params_low_ISI_acqm.zip,chip20380,Retrosplenial Cortex
892.5,1505.0,2024-02-04-T230001-chip20380_params_params_low_ISI_acqm.zip,chip20380,Septum
2660.0,1085.0,2024-02-04-T230001-chip20380_params_params_low_ISI_acqm.zip,chip20380,Retrosplenial Cortex
2677.5,1137.5,2024-02-04-T230001-chip20380_params_params_low_ISI_acqm.zip,chip20380,Retrosplenial Cortex
2677.5,1137.5,2024-02-04-T230001-chip20380_params_params_low_ISI_acqm.zip,chip20380,Retrosplenial Cortex
2695.0,1190.0,2024-02-04-T230001-chip20380_params_params_low_ISI_acqm.zip,chip20380,Retrosplenial Cortex
857.5,1557.5,2024-02-04-T230001-chip20380_params_params_low_ISI_acqm.zip,chip20380,Septum
2730.0,1155.0,2024-02-04-T230001-chip20380_params_params_low_ISI_acqm.zip,chip20380,Retrosplenial Cortex
752.5,1365.0,2024-02-04-T230001-chip20380_params_params_low_ISI_acqm.zip,chip20380,Septum
2625.0,1067.5,2024-02-04-T230001-chip20380_params_params_low_ISI_acqm.zip,chip20380,Retrosplenial Cortex
735.0,1382.5,2024-02-04-T230001-chip20380_params_params_low_ISI_acqm.zip,chip20380,Septum
735.0,1312.5,2024-02-04-T230001-chip20380_params_params_low_ISI_acqm.zip,chip20380,Septum
2520.0,1085.0,2024-02-04-T230001-chip20380_params_params_low_ISI_acqm.zip,chip20380,Retrosplenial Cortex
2625.0,1172.5,2024-02-04-T230001-chip20380_params_params_low_ISI_acqm.zip,chip20380,Retrosplenial Cortex
2590.0,1732.5,2024-02-04-T230001-chip20380_params_params_low_ISI_acqm.zip,chip20380,Unknown
2695.0,1067.5,2024-02-04-T230001-chip20380_params_params_low_ISI_acqm.zip,chip20380,Retrosplenial Cortex
2660.0,1207.5,2024-02-04-T230001-chip20380_params_params_low_ISI_acqm.zip,chip20380,Retrosplenial Cortex
2555.0,1277.5,2024-02-04-T230001-chip20380_params_params_low_ISI_acqm.zip,chip20380,Retrosplenial Cortex
1697.5,350.0,2024-02-04-T230001-chip20380_params_params_low_ISI_acqm.zip,chip20380,Unknown
2537.5,1277.5,2024-02-04-T230001-chip20380_params_params_low_ISI_acqm.zip,chip20380,Retrosplenial Cortex
2607.5,1015.0,2024-02-04-T230001-chip20380_params_params_low_ISI_acqm.zip,chip20380,Retrosplenial Cortex
2660.0,1050.0,2024-02-04-T230001-chip20380_params_params_low_ISI_acqm.zip,chip20380,Retrosplenial Cortex
2520.0,1260.0,2024-02-04-T230001-chip20380_params_params_low_ISI_acqm.zip,chip20380,Retrosplenial Cortex
2695.0,1155.0,2024-02-04-T230001-chip20380_params_params_low_ISI_acqm.zip,chip20380,Retrosplenial Cortex
2695.0,1085.0,2024-02-04-T230001-chip20380_params_params_low_ISI_acqm.zip,chip20380,Retrosplenial Cortex
2712.5,1085.0,2024-02-04-T230001-chip20380_params_params_low_ISI_acqm.zip,chip20380,Retrosplenial Cortex
2520.0,1120.0,2024-02-04-T230001-chip20380_params_params_low_ISI_acqm.zip,chip20380,Retrosplenial Cortex
2695.0,1032.5,2024-02-04-T230001-chip20380_params_params_low_ISI_acqm.zip,chip20380,Retrosplenial Cortex
2677.5,1032.5,2024-02-04-T230001-chip20380_params_params_low_ISI_acqm.zip,chip20380,Retrosplenial Cortex
2625.0,1207.5,2024-02-04-T230001-chip20380_params_params_low_ISI_acqm.zip,chip20380,Retrosplenial Cortex
2642.5,1277.5,2024-02-04-T230001-chip20380_params_params_low_ISI_acqm.zip,chip20380,Retrosplenial Cortex
2765.0,1295.0,2024-02-04-T230001-chip20380_params_params_low_ISI_acqm.zip,chip20380,Unknown
2695.0,1032.5,2024-02-04-T230001-chip20380_params_params_low_ISI_acqm.zip,chip20380,Retrosplenial Cortex
2607.5,1102.5,2024-02-04-T230001-chip20380_params_params_low_ISI_acqm.zip,chip20380,Retrosplenial Cortex
2660.0,1120.0,2024-02-04-T230001-chip20380_params_params_low_ISI_acqm.zip,chip20380,Retrosplenial Cortex
2660.0,1120.0,2024-02-04-T230001-chip20380_params_params_low_ISI_acqm.zip,chip20380,Retrosplenial Cortex
2642.5,1207.5,2024-02-04-T230001-chip20380_params_params_low_ISI_acqm.zip,chip20380,Retrosplenial Cortex
2712.5,1295.0,2024-02-04-T230001-chip20380_params_params_low_ISI_acqm.zip,chip20380,Retrosplenial Cortex
2695.0,1295.0,2024-02-04-T230001-chip20380_params_params_low_ISI_acqm.zip,chip20380,Retrosplenial Cortex
2677.5,1155.0,2024-02-04-T230001-chip20380_params_params_low_ISI_acqm.zip,chip20380,Retrosplenial Cortex
2537.5,1190.0,2024-02-04-T230001-chip20380_params_params_low_ISI_acqm.zip,chip20380,Retrosplenial Cortex
2485.0,1190.0,2024-02-04-T230001-chip20380_params_params_low_ISI_acqm.zip,chip20380,Retrosplenial Cortex
2747.5,1242.5,2024-02-04-T230001-chip20380_params_params_low_ISI_acqm.zip,chip20380,Retrosplenial Cortex
2765.0,1295.0,2024-02-04-T230001-chip20380_params_params_low_ISI_acqm.zip,chip20380,Unknown
2712.5,1277.5,2024-02-04-T230001-chip20380_params_params_low_ISI_acqm.zip,chip20380,Retrosplenial Cortex
2747.5,1155.0,2024-02-04-T230001-chip20380_params_params_low_ISI_acqm.zip,chip20380,Retrosplenial Cortex
2730.0,1137.5,2024-02-04-T230001-chip20380_params_params_low_ISI_acqm.zip,chip20380,Retrosplenial Cortex
2660.0,1207.5,2024-02-04-T230001-chip20380_params_params_low_ISI_acqm.zip,chip20380,Retrosplenial Cortex
2712.5,1190.0,2024-02-04-T230001-chip20380_params_params_low_ISI_acqm.zip,chip20380,Retrosplenial Cortex
2625.0,1225.0,2024-02-04-T230001-chip20380_params_params_low_ISI_acqm.zip,chip20380,Retrosplenial Cortex
2695.0,1242.5,2024-02-04-T230001-chip20380_params_params_low_ISI_acqm.zip,chip20380,Retrosplenial Cortex
2695.0,1260.0,2024-02-04-T230001-chip20380_params_params_low_ISI_acqm.zip,chip20380,Retrosplenial Cortex
2642.5,945.0,2024-02-04-T230001-chip20380_params_params_low_ISI_acqm.zip,chip20380,Retrosplenial Cortex
2677.5,1120.0,2024-02-04-T230001-chip20380_params_params_low_ISI_acqm.zip,chip20380,Retrosplenial Cortex
787.5,1417.5,2024-02-04-T230001-chip20380_params_params_low_ISI_acqm.zip,chip20380,Septum
2730.0,1190.0,2024-02-04-T230001-chip20380_params_params_low_ISI_acqm.zip,chip20380,Retrosplenial Cortex
2677.5,1242.5,2024-02-04-T230001-chip20380_params_params_low_ISI_acqm.zip,chip20380,Retrosplenial Cortex
2677.5,1260.0,2024-02-04-T230001-chip20380_params_params_low_ISI_acqm.zip,chip20380,Retrosplenial Cortex
2625.0,1242.5,2024-02-04-T230001-chip20380_params_params_low_ISI_acqm.zip,chip20380,Retrosplenial Cortex
2660.0,1155.0,2024-02-04-T230001-chip20380_params_params_low_ISI_acqm.zip,chip20380,Retrosplenial Cortex
2642.5,1277.5,2024-02-04-T230001-chip20380_params_params_low_ISI_acqm.zip,chip20380,Retrosplenial Cortex
2677.5,1295.0,2024-02-04-T230001-chip20380_params_params_low_ISI_acqm.zip,chip20380,Retrosplenial Cortex
2555.0,962.5,2024-02-04-T230001-chip20380_params_params_low_ISI_acqm.zip,chip20380,Retrosplenial Cortex
2642.5,1015.0,2024-02-04-T230001-chip20380_params_params_low_ISI_acqm.zip,chip20380,Retrosplenial Cortex
2677.5,980.0,2024-02-04-T230001-chip20380_params_params_low_ISI_acqm.zip,chip20380,Retrosplenial Cortex
2695.0,1260.0,2024-02-04-T230001-chip20380_params_params_low_ISI_acqm.zip,chip20380,Retrosplenial Cortex
2642.5,1190.0,2024-02-04-T230001-chip20380_params_params_low_ISI_acqm.zip,chip20380,Retrosplenial Cortex
2660.0,1120.0,2024-02-04-T230001-chip20380_params_params_low_ISI_acqm.zip,chip20380,Retrosplenial Cortex
2625.0,1207.5,2024-02-04-T230001-chip20380_params_params_low_ISI_acqm.zip,chip20380,Retrosplenial Cortex
2747.5,1155.0,2024-02-04-T230001-chip20380_params_params_low_ISI_acqm.zip,chip20380,Retrosplenial Cortex
2625.0,1067.5,2024-02-04-T230001-chip20380_params_params_low_ISI_acqm.zip,chip20380,Retrosplenial Cortex
2625.0,1067.5,2024-02-04-T230001-chip20380_params_params_low_ISI_acqm.zip,chip20380,Retrosplenial Cortex
2712.5,1120.0,2024-02-04-T230001-chip20380_params_params_low_ISI_acqm.zip,chip20380,Retrosplenial Cortex
2502.5,1102.5,2024-02-04-T230001-chip20380_params_params_low_ISI_acqm.zip,chip20380,Retrosplenial Cortex
2660.0,1015.0,2024-02-04-T230001-chip20380_params_params_low_ISI_acqm.zip,chip20380,Retrosplenial Cortex
2747.5,1032.5,2024-02-04-T230001-chip20380_params_params_low_ISI_acqm.zip,chip20380,Retrosplenial Cortex
2712.5,1137.5,2024-02-04-T230001-chip20380_params_params_low_ISI_acqm.zip,chip20380,Retrosplenial Cortex
2695.0,1015.0,2024-02-04-T230001-chip20380_params_params_low_ISI_acqm.zip,chip20380,Retrosplenial Cortex
2695.0,1032.5,2024-02-04-T230001-chip20380_params_params_low_ISI_acqm.zip,chip20380,Retrosplenial Cortex
2642.5,980.0,2024-02-04-T230001-chip20380_params_params_low_ISI_acqm.zip,chip20380,Retrosplenial Cortex
2642.5,997.5,2024-02-04-T230001-chip20380_params_params_low_ISI_acqm.zip,chip20380,Retrosplenial Cortex
2695.0,1295.0,2024-02-04-T230001-chip20380_params_params_low_ISI_acqm.zip,chip20380,Retrosplenial Cortex
2695.0,1295.0,2024-02-04-T230001-chip20380_params_params_low_ISI_acqm.zip,chip20380,Retrosplenial Cortex
2572.5,1207.5,2024-02-04-T230001-chip20380_params_params_low_ISI_acqm.zip,chip20380,Retrosplenial Cortex
2747.5,1312.5,2024-02-04-T230001-chip20380_params_params_low_ISI_acqm.zip,chip20380,Retrosplenial Cortex
2765.0,1277.5,2024-02-04-T230001-chip20380_params_params_low_ISI_acqm.zip,chip20380,Unknown
2712.5,1365.0,2024-02-04-T230001-chip20380_params_params_low_ISI_acqm.zip,chip20380,Retrosplenial Cortex
2712.5,1085.0,2024-02-04-T230001-chip20380_params_params_low_ISI_acqm.zip,chip20380,Retrosplenial Cortex
2695.0,1102.5,2024-02-04-T230001-chip20380_params_params_low_ISI_acqm.zip,chip20380,Retrosplenial Cortex
2695.0,1102.5,2024-02-04-T230001-chip20380_params_params_low_ISI_acqm.zip,chip20380,Retrosplenial Cortex
2625.0,1172.5,2024-02-04-T230001-chip20380_params_params_low_ISI_acqm.zip,chip20380,Retrosplenial Cortex
2660.0,1277.5,2024-02-04-T230001-chip20380_params_params_low_ISI_acqm.zip,chip20380,Retrosplenial Cortex
2695.0,1015.0,2024-02-04-T230001-chip20380_params_params_low_ISI_acqm.zip,chip20380,Retrosplenial Cortex
2590.0,1260.0,2024-02-04-T230001-chip20380_params_params_low_ISI_acqm.zip,chip20380,Retrosplenial Cortex
2677.5,1155.0,2024-02-04-T230001-chip20380_params_params_low_ISI_acqm.zip,chip20380,Retrosplenial Cortex
2730.0,1277.5,2024-02-04-T230001-chip20380_params_params_low_ISI_acqm.zip,chip20380,Retrosplenial Cortex
2590.0,997.5,2024-02-04-T230001-chip20380_params_params_low_ISI_acqm.zip,chip20380,Retrosplenial Cortex
2660.0,1120.0,2024-02-04-T230001-chip20380_params_params_low_ISI_acqm.zip,chip20380,Retrosplenial Cortex
2590.0,1120.0,2024-02-04-T230001-chip20380_params_params_low_ISI_acqm.zip,chip20380,Retrosplenial Cortex
2572.5,1120.0,2024-02-04-T230001-chip20380_params_params_low_ISI_acqm.zip,chip20380,Retrosplenial Cortex
2677.5,1207.5,2024-02-04-T230001-chip20380_params_params_low_ISI_acqm.zip,chip20380,Retrosplenial Cortex
2607.5,1050.0,2024-02-04-T230001-chip20380_params_params_low_ISI_acqm.zip,chip20380,Retrosplenial Cortex
2660.0,1260.0,2024-02-04-T230001-chip20380_params_params_low_ISI_acqm.zip,chip20380,Retrosplenial Cortex
2695.0,1102.5,2024-02-04-T230001-chip20380_params_params_low_ISI_acqm.zip,chip20380,Retrosplenial Cortex
2660.0,1137.5,2024-02-05-T000000-chip20380_params_params_low_ISI_acqm.zip,chip20380,Retrosplenial Cortex
2695.0,1102.5,2024-02-05-T000000-chip20380_params_params_low_ISI_acqm.zip,chip20380,Retrosplenial Cortex
2677.5,1190.0,2024-02-05-T000000-chip20380_params_params_low_ISI_acqm.zip,chip20380,Retrosplenial Cortex
2660.0,1207.5,2024-02-05-T000000-chip20380_params_params_low_ISI_acqm.zip,chip20380,Retrosplenial Cortex
2747.5,1260.0,2024-02-05-T000000-chip20380_params_params_low_ISI_acqm.zip,chip20380,Retrosplenial Cortex
2677.5,1032.5,2024-02-05-T000000-chip20380_params_params_low_ISI_acqm.zip,chip20380,Retrosplenial Cortex
2730.0,1277.5,2024-02-05-T000000-chip20380_params_params_low_ISI_acqm.zip,chip20380,Retrosplenial Cortex
2712.5,1190.0,2024-02-05-T000000-chip20380_params_params_low_ISI_acqm.zip,chip20380,Retrosplenial Cortex
2537.5,1190.0,2024-02-05-T000000-chip20380_params_params_low_ISI_acqm.zip,chip20380,Retrosplenial Cortex
2642.5,1085.0,2024-02-05-T000000-chip20380_params_params_low_ISI_acqm.zip,chip20380,Retrosplenial Cortex
2467.5,980.0,2024-02-05-T000000-chip20380_params_params_low_ISI_acqm.zip,chip20380,Retrosplenial Cortex
2730.0,1277.5,2024-02-05-T000000-chip20380_params_params_low_ISI_acqm.zip,chip20380,Retrosplenial Cortex
2695.0,1260.0,2024-02-05-T000000-chip20380_params_params_low_ISI_acqm.zip,chip20380,Retrosplenial Cortex
2695.0,1102.5,2024-02-05-T000000-chip20380_params_params_low_ISI_acqm.zip,chip20380,Retrosplenial Cortex
717.5,1400.0,2024-02-05-T000000-chip20380_params_params_low_ISI_acqm.zip,chip20380,Septum
2677.5,1102.5,2024-02-05-T000000-chip20380_params_params_low_ISI_acqm.zip,chip20380,Retrosplenial Cortex
2555.0,1102.5,2024-02-05-T000000-chip20380_params_params_low_ISI_acqm.zip,chip20380,Retrosplenial Cortex
2712.5,1330.0,2024-02-05-T000000-chip20380_params_params_low_ISI_acqm.zip,chip20380,Retrosplenial Cortex
2660.0,1172.5,2024-02-05-T000000-chip20380_params_params_low_ISI_acqm.zip,chip20380,Retrosplenial Cortex
2660.0,1155.0,2024-02-05-T000000-chip20380_params_params_low_ISI_acqm.zip,chip20380,Retrosplenial Cortex
2642.5,1242.5,2024-02-05-T000000-chip20380_params_params_low_ISI_acqm.zip,chip20380,Retrosplenial Cortex
2677.5,1120.0,2024-02-05-T000000-chip20380_params_params_low_ISI_acqm.zip,chip20380,Retrosplenial Cortex
2660.0,1260.0,2024-02-05-T000000-chip20380_params_params_low_ISI_acqm.zip,chip20380,Retrosplenial Cortex
2625.0,1032.5,2024-02-05-T000000-chip20380_params_params_low_ISI_acqm.zip,chip20380,Retrosplenial Cortex
2625.0,1032.5,2024-02-05-T000000-chip20380_params_params_low_ISI_acqm.zip,chip20380,Retrosplenial Cortex
2695.0,1172.5,2024-02-05-T000000-chip20380_params_params_low_ISI_acqm.zip,chip20380,Retrosplenial Cortex
2555.0,1295.0,2024-02-05-T000000-chip20380_params_params_low_ISI_acqm.zip,chip20380,Retrosplenial Cortex
2625.0,1172.5,2024-02-05-T000000-chip20380_params_params_low_ISI_acqm.zip,chip20380,Retrosplenial Cortex
752.5,1330.0,2024-02-05-T000000-chip20380_params_params_low_ISI_acqm.zip,chip20380,Septum
2730.0,1312.5,2024-02-05-T000000-chip20380_params_params_low_ISI_acqm.zip,chip20380,Retrosplenial Cortex
2677.5,1155.0,2024-02-05-T000000-chip20380_params_params_low_ISI_acqm.zip,chip20380,Retrosplenial Cortex
857.5,1540.0,2024-02-05-T000000-chip20380_params_params_low_ISI_acqm.zip,chip20380,Septum
787.5,1645.0,2024-02-05-T000000-chip20380_params_params_low_ISI_acqm.zip,chip20380,Septum
2625.0,1242.5,2024-02-05-T000000-chip20380_params_params_low_ISI_acqm.zip,chip20380,Retrosplenial Cortex
2642.5,1260.0,2024-02-05-T000000-chip20380_params_params_low_ISI_acqm.zip,chip20380,Retrosplenial Cortex
2660.0,1155.0,2024-02-05-T000000-chip20380_params_params_low_ISI_acqm.zip,chip20380,Retrosplenial Cortex
2660.0,1295.0,2024-02-05-T000000-chip20380_params_params_low_ISI_acqm.zip,chip20380,Retrosplenial Cortex
2712.5,1277.5,2024-02-05-T000000-chip20380_params_params_low_ISI_acqm.zip,chip20380,Retrosplenial Cortex
2712.5,1365.0,2024-02-05-T000000-chip20380_params_params_low_ISI_acqm.zip,chip20380,Retrosplenial Cortex
2555.0,962.5,2024-02-05-T000000-chip20380_params_params_low_ISI_acqm.zip,chip20380,Retrosplenial Cortex
2590.0,997.5,2024-02-05-T000000-chip20380_params_params_low_ISI_acqm.zip,chip20380,Retrosplenial Cortex
2590.0,997.5,2024-02-05-T000000-chip20380_params_params_low_ISI_acqm.zip,chip20380,Retrosplenial Cortex
2642.5,1015.0,2024-02-05-T000000-chip20380_params_params_low_ISI_acqm.zip,chip20380,Retrosplenial Cortex
2502.5,1225.0,2024-02-05-T000000-chip20380_params_params_low_ISI_acqm.zip,chip20380,Retrosplenial Cortex
2625.0,1172.5,2024-02-05-T000000-chip20380_params_params_low_ISI_acqm.zip,chip20380,Retrosplenial Cortex
2607.5,1260.0,2024-02-05-T000000-chip20380_params_params_low_ISI_acqm.zip,chip20380,Retrosplenial Cortex
2590.0,1015.0,2024-02-05-T000000-chip20380_params_params_low_ISI_acqm.zip,chip20380,Retrosplenial Cortex
2712.5,1032.5,2024-02-05-T000000-chip20380_params_params_low_ISI_acqm.zip,chip20380,Retrosplenial Cortex
542.5,52.5,2024-02-05-T000000-chip20380_params_params_low_ISI_acqm.zip,chip20380,Striatum
2677.5,1067.5,2024-02-05-T000000-chip20380_params_params_low_ISI_acqm.zip,chip20380,Retrosplenial Cortex
2660.0,1120.0,2024-02-05-T000000-chip20380_params_params_low_ISI_acqm.zip,chip20380,Retrosplenial Cortex
2712.5,1172.5,2024-02-05-T000000-chip20380_params_params_low_ISI_acqm.zip,chip20380,Retrosplenial Cortex
2747.5,1295.0,2024-02-05-T000000-chip20380_params_params_low_ISI_acqm.zip,chip20380,Retrosplenial Cortex
2712.5,1260.0,2024-02-05-T000000-chip20380_params_params_low_ISI_acqm.zip,chip20380,Retrosplenial Cortex
770.0,1627.5,2024-02-05-T000000-chip20380_params_params_low_ISI_acqm.zip,chip20380,Septum
752.5,1365.0,2024-02-05-T000000-chip20380_params_params_low_ISI_acqm.zip,chip20380,Septum
2695.0,1260.0,2024-02-05-T000000-chip20380_params_params_low_ISI_acqm.zip,chip20380,Retrosplenial Cortex
2607.5,1155.0,2024-02-05-T000000-chip20380_params_params_low_ISI_acqm.zip,chip20380,Retrosplenial Cortex
2642.5,1102.5,2024-02-05-T000000-chip20380_params_params_low_ISI_acqm.zip,chip20380,Retrosplenial Cortex
2572.5,1242.5,2024-02-05-T000000-chip20380_params_params_low_ISI_acqm.zip,chip20380,Retrosplenial Cortex
2572.5,1067.5,2024-02-05-T000000-chip20380_params_params_low_ISI_acqm.zip,chip20380,Retrosplenial Cortex
2520.0,1172.5,2024-02-05-T000000-chip20380_params_params_low_ISI_acqm.zip,chip20380,Retrosplenial Cortex
2765.0,1277.5,2024-02-05-T000000-chip20380_params_params_low_ISI_acqm.zip,chip20380,Unknown
2467.5,1102.5,2024-02-05-T000000-chip20380_params_params_low_ISI_acqm.zip,chip20380,Retrosplenial Cortex
2642.5,1120.0,2024-02-05-T000000-chip20380_params_params_low_ISI_acqm.zip,chip20380,Retrosplenial Cortex
2485.0,1242.5,2024-02-05-T000000-chip20380_params_params_low_ISI_acqm.zip,chip20380,Retrosplenial Cortex
892.5,1505.0,2024-02-05-T000000-chip20380_params_params_low_ISI_acqm.zip,chip20380,Septum
2660.0,1085.0,2024-02-05-T000000-chip20380_params_params_low_ISI_acqm.zip,chip20380,Retrosplenial Cortex
2677.5,1137.5,2024-02-05-T000000-chip20380_params_params_low_ISI_acqm.zip,chip20380,Retrosplenial Cortex
2677.5,1137.5,2024-02-05-T000000-chip20380_params_params_low_ISI_acqm.zip,chip20380,Retrosplenial Cortex
2695.0,1190.0,2024-02-05-T000000-chip20380_params_params_low_ISI_acqm.zip,chip20380,Retrosplenial Cortex
717.5,1225.0,2024-02-05-T000000-chip20380_params_params_low_ISI_acqm.zip,chip20380,Septum
2730.0,1155.0,2024-02-05-T000000-chip20380_params_params_low_ISI_acqm.zip,chip20380,Retrosplenial Cortex
2660.0,945.0,2024-02-05-T000000-chip20380_params_params_low_ISI_acqm.zip,chip20380,Retrosplenial Cortex
717.5,1382.5,2024-02-05-T000000-chip20380_params_params_low_ISI_acqm.zip,chip20380,Septum
2625.0,1067.5,2024-02-05-T000000-chip20380_params_params_low_ISI_acqm.zip,chip20380,Retrosplenial Cortex
2712.5,1050.0,2024-02-05-T000000-chip20380_params_params_low_ISI_acqm.zip,chip20380,Retrosplenial Cortex
735.0,1382.5,2024-02-05-T000000-chip20380_params_params_low_ISI_acqm.zip,chip20380,Septum
735.0,1312.5,2024-02-05-T000000-chip20380_params_params_low_ISI_acqm.zip,chip20380,Septum
2712.5,1120.0,2024-02-05-T000000-chip20380_params_params_low_ISI_acqm.zip,chip20380,Retrosplenial Cortex
2502.5,1102.5,2024-02-05-T000000-chip20380_params_params_low_ISI_acqm.zip,chip20380,Retrosplenial Cortex
2625.0,1172.5,2024-02-05-T000000-chip20380_params_params_low_ISI_acqm.zip,chip20380,Retrosplenial Cortex
2485.0,1190.0,2024-02-05-T000000-chip20380_params_params_low_ISI_acqm.zip,chip20380,Retrosplenial Cortex
2695.0,1155.0,2024-02-05-T000000-chip20380_params_params_low_ISI_acqm.zip,chip20380,Retrosplenial Cortex
910.0,1505.0,2024-02-05-T000000-chip20380_params_params_low_ISI_acqm.zip,chip20380,Septum
1697.5,350.0,2024-02-05-T000000-chip20380_params_params_low_ISI_acqm.zip,chip20380,Unknown
2537.5,1260.0,2024-02-05-T000000-chip20380_params_params_low_ISI_acqm.zip,chip20380,Retrosplenial Cortex
2607.5,1015.0,2024-02-05-T000000-chip20380_params_params_low_ISI_acqm.zip,chip20380,Retrosplenial Cortex
787.5,1417.5,2024-02-05-T000000-chip20380_params_params_low_ISI_acqm.zip,chip20380,Septum
2660.0,1050.0,2024-02-05-T000000-chip20380_params_params_low_ISI_acqm.zip,chip20380,Retrosplenial Cortex
2660.0,1050.0,2024-02-05-T000000-chip20380_params_params_low_ISI_acqm.zip,chip20380,Retrosplenial Cortex
2747.5,1032.5,2024-02-05-T000000-chip20380_params_params_low_ISI_acqm.zip,chip20380,Retrosplenial Cortex
2520.0,1277.5,2024-02-05-T000000-chip20380_params_params_low_ISI_acqm.zip,chip20380,Retrosplenial Cortex
2712.5,1137.5,2024-02-05-T000000-chip20380_params_params_low_ISI_acqm.zip,chip20380,Retrosplenial Cortex
2712.5,1137.5,2024-02-05-T000000-chip20380_params_params_low_ISI_acqm.zip,chip20380,Retrosplenial Cortex
2695.0,1085.0,2024-02-05-T000000-chip20380_params_params_low_ISI_acqm.zip,chip20380,Retrosplenial Cortex
2520.0,1120.0,2024-02-05-T000000-chip20380_params_params_low_ISI_acqm.zip,chip20380,Retrosplenial Cortex
2695.0,1015.0,2024-02-05-T000000-chip20380_params_params_low_ISI_acqm.zip,chip20380,Retrosplenial Cortex
2625.0,1242.5,2024-02-05-T000000-chip20380_params_params_low_ISI_acqm.zip,chip20380,Retrosplenial Cortex
2677.5,1032.5,2024-02-05-T000000-chip20380_params_params_low_ISI_acqm.zip,chip20380,Retrosplenial Cortex
2625.0,1207.5,2024-02-05-T000000-chip20380_params_params_low_ISI_acqm.zip,chip20380,Retrosplenial Cortex
2625.0,1067.5,2024-02-05-T000000-chip20380_params_params_low_ISI_acqm.zip,chip20380,Retrosplenial Cortex
2590.0,1120.0,2024-02-05-T000000-chip20380_params_params_low_ISI_acqm.zip,chip20380,Retrosplenial Cortex
2642.5,1277.5,2024-02-05-T000000-chip20380_params_params_low_ISI_acqm.zip,chip20380,Retrosplenial Cortex
2765.0,1295.0,2024-02-05-T000000-chip20380_params_params_low_ISI_acqm.zip,chip20380,Unknown
2642.5,980.0,2024-02-05-T000000-chip20380_params_params_low_ISI_acqm.zip,chip20380,Retrosplenial Cortex
2607.5,1102.5,2024-02-05-T000000-chip20380_params_params_low_ISI_acqm.zip,chip20380,Retrosplenial Cortex
2660.0,1120.0,2024-02-05-T000000-chip20380_params_params_low_ISI_acqm.zip,chip20380,Retrosplenial Cortex
2642.5,1207.5,2024-02-05-T000000-chip20380_params_params_low_ISI_acqm.zip,chip20380,Retrosplenial Cortex
2695.0,1295.0,2024-02-05-T000000-chip20380_params_params_low_ISI_acqm.zip,chip20380,Retrosplenial Cortex
2677.5,1312.5,2024-02-05-T000000-chip20380_params_params_low_ISI_acqm.zip,chip20380,Retrosplenial Cortex
2660.0,1155.0,2024-02-05-T000000-chip20380_params_params_low_ISI_acqm.zip,chip20380,Retrosplenial Cortex
2730.0,1190.0,2024-02-05-T000000-chip20380_params_params_low_ISI_acqm.zip,chip20380,Retrosplenial Cortex
2677.5,1137.5,2024-02-05-T000000-chip20380_params_params_low_ISI_acqm.zip,chip20380,Retrosplenial Cortex
2747.5,1242.5,2024-02-05-T000000-chip20380_params_params_low_ISI_acqm.zip,chip20380,Retrosplenial Cortex
2747.5,1155.0,2024-02-05-T000000-chip20380_params_params_low_ISI_acqm.zip,chip20380,Retrosplenial Cortex
2712.5,1120.0,2024-02-05-T000000-chip20380_params_params_low_ISI_acqm.zip,chip20380,Retrosplenial Cortex
2677.5,1207.5,2024-02-05-T000000-chip20380_params_params_low_ISI_acqm.zip,chip20380,Retrosplenial Cortex
2660.0,1207.5,2024-02-05-T000000-chip20380_params_params_low_ISI_acqm.zip,chip20380,Retrosplenial Cortex
2712.5,1172.5,2024-02-05-T000000-chip20380_params_params_low_ISI_acqm.zip,chip20380,Retrosplenial Cortex
2695.0,1242.5,2024-02-05-T000000-chip20380_params_params_low_ISI_acqm.zip,chip20380,Retrosplenial Cortex
2712.5,1085.0,2024-02-05-T000000-chip20380_params_params_low_ISI_acqm.zip,chip20380,Retrosplenial Cortex
2677.5,1120.0,2024-02-05-T000000-chip20380_params_params_low_ISI_acqm.zip,chip20380,Retrosplenial Cortex
787.5,1417.5,2024-02-05-T000000-chip20380_params_params_low_ISI_acqm.zip,chip20380,Septum
2660.0,1225.0,2024-02-05-T000000-chip20380_params_params_low_ISI_acqm.zip,chip20380,Retrosplenial Cortex
2660.0,1242.5,2024-02-05-T000000-chip20380_params_params_low_ISI_acqm.zip,chip20380,Retrosplenial Cortex
2625.0,1260.0,2024-02-05-T000000-chip20380_params_params_low_ISI_acqm.zip,chip20380,Retrosplenial Cortex
2660.0,1015.0,2024-02-05-T000000-chip20380_params_params_low_ISI_acqm.zip,chip20380,Retrosplenial Cortex
2712.5,1242.5,2024-02-05-T000000-chip20380_params_params_low_ISI_acqm.zip,chip20380,Retrosplenial Cortex
2712.5,1242.5,2024-02-05-T000000-chip20380_params_params_low_ISI_acqm.zip,chip20380,Retrosplenial Cortex
2660.0,1102.5,2024-02-05-T000000-chip20380_params_params_low_ISI_acqm.zip,chip20380,Retrosplenial Cortex
2660.0,1120.0,2024-02-05-T000000-chip20380_params_params_low_ISI_acqm.zip,chip20380,Retrosplenial Cortex
2625.0,1207.5,2024-02-05-T000000-chip20380_params_params_low_ISI_acqm.zip,chip20380,Retrosplenial Cortex
2625.0,1190.0,2024-02-05-T000000-chip20380_params_params_low_ISI_acqm.zip,chip20380,Retrosplenial Cortex
2625.0,1190.0,2024-02-05-T000000-chip20380_params_params_low_ISI_acqm.zip,chip20380,Retrosplenial Cortex
2520.0,1172.5,2024-02-05-T000000-chip20380_params_params_low_ISI_acqm.zip,chip20380,Retrosplenial Cortex
2607.5,1120.0,2024-02-05-T000000-chip20380_params_params_low_ISI_acqm.zip,chip20380,Retrosplenial Cortex
2625.0,1120.0,2024-02-05-T000000-chip20380_params_params_low_ISI_acqm.zip,chip20380,Retrosplenial Cortex
2485.0,1225.0,2024-02-05-T000000-chip20380_params_params_low_ISI_acqm.zip,chip20380,Retrosplenial Cortex
2485.0,1225.0,2024-02-05-T000000-chip20380_params_params_low_ISI_acqm.zip,chip20380,Retrosplenial Cortex
2695.0,1120.0,2024-02-05-T000000-chip20380_params_params_low_ISI_acqm.zip,chip20380,Retrosplenial Cortex
910.0,1505.0,2024-02-05-T000000-chip20380_params_params_low_ISI_acqm.zip,chip20380,Septum
2572.5,1120.0,2024-02-05-T000000-chip20380_params_params_low_ISI_acqm.zip,chip20380,Retrosplenial Cortex
2695.0,1015.0,2024-02-05-T000000-chip20380_params_params_low_ISI_acqm.zip,chip20380,Retrosplenial Cortex
2625.0,1225.0,2024-02-05-T000000-chip20380_params_params_low_ISI_acqm.zip,chip20380,Retrosplenial Cortex
2625.0,1207.5,2024-02-05-T000000-chip20380_params_params_low_ISI_acqm.zip,chip20380,Retrosplenial Cortex
2642.5,1277.5,2024-02-05-T000000-chip20380_params_params_low_ISI_acqm.zip,chip20380,Retrosplenial Cortex
2660.0,1295.0,2024-02-05-T000000-chip20380_params_params_low_ISI_acqm.zip,chip20380,Retrosplenial Cortex
2642.5,980.0,2024-02-05-T000000-chip20380_params_params_low_ISI_acqm.zip,chip20380,Retrosplenial Cortex
2642.5,997.5,2024-02-05-T000000-chip20380_params_params_low_ISI_acqm.zip,chip20380,Retrosplenial Cortex
2695.0,1295.0,2024-02-05-T000000-chip20380_params_params_low_ISI_acqm.zip,chip20380,Retrosplenial Cortex
2695.0,1295.0,2024-02-05-T000000-chip20380_params_params_low_ISI_acqm.zip,chip20380,Retrosplenial Cortex
2677.5,1312.5,2024-02-05-T000000-chip20380_params_params_low_ISI_acqm.zip,chip20380,Retrosplenial Cortex
2590.0,1260.0,2024-02-05-T000000-chip20380_params_params_low_ISI_acqm.zip,chip20380,Retrosplenial Cortex
2555.0,1207.5,2024-02-05-T000000-chip20380_params_params_low_ISI_acqm.zip,chip20380,Retrosplenial Cortex
2747.5,1242.5,2024-02-05-T000000-chip20380_params_params_low_ISI_acqm.zip,chip20380,Retrosplenial Cortex
2730.0,1155.0,2024-02-05-T000000-chip20380_params_params_low_ISI_acqm.zip,chip20380,Retrosplenial Cortex
2660.0,1207.5,2024-02-05-T000000-chip20380_params_params_low_ISI_acqm.zip,chip20380,Retrosplenial Cortex
2712.5,1242.5,2024-02-05-T000000-chip20380_params_params_low_ISI_acqm.zip,chip20380,Retrosplenial Cortex
2660.0,1120.0,2024-02-05-T000000-chip20380_params_params_low_ISI_acqm.zip,chip20380,Retrosplenial Cortex
2625.0,1120.0,2024-02-05-T000000-chip20380_params_params_low_ISI_acqm.zip,chip20380,Retrosplenial Cortex
2677.5,980.0,2024-02-05-T000000-chip20380_params_params_low_ISI_acqm.zip,chip20380,Retrosplenial Cortex
2747.5,1155.0,2024-02-05-T000000-chip20380_params_params_low_ISI_acqm.zip,chip20380,Retrosplenial Cortex
2660.0,1050.0,2024-02-05-T000000-chip20380_params_params_low_ISI_acqm.zip,chip20380,Retrosplenial Cortex
2712.5,1120.0,2024-02-05-T010001-chip20380_params_params_low_ISI_acqm.zip,chip20380,Retrosplenial Cortex
2625.0,1207.5,2024-02-05-T010001-chip20380_params_params_low_ISI_acqm.zip,chip20380,Retrosplenial Cortex
2625.0,1172.5,2024-02-05-T010001-chip20380_params_params_low_ISI_acqm.zip,chip20380,Retrosplenial Cortex
2695.0,1155.0,2024-02-05-T010001-chip20380_params_params_low_ISI_acqm.zip,chip20380,Retrosplenial Cortex
2695.0,1102.5,2024-02-05-T010001-chip20380_params_params_low_ISI_acqm.zip,chip20380,Retrosplenial Cortex
2660.0,1207.5,2024-02-05-T010001-chip20380_params_params_low_ISI_acqm.zip,chip20380,Retrosplenial Cortex
2642.5,1207.5,2024-02-05-T010001-chip20380_params_params_low_ISI_acqm.zip,chip20380,Retrosplenial Cortex
2625.0,1207.5,2024-02-05-T010001-chip20380_params_params_low_ISI_acqm.zip,chip20380,Retrosplenial Cortex
2660.0,1295.0,2024-02-05-T010001-chip20380_params_params_low_ISI_acqm.zip,chip20380,Retrosplenial Cortex
2747.5,1260.0,2024-02-05-T010001-chip20380_params_params_low_ISI_acqm.zip,chip20380,Retrosplenial Cortex
2712.5,1190.0,2024-02-05-T010001-chip20380_params_params_low_ISI_acqm.zip,chip20380,Retrosplenial Cortex
840.0,1435.0,2024-02-05-T010001-chip20380_params_params_low_ISI_acqm.zip,chip20380,Septum
2467.5,980.0,2024-02-05-T010001-chip20380_params_params_low_ISI_acqm.zip,chip20380,Retrosplenial Cortex
2730.0,1277.5,2024-02-05-T010001-chip20380_params_params_low_ISI_acqm.zip,chip20380,Retrosplenial Cortex
2730.0,1277.5,2024-02-05-T010001-chip20380_params_params_low_ISI_acqm.zip,chip20380,Retrosplenial Cortex
2695.0,1242.5,2024-02-05-T010001-chip20380_params_params_low_ISI_acqm.zip,chip20380,Retrosplenial Cortex
2677.5,1190.0,2024-02-05-T010001-chip20380_params_params_low_ISI_acqm.zip,chip20380,Retrosplenial Cortex
752.5,1382.5,2024-02-05-T010001-chip20380_params_params_low_ISI_acqm.zip,chip20380,Septum
787.5,1417.5,2024-02-05-T010001-chip20380_params_params_low_ISI_acqm.zip,chip20380,Septum
2555.0,1102.5,2024-02-05-T010001-chip20380_params_params_low_ISI_acqm.zip,chip20380,Retrosplenial Cortex
2712.5,1365.0,2024-02-05-T010001-chip20380_params_params_low_ISI_acqm.zip,chip20380,Retrosplenial Cortex
752.5,1347.5,2024-02-05-T010001-chip20380_params_params_low_ISI_acqm.zip,chip20380,Septum
2642.5,1242.5,2024-02-05-T010001-chip20380_params_params_low_ISI_acqm.zip,chip20380,Retrosplenial Cortex
2712.5,1225.0,2024-02-05-T010001-chip20380_params_params_low_ISI_acqm.zip,chip20380,Retrosplenial Cortex
2677.5,1120.0,2024-02-05-T010001-chip20380_params_params_low_ISI_acqm.zip,chip20380,Retrosplenial Cortex
2625.0,1032.5,2024-02-05-T010001-chip20380_params_params_low_ISI_acqm.zip,chip20380,Retrosplenial Cortex
2625.0,1032.5,2024-02-05-T010001-chip20380_params_params_low_ISI_acqm.zip,chip20380,Retrosplenial Cortex
2695.0,1172.5,2024-02-05-T010001-chip20380_params_params_low_ISI_acqm.zip,chip20380,Retrosplenial Cortex
787.5,1417.5,2024-02-05-T010001-chip20380_params_params_low_ISI_acqm.zip,chip20380,Septum
752.5,1330.0,2024-02-05-T010001-chip20380_params_params_low_ISI_acqm.zip,chip20380,Septum
2747.5,1330.0,2024-02-05-T010001-chip20380_params_params_low_ISI_acqm.zip,chip20380,Retrosplenial Cortex
2485.0,1102.5,2024-02-05-T010001-chip20380_params_params_low_ISI_acqm.zip,chip20380,Retrosplenial Cortex
787.5,1645.0,2024-02-05-T010001-chip20380_params_params_low_ISI_acqm.zip,chip20380,Septum
2625.0,1242.5,2024-02-05-T010001-chip20380_params_params_low_ISI_acqm.zip,chip20380,Retrosplenial Cortex
2625.0,1172.5,2024-02-05-T010001-chip20380_params_params_low_ISI_acqm.zip,chip20380,Retrosplenial Cortex
2625.0,1295.0,2024-02-05-T010001-chip20380_params_params_low_ISI_acqm.zip,chip20380,Retrosplenial Cortex
2642.5,1260.0,2024-02-05-T010001-chip20380_params_params_low_ISI_acqm.zip,chip20380,Retrosplenial Cortex
2660.0,1295.0,2024-02-05-T010001-chip20380_params_params_low_ISI_acqm.zip,chip20380,Retrosplenial Cortex
2555.0,962.5,2024-02-05-T010001-chip20380_params_params_low_ISI_acqm.zip,chip20380,Retrosplenial Cortex
2590.0,997.5,2024-02-05-T010001-chip20380_params_params_low_ISI_acqm.zip,chip20380,Retrosplenial Cortex
2590.0,997.5,2024-02-05-T010001-chip20380_params_params_low_ISI_acqm.zip,chip20380,Retrosplenial Cortex
752.5,1382.5,2024-02-05-T010001-chip20380_params_params_low_ISI_acqm.zip,chip20380,Septum
2642.5,1015.0,2024-02-05-T010001-chip20380_params_params_low_ISI_acqm.zip,chip20380,Retrosplenial Cortex
2660.0,1032.5,2024-02-05-T010001-chip20380_params_params_low_ISI_acqm.zip,chip20380,Retrosplenial Cortex
2625.0,1172.5,2024-02-05-T010001-chip20380_params_params_low_ISI_acqm.zip,chip20380,Retrosplenial Cortex
2660.0,1120.0,2024-02-05-T010001-chip20380_params_params_low_ISI_acqm.zip,chip20380,Retrosplenial Cortex
2590.0,1015.0,2024-02-05-T010001-chip20380_params_params_low_ISI_acqm.zip,chip20380,Retrosplenial Cortex
2677.5,980.0,2024-02-05-T010001-chip20380_params_params_low_ISI_acqm.zip,chip20380,Retrosplenial Cortex
542.5,52.5,2024-02-05-T010001-chip20380_params_params_low_ISI_acqm.zip,chip20380,Striatum
2677.5,1067.5,2024-02-05-T010001-chip20380_params_params_low_ISI_acqm.zip,chip20380,Retrosplenial Cortex
2660.0,1120.0,2024-02-05-T010001-chip20380_params_params_low_ISI_acqm.zip,chip20380,Retrosplenial Cortex
2747.5,1137.5,2024-02-05-T010001-chip20380_params_params_low_ISI_acqm.zip,chip20380,Retrosplenial Cortex
2712.5,1172.5,2024-02-05-T010001-chip20380_params_params_low_ISI_acqm.zip,chip20380,Retrosplenial Cortex
2747.5,1295.0,2024-02-05-T010001-chip20380_params_params_low_ISI_acqm.zip,chip20380,Retrosplenial Cortex
2712.5,1242.5,2024-02-05-T010001-chip20380_params_params_low_ISI_acqm.zip,chip20380,Retrosplenial Cortex
770.0,1627.5,2024-02-05-T010001-chip20380_params_params_low_ISI_acqm.zip,chip20380,Septum
752.5,1382.5,2024-02-05-T010001-chip20380_params_params_low_ISI_acqm.zip,chip20380,Septum
2695.0,1260.0,2024-02-05-T010001-chip20380_params_params_low_ISI_acqm.zip,chip20380,Retrosplenial Cortex
2695.0,1260.0,2024-02-05-T010001-chip20380_params_params_low_ISI_acqm.zip,chip20380,Retrosplenial Cortex
2642.5,1190.0,2024-02-05-T010001-chip20380_params_params_low_ISI_acqm.zip,chip20380,Retrosplenial Cortex
2607.5,1155.0,2024-02-05-T010001-chip20380_params_params_low_ISI_acqm.zip,chip20380,Retrosplenial Cortex
2695.0,1295.0,2024-02-05-T010001-chip20380_params_params_low_ISI_acqm.zip,chip20380,Retrosplenial Cortex
2555.0,1102.5,2024-02-05-T010001-chip20380_params_params_low_ISI_acqm.zip,chip20380,Retrosplenial Cortex
2607.5,1225.0,2024-02-05-T010001-chip20380_params_params_low_ISI_acqm.zip,chip20380,Retrosplenial Cortex
2572.5,1067.5,2024-02-05-T010001-chip20380_params_params_low_ISI_acqm.zip,chip20380,Retrosplenial Cortex
2555.0,1277.5,2024-02-05-T010001-chip20380_params_params_low_ISI_acqm.zip,chip20380,Retrosplenial Cortex
2625.0,1207.5,2024-02-05-T010001-chip20380_params_params_low_ISI_acqm.zip,chip20380,Retrosplenial Cortex
2625.0,1050.0,2024-02-05-T010001-chip20380_params_params_low_ISI_acqm.zip,chip20380,Retrosplenial Cortex
2642.5,1120.0,2024-02-05-T010001-chip20380_params_params_low_ISI_acqm.zip,chip20380,Retrosplenial Cortex
2485.0,1225.0,2024-02-05-T010001-chip20380_params_params_low_ISI_acqm.zip,chip20380,Retrosplenial Cortex
892.5,1505.0,2024-02-05-T010001-chip20380_params_params_low_ISI_acqm.zip,chip20380,Septum
2677.5,1137.5,2024-02-05-T010001-chip20380_params_params_low_ISI_acqm.zip,chip20380,Retrosplenial Cortex
2677.5,1137.5,2024-02-05-T010001-chip20380_params_params_low_ISI_acqm.zip,chip20380,Retrosplenial Cortex
2695.0,1190.0,2024-02-05-T010001-chip20380_params_params_low_ISI_acqm.zip,chip20380,Retrosplenial Cortex
840.0,1540.0,2024-02-05-T010001-chip20380_params_params_low_ISI_acqm.zip,chip20380,Septum
717.5,1225.0,2024-02-05-T010001-chip20380_params_params_low_ISI_acqm.zip,chip20380,Septum
2730.0,1155.0,2024-02-05-T010001-chip20380_params_params_low_ISI_acqm.zip,chip20380,Retrosplenial Cortex
2660.0,1225.0,2024-02-05-T010001-chip20380_params_params_low_ISI_acqm.zip,chip20380,Retrosplenial Cortex
752.5,1365.0,2024-02-05-T010001-chip20380_params_params_low_ISI_acqm.zip,chip20380,Septum
717.5,1400.0,2024-02-05-T010001-chip20380_params_params_low_ISI_acqm.zip,chip20380,Septum
752.5,1382.5,2024-02-05-T010001-chip20380_params_params_low_ISI_acqm.zip,chip20380,Septum
2625.0,1067.5,2024-02-05-T010001-chip20380_params_params_low_ISI_acqm.zip,chip20380,Retrosplenial Cortex
2660.0,1120.0,2024-02-05-T010001-chip20380_params_params_low_ISI_acqm.zip,chip20380,Retrosplenial Cortex
2712.5,1050.0,2024-02-05-T010001-chip20380_params_params_low_ISI_acqm.zip,chip20380,Retrosplenial Cortex
735.0,1382.5,2024-02-05-T010001-chip20380_params_params_low_ISI_acqm.zip,chip20380,Septum
822.5,1347.5,2024-02-05-T010001-chip20380_params_params_low_ISI_acqm.zip,chip20380,Septum
2712.5,1120.0,2024-02-05-T010001-chip20380_params_params_low_ISI_acqm.zip,chip20380,Retrosplenial Cortex
2502.5,1102.5,2024-02-05-T010001-chip20380_params_params_low_ISI_acqm.zip,chip20380,Retrosplenial Cortex
2625.0,1172.5,2024-02-05-T010001-chip20380_params_params_low_ISI_acqm.zip,chip20380,Retrosplenial Cortex
770.0,1575.0,2024-02-05-T010001-chip20380_params_params_low_ISI_acqm.zip,chip20380,Septum
892.5,1505.0,2024-02-05-T010001-chip20380_params_params_low_ISI_acqm.zip,chip20380,Septum
2695.0,1155.0,2024-02-05-T010001-chip20380_params_params_low_ISI_acqm.zip,chip20380,Retrosplenial Cortex
1697.5,350.0,2024-02-05-T010001-chip20380_params_params_low_ISI_acqm.zip,chip20380,Unknown
2537.5,1295.0,2024-02-05-T010001-chip20380_params_params_low_ISI_acqm.zip,chip20380,Retrosplenial Cortex
2607.5,1015.0,2024-02-05-T010001-chip20380_params_params_low_ISI_acqm.zip,chip20380,Retrosplenial Cortex
2607.5,1015.0,2024-02-05-T010001-chip20380_params_params_low_ISI_acqm.zip,chip20380,Retrosplenial Cortex
2677.5,1067.5,2024-02-05-T010001-chip20380_params_params_low_ISI_acqm.zip,chip20380,Retrosplenial Cortex
2660.0,1050.0,2024-02-05-T010001-chip20380_params_params_low_ISI_acqm.zip,chip20380,Retrosplenial Cortex
2747.5,1032.5,2024-02-05-T010001-chip20380_params_params_low_ISI_acqm.zip,chip20380,Retrosplenial Cortex
2520.0,1260.0,2024-02-05-T010001-chip20380_params_params_low_ISI_acqm.zip,chip20380,Retrosplenial Cortex
2695.0,1085.0,2024-02-05-T010001-chip20380_params_params_low_ISI_acqm.zip,chip20380,Retrosplenial Cortex
2520.0,1120.0,2024-02-05-T010001-chip20380_params_params_low_ISI_acqm.zip,chip20380,Retrosplenial Cortex
2695.0,1015.0,2024-02-05-T010001-chip20380_params_params_low_ISI_acqm.zip,chip20380,Retrosplenial Cortex
2590.0,1120.0,2024-02-05-T010001-chip20380_params_params_low_ISI_acqm.zip,chip20380,Retrosplenial Cortex
2625.0,1242.5,2024-02-05-T010001-chip20380_params_params_low_ISI_acqm.zip,chip20380,Retrosplenial Cortex
2642.5,997.5,2024-02-05-T010001-chip20380_params_params_low_ISI_acqm.zip,chip20380,Retrosplenial Cortex
2660.0,1120.0,2024-02-05-T010001-chip20380_params_params_low_ISI_acqm.zip,chip20380,Retrosplenial Cortex
2660.0,1120.0,2024-02-05-T010001-chip20380_params_params_low_ISI_acqm.zip,chip20380,Retrosplenial Cortex
2642.5,1207.5,2024-02-05-T010001-chip20380_params_params_low_ISI_acqm.zip,chip20380,Retrosplenial Cortex
2695.0,1295.0,2024-02-05-T010001-chip20380_params_params_low_ISI_acqm.zip,chip20380,Retrosplenial Cortex
2695.0,1295.0,2024-02-05-T010001-chip20380_params_params_low_ISI_acqm.zip,chip20380,Retrosplenial Cortex
2590.0,1260.0,2024-02-05-T010001-chip20380_params_params_low_ISI_acqm.zip,chip20380,Retrosplenial Cortex
2537.5,1207.5,2024-02-05-T010001-chip20380_params_params_low_ISI_acqm.zip,chip20380,Retrosplenial Cortex
2730.0,1190.0,2024-02-05-T010001-chip20380_params_params_low_ISI_acqm.zip,chip20380,Retrosplenial Cortex
2730.0,1137.5,2024-02-05-T010001-chip20380_params_params_low_ISI_acqm.zip,chip20380,Retrosplenial Cortex
2730.0,1155.0,2024-02-05-T010001-chip20380_params_params_low_ISI_acqm.zip,chip20380,Retrosplenial Cortex
2712.5,1085.0,2024-02-05-T010001-chip20380_params_params_low_ISI_acqm.zip,chip20380,Retrosplenial Cortex
2660.0,1225.0,2024-02-05-T010001-chip20380_params_params_low_ISI_acqm.zip,chip20380,Retrosplenial Cortex
2712.5,1225.0,2024-02-05-T010001-chip20380_params_params_low_ISI_acqm.zip,chip20380,Retrosplenial Cortex
2642.5,1225.0,2024-02-05-T010001-chip20380_params_params_low_ISI_acqm.zip,chip20380,Retrosplenial Cortex
2625.0,1225.0,2024-02-05-T010001-chip20380_params_params_low_ISI_acqm.zip,chip20380,Retrosplenial Cortex
2660.0,1277.5,2024-02-05-T010001-chip20380_params_params_low_ISI_acqm.zip,chip20380,Retrosplenial Cortex
2642.5,1277.5,2024-02-05-T010001-chip20380_params_params_low_ISI_acqm.zip,chip20380,Retrosplenial Cortex
2642.5,1277.5,2024-02-05-T010001-chip20380_params_params_low_ISI_acqm.zip,chip20380,Retrosplenial Cortex
2695.0,1225.0,2024-02-05-T010001-chip20380_params_params_low_ISI_acqm.zip,chip20380,Retrosplenial Cortex
2712.5,1242.5,2024-02-05-T010001-chip20380_params_params_low_ISI_acqm.zip,chip20380,Retrosplenial Cortex
2677.5,1190.0,2024-02-05-T010001-chip20380_params_params_low_ISI_acqm.zip,chip20380,Retrosplenial Cortex
2590.0,1155.0,2024-02-05-T010001-chip20380_params_params_low_ISI_acqm.zip,chip20380,Retrosplenial Cortex
2660.0,1155.0,2024-02-05-T010001-chip20380_params_params_low_ISI_acqm.zip,chip20380,Retrosplenial Cortex
2660.0,1155.0,2024-02-05-T010001-chip20380_params_params_low_ISI_acqm.zip,chip20380,Retrosplenial Cortex
2625.0,997.5,2024-02-05-T010001-chip20380_params_params_low_ISI_acqm.zip,chip20380,Retrosplenial Cortex
2642.5,1032.5,2024-02-05-T010001-chip20380_params_params_low_ISI_acqm.zip,chip20380,Retrosplenial Cortex
2625.0,1172.5,2024-02-05-T010001-chip20380_params_params_low_ISI_acqm.zip,chip20380,Retrosplenial Cortex
2660.0,1120.0,2024-02-05-T010001-chip20380_params_params_low_ISI_acqm.zip,chip20380,Retrosplenial Cortex
2642.5,1102.5,2024-02-05-T010001-chip20380_params_params_low_ISI_acqm.zip,chip20380,Retrosplenial Cortex
2660.0,1085.0,2024-02-05-T010001-chip20380_params_params_low_ISI_acqm.zip,chip20380,Retrosplenial Cortex
2747.5,1137.5,2024-02-05-T010001-chip20380_params_params_low_ISI_acqm.zip,chip20380,Retrosplenial Cortex
2712.5,1172.5,2024-02-05-T010001-chip20380_params_params_low_ISI_acqm.zip,chip20380,Retrosplenial Cortex
2712.5,1277.5,2024-02-05-T010001-chip20380_params_params_low_ISI_acqm.zip,chip20380,Retrosplenial Cortex
2660.0,1155.0,2024-02-05-T010001-chip20380_params_params_low_ISI_acqm.zip,chip20380,Retrosplenial Cortex
2677.5,1295.0,2024-02-05-T010001-chip20380_params_params_low_ISI_acqm.zip,chip20380,Retrosplenial Cortex
2642.5,1137.5,2024-02-05-T010001-chip20380_params_params_low_ISI_acqm.zip,chip20380,Retrosplenial Cortex
2642.5,1137.5,2024-02-05-T010001-chip20380_params_params_low_ISI_acqm.zip,chip20380,Retrosplenial Cortex
2642.5,1102.5,2024-02-05-T010001-chip20380_params_params_low_ISI_acqm.zip,chip20380,Retrosplenial Cortex
2730.0,1155.0,2024-02-05-T010001-chip20380_params_params_low_ISI_acqm.zip,chip20380,Retrosplenial Cortex
752.5,1365.0,2024-02-05-T010001-chip20380_params_params_low_ISI_acqm.zip,chip20380,Septum
2660.0,1050.0,2024-02-05-T010001-chip20380_params_params_low_ISI_acqm.zip,chip20380,Retrosplenial Cortex
2695.0,1032.5,2024-02-05-T010001-chip20380_params_params_low_ISI_acqm.zip,chip20380,Retrosplenial Cortex
2642.5,1277.5,2024-02-05-T010001-chip20380_params_params_low_ISI_acqm.zip,chip20380,Retrosplenial Cortex
2642.5,980.0,2024-02-05-T010001-chip20380_params_params_low_ISI_acqm.zip,chip20380,Retrosplenial Cortex
2607.5,1242.5,2024-02-05-T010001-chip20380_params_params_low_ISI_acqm.zip,chip20380,Retrosplenial Cortex
2555.0,1207.5,2024-02-05-T010001-chip20380_params_params_low_ISI_acqm.zip,chip20380,Retrosplenial Cortex
2537.5,1207.5,2024-02-05-T010001-chip20380_params_params_low_ISI_acqm.zip,chip20380,Retrosplenial Cortex
2695.0,1102.5,2024-02-05-T010001-chip20380_params_params_low_ISI_acqm.zip,chip20380,Retrosplenial Cortex
2660.0,1225.0,2024-02-05-T010001-chip20380_params_params_low_ISI_acqm.zip,chip20380,Retrosplenial Cortex
2712.5,1225.0,2024-02-05-T010001-chip20380_params_params_low_ISI_acqm.zip,chip20380,Retrosplenial Cortex
2642.5,1225.0,2024-02-05-T010001-chip20380_params_params_low_ISI_acqm.zip,chip20380,Retrosplenial Cortex
2642.5,1225.0,2024-02-05-T010001-chip20380_params_params_low_ISI_acqm.zip,chip20380,Retrosplenial Cortex
2660.0,1120.0,2024-02-05-T010001-chip20380_params_params_low_ISI_acqm.zip,chip20380,Retrosplenial Cortex
2625.0,1172.5,2024-02-05-T010001-chip20380_params_params_low_ISI_acqm.zip,chip20380,Retrosplenial Cortex
2485.0,1242.5,2024-02-05-T010001-chip20380_params_params_low_ISI_acqm.zip,chip20380,Retrosplenial Cortex
2485.0,1225.0,2024-02-05-T010001-chip20380_params_params_low_ISI_acqm.zip,chip20380,Retrosplenial Cortex
2712.5,1120.0,2024-02-05-T010001-chip20380_params_params_low_ISI_acqm.zip,chip20380,Retrosplenial Cortex
2537.5,1190.0,2024-02-05-T010001-chip20380_params_params_low_ISI_acqm.zip,chip20380,Retrosplenial Cortex
2677.5,1120.0,2024-02-05-T010001-chip20380_params_params_low_ISI_acqm.zip,chip20380,Retrosplenial Cortex
2677.5,1155.0,2024-02-05-T010001-chip20380_params_params_low_ISI_acqm.zip,chip20380,Retrosplenial Cortex
2590.0,997.5,2024-02-05-T010001-chip20380_params_params_low_ISI_acqm.zip,chip20380,Retrosplenial Cortex
2712.5,1242.5,2024-02-05-T010001-chip20380_params_params_low_ISI_acqm.zip,chip20380,Retrosplenial Cortex
2765.0,1277.5,2024-02-05-T010001-chip20380_params_params_low_ISI_acqm.zip,chip20380,Unknown
2660.0,1102.5,2024-02-05-T010001-chip20380_params_params_low_ISI_acqm.zip,chip20380,Retrosplenial Cortex
2677.5,1137.5,2024-02-05-T010001-chip20380_params_params_low_ISI_acqm.zip,chip20380,Retrosplenial Cortex
2625.0,1067.5,2024-02-05-T010001-chip20380_params_params_low_ISI_acqm.zip,chip20380,Retrosplenial Cortex
2730.0,1137.5,2024-02-05-T020000-chip20380_params_params_low_ISI_acqm.zip,chip20380,Retrosplenial Cortex
2712.5,1137.5,2024-02-05-T020000-chip20380_params_params_low_ISI_acqm.zip,chip20380,Retrosplenial Cortex
2625.0,1172.5,2024-02-05-T020000-chip20380_params_params_low_ISI_acqm.zip,chip20380,Retrosplenial Cortex
2695.0,1137.5,2024-02-05-T020000-chip20380_params_params_low_ISI_acqm.zip,chip20380,Retrosplenial Cortex
2695.0,1102.5,2024-02-05-T020000-chip20380_params_params_low_ISI_acqm.zip,chip20380,Retrosplenial Cortex
2660.0,1207.5,2024-02-05-T020000-chip20380_params_params_low_ISI_acqm.zip,chip20380,Retrosplenial Cortex
2712.5,1347.5,2024-02-05-T020000-chip20380_params_params_low_ISI_acqm.zip,chip20380,Retrosplenial Cortex
2712.5,1190.0,2024-02-05-T020000-chip20380_params_params_low_ISI_acqm.zip,chip20380,Retrosplenial Cortex
2537.5,1190.0,2024-02-05-T020000-chip20380_params_params_low_ISI_acqm.zip,chip20380,Retrosplenial Cortex
2660.0,1085.0,2024-02-05-T020000-chip20380_params_params_low_ISI_acqm.zip,chip20380,Retrosplenial Cortex
2467.5,980.0,2024-02-05-T020000-chip20380_params_params_low_ISI_acqm.zip,chip20380,Retrosplenial Cortex
2730.0,1277.5,2024-02-05-T020000-chip20380_params_params_low_ISI_acqm.zip,chip20380,Retrosplenial Cortex
2695.0,1242.5,2024-02-05-T020000-chip20380_params_params_low_ISI_acqm.zip,chip20380,Retrosplenial Cortex
2695.0,1102.5,2024-02-05-T020000-chip20380_params_params_low_ISI_acqm.zip,chip20380,Retrosplenial Cortex
2677.5,1190.0,2024-02-05-T020000-chip20380_params_params_low_ISI_acqm.zip,chip20380,Retrosplenial Cortex
717.5,1400.0,2024-02-05-T020000-chip20380_params_params_low_ISI_acqm.zip,chip20380,Septum
2677.5,1102.5,2024-02-05-T020000-chip20380_params_params_low_ISI_acqm.zip,chip20380,Retrosplenial Cortex
2555.0,1102.5,2024-02-05-T020000-chip20380_params_params_low_ISI_acqm.zip,chip20380,Retrosplenial Cortex
2660.0,1155.0,2024-02-05-T020000-chip20380_params_params_low_ISI_acqm.zip,chip20380,Retrosplenial Cortex
2642.5,1242.5,2024-02-05-T020000-chip20380_params_params_low_ISI_acqm.zip,chip20380,Retrosplenial Cortex
2677.5,1120.0,2024-02-05-T020000-chip20380_params_params_low_ISI_acqm.zip,chip20380,Retrosplenial Cortex
2625.0,1032.5,2024-02-05-T020000-chip20380_params_params_low_ISI_acqm.zip,chip20380,Retrosplenial Cortex
2625.0,1032.5,2024-02-05-T020000-chip20380_params_params_low_ISI_acqm.zip,chip20380,Retrosplenial Cortex
2695.0,1155.0,2024-02-05-T020000-chip20380_params_params_low_ISI_acqm.zip,chip20380,Retrosplenial Cortex
735.0,1347.5,2024-02-05-T020000-chip20380_params_params_low_ISI_acqm.zip,chip20380,Septum
2747.5,1330.0,2024-02-05-T020000-chip20380_params_params_low_ISI_acqm.zip,chip20380,Retrosplenial Cortex
2677.5,1155.0,2024-02-05-T020000-chip20380_params_params_low_ISI_acqm.zip,chip20380,Retrosplenial Cortex
2660.0,1155.0,2024-02-05-T020000-chip20380_params_params_low_ISI_acqm.zip,chip20380,Retrosplenial Cortex
2660.0,1155.0,2024-02-05-T020000-chip20380_params_params_low_ISI_acqm.zip,chip20380,Retrosplenial Cortex
787.5,1645.0,2024-02-05-T020000-chip20380_params_params_low_ISI_acqm.zip,chip20380,Septum
2607.5,1225.0,2024-02-05-T020000-chip20380_params_params_low_ISI_acqm.zip,chip20380,Retrosplenial Cortex
2642.5,1260.0,2024-02-05-T020000-chip20380_params_params_low_ISI_acqm.zip,chip20380,Retrosplenial Cortex
2625.0,1260.0,2024-02-05-T020000-chip20380_params_params_low_ISI_acqm.zip,chip20380,Retrosplenial Cortex
2555.0,962.5,2024-02-05-T020000-chip20380_params_params_low_ISI_acqm.zip,chip20380,Retrosplenial Cortex
2590.0,997.5,2024-02-05-T020000-chip20380_params_params_low_ISI_acqm.zip,chip20380,Retrosplenial Cortex
752.5,1382.5,2024-02-05-T020000-chip20380_params_params_low_ISI_acqm.zip,chip20380,Septum
2520.0,1277.5,2024-02-05-T020000-chip20380_params_params_low_ISI_acqm.zip,chip20380,Retrosplenial Cortex
2642.5,1015.0,2024-02-05-T020000-chip20380_params_params_low_ISI_acqm.zip,chip20380,Retrosplenial Cortex
2642.5,1015.0,2024-02-05-T020000-chip20380_params_params_low_ISI_acqm.zip,chip20380,Retrosplenial Cortex
2502.5,1225.0,2024-02-05-T020000-chip20380_params_params_low_ISI_acqm.zip,chip20380,Retrosplenial Cortex
2625.0,1172.5,2024-02-05-T020000-chip20380_params_params_low_ISI_acqm.zip,chip20380,Retrosplenial Cortex
2660.0,1120.0,2024-02-05-T020000-chip20380_params_params_low_ISI_acqm.zip,chip20380,Retrosplenial Cortex
2590.0,1015.0,2024-02-05-T020000-chip20380_params_params_low_ISI_acqm.zip,chip20380,Retrosplenial Cortex
2712.5,1032.5,2024-02-05-T020000-chip20380_params_params_low_ISI_acqm.zip,chip20380,Retrosplenial Cortex
2677.5,980.0,2024-02-05-T020000-chip20380_params_params_low_ISI_acqm.zip,chip20380,Retrosplenial Cortex
542.5,52.5,2024-02-05-T020000-chip20380_params_params_low_ISI_acqm.zip,chip20380,Striatum
2677.5,1067.5,2024-02-05-T020000-chip20380_params_params_low_ISI_acqm.zip,chip20380,Retrosplenial Cortex
2712.5,1172.5,2024-02-05-T020000-chip20380_params_params_low_ISI_acqm.zip,chip20380,Retrosplenial Cortex
2747.5,1295.0,2024-02-05-T020000-chip20380_params_params_low_ISI_acqm.zip,chip20380,Retrosplenial Cortex
2642.5,1067.5,2024-02-05-T020000-chip20380_params_params_low_ISI_acqm.zip,chip20380,Retrosplenial Cortex
770.0,1627.5,2024-02-05-T020000-chip20380_params_params_low_ISI_acqm.zip,chip20380,Septum
2712.5,1277.5,2024-02-05-T020000-chip20380_params_params_low_ISI_acqm.zip,chip20380,Retrosplenial Cortex
2695.0,1260.0,2024-02-05-T020000-chip20380_params_params_low_ISI_acqm.zip,chip20380,Retrosplenial Cortex
2642.5,1172.5,2024-02-05-T020000-chip20380_params_params_low_ISI_acqm.zip,chip20380,Retrosplenial Cortex
2607.5,1155.0,2024-02-05-T020000-chip20380_params_params_low_ISI_acqm.zip,chip20380,Retrosplenial Cortex
857.5,1575.0,2024-02-05-T020000-chip20380_params_params_low_ISI_acqm.zip,chip20380,Septum
2625.0,1225.0,2024-02-05-T020000-chip20380_params_params_low_ISI_acqm.zip,chip20380,Retrosplenial Cortex
2625.0,1207.5,2024-02-05-T020000-chip20380_params_params_low_ISI_acqm.zip,chip20380,Retrosplenial Cortex
2572.5,1067.5,2024-02-05-T020000-chip20380_params_params_low_ISI_acqm.zip,chip20380,Retrosplenial Cortex
2572.5,1067.5,2024-02-05-T020000-chip20380_params_params_low_ISI_acqm.zip,chip20380,Retrosplenial Cortex
2555.0,1277.5,2024-02-05-T020000-chip20380_params_params_low_ISI_acqm.zip,chip20380,Retrosplenial Cortex
2625.0,1207.5,2024-02-05-T020000-chip20380_params_params_low_ISI_acqm.zip,chip20380,Retrosplenial Cortex
2485.0,1242.5,2024-02-05-T020000-chip20380_params_params_low_ISI_acqm.zip,chip20380,Retrosplenial Cortex
892.5,1505.0,2024-02-05-T020000-chip20380_params_params_low_ISI_acqm.zip,chip20380,Septum
2677.5,1137.5,2024-02-05-T020000-chip20380_params_params_low_ISI_acqm.zip,chip20380,Retrosplenial Cortex
2677.5,1137.5,2024-02-05-T020000-chip20380_params_params_low_ISI_acqm.zip,chip20380,Retrosplenial Cortex
2695.0,1190.0,2024-02-05-T020000-chip20380_params_params_low_ISI_acqm.zip,chip20380,Retrosplenial Cortex
2660.0,1032.5,2024-02-05-T020000-chip20380_params_params_low_ISI_acqm.zip,chip20380,Retrosplenial Cortex
717.5,1225.0,2024-02-05-T020000-chip20380_params_params_low_ISI_acqm.zip,chip20380,Septum
2730.0,1155.0,2024-02-05-T020000-chip20380_params_params_low_ISI_acqm.zip,chip20380,Retrosplenial Cortex
2677.5,1225.0,2024-02-05-T020000-chip20380_params_params_low_ISI_acqm.zip,chip20380,Retrosplenial Cortex
752.5,1382.5,2024-02-05-T020000-chip20380_params_params_low_ISI_acqm.zip,chip20380,Septum
752.5,1365.0,2024-02-05-T020000-chip20380_params_params_low_ISI_acqm.zip,chip20380,Septum
752.5,1382.5,2024-02-05-T020000-chip20380_params_params_low_ISI_acqm.zip,chip20380,Septum
735.0,1347.5,2024-02-05-T020000-chip20380_params_params_low_ISI_acqm.zip,chip20380,Septum
735.0,1382.5,2024-02-05-T020000-chip20380_params_params_low_ISI_acqm.zip,chip20380,Septum
822.5,1347.5,2024-02-05-T020000-chip20380_params_params_low_ISI_acqm.zip,chip20380,Septum
2712.5,1120.0,2024-02-05-T020000-chip20380_params_params_low_ISI_acqm.zip,chip20380,Retrosplenial Cortex
2502.5,1102.5,2024-02-05-T020000-chip20380_params_params_low_ISI_acqm.zip,chip20380,Retrosplenial Cortex
2502.5,1102.5,2024-02-05-T020000-chip20380_params_params_low_ISI_acqm.zip,chip20380,Retrosplenial Cortex
2607.5,1155.0,2024-02-05-T020000-chip20380_params_params_low_ISI_acqm.zip,chip20380,Retrosplenial Cortex
2625.0,1172.5,2024-02-05-T020000-chip20380_params_params_low_ISI_acqm.zip,chip20380,Retrosplenial Cortex
2642.5,1067.5,2024-02-05-T020000-chip20380_params_params_low_ISI_acqm.zip,chip20380,Retrosplenial Cortex
2660.0,1190.0,2024-02-05-T020000-chip20380_params_params_low_ISI_acqm.zip,chip20380,Retrosplenial Cortex
770.0,1575.0,2024-02-05-T020000-chip20380_params_params_low_ISI_acqm.zip,chip20380,Septum
2695.0,1155.0,2024-02-05-T020000-chip20380_params_params_low_ISI_acqm.zip,chip20380,Retrosplenial Cortex
1697.5,350.0,2024-02-05-T020000-chip20380_params_params_low_ISI_acqm.zip,chip20380,Unknown
2537.5,1260.0,2024-02-05-T020000-chip20380_params_params_low_ISI_acqm.zip,chip20380,Retrosplenial Cortex
2572.5,1032.5,2024-02-05-T020000-chip20380_params_params_low_ISI_acqm.zip,chip20380,Retrosplenial Cortex
2607.5,1015.0,2024-02-05-T020000-chip20380_params_params_low_ISI_acqm.zip,chip20380,Retrosplenial Cortex
2607.5,1015.0,2024-02-05-T020000-chip20380_params_params_low_ISI_acqm.zip,chip20380,Retrosplenial Cortex
787.5,1417.5,2024-02-05-T020000-chip20380_params_params_low_ISI_acqm.zip,chip20380,Septum
2747.5,1032.5,2024-02-05-T020000-chip20380_params_params_low_ISI_acqm.zip,chip20380,Retrosplenial Cortex
2520.0,1120.0,2024-02-05-T020000-chip20380_params_params_low_ISI_acqm.zip,chip20380,Retrosplenial Cortex
2677.5,1032.5,2024-02-05-T020000-chip20380_params_params_low_ISI_acqm.zip,chip20380,Retrosplenial Cortex
2625.0,1242.5,2024-02-05-T020000-chip20380_params_params_low_ISI_acqm.zip,chip20380,Retrosplenial Cortex
2677.5,1032.5,2024-02-05-T020000-chip20380_params_params_low_ISI_acqm.zip,chip20380,Retrosplenial Cortex
2625.0,1207.5,2024-02-05-T020000-chip20380_params_params_low_ISI_acqm.zip,chip20380,Retrosplenial Cortex
2590.0,1120.0,2024-02-05-T020000-chip20380_params_params_low_ISI_acqm.zip,chip20380,Retrosplenial Cortex
2642.5,1277.5,2024-02-05-T020000-chip20380_params_params_low_ISI_acqm.zip,chip20380,Retrosplenial Cortex
2765.0,1295.0,2024-02-05-T020000-chip20380_params_params_low_ISI_acqm.zip,chip20380,Unknown
2642.5,980.0,2024-02-05-T020000-chip20380_params_params_low_ISI_acqm.zip,chip20380,Retrosplenial Cortex
2607.5,1102.5,2024-02-05-T020000-chip20380_params_params_low_ISI_acqm.zip,chip20380,Retrosplenial Cortex
2660.0,1120.0,2024-02-05-T020000-chip20380_params_params_low_ISI_acqm.zip,chip20380,Retrosplenial Cortex
2660.0,1120.0,2024-02-05-T020000-chip20380_params_params_low_ISI_acqm.zip,chip20380,Retrosplenial Cortex
2642.5,1207.5,2024-02-05-T020000-chip20380_params_params_low_ISI_acqm.zip,chip20380,Retrosplenial Cortex
2695.0,1260.0,2024-02-05-T020000-chip20380_params_params_low_ISI_acqm.zip,chip20380,Retrosplenial Cortex
2695.0,1295.0,2024-02-05-T020000-chip20380_params_params_low_ISI_acqm.zip,chip20380,Retrosplenial Cortex
2695.0,1295.0,2024-02-05-T020000-chip20380_params_params_low_ISI_acqm.zip,chip20380,Retrosplenial Cortex
2590.0,1260.0,2024-02-05-T020000-chip20380_params_params_low_ISI_acqm.zip,chip20380,Retrosplenial Cortex
2695.0,1225.0,2024-02-05-T020000-chip20380_params_params_low_ISI_acqm.zip,chip20380,Retrosplenial Cortex
2555.0,997.5,2024-02-05-T020000-chip20380_params_params_low_ISI_acqm.zip,chip20380,Retrosplenial Cortex
2747.5,1137.5,2024-02-05-T020000-chip20380_params_params_low_ISI_acqm.zip,chip20380,Retrosplenial Cortex
2730.0,1137.5,2024-02-05-T020000-chip20380_params_params_low_ISI_acqm.zip,chip20380,Retrosplenial Cortex
2712.5,1242.5,2024-02-05-T020000-chip20380_params_params_low_ISI_acqm.zip,chip20380,Retrosplenial Cortex
2712.5,1085.0,2024-02-05-T020000-chip20380_params_params_low_ISI_acqm.zip,chip20380,Retrosplenial Cortex
2677.5,1190.0,2024-02-05-T020000-chip20380_params_params_low_ISI_acqm.zip,chip20380,Retrosplenial Cortex
2677.5,1120.0,2024-02-05-T020000-chip20380_params_params_low_ISI_acqm.zip,chip20380,Retrosplenial Cortex
787.5,1417.5,2024-02-05-T020000-chip20380_params_params_low_ISI_acqm.zip,chip20380,Septum
2712.5,1330.0,2024-02-05-T020000-chip20380_params_params_low_ISI_acqm.zip,chip20380,Retrosplenial Cortex
2712.5,1172.5,2024-02-05-T020000-chip20380_params_params_low_ISI_acqm.zip,chip20380,Retrosplenial Cortex
2677.5,1120.0,2024-02-05-T020000-chip20380_params_params_low_ISI_acqm.zip,chip20380,Retrosplenial Cortex
2695.0,1172.5,2024-02-05-T020000-chip20380_params_params_low_ISI_acqm.zip,chip20380,Retrosplenial Cortex
2730.0,1312.5,2024-02-05-T020000-chip20380_params_params_low_ISI_acqm.zip,chip20380,Retrosplenial Cortex
2642.5,1260.0,2024-02-05-T020000-chip20380_params_params_low_ISI_acqm.zip,chip20380,Retrosplenial Cortex
2660.0,1295.0,2024-02-05-T020000-chip20380_params_params_low_ISI_acqm.zip,chip20380,Retrosplenial Cortex
2660.0,1120.0,2024-02-05-T020000-chip20380_params_params_low_ISI_acqm.zip,chip20380,Retrosplenial Cortex
2590.0,997.5,2024-02-05-T020000-chip20380_params_params_low_ISI_acqm.zip,chip20380,Retrosplenial Cortex
2712.5,1225.0,2024-02-05-T020000-chip20380_params_params_low_ISI_acqm.zip,chip20380,Retrosplenial Cortex
2712.5,1242.5,2024-02-05-T020000-chip20380_params_params_low_ISI_acqm.zip,chip20380,Retrosplenial Cortex
2642.5,1172.5,2024-02-05-T020000-chip20380_params_params_low_ISI_acqm.zip,chip20380,Retrosplenial Cortex
2642.5,1120.0,2024-02-05-T020000-chip20380_params_params_low_ISI_acqm.zip,chip20380,Retrosplenial Cortex
2642.5,1102.5,2024-02-05-T020000-chip20380_params_params_low_ISI_acqm.zip,chip20380,Retrosplenial Cortex
2485.0,1225.0,2024-02-05-T020000-chip20380_params_params_low_ISI_acqm.zip,chip20380,Retrosplenial Cortex
2677.5,1225.0,2024-02-05-T020000-chip20380_params_params_low_ISI_acqm.zip,chip20380,Retrosplenial Cortex
752.5,1365.0,2024-02-05-T020000-chip20380_params_params_low_ISI_acqm.zip,chip20380,Septum
2695.0,1067.5,2024-02-05-T020000-chip20380_params_params_low_ISI_acqm.zip,chip20380,Retrosplenial Cortex
2695.0,1120.0,2024-02-05-T020000-chip20380_params_params_low_ISI_acqm.zip,chip20380,Retrosplenial Cortex
2625.0,1172.5,2024-02-05-T020000-chip20380_params_params_low_ISI_acqm.zip,chip20380,Retrosplenial Cortex
2660.0,1050.0,2024-02-05-T020000-chip20380_params_params_low_ISI_acqm.zip,chip20380,Retrosplenial Cortex
2712.5,1137.5,2024-02-05-T020000-chip20380_params_params_low_ISI_acqm.zip,chip20380,Retrosplenial Cortex
2695.0,1067.5,2024-02-05-T020000-chip20380_params_params_low_ISI_acqm.zip,chip20380,Retrosplenial Cortex
2695.0,1015.0,2024-02-05-T020000-chip20380_params_params_low_ISI_acqm.zip,chip20380,Retrosplenial Cortex
2625.0,1225.0,2024-02-05-T020000-chip20380_params_params_low_ISI_acqm.zip,chip20380,Retrosplenial Cortex
2677.5,1032.5,2024-02-05-T020000-chip20380_params_params_low_ISI_acqm.zip,chip20380,Retrosplenial Cortex
2642.5,980.0,2024-02-05-T020000-chip20380_params_params_low_ISI_acqm.zip,chip20380,Retrosplenial Cortex
2695.0,1295.0,2024-02-05-T020000-chip20380_params_params_low_ISI_acqm.zip,chip20380,Retrosplenial Cortex
2677.5,1120.0,2024-02-05-T020000-chip20380_params_params_low_ISI_acqm.zip,chip20380,Retrosplenial Cortex
2730.0,1312.5,2024-02-05-T020000-chip20380_params_params_low_ISI_acqm.zip,chip20380,Retrosplenial Cortex
2625.0,1172.5,2024-02-05-T020000-chip20380_params_params_low_ISI_acqm.zip,chip20380,Retrosplenial Cortex
2660.0,1050.0,2024-02-05-T020000-chip20380_params_params_low_ISI_acqm.zip,chip20380,Retrosplenial Cortex
2660.0,1225.0,2024-02-05-T020000-chip20380_params_params_low_ISI_acqm.zip,chip20380,Retrosplenial Cortex
2607.5,1120.0,2024-02-05-T020000-chip20380_params_params_low_ISI_acqm.zip,chip20380,Retrosplenial Cortex
2660.0,1050.0,2024-02-05-T020000-chip20380_params_params_low_ISI_acqm.zip,chip20380,Retrosplenial Cortex
2555.0,1295.0,2024-02-05-T020000-chip20380_params_params_low_ISI_acqm.zip,chip20380,Retrosplenial Cortex
2590.0,1260.0,2024-02-05-T020000-chip20380_params_params_low_ISI_acqm.zip,chip20380,Retrosplenial Cortex
2747.5,1137.5,2024-02-05-T020000-chip20380_params_params_low_ISI_acqm.zip,chip20380,Retrosplenial Cortex
3482.5,1487.5,2024-02-06-T170100-chip20215_params_params_low_ISI_acqm.zip,chip20215,Cortex
3430.0,612.5,2024-02-06-T170100-chip20215_params_params_low_ISI_acqm.zip,chip20215,Cortex
3517.5,1435.0,2024-02-06-T170100-chip20215_params_params_low_ISI_acqm.zip,chip20215,Cortex
3290.0,1837.5,2024-02-06-T170100-chip20215_params_params_low_ISI_acqm.zip,chip20215,Cortex
3552.5,1400.0,2024-02-06-T170100-chip20215_params_params_low_ISI_acqm.zip,chip20215,Cortex
3395.0,472.5,2024-02-06-T170100-chip20215_params_params_low_ISI_acqm.zip,chip20215,Cortex
3395.0,472.5,2024-02-06-T170100-chip20215_params_params_low_ISI_acqm.zip,chip20215,Cortex
3430.0,507.5,2024-02-06-T170100-chip20215_params_params_low_ISI_acqm.zip,chip20215,Cortex
3570.0,1242.5,2024-02-06-T170100-chip20215_params_params_low_ISI_acqm.zip,chip20215,Cortex
3570.0,1242.5,2024-02-06-T170100-chip20215_params_params_low_ISI_acqm.zip,chip20215,Cortex
3412.5,437.5,2024-02-06-T170100-chip20215_params_params_low_ISI_acqm.zip,chip20215,Cortex
3377.5,1820.0,2024-02-06-T170100-chip20215_params_params_low_ISI_acqm.zip,chip20215,Cortex
3412.5,262.5,2024-02-06-T170100-chip20215_params_params_low_ISI_acqm.zip,chip20215,Cortex
3430.0,262.5,2024-02-06-T170100-chip20215_params_params_low_ISI_acqm.zip,chip20215,Cortex
3395.0,280.0,2024-02-06-T170100-chip20215_params_params_low_ISI_acqm.zip,chip20215,Cortex
3377.5,367.5,2024-02-06-T170100-chip20215_params_params_low_ISI_acqm.zip,chip20215,Cortex
3377.5,402.5,2024-02-06-T170100-chip20215_params_params_low_ISI_acqm.zip,chip20215,Cortex
3325.0,1837.5,2024-02-06-T170100-chip20215_params_params_low_ISI_acqm.zip,chip20215,Cortex
3412.5,472.5,2024-02-06-T170100-chip20215_params_params_low_ISI_acqm.zip,chip20215,Cortex
3290.0,70.0,2024-02-06-T170100-chip20215_params_params_low_ISI_acqm.zip,chip20215,Cortex
3290.0,70.0,2024-02-06-T170100-chip20215_params_params_low_ISI_acqm.zip,chip20215,Cortex
3412.5,192.5,2024-02-06-T170100-chip20215_params_params_low_ISI_acqm.zip,chip20215,Cortex
3290.0,105.0,2024-02-06-T170100-chip20215_params_params_low_ISI_acqm.zip,chip20215,Cortex
2310.0,1312.5,2024-02-06-T170100-chip20215_params_params_low_ISI_acqm.zip,chip20215,Unknown
3237.5,1872.5,2024-02-06-T170100-chip20215_params_params_low_ISI_acqm.zip,chip20215,Cortex
3360.0,350.0,2024-02-06-T170100-chip20215_params_params_low_ISI_acqm.zip,chip20215,Cortex
3255.0,35.0,2024-02-06-T170100-chip20215_params_params_low_ISI_acqm.zip,chip20215,Cortex
3132.5,1960.0,2024-02-06-T170100-chip20215_params_params_low_ISI_acqm.zip,chip20215,Unknown
3500.0,1522.5,2024-02-06-T170100-chip20215_params_params_low_ISI_acqm.zip,chip20215,Cortex
3377.5,1820.0,2024-02-06-T170100-chip20215_params_params_low_ISI_acqm.zip,chip20215,Cortex
3237.5,35.0,2024-02-06-T170100-chip20215_params_params_low_ISI_acqm.zip,chip20215,Cortex
3395.0,1802.5,2024-02-06-T170100-chip20215_params_params_low_ISI_acqm.zip,chip20215,Cortex
3482.5,1487.5,2024-02-06-T180101-chip20215_params_params_low_ISI_acqm.zip,chip20215,Cortex
3482.5,1487.5,2024-02-06-T180101-chip20215_params_params_low_ISI_acqm.zip,chip20215,Cortex
437.5,1260.0,2024-02-06-T180101-chip20215_params_params_low_ISI_acqm.zip,chip20215,Unknown
3395.0,472.5,2024-02-06-T180101-chip20215_params_params_low_ISI_acqm.zip,chip20215,Cortex
3430.0,525.0,2024-02-06-T180101-chip20215_params_params_low_ISI_acqm.zip,chip20215,Cortex
3412.5,455.0,2024-02-06-T180101-chip20215_params_params_low_ISI_acqm.zip,chip20215,Cortex
3412.5,262.5,2024-02-06-T180101-chip20215_params_params_low_ISI_acqm.zip,chip20215,Cortex
3430.0,262.5,2024-02-06-T180101-chip20215_params_params_low_ISI_acqm.zip,chip20215,Cortex
2310.0,1330.0,2024-02-06-T180101-chip20215_params_params_low_ISI_acqm.zip,chip20215,Unknown
3360.0,1767.5,2024-02-06-T180101-chip20215_params_params_low_ISI_acqm.zip,chip20215,Cortex
3325.0,1837.5,2024-02-06-T180101-chip20215_params_params_low_ISI_acqm.zip,chip20215,Cortex
3447.5,402.5,2024-02-06-T180101-chip20215_params_params_low_ISI_acqm.zip,chip20215,Cortex
3377.5,402.5,2024-02-06-T180101-chip20215_params_params_low_ISI_acqm.zip,chip20215,Cortex
2275.0,1225.0,2024-02-06-T180101-chip20215_params_params_low_ISI_acqm.zip,chip20215,Unknown
3412.5,472.5,2024-02-06-T180101-chip20215_params_params_low_ISI_acqm.zip,chip20215,Cortex
3290.0,70.0,2024-02-06-T180101-chip20215_params_params_low_ISI_acqm.zip,chip20215,Cortex
3395.0,175.0,2024-02-06-T180101-chip20215_params_params_low_ISI_acqm.zip,chip20215,Cortex
2310.0,1330.0,2024-02-06-T180101-chip20215_params_params_low_ISI_acqm.zip,chip20215,Unknown
3290.0,105.0,2024-02-06-T180101-chip20215_params_params_low_ISI_acqm.zip,chip20215,Cortex
3307.5,1785.0,2024-02-06-T180101-chip20215_params_params_low_ISI_acqm.zip,chip20215,Cortex
3482.5,1487.5,2024-02-06-T180101-chip20215_params_params_low_ISI_acqm.zip,chip20215,Cortex
3307.5,1785.0,2024-02-06-T190100-chip20215_params_params_low_ISI_acqm.zip,chip20215,Cortex
3430.0,612.5,2024-02-06-T230101-chip20215_params_params_low_ISI_acqm.zip,chip20215,Cortex
3465.0,1487.5,2024-02-06-T230101-chip20215_params_params_low_ISI_acqm.zip,chip20215,Cortex
3412.5,262.5,2024-02-06-T230101-chip20215_params_params_low_ISI_acqm.zip,chip20215,Cortex
3430.0,262.5,2024-02-06-T230101-chip20215_params_params_low_ISI_acqm.zip,chip20215,Cortex
3377.5,367.5,2024-02-06-T230101-chip20215_params_params_low_ISI_acqm.zip,chip20215,Cortex
3447.5,455.0,2024-02-06-T230101-chip20215_params_params_low_ISI_acqm.zip,chip20215,Cortex
3307.5,1785.0,2024-02-06-T230101-chip20215_params_params_low_ISI_acqm.zip,chip20215,Cortex
3412.5,472.5,2024-02-06-T230101-chip20215_params_params_low_ISI_acqm.zip,chip20215,Cortex
3290.0,70.0,2024-02-06-T230101-chip20215_params_params_low_ISI_acqm.zip,chip20215,Cortex
2327.5,1312.5,2024-02-06-T230101-chip20215_params_params_low_ISI_acqm.zip,chip20215,Unknown
3237.5,35.0,2024-02-06-T230101-chip20215_params_params_low_ISI_acqm.zip,chip20215,Cortex
3430.0,612.5,2024-02-06-T230101-chip20215_params_params_low_ISI_acqm.zip,chip20215,Cortex
3395.0,472.5,2024-02-06-T230101-chip20215_params_params_low_ISI_acqm.zip,chip20215,Cortex
3430.0,612.5,2024-02-07-T020101-chip20215_params_params_low_ISI_acqm.zip,chip20215,Cortex
3465.0,1487.5,2024-02-07-T020101-chip20215_params_params_low_ISI_acqm.zip,chip20215,Cortex
3395.0,472.5,2024-02-07-T020101-chip20215_params_params_low_ISI_acqm.zip,chip20215,Cortex
3430.0,525.0,2024-02-07-T020101-chip20215_params_params_low_ISI_acqm.zip,chip20215,Cortex
3412.5,455.0,2024-02-07-T020101-chip20215_params_params_low_ISI_acqm.zip,chip20215,Cortex
3412.5,262.5,2024-02-07-T020101-chip20215_params_params_low_ISI_acqm.zip,chip20215,Cortex
3412.5,262.5,2024-02-07-T020101-chip20215_params_params_low_ISI_acqm.zip,chip20215,Cortex
3447.5,315.0,2024-02-07-T020101-chip20215_params_params_low_ISI_acqm.zip,chip20215,Cortex
3430.0,262.5,2024-02-07-T020101-chip20215_params_params_low_ISI_acqm.zip,chip20215,Cortex
3377.5,367.5,2024-02-07-T020101-chip20215_params_params_low_ISI_acqm.zip,chip20215,Cortex
3342.5,227.5,2024-02-07-T020101-chip20215_params_params_low_ISI_acqm.zip,chip20215,Cortex
3342.5,227.5,2024-02-07-T020101-chip20215_params_params_low_ISI_acqm.zip,chip20215,Cortex
3447.5,455.0,2024-02-07-T020101-chip20215_params_params_low_ISI_acqm.zip,chip20215,Cortex
3307.5,1785.0,2024-02-07-T020101-chip20215_params_params_low_ISI_acqm.zip,chip20215,Cortex
3412.5,472.5,2024-02-07-T020101-chip20215_params_params_low_ISI_acqm.zip,chip20215,Cortex
3290.0,70.0,2024-02-07-T020101-chip20215_params_params_low_ISI_acqm.zip,chip20215,Cortex
3360.0,122.5,2024-02-07-T020101-chip20215_params_params_low_ISI_acqm.zip,chip20215,Cortex
2485.0,1540.0,2024-02-07-T020101-chip20215_params_params_low_ISI_acqm.zip,chip20215,Unknown
3237.5,35.0,2024-02-07-T020101-chip20215_params_params_low_ISI_acqm.zip,chip20215,Cortex
3587.5,1312.5,2024-02-07-T020101-chip20215_params_params_low_ISI_acqm.zip,chip20215,Cortex
3377.5,420.0,2024-02-07-T030100-chip20215_params_params_low_ISI_acqm.zip,chip20215,Cortex
3517.5,1452.5,2024-02-07-T030100-chip20215_params_params_low_ISI_acqm.zip,chip20215,Cortex
3465.0,1487.5,2024-02-07-T030100-chip20215_params_params_low_ISI_acqm.zip,chip20215,Cortex
3395.0,472.5,2024-02-07-T030100-chip20215_params_params_low_ISI_acqm.zip,chip20215,Cortex
3552.5,1400.0,2024-02-07-T030100-chip20215_params_params_low_ISI_acqm.zip,chip20215,Cortex
3412.5,262.5,2024-02-07-T030100-chip20215_params_params_low_ISI_acqm.zip,chip20215,Cortex
3412.5,472.5,2024-02-07-T030100-chip20215_params_params_low_ISI_acqm.zip,chip20215,Cortex
3430.0,262.5,2024-02-07-T030100-chip20215_params_params_low_ISI_acqm.zip,chip20215,Cortex
3377.5,367.5,2024-02-07-T030100-chip20215_params_params_low_ISI_acqm.zip,chip20215,Cortex
3342.5,227.5,2024-02-07-T030100-chip20215_params_params_low_ISI_acqm.zip,chip20215,Cortex
3447.5,455.0,2024-02-07-T030100-chip20215_params_params_low_ISI_acqm.zip,chip20215,Cortex
3412.5,472.5,2024-02-07-T030100-chip20215_params_params_low_ISI_acqm.zip,chip20215,Cortex
3290.0,70.0,2024-02-07-T030100-chip20215_params_params_low_ISI_acqm.zip,chip20215,Cortex
2327.5,1312.5,2024-02-07-T030100-chip20215_params_params_low_ISI_acqm.zip,chip20215,Unknown
3412.5,192.5,2024-02-07-T030100-chip20215_params_params_low_ISI_acqm.zip,chip20215,Cortex
3395.0,175.0,2024-02-07-T030100-chip20215_params_params_low_ISI_acqm.zip,chip20215,Cortex
2502.5,1522.5,2024-02-07-T030100-chip20215_params_params_low_ISI_acqm.zip,chip20215,Unknown
3360.0,350.0,2024-02-07-T030100-chip20215_params_params_low_ISI_acqm.zip,chip20215,Cortex
3482.5,472.5,2024-02-07-T030100-chip20215_params_params_low_ISI_acqm.zip,chip20215,Cortex
3307.5,1785.0,2024-02-07-T030100-chip20215_params_params_low_ISI_acqm.zip,chip20215,Cortex
2485.0,1540.0,2024-02-07-T030100-chip20215_params_params_low_ISI_acqm.zip,chip20215,Unknown
3395.0,472.5,2024-02-07-T040100-chip20215_params_params_low_ISI_acqm.zip,chip20215,Cortex
1102.5,437.5,2024-02-07-T040100-chip20215_params_params_low_ISI_acqm.zip,chip20215,Unknown
3307.5,1785.0,2024-02-07-T040100-chip20215_params_params_low_ISI_acqm.zip,chip20215,Cortex
3395.0,472.5,2024-02-07-T040100-chip20215_params_params_low_ISI_acqm.zip,chip20215,Cortex
3430.0,612.5,2024-02-07-T050100-chip20215_params_params_low_ISI_acqm.zip,chip20215,Cortex
3395.0,472.5,2024-02-07-T050100-chip20215_params_params_low_ISI_acqm.zip,chip20215,Cortex
3552.5,1400.0,2024-02-07-T050100-chip20215_params_params_low_ISI_acqm.zip,chip20215,Cortex
3255.0,52.5,2024-02-07-T050100-chip20215_params_params_low_ISI_acqm.zip,chip20215,Cortex
3412.5,262.5,2024-02-07-T050100-chip20215_params_params_low_ISI_acqm.zip,chip20215,Cortex
3447.5,297.5,2024-02-07-T050100-chip20215_params_params_low_ISI_acqm.zip,chip20215,Cortex
3430.0,262.5,2024-02-07-T050100-chip20215_params_params_low_ISI_acqm.zip,chip20215,Cortex
3360.0,122.5,2024-02-07-T050100-chip20215_params_params_low_ISI_acqm.zip,chip20215,Cortex
3447.5,455.0,2024-02-07-T050100-chip20215_params_params_low_ISI_acqm.zip,chip20215,Cortex
3307.5,1785.0,2024-02-07-T050100-chip20215_params_params_low_ISI_acqm.zip,chip20215,Cortex
3412.5,472.5,2024-02-07-T050100-chip20215_params_params_low_ISI_acqm.zip,chip20215,Cortex
2327.5,1312.5,2024-02-07-T050100-chip20215_params_params_low_ISI_acqm.zip,chip20215,Unknown
3412.5,192.5,2024-02-07-T050100-chip20215_params_params_low_ISI_acqm.zip,chip20215,Cortex
3395.0,175.0,2024-02-07-T050100-chip20215_params_params_low_ISI_acqm.zip,chip20215,Cortex
3325.0,1785.0,2024-02-07-T050100-chip20215_params_params_low_ISI_acqm.zip,chip20215,Cortex
3237.5,1872.5,2024-02-07-T050100-chip20215_params_params_low_ISI_acqm.zip,chip20215,Cortex
3587.5,1312.5,2024-02-07-T050100-chip20215_params_params_low_ISI_acqm.zip,chip20215,Cortex
3482.5,1487.5,2024-02-07-T050100-chip20215_params_params_low_ISI_acqm.zip,chip20215,Cortex
3220.0,1610.0,2024-02-07-T050100-chip20215_params_params_low_ISI_acqm.zip,chip20215,Cortex
3377.5,420.0,2024-02-07-T060100-chip20215_params_params_low_ISI_acqm.zip,chip20215,Cortex
3465.0,1487.5,2024-02-07-T060100-chip20215_params_params_low_ISI_acqm.zip,chip20215,Cortex
3535.0,1417.5,2024-02-07-T060100-chip20215_params_params_low_ISI_acqm.zip,chip20215,Cortex
3412.5,262.5,2024-02-07-T060100-chip20215_params_params_low_ISI_acqm.zip,chip20215,Cortex
3447.5,297.5,2024-02-07-T060100-chip20215_params_params_low_ISI_acqm.zip,chip20215,Cortex
3430.0,262.5,2024-02-07-T060100-chip20215_params_params_low_ISI_acqm.zip,chip20215,Cortex
3325.0,1837.5,2024-02-07-T060100-chip20215_params_params_low_ISI_acqm.zip,chip20215,Cortex
3377.5,280.0,2024-02-07-T060100-chip20215_params_params_low_ISI_acqm.zip,chip20215,Cortex
3342.5,227.5,2024-02-07-T060100-chip20215_params_params_low_ISI_acqm.zip,chip20215,Cortex
3447.5,455.0,2024-02-07-T060100-chip20215_params_params_low_ISI_acqm.zip,chip20215,Cortex
3307.5,1785.0,2024-02-07-T060100-chip20215_params_params_low_ISI_acqm.zip,chip20215,Cortex
3412.5,472.5,2024-02-07-T060100-chip20215_params_params_low_ISI_acqm.zip,chip20215,Cortex
3342.5,1767.5,2024-02-07-T060100-chip20215_params_params_low_ISI_acqm.zip,chip20215,Cortex
3290.0,70.0,2024-02-07-T060100-chip20215_params_params_low_ISI_acqm.zip,chip20215,Cortex
2327.5,1312.5,2024-02-07-T060100-chip20215_params_params_low_ISI_acqm.zip,chip20215,Unknown
3325.0,1785.0,2024-02-07-T060100-chip20215_params_params_low_ISI_acqm.zip,chip20215,Cortex
3237.5,1872.5,2024-02-07-T060100-chip20215_params_params_low_ISI_acqm.zip,chip20215,Cortex
3202.5,1890.0,2024-02-07-T060100-chip20215_params_params_low_ISI_acqm.zip,chip20215,Cortex
3307.5,1785.0,2024-02-07-T090100-chip20215_params_params_low_ISI_acqm.zip,chip20215,Cortex
3307.5,1785.0,2024-02-07-T100100-chip20215_params_params_low_ISI_acqm.zip,chip20215,Cortex
3430.0,612.5,2024-02-07-T190000-chip20215_params_params_low_ISI_acqm.zip,chip20215,Cortex
3430.0,612.5,2024-02-07-T190000-chip20215_params_params_low_ISI_acqm.zip,chip20215,Cortex
3517.5,1435.0,2024-02-07-T190000-chip20215_params_params_low_ISI_acqm.zip,chip20215,Cortex
3535.0,1417.5,2024-02-07-T190000-chip20215_params_params_low_ISI_acqm.zip,chip20215,Cortex
3412.5,262.5,2024-02-07-T190000-chip20215_params_params_low_ISI_acqm.zip,chip20215,Cortex
3307.5,1785.0,2024-02-07-T190000-chip20215_params_params_low_ISI_acqm.zip,chip20215,Cortex
3377.5,367.5,2024-02-07-T190000-chip20215_params_params_low_ISI_acqm.zip,chip20215,Cortex
752.5,2012.5,2024-02-07-T190000-chip20215_params_params_low_ISI_acqm.zip,chip20215,Unknown
3447.5,455.0,2024-02-07-T190000-chip20215_params_params_low_ISI_acqm.zip,chip20215,Cortex
3412.5,472.5,2024-02-07-T190000-chip20215_params_params_low_ISI_acqm.zip,chip20215,Cortex
3290.0,70.0,2024-02-07-T190000-chip20215_params_params_low_ISI_acqm.zip,chip20215,Cortex
3307.5,1785.0,2024-02-07-T200001-chip20215_params_params_low_ISI_acqm.zip,chip20215,Cortex
3307.5,1785.0,2024-02-07-T210000-chip20215_params_params_low_ISI_acqm.zip,chip20215,Cortex
3430.0,612.5,2024-02-07-T220001-chip20215_params_params_low_ISI_acqm.zip,chip20215,Cortex
3517.5,1452.5,2024-02-07-T220001-chip20215_params_params_low_ISI_acqm.zip,chip20215,Cortex
3535.0,1417.5,2024-02-07-T220001-chip20215_params_params_low_ISI_acqm.zip,chip20215,Cortex
3412.5,262.5,2024-02-07-T220001-chip20215_params_params_low_ISI_acqm.zip,chip20215,Cortex
3447.5,297.5,2024-02-07-T220001-chip20215_params_params_low_ISI_acqm.zip,chip20215,Cortex
3447.5,455.0,2024-02-07-T220001-chip20215_params_params_low_ISI_acqm.zip,chip20215,Cortex
3307.5,1785.0,2024-02-07-T220001-chip20215_params_params_low_ISI_acqm.zip,chip20215,Cortex
3412.5,472.5,2024-02-07-T220001-chip20215_params_params_low_ISI_acqm.zip,chip20215,Cortex
2327.5,1312.5,2024-02-07-T220001-chip20215_params_params_low_ISI_acqm.zip,chip20215,Unknown
3500.0,1435.0,2024-02-07-T220001-chip20215_params_params_low_ISI_acqm.zip,chip20215,Cortex
2327.5,1312.5,2024-02-07-T220001-chip20215_params_params_low_ISI_acqm.zip,chip20215,Unknown
3535.0,1417.5,2024-02-08-T060000-chip20215_params_params_low_ISI_acqm.zip,chip20215,Cortex
3500.0,1452.5,2024-02-08-T060000-chip20215_params_params_low_ISI_acqm.zip,chip20215,Cortex
3570.0,1242.5,2024-02-08-T060000-chip20215_params_params_low_ISI_acqm.zip,chip20215,Cortex
3412.5,262.5,2024-02-08-T060000-chip20215_params_params_low_ISI_acqm.zip,chip20215,Cortex
3307.5,1785.0,2024-02-08-T060000-chip20215_params_params_low_ISI_acqm.zip,chip20215,Cortex
2327.5,1295.0,2024-02-08-T060000-chip20215_params_params_low_ISI_acqm.zip,chip20215,Unknown
3290.0,70.0,2024-02-08-T060000-chip20215_params_params_low_ISI_acqm.zip,chip20215,Cortex
3500.0,1435.0,2024-02-08-T060000-chip20215_params_params_low_ISI_acqm.zip,chip20215,Cortex
3552.5,1400.0,2024-02-08-T060000-chip20215_params_params_low_ISI_acqm.zip,chip20215,Cortex
3535.0,1417.5,2024-02-08-T070001-chip20215_params_params_low_ISI_acqm.zip,chip20215,Cortex
3307.5,1732.5,2024-02-08-T070001-chip20215_params_params_low_ISI_acqm.zip,chip20215,Cortex
3447.5,297.5,2024-02-08-T070001-chip20215_params_params_low_ISI_acqm.zip,chip20215,Cortex
3150.0,1942.5,2024-02-08-T070001-chip20215_params_params_low_ISI_acqm.zip,chip20215,Unknown
3307.5,1785.0,2024-02-08-T070001-chip20215_params_params_low_ISI_acqm.zip,chip20215,Cortex
3412.5,472.5,2024-02-08-T070001-chip20215_params_params_low_ISI_acqm.zip,chip20215,Cortex
3307.5,1785.0,2024-02-08-T080000-chip20215_params_params_low_ISI_acqm.zip,chip20215,Cortex
3412.5,262.5,2024-02-08-T090000-chip20215_params_params_low_ISI_acqm.zip,chip20215,Cortex
3447.5,297.5,2024-02-08-T090000-chip20215_params_params_low_ISI_acqm.zip,chip20215,Cortex
3307.5,1785.0,2024-02-08-T090000-chip20215_params_params_low_ISI_acqm.zip,chip20215,Cortex
1872.5,875.0,2024-02-08-T100001-chip20215_params_params_low_ISI_acqm.zip,chip20215,Unknown
3412.5,262.5,2024-02-08-T100001-chip20215_params_params_low_ISI_acqm.zip,chip20215,Cortex
3307.5,1785.0,2024-02-08-T100001-chip20215_params_params_low_ISI_acqm.zip,chip20215,Cortex
3255.0,140.0,2024-02-08-T100001-chip20215_params_params_low_ISI_acqm.zip,chip20215,Cortex
3150.0,1942.5,2024-02-08-T100001-chip20215_params_params_low_ISI_acqm.zip,chip20215,Unknown
3412.5,472.5,2024-02-08-T100001-chip20215_params_params_low_ISI_acqm.zip,chip20215,Cortex
3272.5,1942.5,2024-02-08-T100001-chip20215_params_params_low_ISI_acqm.zip,chip20215,Cortex
3255.0,35.0,2024-02-08-T100001-chip20215_params_params_low_ISI_acqm.zip,chip20215,Cortex
3447.5,1627.5,2024-02-08-T131800-chip20215_params_params_low_ISI_acqm.zip,chip20215,Cortex
3500.0,1435.0,2024-02-08-T131800-chip20215_params_params_low_ISI_acqm.zip,chip20215,Cortex
3447.5,612.5,2024-02-08-T131800-chip20215_params_params_low_ISI_acqm.zip,chip20215,Cortex
3412.5,262.5,2024-02-08-T131800-chip20215_params_params_low_ISI_acqm.zip,chip20215,Cortex
3447.5,297.5,2024-02-08-T131800-chip20215_params_params_low_ISI_acqm.zip,chip20215,Cortex
3307.5,1785.0,2024-02-08-T131800-chip20215_params_params_low_ISI_acqm.zip,chip20215,Cortex
3307.5,1785.0,2024-02-08-T131800-chip20215_params_params_low_ISI_acqm.zip,chip20215,Cortex
3500.0,1452.5,2024-02-08-T131800-chip20215_params_params_low_ISI_acqm.zip,chip20215,Cortex
3430.0,1627.5,2024-02-08-T140000-chip20215_params_params_low_ISI_acqm.zip,chip20215,Cortex
3535.0,1417.5,2024-02-08-T140000-chip20215_params_params_low_ISI_acqm.zip,chip20215,Cortex
3412.5,262.5,2024-02-08-T140000-chip20215_params_params_low_ISI_acqm.zip,chip20215,Cortex
3447.5,297.5,2024-02-08-T140000-chip20215_params_params_low_ISI_acqm.zip,chip20215,Cortex
3307.5,1785.0,2024-02-08-T140000-chip20215_params_params_low_ISI_acqm.zip,chip20215,Cortex
3412.5,472.5,2024-02-08-T140000-chip20215_params_params_low_ISI_acqm.zip,chip20215,Cortex
3150.0,1942.5,2024-02-08-T140000-chip20215_params_params_low_ISI_acqm.zip,chip20215,Unknown
3447.5,1627.5,2024-02-08-T150000-chip20215_params_params_low_ISI_acqm.zip,chip20215,Cortex
3535.0,1417.5,2024-02-08-T150000-chip20215_params_params_low_ISI_acqm.zip,chip20215,Cortex
3412.5,262.5,2024-02-08-T150000-chip20215_params_params_low_ISI_acqm.zip,chip20215,Cortex
3447.5,297.5,2024-02-08-T150000-chip20215_params_params_low_ISI_acqm.zip,chip20215,Cortex
3307.5,1785.0,2024-02-08-T150000-chip20215_params_params_low_ISI_acqm.zip,chip20215,Cortex
3237.5,1785.0,2024-02-08-T150000-chip20215_params_params_low_ISI_acqm.zip,chip20215,Cortex
3290.0,70.0,2024-02-08-T150000-chip20215_params_params_low_ISI_acqm.zip,chip20215,Cortex
3290.0,70.0,2024-02-08-T150000-chip20215_params_params_low_ISI_acqm.zip,chip20215,Cortex
3307.5,1785.0,2024-02-08-T160000-chip20215_params_params_low_ISI_acqm.zip,chip20215,Cortex
3307.5,1785.0,2024-02-08-T170000-chip20215_params_params_low_ISI_acqm.zip,chip20215,Cortex
3412.5,472.5,2024-02-08-T170000-chip20215_params_params_low_ISI_acqm.zip,chip20215,Cortex
3500.0,1435.0,2024-02-08-T180000-chip20215_params_params_low_ISI_acqm.zip,chip20215,Cortex
3535.0,1417.5,2024-02-08-T180000-chip20215_params_params_low_ISI_acqm.zip,chip20215,Cortex
3307.5,1785.0,2024-02-08-T180000-chip20215_params_params_low_ISI_acqm.zip,chip20215,Cortex
3255.0,35.0,2024-02-08-T180000-chip20215_params_params_low_ISI_acqm.zip,chip20215,Cortex
3535.0,1417.5,2024-02-08-T190000-chip20215_params_params_low_ISI_acqm.zip,chip20215,Cortex
3307.5,1785.0,2024-02-08-T190000-chip20215_params_params_low_ISI_acqm.zip,chip20215,Cortex
3500.0,1452.5,2024-02-08-T190000-chip20215_params_params_low_ISI_acqm.zip,chip20215,Cortex
3535.0,1417.5,2024-02-08-T200001-chip20215_params_params_low_ISI_acqm.zip,chip20215,Cortex
3535.0,1417.5,2024-02-08-T200001-chip20215_params_params_low_ISI_acqm.zip,chip20215,Cortex
3307.5,1785.0,2024-02-08-T200001-chip20215_params_params_low_ISI_acqm.zip,chip20215,Cortex
3307.5,1785.0,2024-02-08-T210001-chip20215_params_params_low_ISI_acqm.zip,chip20215,Cortex
3290.0,70.0,2024-02-08-T210001-chip20215_params_params_low_ISI_acqm.zip,chip20215,Cortex
3535.0,1417.5,2024-02-08-T220000-chip20215_params_params_low_ISI_acqm.zip,chip20215,Cortex
3535.0,1417.5,2024-02-08-T220000-chip20215_params_params_low_ISI_acqm.zip,chip20215,Cortex
3255.0,1942.5,2024-02-08-T220000-chip20215_params_params_low_ISI_acqm.zip,chip20215,Cortex
3307.5,1785.0,2024-02-08-T220000-chip20215_params_params_low_ISI_acqm.zip,chip20215,Cortex
2257.5,525.0,2024-02-08-T230000-chip20215_params_params_low_ISI_acqm.zip,chip20215,Unknown
3307.5,1785.0,2024-02-08-T230000-chip20215_params_params_low_ISI_acqm.zip,chip20215,Cortex
455.0,1260.0,2024-02-09-T000000-chip20215_params_params_low_ISI_acqm.zip,chip20215,Unknown
3307.5,1785.0,2024-02-09-T000000-chip20215_params_params_low_ISI_acqm.zip,chip20215,Cortex
3307.5,1785.0,2024-02-09-T000000-chip20215_params_params_low_ISI_acqm.zip,chip20215,Cortex
2257.5,525.0,2024-02-09-T010001-chip20215_params_params_low_ISI_acqm.zip,chip20215,Unknown
3535.0,1417.5,2024-02-09-T010001-chip20215_params_params_low_ISI_acqm.zip,chip20215,Cortex
3307.5,1785.0,2024-02-09-T010001-chip20215_params_params_low_ISI_acqm.zip,chip20215,Cortex
3237.5,1785.0,2024-02-09-T010001-chip20215_params_params_low_ISI_acqm.zip,chip20215,Cortex
2257.5,525.0,2024-02-09-T020000-chip20215_params_params_low_ISI_acqm.zip,chip20215,Unknown
3535.0,1417.5,2024-02-09-T020000-chip20215_params_params_low_ISI_acqm.zip,chip20215,Cortex
3570.0,1242.5,2024-02-09-T020000-chip20215_params_params_low_ISI_acqm.zip,chip20215,Cortex
3307.5,1785.0,2024-02-09-T020000-chip20215_params_params_low_ISI_acqm.zip,chip20215,Cortex
3307.5,1785.0,2024-02-09-T020000-chip20215_params_params_low_ISI_acqm.zip,chip20215,Cortex
3255.0,35.0,2024-02-09-T020000-chip20215_params_params_low_ISI_acqm.zip,chip20215,Cortex
3307.5,1785.0,2024-02-09-T030000-chip20215_params_params_low_ISI_acqm.zip,chip20215,Cortex
2257.5,525.0,2024-02-09-T040000-chip20215_params_params_low_ISI_acqm.zip,chip20215,Unknown
3535.0,1417.5,2024-02-09-T040000-chip20215_params_params_low_ISI_acqm.zip,chip20215,Cortex
3535.0,1417.5,2024-02-09-T040000-chip20215_params_params_low_ISI_acqm.zip,chip20215,Cortex
3307.5,1785.0,2024-02-09-T040000-chip20215_params_params_low_ISI_acqm.zip,chip20215,Cortex
2257.5,525.0,2024-02-09-T050001-chip20215_params_params_low_ISI_acqm.zip,chip20215,Unknown
3535.0,1417.5,2024-02-09-T050001-chip20215_params_params_low_ISI_acqm.zip,chip20215,Cortex
3307.5,1785.0,2024-02-09-T050001-chip20215_params_params_low_ISI_acqm.zip,chip20215,Cortex
3307.5,1785.0,2024-02-09-T070000-chip20215_params_params_low_ISI_acqm.zip,chip20215,Cortex
3307.5,1785.0,2024-02-09-T070000-chip20215_params_params_low_ISI_acqm.zip,chip20215,Cortex
3307.5,1785.0,2024-02-09-T080001-chip20215_params_params_low_ISI_acqm.zip,chip20215,Cortex
2257.5,525.0,2024-02-09-T090001-chip20215_params_params_low_ISI_acqm.zip,chip20215,Unknown
3535.0,1417.5,2024-02-09-T090001-chip20215_params_params_low_ISI_acqm.zip,chip20215,Cortex
3307.5,1785.0,2024-02-09-T090001-chip20215_params_params_low_ISI_acqm.zip,chip20215,Cortex
3237.5,1785.0,2024-02-09-T090001-chip20215_params_params_low_ISI_acqm.zip,chip20215,Cortex
3290.0,105.0,2024-02-09-T090001-chip20215_params_params_low_ISI_acqm.zip,chip20215,Cortex
3290.0,70.0,2024-02-09-T090001-chip20215_params_params_low_ISI_acqm.zip,chip20215,Cortex
3307.5,1785.0,2024-02-09-T100000-chip20215_params_params_low_ISI_acqm.zip,chip20215,Cortex
2257.5,525.0,2024-02-09-T110000-chip20215_params_params_low_ISI_acqm.zip,chip20215,Unknown
3412.5,262.5,2024-02-09-T110000-chip20215_params_params_low_ISI_acqm.zip,chip20215,Cortex
3307.5,1785.0,2024-02-09-T110000-chip20215_params_params_low_ISI_acqm.zip,chip20215,Cortex
3272.5,1925.0,2024-02-09-T110000-chip20215_params_params_low_ISI_acqm.zip,chip20215,Cortex
2257.5,525.0,2024-02-09-T120000-chip20215_params_params_low_ISI_acqm.zip,chip20215,Unknown
437.5,1260.0,2024-02-09-T120000-chip20215_params_params_low_ISI_acqm.zip,chip20215,Unknown
3307.5,1785.0,2024-02-09-T120000-chip20215_params_params_low_ISI_acqm.zip,chip20215,Cortex
3220.0,1820.0,2024-02-09-T130000-chip20215_params_params_low_ISI_acqm.zip,chip20215,Cortex
3307.5,1785.0,2024-02-09-T130000-chip20215_params_params_low_ISI_acqm.zip,chip20215,Cortex
2257.5,525.0,2024-02-09-T140000-chip20215_params_params_low_ISI_acqm.zip,chip20215,Unknown
3307.5,1785.0,2024-02-09-T140000-chip20215_params_params_low_ISI_acqm.zip,chip20215,Cortex
1820.0,1662.5,2024-02-09-T140000-chip20215_params_params_low_ISI_acqm.zip,chip20215,Unknown
3447.5,1627.5,2024-02-09-T150001-chip20215_params_params_low_ISI_acqm.zip,chip20215,Cortex
2257.5,525.0,2024-02-09-T150001-chip20215_params_params_low_ISI_acqm.zip,chip20215,Unknown
3307.5,1785.0,2024-02-09-T150001-chip20215_params_params_low_ISI_acqm.zip,chip20215,Cortex
3272.5,1942.5,2024-02-09-T150001-chip20215_params_params_low_ISI_acqm.zip,chip20215,Cortex
2257.5,525.0,2024-02-09-T160000-chip20215_params_params_low_ISI_acqm.zip,chip20215,Unknown
3237.5,1785.0,2024-02-09-T160000-chip20215_params_params_low_ISI_acqm.zip,chip20215,Cortex
3307.5,1785.0,2024-02-09-T160000-chip20215_params_params_low_ISI_acqm.zip,chip20215,Cortex
2257.5,525.0,2024-02-09-T170000-chip20215_params_params_low_ISI_acqm.zip,chip20215,Unknown
3307.5,1785.0,2024-02-09-T170000-chip20215_params_params_low_ISI_acqm.zip,chip20215,Cortex
3220.0,1907.5,2024-02-09-T170000-chip20215_params_params_low_ISI_acqm.zip,chip20215,Cortex
3307.5,1785.0,2024-02-09-T180001-chip20215_params_params_low_ISI_acqm.zip,chip20215,Cortex
2257.5,525.0,2024-02-09-T190001-chip20215_params_params_low_ISI_acqm.zip,chip20215,Unknown
3307.5,1785.0,2024-02-09-T190001-chip20215_params_params_low_ISI_acqm.zip,chip20215,Cortex
3237.5,1785.0,2024-02-09-T190001-chip20215_params_params_low_ISI_acqm.zip,chip20215,Cortex
3307.5,105.0,2024-02-09-T190001-chip20215_params_params_low_ISI_acqm.zip,chip20215,Cortex
2257.5,525.0,2024-02-09-T200001-chip20215_params_params_low_ISI_acqm.zip,chip20215,Unknown
3307.5,1785.0,2024-02-09-T200001-chip20215_params_params_low_ISI_acqm.zip,chip20215,Cortex
2257.5,525.0,2024-02-09-T210001-chip20215_params_params_low_ISI_acqm.zip,chip20215,Unknown
3412.5,262.5,2024-02-09-T210001-chip20215_params_params_low_ISI_acqm.zip,chip20215,Cortex
3377.5,402.5,2024-02-09-T210001-chip20215_params_params_low_ISI_acqm.zip,chip20215,Cortex
3307.5,1785.0,2024-02-09-T210001-chip20215_params_params_low_ISI_acqm.zip,chip20215,Cortex
3307.5,1785.0,2024-02-09-T210001-chip20215_params_params_low_ISI_acqm.zip,chip20215,Cortex
3412.5,472.5,2024-02-09-T210001-chip20215_params_params_low_ISI_acqm.zip,chip20215,Cortex
3412.5,262.5,2024-02-09-T220000-chip20215_params_params_low_ISI_acqm.zip,chip20215,Cortex
3307.5,1785.0,2024-02-09-T220000-chip20215_params_params_low_ISI_acqm.zip,chip20215,Cortex
3412.5,262.5,2024-02-09-T230001-chip20215_params_params_low_ISI_acqm.zip,chip20215,Cortex
3307.5,1785.0,2024-02-09-T230001-chip20215_params_params_low_ISI_acqm.zip,chip20215,Cortex
2257.5,525.0,2024-02-10-T000000-chip20215_params_params_low_ISI_acqm.zip,chip20215,Unknown
3412.5,262.5,2024-02-10-T000000-chip20215_params_params_low_ISI_acqm.zip,chip20215,Cortex
3307.5,1785.0,2024-02-10-T000000-chip20215_params_params_low_ISI_acqm.zip,chip20215,Cortex
3307.5,1785.0,2024-02-10-T000000-chip20215_params_params_low_ISI_acqm.zip,chip20215,Cortex
3307.5,1785.0,2024-02-10-T010000-chip20215_params_params_low_ISI_acqm.zip,chip20215,Cortex
3307.5,1785.0,2024-02-10-T020000-chip20215_params_params_low_ISI_acqm.zip,chip20215,Cortex
3307.5,1785.0,2024-02-10-T030000-chip20215_params_params_low_ISI_acqm.zip,chip20215,Cortex
3307.5,1785.0,2024-02-10-T040000-chip20215_params_params_low_ISI_acqm.zip,chip20215,Cortex
3307.5,1785.0,2024-02-10-T040000-chip20215_params_params_low_ISI_acqm.zip,chip20215,Cortex
3307.5,1785.0,2024-02-10-T050000-chip20215_params_params_low_ISI_acqm.zip,chip20215,Cortex
3447.5,1487.5,2024-02-12-T100000-chip20215_params_params_low_ISI_acqm.zip,chip20215,Cortex
3535.0,1417.5,2024-02-12-T100000-chip20215_params_params_low_ISI_acqm.zip,chip20215,Cortex
3307.5,1785.0,2024-02-12-T100000-chip20215_params_params_low_ISI_acqm.zip,chip20215,Cortex
3237.5,1785.0,2024-02-12-T100000-chip20215_params_params_low_ISI_acqm.zip,chip20215,Cortex
3447.5,1487.5,2024-02-12-T110000-chip20215_params_params_low_ISI_acqm.zip,chip20215,Cortex
3535.0,1417.5,2024-02-12-T110000-chip20215_params_params_low_ISI_acqm.zip,chip20215,Cortex
3430.0,402.5,2024-02-12-T110000-chip20215_params_params_low_ISI_acqm.zip,chip20215,Cortex
3377.5,402.5,2024-02-12-T110000-chip20215_params_params_low_ISI_acqm.zip,chip20215,Cortex
3307.5,1785.0,2024-02-12-T110000-chip20215_params_params_low_ISI_acqm.zip,chip20215,Cortex
3500.0,1452.5,2024-02-12-T110000-chip20215_params_params_low_ISI_acqm.zip,chip20215,Cortex
3500.0,1452.5,2024-02-12-T110000-chip20215_params_params_low_ISI_acqm.zip,chip20215,Cortex
3412.5,472.5,2024-02-12-T110000-chip20215_params_params_low_ISI_acqm.zip,chip20215,Cortex
3447.5,1487.5,2024-02-12-T120001-chip20215_params_params_low_ISI_acqm.zip,chip20215,Cortex
3447.5,1627.5,2024-02-12-T120001-chip20215_params_params_low_ISI_acqm.zip,chip20215,Cortex
3307.5,1785.0,2024-02-12-T120001-chip20215_params_params_low_ISI_acqm.zip,chip20215,Cortex
3377.5,402.5,2024-02-12-T120001-chip20215_params_params_low_ISI_acqm.zip,chip20215,Cortex
3447.5,1487.5,2024-02-12-T130001-chip20215_params_params_low_ISI_acqm.zip,chip20215,Cortex
3465.0,1487.5,2024-02-12-T130001-chip20215_params_params_low_ISI_acqm.zip,chip20215,Cortex
3447.5,1627.5,2024-02-12-T130001-chip20215_params_params_low_ISI_acqm.zip,chip20215,Cortex
3465.0,1487.5,2024-02-12-T130001-chip20215_params_params_low_ISI_acqm.zip,chip20215,Cortex
3430.0,437.5,2024-02-12-T130001-chip20215_params_params_low_ISI_acqm.zip,chip20215,Cortex
3430.0,437.5,2024-02-12-T130001-chip20215_params_params_low_ISI_acqm.zip,chip20215,Cortex
3570.0,1242.5,2024-02-12-T130001-chip20215_params_params_low_ISI_acqm.zip,chip20215,Cortex
3570.0,1242.5,2024-02-12-T130001-chip20215_params_params_low_ISI_acqm.zip,chip20215,Cortex
3307.5,1785.0,2024-02-12-T130001-chip20215_params_params_low_ISI_acqm.zip,chip20215,Cortex
3500.0,1452.5,2024-02-12-T130001-chip20215_params_params_low_ISI_acqm.zip,chip20215,Cortex
3465.0,1487.5,2024-02-12-T140001-chip20215_params_params_low_ISI_acqm.zip,chip20215,Cortex
3535.0,1417.5,2024-02-12-T140001-chip20215_params_params_low_ISI_acqm.zip,chip20215,Cortex
3307.5,1785.0,2024-02-12-T140001-chip20215_params_params_low_ISI_acqm.zip,chip20215,Cortex
3377.5,402.5,2024-02-12-T140001-chip20215_params_params_low_ISI_acqm.zip,chip20215,Cortex
3500.0,1452.5,2024-02-12-T140001-chip20215_params_params_low_ISI_acqm.zip,chip20215,Cortex
3465.0,1487.5,2024-02-12-T160000-chip20215_params_params_low_ISI_acqm.zip,chip20215,Cortex
3307.5,1785.0,2024-02-12-T160000-chip20215_params_params_low_ISI_acqm.zip,chip20215,Cortex
3412.5,472.5,2024-02-12-T160000-chip20215_params_params_low_ISI_acqm.zip,chip20215,Cortex
3535.0,630.0,2024-02-12-T170000-chip20215_params_params_low_ISI_acqm.zip,chip20215,Cortex
3377.5,402.5,2024-02-12-T170000-chip20215_params_params_low_ISI_acqm.zip,chip20215,Cortex
3307.5,1785.0,2024-02-12-T170000-chip20215_params_params_low_ISI_acqm.zip,chip20215,Cortex
3430.0,630.0,2024-02-12-T170000-chip20215_params_params_low_ISI_acqm.zip,chip20215,Cortex
3465.0,1487.5,2024-02-12-T180000-chip20215_params_params_low_ISI_acqm.zip,chip20215,Cortex
3307.5,1785.0,2024-02-12-T180000-chip20215_params_params_low_ISI_acqm.zip,chip20215,Cortex
3377.5,367.5,2024-02-12-T180000-chip20215_params_params_low_ISI_acqm.zip,chip20215,Cortex
3465.0,1487.5,2024-02-12-T190000-chip20215_params_params_low_ISI_acqm.zip,chip20215,Cortex
3307.5,1785.0,2024-02-12-T190000-chip20215_params_params_low_ISI_acqm.zip,chip20215,Cortex
3377.5,402.5,2024-02-12-T190000-chip20215_params_params_low_ISI_acqm.zip,chip20215,Cortex
3412.5,402.5,2024-02-12-T190000-chip20215_params_params_low_ISI_acqm.zip,chip20215,Cortex
3447.5,612.5,2024-02-12-T200000-chip20215_params_params_low_ISI_acqm.zip,chip20215,Cortex
3465.0,1487.5,2024-02-12-T200000-chip20215_params_params_low_ISI_acqm.zip,chip20215,Cortex
3307.5,1785.0,2024-02-12-T200000-chip20215_params_params_low_ISI_acqm.zip,chip20215,Cortex
3377.5,367.5,2024-02-12-T200000-chip20215_params_params_low_ISI_acqm.zip,chip20215,Cortex
3377.5,402.5,2024-02-12-T200000-chip20215_params_params_low_ISI_acqm.zip,chip20215,Cortex
3430.0,402.5,2024-02-12-T200000-chip20215_params_params_low_ISI_acqm.zip,chip20215,Cortex
3237.5,1785.0,2024-02-12-T200000-chip20215_params_params_low_ISI_acqm.zip,chip20215,Cortex
3500.0,1452.5,2024-02-12-T200000-chip20215_params_params_low_ISI_acqm.zip,chip20215,Cortex
3377.5,402.5,2024-02-12-T200000-chip20215_params_params_low_ISI_acqm.zip,chip20215,Cortex
3255.0,1942.5,2024-02-12-T200000-chip20215_params_params_low_ISI_acqm.zip,chip20215,Cortex
3150.0,1942.5,2024-02-12-T200000-chip20215_params_params_low_ISI_acqm.zip,chip20215,Unknown
3465.0,1487.5,2024-02-12-T220000-chip20215_params_params_low_ISI_acqm.zip,chip20215,Cortex
3307.5,1785.0,2024-02-12-T220000-chip20215_params_params_low_ISI_acqm.zip,chip20215,Cortex
3377.5,367.5,2024-02-12-T220000-chip20215_params_params_low_ISI_acqm.zip,chip20215,Cortex
3377.5,402.5,2024-02-12-T220000-chip20215_params_params_low_ISI_acqm.zip,chip20215,Cortex
3377.5,402.5,2024-02-12-T220000-chip20215_params_params_low_ISI_acqm.zip,chip20215,Cortex
3430.0,402.5,2024-02-12-T220000-chip20215_params_params_low_ISI_acqm.zip,chip20215,Cortex
3430.0,402.5,2024-02-12-T220000-chip20215_params_params_low_ISI_acqm.zip,chip20215,Cortex
3307.5,1785.0,2024-02-12-T230000-chip20215_params_params_low_ISI_acqm.zip,chip20215,Cortex
3377.5,367.5,2024-02-12-T230000-chip20215_params_params_low_ISI_acqm.zip,chip20215,Cortex
3377.5,402.5,2024-02-12-T230000-chip20215_params_params_low_ISI_acqm.zip,chip20215,Cortex
3377.5,402.5,2024-02-12-T230000-chip20215_params_params_low_ISI_acqm.zip,chip20215,Cortex
3465.0,1487.5,2024-02-13-T010001-chip20215_params_params_low_ISI_acqm.zip,chip20215,Cortex
3307.5,1785.0,2024-02-13-T010001-chip20215_params_params_low_ISI_acqm.zip,chip20215,Cortex
3377.5,402.5,2024-02-13-T010001-chip20215_params_params_low_ISI_acqm.zip,chip20215,Cortex
3377.5,402.5,2024-02-13-T010001-chip20215_params_params_low_ISI_acqm.zip,chip20215,Cortex
3430.0,402.5,2024-02-13-T010001-chip20215_params_params_low_ISI_acqm.zip,chip20215,Cortex
3307.5,1785.0,2024-02-13-T030000-chip20215_params_params_low_ISI_acqm.zip,chip20215,Cortex
3465.0,1487.5,2024-02-13-T040000-chip20215_params_params_low_ISI_acqm.zip,chip20215,Cortex
3307.5,1785.0,2024-02-13-T040000-chip20215_params_params_low_ISI_acqm.zip,chip20215,Cortex
3377.5,402.5,2024-02-13-T040000-chip20215_params_params_low_ISI_acqm.zip,chip20215,Cortex
3500.0,1452.5,2024-02-13-T040000-chip20215_params_params_low_ISI_acqm.zip,chip20215,Cortex
3465.0,1487.5,2024-02-13-T050000-chip20215_params_params_low_ISI_acqm.zip,chip20215,Cortex
3307.5,1785.0,2024-02-13-T050000-chip20215_params_params_low_ISI_acqm.zip,chip20215,Cortex
3465.0,1487.5,2024-02-13-T060000-chip20215_params_params_low_ISI_acqm.zip,chip20215,Cortex
3395.0,472.5,2024-02-13-T060000-chip20215_params_params_low_ISI_acqm.zip,chip20215,Cortex
3307.5,1785.0,2024-02-13-T060000-chip20215_params_params_low_ISI_acqm.zip,chip20215,Cortex
3377.5,367.5,2024-02-13-T060000-chip20215_params_params_low_ISI_acqm.zip,chip20215,Cortex
3255.0,280.0,2024-02-13-T060000-chip20215_params_params_low_ISI_acqm.zip,chip20215,Cortex
3377.5,402.5,2024-02-13-T060000-chip20215_params_params_low_ISI_acqm.zip,chip20215,Cortex
3500.0,1452.5,2024-02-13-T060000-chip20215_params_params_low_ISI_acqm.zip,chip20215,Cortex
3412.5,350.0,2024-02-13-T070000-chip20215_params_params_low_ISI_acqm.zip,chip20215,Cortex
3307.5,1785.0,2024-02-13-T070000-chip20215_params_params_low_ISI_acqm.zip,chip20215,Cortex
3342.5,1750.0,2024-02-13-T070000-chip20215_params_params_low_ISI_acqm.zip,chip20215,Cortex
3377.5,402.5,2024-02-13-T070000-chip20215_params_params_low_ISI_acqm.zip,chip20215,Cortex
3237.5,1785.0,2024-02-13-T070000-chip20215_params_params_low_ISI_acqm.zip,chip20215,Cortex
3500.0,1452.5,2024-02-13-T070000-chip20215_params_params_low_ISI_acqm.zip,chip20215,Cortex
3465.0,1487.5,2024-02-13-T080000-chip20215_params_params_low_ISI_acqm.zip,chip20215,Cortex
3307.5,1785.0,2024-02-13-T080000-chip20215_params_params_low_ISI_acqm.zip,chip20215,Cortex
3465.0,1487.5,2024-02-13-T090001-chip20215_params_params_low_ISI_acqm.zip,chip20215,Cortex
3307.5,1785.0,2024-02-13-T090001-chip20215_params_params_low_ISI_acqm.zip,chip20215,Cortex
3237.5,1785.0,2024-02-13-T090001-chip20215_params_params_low_ISI_acqm.zip,chip20215,Cortex
3412.5,472.5,2024-02-13-T090001-chip20215_params_params_low_ISI_acqm.zip,chip20215,Cortex
3465.0,1487.5,2024-02-13-T100000-chip20215_params_params_low_ISI_acqm.zip,chip20215,Cortex
3307.5,1785.0,2024-02-13-T100000-chip20215_params_params_low_ISI_acqm.zip,chip20215,Cortex
3377.5,402.5,2024-02-13-T100000-chip20215_params_params_low_ISI_acqm.zip,chip20215,Cortex
3430.0,402.5,2024-02-13-T100000-chip20215_params_params_low_ISI_acqm.zip,chip20215,Cortex
3465.0,1487.5,2024-02-13-T110000-chip20215_params_params_low_ISI_acqm.zip,chip20215,Cortex
3307.5,1785.0,2024-02-13-T110000-chip20215_params_params_low_ISI_acqm.zip,chip20215,Cortex
3465.0,1487.5,2024-02-13-T120001-chip20215_params_params_low_ISI_acqm.zip,chip20215,Cortex
3307.5,1785.0,2024-02-13-T120001-chip20215_params_params_low_ISI_acqm.zip,chip20215,Cortex
3465.0,1487.5,2024-02-13-T130000-chip20215_params_params_low_ISI_acqm.zip,chip20215,Cortex
3307.5,1785.0,2024-02-13-T130000-chip20215_params_params_low_ISI_acqm.zip,chip20215,Cortex
3377.5,367.5,2024-02-13-T130000-chip20215_params_params_low_ISI_acqm.zip,chip20215,Cortex
3500.0,1452.5,2024-02-13-T130000-chip20215_params_params_low_ISI_acqm.zip,chip20215,Cortex
3447.5,612.5,2024-02-13-T140001-chip20215_params_params_low_ISI_acqm.zip,chip20215,Cortex
3465.0,1487.5,2024-02-13-T140001-chip20215_params_params_low_ISI_acqm.zip,chip20215,Cortex
3307.5,1785.0,2024-02-13-T140001-chip20215_params_params_low_ISI_acqm.zip,chip20215,Cortex
3377.5,367.5,2024-02-13-T140001-chip20215_params_params_low_ISI_acqm.zip,chip20215,Cortex
3360.0,1732.5,2024-02-13-T140001-chip20215_params_params_low_ISI_acqm.zip,chip20215,Cortex
3360.0,1732.5,2024-02-13-T140001-chip20215_params_params_low_ISI_acqm.zip,chip20215,Cortex
3237.5,1785.0,2024-02-13-T140001-chip20215_params_params_low_ISI_acqm.zip,chip20215,Cortex
3412.5,420.0,2024-02-13-T140001-chip20215_params_params_low_ISI_acqm.zip,chip20215,Cortex
3307.5,1697.5,2024-02-13-T140001-chip20215_params_params_low_ISI_acqm.zip,chip20215,Cortex
