-100.00,-99.00,-98.00,-97.00,-96.00,-95.00,-94.00,-93.00,-92.00,-91.00,-90.00,-89.00,-88.00,-87.00,-86.00,-85.00,-84.00,-83.00,-82.00,-81.00,-80.00,-79.00,-78.00,-77.00,-76.00,-75.00,-74.00,-73.00,-72.00,-71.00,-70.00,-69.00,-68.00,-67.00,-66.00,-65.00,-64.00,-63.00,-62.00,-61.00,-60.00,-59.00,-58.00,-57.00,-56.00,-55.00,-54.00,-53.00,-52.00,-51.00,-50.00,-49.00,-48.00,-47.00,-46.00,-45.00,-44.00,-43.00,-42.00,-41.00,-40.00,-39.00,-38.00,-37.00,-36.00,-35.00,-34.00,-33.00,-32.00,-31.00,-30.00,-29.00,-28.00,-27.00,-26.00,-25.00,-24.00,-23.00,-22.00,-21.00,-20.00,-19.00,-18.00,-17.00,-16.00,-15.00,-14.00,-13.00,-12.00,-11.00,-10.00,-9.00,-8.00,-7.00,-6.00,-5.00,-4.00,-3.00,-2.00,-1.00,0.00,1.00,2.00,3.00,4.00,5.00,6.00,7.00,8.00,9.00,10.00,11.00,12.00,13.00,14.00,15.00,16.00,17.00,18.00,19.00,20.00,21.00,22.00,23.00,24.00,25.00,26.00,27.00,28.00,29.00,30.00,31.00,32.00,33.00,34.00,35.00,36.00,37.00,38.00,39.00,40.00,41.00,42.00,43.00,44.00,45.00,46.00,47.00,48.00,49.00,50.00,51.00,52.00,53.00,54.00,55.00,56.00,57.00,58.00,59.00,60.00,61.00,62.00,63.00,64.00,65.00,66.00,67.00,68.00,69.00,70.00,71.00,72.00,73.00,74.00,75.00,76.00,77.00,78.00,79.00,80.00,81.00,82.00,83.00,84.00,85.00,86.00,87.00,88.00,89.00,90.00,91.00,92.00,93.00,94.00,95.00,96.00,97.00,98.00,99.00,100.00
4664.0,4475.0,4562.0,4687.0,4672.0,4461.0,4561.0,4598.0,4572.0,4609.0,4641.0,4606.0,4595.0,4609.0,4516.0,4493.0,4670.0,4622.0,4576.0,4598.0,4583.0,4621.0,4577.0,4667.0,4572.0,4636.0,4645.0,4538.0,4608.0,4667.0,4663.0,4606.0,4679.0,4680.0,4535.0,4650.0,4510.0,4687.0,4751.0,4730.0,4609.0,4762.0,4756.0,4643.0,4706.0,4624.0,4703.0,4699.0,4555.0,4745.0,4843.0,4625.0,4629.0,4893.0,4783.0,4690.0,4651.0,4667.0,4705.0,4696.0,4840.0,4733.0,4806.0,4772.0,4708.0,4833.0,4676.0,4830.0,4777.0,4871.0,4721.0,4752.0,4837.0,4878.0,4765.0,4741.0,4958.0,4930.0,4817.0,4735.0,4870.0,4861.0,4857.0,4831.0,4816.0,4984.0,5004.0,4821.0,4992.0,4878.0,4885.0,4996.0,4761.0,4684.0,4339.0,3942.0,3351.0,2341.0,906.0,81.0,0.0,81.0,906.0,2341.0,3351.0,3942.0,4339.0,4684.0,4761.0,4996.0,4885.0,4878.0,4992.0,4821.0,5004.0,4984.0,4816.0,4831.0,4857.0,4861.0,4870.0,4735.0,4817.0,4930.0,4958.0,4741.0,4765.0,4878.0,4837.0,4752.0,4721.0,4871.0,4777.0,4830.0,4676.0,4833.0,4708.0,4772.0,4806.0,4733.0,4840.0,4696.0,4705.0,4667.0,4651.0,4690.0,4783.0,4893.0,4629.0,4625.0,4843.0,4745.0,4555.0,4699.0,4703.0,4624.0,4706.0,4643.0,4756.0,4762.0,4609.0,4730.0,4751.0,4687.0,4510.0,4650.0,4535.0,4680.0,4679.0,4606.0,4663.0,4667.0,4608.0,4538.0,4645.0,4636.0,4572.0,4667.0,4577.0,4621.0,4583.0,4598.0,4576.0,4622.0,4670.0,4493.0,4516.0,4609.0,4595.0,4606.0,4641.0,4609.0,4572.0,4598.0,4561.0,4461.0,4672.0,4687.0,4562.0,4475.0,4664.0
1564.0,1586.0,1614.0,1576.0,1640.0,1564.0,1543.0,1626.0,1619.0,1705.0,1485.0,1574.0,1568.0,1577.0,1617.0,1623.0,1567.0,1592.0,1596.0,1559.0,1614.0,1573.0,1562.0,1564.0,1533.0,1646.0,1528.0,1619.0,1593.0,1578.0,1595.0,1542.0,1571.0,1622.0,1632.0,1549.0,1601.0,1676.0,1544.0,1605.0,1676.0,1633.0,1634.0,1676.0,1602.0,1630.0,1608.0,1618.0,1623.0,1607.0,1587.0,1564.0,1590.0,1589.0,1580.0,1545.0,1530.0,1465.0,1500.0,1544.0,1501.0,1534.0,1527.0,1564.0,1605.0,1546.0,1642.0,1621.0,1663.0,1607.0,1723.0,1673.0,1699.0,1759.0,1809.0,1770.0,1802.0,1858.0,1728.0,1780.0,1731.0,1653.0,1587.0,1553.0,1423.0,1309.0,1077.0,1021.0,866.0,699.0,575.0,469.0,347.0,253.0,216.0,131.0,86.0,41.0,15.0,12.0,0.0,12.0,15.0,41.0,86.0,131.0,216.0,253.0,347.0,469.0,575.0,699.0,866.0,1021.0,1077.0,1309.0,1423.0,1553.0,1587.0,1653.0,1731.0,1780.0,1728.0,1858.0,1802.0,1770.0,1809.0,1759.0,1699.0,1673.0,1723.0,1607.0,1663.0,1621.0,1642.0,1546.0,1605.0,1564.0,1527.0,1534.0,1501.0,1544.0,1500.0,1465.0,1530.0,1545.0,1580.0,1589.0,1590.0,1564.0,1587.0,1607.0,1623.0,1618.0,1608.0,1630.0,1602.0,1676.0,1634.0,1633.0,1676.0,1605.0,1544.0,1676.0,1601.0,1549.0,1632.0,1622.0,1571.0,1542.0,1595.0,1578.0,1593.0,1619.0,1528.0,1646.0,1533.0,1564.0,1562.0,1573.0,1614.0,1559.0,1596.0,1592.0,1567.0,1623.0,1617.0,1577.0,1568.0,1574.0,1485.0,1705.0,1619.0,1626.0,1543.0,1564.0,1640.0,1576.0,1614.0,1586.0,1564.0
2924.0,3031.0,2908.0,2884.0,2943.0,2943.0,2992.0,2912.0,2943.0,3024.0,2813.0,2977.0,2985.0,3001.0,2922.0,2979.0,3045.0,2864.0,2911.0,2982.0,2952.0,3042.0,3003.0,3024.0,2902.0,2978.0,2953.0,2966.0,2952.0,3033.0,3108.0,2999.0,3038.0,3076.0,3006.0,2954.0,3024.0,3095.0,3011.0,3034.0,3028.0,3023.0,3006.0,3034.0,3032.0,3103.0,3089.0,3046.0,3107.0,3140.0,3030.0,3060.0,3083.0,3124.0,3071.0,3143.0,3073.0,3097.0,3075.0,3158.0,3045.0,3080.0,3140.0,3226.0,3056.0,3108.0,3184.0,3045.0,3143.0,3130.0,3208.0,3161.0,3175.0,3131.0,3155.0,3166.0,3192.0,3169.0,3128.0,3216.0,3206.0,3187.0,3217.0,3257.0,3235.0,3261.0,3148.0,3249.0,3214.0,3227.0,3261.0,3282.0,3123.0,2920.0,2790.0,2754.0,2643.0,2443.0,1281.0,121.0,0.0,121.0,1281.0,2443.0,2643.0,2754.0,2790.0,2920.0,3123.0,3282.0,3261.0,3227.0,3214.0,3249.0,3148.0,3261.0,3235.0,3257.0,3217.0,3187.0,3206.0,3216.0,3128.0,3169.0,3192.0,3166.0,3155.0,3131.0,3175.0,3161.0,3208.0,3130.0,3143.0,3045.0,3184.0,3108.0,3056.0,3226.0,3140.0,3080.0,3045.0,3158.0,3075.0,3097.0,3073.0,3143.0,3071.0,3124.0,3083.0,3060.0,3030.0,3140.0,3107.0,3046.0,3089.0,3103.0,3032.0,3034.0,3006.0,3023.0,3028.0,3034.0,3011.0,3095.0,3024.0,2954.0,3006.0,3076.0,3038.0,2999.0,3108.0,3033.0,2952.0,2966.0,2953.0,2978.0,2902.0,3024.0,3003.0,3042.0,2952.0,2982.0,2911.0,2864.0,3045.0,2979.0,2922.0,3001.0,2985.0,2977.0,2813.0,3024.0,2943.0,2912.0,2992.0,2943.0,2943.0,2884.0,2908.0,3031.0,2924.0
6613.0,6655.0,6404.0,6617.0,6671.0,6688.0,6603.0,6621.0,6610.0,6548.0,6643.0,6562.0,6591.0,6587.0,6651.0,6590.0,6594.0,6725.0,6661.0,6368.0,6665.0,6607.0,6687.0,6510.0,6575.0,6691.0,6632.0,6628.0,6722.0,6600.0,6639.0,6807.0,6629.0,6679.0,6535.0,6682.0,6717.0,6584.0,6695.0,6600.0,6709.0,6743.0,6542.0,6644.0,6821.0,6574.0,6692.0,6817.0,6622.0,6610.0,6639.0,6704.0,6687.0,6541.0,6676.0,6738.0,6726.0,6746.0,6656.0,6736.0,6734.0,6717.0,6694.0,6719.0,6606.0,6745.0,6830.0,6782.0,6671.0,6650.0,6648.0,6702.0,6824.0,6930.0,6756.0,6631.0,6937.0,6770.0,6723.0,6804.0,6861.0,6735.0,6958.0,6797.0,6794.0,6876.0,6815.0,7022.0,6954.0,6926.0,6904.0,6845.0,6749.0,6537.0,6213.0,5759.0,5141.0,4100.0,1520.0,101.0,0.0,101.0,1520.0,4100.0,5141.0,5759.0,6213.0,6537.0,6749.0,6845.0,6904.0,6926.0,6954.0,7022.0,6815.0,6876.0,6794.0,6797.0,6958.0,6735.0,6861.0,6804.0,6723.0,6770.0,6937.0,6631.0,6756.0,6930.0,6824.0,6702.0,6648.0,6650.0,6671.0,6782.0,6830.0,6745.0,6606.0,6719.0,6694.0,6717.0,6734.0,6736.0,6656.0,6746.0,6726.0,6738.0,6676.0,6541.0,6687.0,6704.0,6639.0,6610.0,6622.0,6817.0,6692.0,6574.0,6821.0,6644.0,6542.0,6743.0,6709.0,6600.0,6695.0,6584.0,6717.0,6682.0,6535.0,6679.0,6629.0,6807.0,6639.0,6600.0,6722.0,6628.0,6632.0,6691.0,6575.0,6510.0,6687.0,6607.0,6665.0,6368.0,6661.0,6725.0,6594.0,6590.0,6651.0,6587.0,6591.0,6562.0,6643.0,6548.0,6610.0,6621.0,6603.0,6688.0,6671.0,6617.0,6404.0,6655.0,6613.0
22777.0,22714.0,22723.0,22734.0,22950.0,22765.0,22815.0,22748.0,22718.0,22782.0,22668.0,23186.0,22607.0,22642.0,22784.0,22857.0,22748.0,22700.0,22951.0,22880.0,22654.0,22876.0,22863.0,22806.0,22742.0,22831.0,23009.0,22805.0,22788.0,22828.0,22753.0,22966.0,22916.0,22927.0,22724.0,22800.0,22774.0,23000.0,23020.0,22661.0,23048.0,22849.0,22793.0,22844.0,22937.0,23155.0,22787.0,22914.0,22800.0,23046.0,22864.0,22930.0,22837.0,23104.0,22983.0,22943.0,23152.0,23458.0,22937.0,22830.0,23216.0,23229.0,23134.0,23030.0,23063.0,23461.0,23257.0,23219.0,23356.0,23199.0,23471.0,23239.0,23758.0,23390.0,23358.0,23567.0,23549.0,23724.0,23545.0,23606.0,23793.0,23949.0,23910.0,23687.0,24118.0,24119.0,24096.0,23990.0,24217.0,24318.0,24104.0,24631.0,24176.0,22773.0,24131.0,31471.0,32231.0,10075.0,558.0,218.0,0.0,218.0,558.0,10075.0,32231.0,31471.0,24131.0,22773.0,24176.0,24631.0,24104.0,24318.0,24217.0,23990.0,24096.0,24119.0,24118.0,23687.0,23910.0,23949.0,23793.0,23606.0,23545.0,23724.0,23549.0,23567.0,23358.0,23390.0,23758.0,23239.0,23471.0,23199.0,23356.0,23219.0,23257.0,23461.0,23063.0,23030.0,23134.0,23229.0,23216.0,22830.0,22937.0,23458.0,23152.0,22943.0,22983.0,23104.0,22837.0,22930.0,22864.0,23046.0,22800.0,22914.0,22787.0,23155.0,22937.0,22844.0,22793.0,22849.0,23048.0,22661.0,23020.0,23000.0,22774.0,22800.0,22724.0,22927.0,22916.0,22966.0,22753.0,22828.0,22788.0,22805.0,23009.0,22831.0,22742.0,22806.0,22863.0,22876.0,22654.0,22880.0,22951.0,22700.0,22748.0,22857.0,22784.0,22642.0,22607.0,23186.0,22668.0,22782.0,22718.0,22748.0,22815.0,22765.0,22950.0,22734.0,22723.0,22714.0,22777.0
-0.0,1.0,0.0,2.0,0.0,2.0,0.0,0.0,0.0,1.0,1.0,1.0,1.0,0.0,1.0,1.0,2.0,0.0,0.0,0.0,1.0,0.0,5.0,1.0,3.0,2.0,1.0,0.0,1.0,3.0,2.0,2.0,1.0,6.0,3.0,1.0,3.0,1.0,1.0,1.0,2.0,3.0,1.0,0.0,1.0,0.0,0.0,0.0,0.0,2.0,1.0,0.0,0.0,1.0,4.0,1.0,1.0,0.0,-0.0,1.0,0.0,1.0,0.0,2.0,1.0,2.0,1.0,0.0,2.0,0.0,1.0,-0.0,-0.0,0.0,0.0,0.0,1.0,1.0,0.0,-0.0,-0.0,0.0,0.0,0.0,0.0,1.0,0.0,0.0,0.0,0.0,0.0,0.0,0.0,0.0,0.0,0.0,-0.0,0.0,0.0,0.0,0.0,0.0,0.0,0.0,0.0,0.0,-0.0,0.0,-0.0,0.0,0.0,0.0,-0.0,0.0,0.0,1.0,0.0,0.0,0.0,0.0,-0.0,-0.0,0.0,1.0,1.0,0.0,0.0,0.0,-0.0,0.0,1.0,0.0,2.0,0.0,1.0,2.0,1.0,2.0,0.0,1.0,-0.0,1.0,0.0,0.0,1.0,1.0,4.0,1.0,0.0,0.0,1.0,2.0,0.0,0.0,0.0,0.0,1.0,0.0,1.0,3.0,2.0,1.0,1.0,1.0,3.0,1.0,3.0,6.0,1.0,2.0,2.0,3.0,1.0,0.0,1.0,2.0,3.0,1.0,5.0,0.0,1.0,0.0,0.0,0.0,2.0,1.0,1.0,0.0,1.0,1.0,1.0,1.0,0.0,0.0,0.0,2.0,0.0,2.0,0.0,1.0,-0.0
20380.0,20399.0,20494.0,20783.0,20705.0,20579.0,20459.0,20591.0,20630.0,20700.0,20422.0,20657.0,20367.0,20750.0,20597.0,20699.0,20653.0,20452.0,20602.0,20615.0,20539.0,20704.0,20494.0,20637.0,20587.0,20361.0,21044.0,20664.0,20586.0,20563.0,20514.0,20536.0,20689.0,20967.0,20639.0,20493.0,20465.0,20618.0,20714.0,20654.0,20667.0,20822.0,20406.0,20748.0,20691.0,20678.0,20951.0,20595.0,20472.0,20592.0,20725.0,20793.0,20871.0,20717.0,20623.0,20557.0,20963.0,20835.0,20855.0,20713.0,20582.0,20848.0,21060.0,20703.0,20673.0,20697.0,20918.0,21007.0,20702.0,20610.0,21166.0,20947.0,20890.0,20891.0,20944.0,21010.0,20872.0,21050.0,20668.0,21224.0,21077.0,21187.0,21151.0,21219.0,21020.0,21002.0,21003.0,20818.0,21086.0,20894.0,20485.0,20675.0,21244.0,23224.0,26226.0,23827.0,11396.0,1842.0,28.0,9.0,0.0,9.0,28.0,1842.0,11396.0,23827.0,26226.0,23224.0,21244.0,20675.0,20485.0,20894.0,21086.0,20818.0,21003.0,21002.0,21020.0,21219.0,21151.0,21187.0,21077.0,21224.0,20668.0,21050.0,20872.0,21010.0,20944.0,20891.0,20890.0,20947.0,21166.0,20610.0,20702.0,21007.0,20918.0,20697.0,20673.0,20703.0,21060.0,20848.0,20582.0,20713.0,20855.0,20835.0,20963.0,20557.0,20623.0,20717.0,20871.0,20793.0,20725.0,20592.0,20472.0,20595.0,20951.0,20678.0,20691.0,20748.0,20406.0,20822.0,20667.0,20654.0,20714.0,20618.0,20465.0,20493.0,20639.0,20967.0,20689.0,20536.0,20514.0,20563.0,20586.0,20664.0,21044.0,20361.0,20587.0,20637.0,20494.0,20704.0,20539.0,20615.0,20602.0,20452.0,20653.0,20699.0,20597.0,20750.0,20367.0,20657.0,20422.0,20700.0,20630.0,20591.0,20459.0,20579.0,20705.0,20783.0,20494.0,20399.0,20380.0
3.0,1.0,2.0,0.0,2.0,4.0,3.0,1.0,1.0,2.0,1.0,2.0,3.0,2.0,0.0,0.0,0.0,2.0,3.0,0.0,1.0,0.0,2.0,1.0,2.0,3.0,3.0,3.0,3.0,2.0,2.0,3.0,3.0,1.0,3.0,0.0,2.0,5.0,1.0,0.0,0.0,0.0,1.0,1.0,2.0,1.0,2.0,1.0,0.0,0.0,1.0,2.0,6.0,2.0,0.0,1.0,1.0,0.0,4.0,0.0,0.0,3.0,1.0,2.0,1.0,1.0,0.0,1.0,1.0,0.0,0.0,0.0,-0.0,0.0,0.0,0.0,0.0,0.0,0.0,0.0,-0.0,0.0,0.0,0.0,0.0,0.0,0.0,0.0,0.0,0.0,-0.0,0.0,0.0,0.0,0.0,0.0,-0.0,0.0,0.0,0.0,0.0,0.0,0.0,0.0,0.0,0.0,0.0,0.0,-0.0,0.0,-0.0,0.0,-0.0,0.0,0.0,0.0,0.0,0.0,0.0,0.0,-0.0,0.0,0.0,0.0,0.0,0.0,0.0,0.0,0.0,0.0,0.0,0.0,1.0,1.0,0.0,1.0,1.0,2.0,1.0,3.0,-0.0,0.0,4.0,0.0,1.0,1.0,0.0,2.0,6.0,2.0,1.0,0.0,-0.0,1.0,2.0,1.0,2.0,1.0,1.0,0.0,0.0,0.0,1.0,5.0,2.0,0.0,3.0,1.0,3.0,3.0,2.0,2.0,3.0,3.0,3.0,3.0,2.0,1.0,2.0,0.0,1.0,0.0,3.0,2.0,0.0,0.0,0.0,2.0,3.0,2.0,1.0,2.0,1.0,1.0,3.0,4.0,2.0,0.0,2.0,1.0,3.0
3.0,3.0,6.0,3.0,1.0,2.0,5.0,1.0,3.0,3.0,2.0,2.0,1.0,3.0,3.0,4.0,2.0,4.0,7.0,1.0,-0.0,3.0,2.0,1.0,4.0,0.0,4.0,0.0,3.0,2.0,2.0,2.0,4.0,2.0,4.0,4.0,3.0,5.0,4.0,3.0,0.0,4.0,4.0,2.0,4.0,4.0,2.0,4.0,1.0,2.0,4.0,0.0,1.0,5.0,0.0,2.0,2.0,5.0,5.0,1.0,2.0,3.0,7.0,0.0,0.0,3.0,1.0,5.0,1.0,0.0,1.0,0.0,-0.0,0.0,0.0,0.0,1.0,0.0,0.0,0.0,-0.0,0.0,1.0,0.0,0.0,0.0,-0.0,0.0,0.0,1.0,0.0,0.0,0.0,0.0,-0.0,0.0,-0.0,0.0,2.0,4.0,0.0,4.0,2.0,0.0,0.0,0.0,0.0,0.0,-0.0,0.0,0.0,1.0,-0.0,0.0,0.0,0.0,0.0,0.0,1.0,0.0,-0.0,0.0,0.0,0.0,1.0,0.0,0.0,0.0,0.0,0.0,1.0,0.0,1.0,5.0,1.0,3.0,-0.0,0.0,7.0,3.0,2.0,1.0,5.0,5.0,2.0,2.0,0.0,5.0,1.0,0.0,4.0,2.0,1.0,4.0,2.0,4.0,4.0,2.0,4.0,4.0,0.0,3.0,4.0,5.0,3.0,4.0,4.0,2.0,4.0,2.0,2.0,2.0,3.0,0.0,4.0,0.0,4.0,1.0,2.0,3.0,-0.0,1.0,7.0,4.0,2.0,4.0,3.0,3.0,1.0,2.0,2.0,3.0,3.0,1.0,5.0,2.0,1.0,3.0,6.0,3.0,3.0
10286.0,10195.0,10331.0,10139.0,10411.0,10285.0,10358.0,10419.0,10211.0,10172.0,10364.0,10303.0,10367.0,10360.0,10249.0,10262.0,10408.0,10297.0,10318.0,10364.0,10355.0,10173.0,10384.0,10545.0,10222.0,10275.0,10313.0,10251.0,10501.0,10356.0,10290.0,10315.0,10351.0,10331.0,10463.0,10372.0,10481.0,10409.0,10232.0,10351.0,10363.0,10317.0,10603.0,10478.0,10374.0,10439.0,10319.0,10419.0,10374.0,10380.0,10225.0,10510.0,10563.0,10672.0,10369.0,10386.0,10417.0,10566.0,10534.0,10470.0,10473.0,10342.0,10428.0,10650.0,10519.0,10440.0,10474.0,10420.0,10558.0,10453.0,10505.0,10371.0,10817.0,10499.0,10585.0,10701.0,10614.0,10755.0,10802.0,10633.0,10574.0,10311.0,10339.0,10406.0,10313.0,10615.0,10677.0,11073.0,11628.0,11494.0,11656.0,11446.0,11228.0,10360.0,8844.0,5187.0,1303.0,227.0,108.0,111.0,0.0,111.0,108.0,227.0,1303.0,5187.0,8844.0,10360.0,11228.0,11446.0,11656.0,11494.0,11628.0,11073.0,10677.0,10615.0,10313.0,10406.0,10339.0,10311.0,10574.0,10633.0,10802.0,10755.0,10614.0,10701.0,10585.0,10499.0,10817.0,10371.0,10505.0,10453.0,10558.0,10420.0,10474.0,10440.0,10519.0,10650.0,10428.0,10342.0,10473.0,10470.0,10534.0,10566.0,10417.0,10386.0,10369.0,10672.0,10563.0,10510.0,10225.0,10380.0,10374.0,10419.0,10319.0,10439.0,10374.0,10478.0,10603.0,10317.0,10363.0,10351.0,10232.0,10409.0,10481.0,10372.0,10463.0,10331.0,10351.0,10315.0,10290.0,10356.0,10501.0,10251.0,10313.0,10275.0,10222.0,10545.0,10384.0,10173.0,10355.0,10364.0,10318.0,10297.0,10408.0,10262.0,10249.0,10360.0,10367.0,10303.0,10364.0,10172.0,10211.0,10419.0,10358.0,10285.0,10411.0,10139.0,10331.0,10195.0,10286.0
2.0,0.0,0.0,-0.0,0.0,0.0,0.0,-0.0,-0.0,0.0,0.0,0.0,2.0,1.0,-0.0,0.0,-0.0,0.0,0.0,0.0,-0.0,1.0,3.0,2.0,0.0,0.0,0.0,1.0,1.0,1.0,0.0,1.0,0.0,-0.0,2.0,1.0,1.0,1.0,3.0,2.0,1.0,0.0,2.0,2.0,1.0,1.0,2.0,2.0,0.0,0.0,0.0,1.0,1.0,1.0,0.0,0.0,1.0,0.0,1.0,1.0,2.0,3.0,0.0,1.0,2.0,0.0,0.0,0.0,1.0,0.0,0.0,-0.0,-0.0,0.0,0.0,0.0,0.0,0.0,0.0,0.0,-0.0,0.0,0.0,0.0,0.0,0.0,0.0,-0.0,0.0,0.0,0.0,-0.0,0.0,0.0,0.0,0.0,-0.0,0.0,3.0,0.0,0.0,-0.0,3.0,0.0,0.0,0.0,0.0,0.0,-0.0,0.0,0.0,0.0,-0.0,0.0,0.0,0.0,0.0,0.0,0.0,0.0,-0.0,-0.0,0.0,0.0,0.0,0.0,-0.0,0.0,-0.0,0.0,0.0,0.0,1.0,0.0,0.0,0.0,2.0,1.0,0.0,3.0,2.0,1.0,1.0,0.0,1.0,0.0,-0.0,1.0,1.0,1.0,0.0,0.0,-0.0,2.0,2.0,1.0,1.0,2.0,2.0,0.0,1.0,2.0,3.0,1.0,1.0,1.0,2.0,0.0,0.0,1.0,0.0,1.0,1.0,1.0,-0.0,-0.0,0.0,2.0,3.0,1.0,-0.0,0.0,0.0,0.0,-0.0,0.0,0.0,1.0,2.0,0.0,-0.0,0.0,0.0,-0.0,0.0,0.0,0.0,0.0,-0.0,0.0,2.0
12121.0,12315.0,12141.0,12198.0,12138.0,12031.0,12154.0,12231.0,12199.0,12293.0,12268.0,12155.0,12023.0,12222.0,11963.0,12207.0,12365.0,12308.0,12177.0,12108.0,12186.0,12232.0,12059.0,12275.0,12363.0,12112.0,12336.0,12220.0,12411.0,12089.0,12107.0,11993.0,12412.0,12097.0,12209.0,12331.0,11990.0,12314.0,12221.0,12184.0,12389.0,12179.0,12264.0,12154.0,12308.0,12324.0,12316.0,12157.0,12325.0,12274.0,12287.0,12313.0,12199.0,12118.0,12230.0,12423.0,12384.0,12287.0,12356.0,12238.0,12445.0,12270.0,12274.0,12265.0,12308.0,12218.0,12482.0,12569.0,12468.0,12230.0,12375.0,12098.0,12504.0,12439.0,12414.0,12516.0,12529.0,12440.0,12708.0,12669.0,12453.0,12509.0,12428.0,12560.0,12425.0,12327.0,12324.0,12347.0,12542.0,13004.0,12856.0,12798.0,13066.0,13369.0,13051.0,9472.0,3142.0,435.0,172.0,124.0,0.0,124.0,172.0,435.0,3142.0,9472.0,13051.0,13369.0,13066.0,12798.0,12856.0,13004.0,12542.0,12347.0,12324.0,12327.0,12425.0,12560.0,12428.0,12509.0,12453.0,12669.0,12708.0,12440.0,12529.0,12516.0,12414.0,12439.0,12504.0,12098.0,12375.0,12230.0,12468.0,12569.0,12482.0,12218.0,12308.0,12265.0,12274.0,12270.0,12445.0,12238.0,12356.0,12287.0,12384.0,12423.0,12230.0,12118.0,12199.0,12313.0,12287.0,12274.0,12325.0,12157.0,12316.0,12324.0,12308.0,12154.0,12264.0,12179.0,12389.0,12184.0,12221.0,12314.0,11990.0,12331.0,12209.0,12097.0,12412.0,11993.0,12107.0,12089.0,12411.0,12220.0,12336.0,12112.0,12363.0,12275.0,12059.0,12232.0,12186.0,12108.0,12177.0,12308.0,12365.0,12207.0,11963.0,12222.0,12023.0,12155.0,12268.0,12293.0,12199.0,12231.0,12154.0,12031.0,12138.0,12198.0,12141.0,12315.0,12121.0
14559.0,14306.0,14210.0,14386.0,14247.0,14300.0,14190.0,14531.0,13984.0,14336.0,14363.0,14353.0,14386.0,14178.0,14344.0,14328.0,14156.0,14206.0,14306.0,14458.0,14318.0,14192.0,14515.0,14275.0,14133.0,14317.0,14197.0,14427.0,14411.0,14287.0,14097.0,14320.0,14294.0,14501.0,14098.0,14310.0,14334.0,14398.0,14403.0,14334.0,14239.0,14325.0,14188.0,14258.0,14339.0,14617.0,14139.0,14472.0,14333.0,14401.0,14212.0,14429.0,14243.0,14401.0,14335.0,14291.0,14629.0,14250.0,14465.0,14309.0,14408.0,14393.0,14418.0,14289.0,14672.0,14482.0,14272.0,14310.0,14620.0,14358.0,14436.0,14395.0,14665.0,14437.0,14351.0,14546.0,14439.0,14438.0,14430.0,14686.0,14786.0,14592.0,14542.0,14661.0,14497.0,14380.0,14244.0,14088.0,14404.0,14341.0,14702.0,15062.0,15382.0,15557.0,15492.0,12322.0,4396.0,842.0,433.0,124.0,0.0,124.0,433.0,842.0,4396.0,12322.0,15492.0,15557.0,15382.0,15062.0,14702.0,14341.0,14404.0,14088.0,14244.0,14380.0,14497.0,14661.0,14542.0,14592.0,14786.0,14686.0,14430.0,14438.0,14439.0,14546.0,14351.0,14437.0,14665.0,14395.0,14436.0,14358.0,14620.0,14310.0,14272.0,14482.0,14672.0,14289.0,14418.0,14393.0,14408.0,14309.0,14465.0,14250.0,14629.0,14291.0,14335.0,14401.0,14243.0,14429.0,14212.0,14401.0,14333.0,14472.0,14139.0,14617.0,14339.0,14258.0,14188.0,14325.0,14239.0,14334.0,14403.0,14398.0,14334.0,14310.0,14098.0,14501.0,14294.0,14320.0,14097.0,14287.0,14411.0,14427.0,14197.0,14317.0,14133.0,14275.0,14515.0,14192.0,14318.0,14458.0,14306.0,14206.0,14156.0,14328.0,14344.0,14178.0,14386.0,14353.0,14363.0,14336.0,13984.0,14531.0,14190.0,14300.0,14247.0,14386.0,14210.0,14306.0,14559.0
2.0,1.0,4.0,1.0,1.0,2.0,2.0,1.0,1.0,6.0,0.0,0.0,2.0,3.0,3.0,4.0,3.0,1.0,4.0,0.0,-0.0,1.0,0.0,0.0,2.0,4.0,0.0,2.0,2.0,1.0,-0.0,3.0,2.0,2.0,0.0,3.0,4.0,1.0,2.0,1.0,1.0,3.0,2.0,0.0,1.0,1.0,0.0,1.0,-0.0,3.0,2.0,3.0,1.0,3.0,3.0,2.0,2.0,0.0,0.0,2.0,-0.0,2.0,2.0,0.0,0.0,-0.0,1.0,0.0,1.0,0.0,0.0,1.0,-0.0,0.0,1.0,0.0,0.0,0.0,0.0,0.0,-0.0,1.0,0.0,0.0,0.0,0.0,-0.0,0.0,0.0,0.0,0.0,0.0,0.0,-0.0,0.0,0.0,-0.0,0.0,0.0,3.0,0.0,3.0,0.0,0.0,0.0,0.0,0.0,0.0,-0.0,0.0,-0.0,0.0,-0.0,0.0,0.0,0.0,0.0,0.0,0.0,1.0,-0.0,0.0,0.0,0.0,0.0,0.0,1.0,0.0,-0.0,1.0,0.0,0.0,1.0,0.0,1.0,0.0,-0.0,0.0,2.0,2.0,-0.0,2.0,0.0,0.0,2.0,2.0,3.0,3.0,1.0,3.0,2.0,3.0,-0.0,1.0,0.0,1.0,1.0,0.0,2.0,3.0,1.0,1.0,2.0,1.0,4.0,3.0,0.0,2.0,2.0,3.0,0.0,1.0,2.0,2.0,0.0,4.0,2.0,0.0,0.0,1.0,-0.0,0.0,4.0,1.0,3.0,4.0,3.0,3.0,2.0,0.0,0.0,6.0,1.0,1.0,2.0,2.0,1.0,1.0,4.0,1.0,2.0
24863.0,24759.0,24530.0,24785.0,24445.0,24845.0,25192.0,24704.0,24773.0,24719.0,24692.0,24674.0,25180.0,24737.0,24796.0,24784.0,24622.0,24772.0,24903.0,24887.0,24916.0,24780.0,24470.0,24891.0,25040.0,24685.0,24752.0,24671.0,24966.0,25011.0,24964.0,24742.0,24633.0,24750.0,25017.0,25048.0,24654.0,24661.0,24811.0,24840.0,25330.0,24772.0,24595.0,24722.0,25039.0,24854.0,25119.0,24871.0,24688.0,24870.0,24852.0,24967.0,24789.0,25156.0,24876.0,24780.0,24979.0,24888.0,24786.0,25137.0,25000.0,25187.0,24715.0,24589.0,24605.0,25536.0,25309.0,25174.0,24648.0,24339.0,24523.0,26013.0,26005.0,24640.0,23944.0,23634.0,25931.0,27365.0,26418.0,23304.0,21435.0,24097.0,28995.0,31020.0,25521.0,18194.0,17010.0,24363.0,35725.0,36915.0,20441.0,8259.0,7432.0,21547.0,56764.0,44822.0,6062.0,97.0,2.0,7.0,0.0,7.0,2.0,97.0,6062.0,44822.0,56764.0,21547.0,7432.0,8259.0,20441.0,36915.0,35725.0,24363.0,17010.0,18194.0,25521.0,31020.0,28995.0,24097.0,21435.0,23304.0,26418.0,27365.0,25931.0,23634.0,23944.0,24640.0,26005.0,26013.0,24523.0,24339.0,24648.0,25174.0,25309.0,25536.0,24605.0,24589.0,24715.0,25187.0,25000.0,25137.0,24786.0,24888.0,24979.0,24780.0,24876.0,25156.0,24789.0,24967.0,24852.0,24870.0,24688.0,24871.0,25119.0,24854.0,25039.0,24722.0,24595.0,24772.0,25330.0,24840.0,24811.0,24661.0,24654.0,25048.0,25017.0,24750.0,24633.0,24742.0,24964.0,25011.0,24966.0,24671.0,24752.0,24685.0,25040.0,24891.0,24470.0,24780.0,24916.0,24887.0,24903.0,24772.0,24622.0,24784.0,24796.0,24737.0,25180.0,24674.0,24692.0,24719.0,24773.0,24704.0,25192.0,24845.0,24445.0,24785.0,24530.0,24759.0,24863.0
20369.0,20422.0,20472.0,20533.0,20390.0,20548.0,20348.0,20207.0,20518.0,20065.0,20622.0,20588.0,20610.0,20239.0,20485.0,20346.0,20238.0,20443.0,20418.0,20209.0,20805.0,20361.0,20491.0,20497.0,20508.0,20281.0,20359.0,20469.0,20605.0,20293.0,20582.0,20362.0,20572.0,20624.0,20539.0,20234.0,20558.0,20613.0,20409.0,20597.0,20663.0,20402.0,20591.0,20805.0,20400.0,20592.0,20624.0,20542.0,20520.0,20254.0,20797.0,20886.0,20910.0,20401.0,20622.0,20742.0,20682.0,20436.0,20664.0,20834.0,20596.0,20805.0,20607.0,20874.0,20827.0,20623.0,20951.0,20714.0,20799.0,20760.0,20927.0,20919.0,21029.0,20866.0,20701.0,21135.0,21101.0,20748.0,20835.0,21119.0,20858.0,21170.0,20967.0,20840.0,20937.0,20936.0,21035.0,20907.0,20856.0,21039.0,20960.0,20303.0,19381.0,20244.0,24380.0,29292.0,21534.0,5320.0,302.0,157.0,0.0,157.0,302.0,5320.0,21534.0,29292.0,24380.0,20244.0,19381.0,20303.0,20960.0,21039.0,20856.0,20907.0,21035.0,20936.0,20937.0,20840.0,20967.0,21170.0,20858.0,21119.0,20835.0,20748.0,21101.0,21135.0,20701.0,20866.0,21029.0,20919.0,20927.0,20760.0,20799.0,20714.0,20951.0,20623.0,20827.0,20874.0,20607.0,20805.0,20596.0,20834.0,20664.0,20436.0,20682.0,20742.0,20622.0,20401.0,20910.0,20886.0,20797.0,20254.0,20520.0,20542.0,20624.0,20592.0,20400.0,20805.0,20591.0,20402.0,20663.0,20597.0,20409.0,20613.0,20558.0,20234.0,20539.0,20624.0,20572.0,20362.0,20582.0,20293.0,20605.0,20469.0,20359.0,20281.0,20508.0,20497.0,20491.0,20361.0,20805.0,20209.0,20418.0,20443.0,20238.0,20346.0,20485.0,20239.0,20610.0,20588.0,20622.0,20065.0,20518.0,20207.0,20348.0,20548.0,20390.0,20533.0,20472.0,20422.0,20369.0
1.0,3.0,0.0,0.0,1.0,1.0,1.0,0.0,1.0,0.0,3.0,0.0,0.0,0.0,0.0,1.0,0.0,3.0,2.0,1.0,2.0,1.0,2.0,6.0,1.0,2.0,2.0,0.0,-0.0,0.0,1.0,1.0,2.0,2.0,1.0,1.0,2.0,1.0,1.0,0.0,1.0,2.0,1.0,1.0,2.0,1.0,2.0,0.0,1.0,0.0,2.0,1.0,0.0,0.0,0.0,0.0,1.0,0.0,1.0,2.0,-0.0,0.0,0.0,1.0,0.0,0.0,-0.0,1.0,2.0,0.0,0.0,1.0,-0.0,0.0,1.0,0.0,0.0,0.0,0.0,0.0,-0.0,0.0,0.0,0.0,0.0,0.0,0.0,0.0,0.0,0.0,0.0,0.0,0.0,0.0,0.0,0.0,-0.0,0.0,0.0,0.0,0.0,0.0,0.0,0.0,0.0,0.0,0.0,0.0,-0.0,0.0,0.0,0.0,-0.0,0.0,0.0,0.0,0.0,0.0,0.0,0.0,-0.0,0.0,0.0,0.0,0.0,0.0,1.0,0.0,0.0,1.0,0.0,0.0,2.0,1.0,0.0,-0.0,-0.0,1.0,0.0,0.0,-0.0,2.0,1.0,0.0,1.0,0.0,0.0,0.0,0.0,1.0,2.0,0.0,1.0,0.0,2.0,1.0,2.0,1.0,1.0,2.0,1.0,0.0,1.0,1.0,2.0,1.0,1.0,2.0,2.0,1.0,1.0,0.0,-0.0,0.0,2.0,2.0,1.0,6.0,2.0,1.0,2.0,1.0,2.0,3.0,-0.0,1.0,0.0,0.0,0.0,0.0,3.0,0.0,1.0,0.0,1.0,1.0,1.0,0.0,0.0,3.0,1.0
1.0,1.0,1.0,3.0,2.0,3.0,1.0,1.0,-0.0,1.0,0.0,2.0,5.0,0.0,1.0,2.0,0.0,1.0,1.0,1.0,1.0,0.0,2.0,0.0,2.0,2.0,1.0,1.0,1.0,1.0,0.0,1.0,0.0,0.0,4.0,1.0,2.0,3.0,2.0,1.0,1.0,1.0,2.0,5.0,2.0,0.0,3.0,4.0,1.0,1.0,2.0,0.0,0.0,1.0,0.0,3.0,0.0,0.0,1.0,0.0,-0.0,1.0,1.0,1.0,0.0,2.0,1.0,0.0,0.0,0.0,0.0,0.0,-0.0,1.0,0.0,0.0,1.0,0.0,0.0,0.0,-0.0,1.0,0.0,0.0,0.0,0.0,2.0,0.0,0.0,0.0,1.0,1.0,2.0,1.0,2.0,0.0,-0.0,0.0,2.0,1.0,0.0,1.0,2.0,0.0,0.0,0.0,2.0,1.0,2.0,1.0,1.0,0.0,-0.0,0.0,2.0,0.0,0.0,0.0,0.0,1.0,-0.0,0.0,0.0,0.0,1.0,-0.0,0.0,1.0,0.0,0.0,0.0,0.0,0.0,0.0,1.0,2.0,-0.0,1.0,1.0,1.0,-0.0,0.0,1.0,0.0,0.0,3.0,0.0,1.0,0.0,0.0,2.0,1.0,1.0,4.0,3.0,0.0,2.0,5.0,2.0,1.0,1.0,1.0,2.0,3.0,2.0,1.0,4.0,0.0,0.0,1.0,0.0,1.0,1.0,1.0,1.0,2.0,2.0,0.0,2.0,0.0,1.0,1.0,1.0,1.0,-0.0,2.0,1.0,0.0,5.0,2.0,0.0,1.0,0.0,1.0,1.0,3.0,2.0,3.0,1.0,1.0,1.0
12457.0,12510.0,12533.0,12442.0,12606.0,12697.0,12501.0,12729.0,12559.0,12378.0,12760.0,12702.0,12409.0,12576.0,12432.0,12479.0,12625.0,12686.0,12525.0,12343.0,12466.0,12532.0,12642.0,12602.0,12768.0,12687.0,12316.0,12588.0,12471.0,12500.0,12620.0,12633.0,12650.0,12401.0,12731.0,12623.0,12466.0,12611.0,12577.0,12483.0,12617.0,12613.0,12599.0,12568.0,12547.0,12630.0,12505.0,12680.0,12877.0,12703.0,12633.0,12441.0,12479.0,12604.0,12463.0,12773.0,12557.0,12554.0,12704.0,12731.0,12676.0,12515.0,12648.0,12772.0,12636.0,12744.0,12688.0,12696.0,12622.0,12711.0,12582.0,12855.0,12571.0,12824.0,12514.0,12799.0,12698.0,12894.0,12785.0,12540.0,12876.0,12966.0,12932.0,12880.0,12613.0,12821.0,12571.0,12748.0,12501.0,12489.0,12546.0,13476.0,14233.0,15570.0,15234.0,10959.0,3573.0,318.0,48.0,55.0,0.0,55.0,48.0,318.0,3573.0,10959.0,15234.0,15570.0,14233.0,13476.0,12546.0,12489.0,12501.0,12748.0,12571.0,12821.0,12613.0,12880.0,12932.0,12966.0,12876.0,12540.0,12785.0,12894.0,12698.0,12799.0,12514.0,12824.0,12571.0,12855.0,12582.0,12711.0,12622.0,12696.0,12688.0,12744.0,12636.0,12772.0,12648.0,12515.0,12676.0,12731.0,12704.0,12554.0,12557.0,12773.0,12463.0,12604.0,12479.0,12441.0,12633.0,12703.0,12877.0,12680.0,12505.0,12630.0,12547.0,12568.0,12599.0,12613.0,12617.0,12483.0,12577.0,12611.0,12466.0,12623.0,12731.0,12401.0,12650.0,12633.0,12620.0,12500.0,12471.0,12588.0,12316.0,12687.0,12768.0,12602.0,12642.0,12532.0,12466.0,12343.0,12525.0,12686.0,12625.0,12479.0,12432.0,12576.0,12409.0,12702.0,12760.0,12378.0,12559.0,12729.0,12501.0,12697.0,12606.0,12442.0,12533.0,12510.0,12457.0
2.0,0.0,2.0,1.0,0.0,0.0,2.0,1.0,-0.0,0.0,0.0,0.0,0.0,1.0,2.0,0.0,1.0,0.0,0.0,2.0,1.0,0.0,-0.0,2.0,1.0,0.0,0.0,0.0,2.0,0.0,1.0,2.0,0.0,1.0,1.0,1.0,-0.0,2.0,1.0,1.0,0.0,2.0,1.0,0.0,2.0,2.0,1.0,0.0,1.0,0.0,-0.0,0.0,0.0,-0.0,0.0,0.0,0.0,0.0,0.0,0.0,-0.0,1.0,2.0,0.0,0.0,1.0,0.0,0.0,0.0,0.0,0.0,0.0,-0.0,0.0,-0.0,0.0,0.0,0.0,0.0,0.0,-0.0,0.0,0.0,0.0,0.0,-0.0,-0.0,0.0,0.0,0.0,0.0,0.0,0.0,0.0,0.0,-0.0,-0.0,0.0,-0.0,0.0,0.0,0.0,0.0,0.0,0.0,0.0,0.0,0.0,-0.0,0.0,0.0,0.0,-0.0,0.0,0.0,0.0,0.0,0.0,0.0,0.0,-0.0,0.0,0.0,0.0,0.0,0.0,0.0,0.0,-0.0,0.0,0.0,0.0,0.0,0.0,0.0,1.0,-0.0,0.0,2.0,1.0,-0.0,0.0,-0.0,0.0,0.0,0.0,0.0,0.0,0.0,0.0,-0.0,0.0,1.0,0.0,1.0,2.0,2.0,-0.0,1.0,2.0,0.0,1.0,1.0,2.0,0.0,1.0,1.0,1.0,0.0,2.0,1.0,0.0,2.0,0.0,0.0,0.0,1.0,2.0,-0.0,0.0,1.0,2.0,0.0,-0.0,1.0,0.0,2.0,1.0,0.0,0.0,0.0,0.0,0.0,1.0,2.0,0.0,0.0,1.0,2.0,0.0,2.0
20410.0,20538.0,20217.0,20343.0,20252.0,20541.0,20420.0,20280.0,20204.0,20350.0,20642.0,20419.0,20170.0,20308.0,20277.0,20344.0,20346.0,20373.0,20466.0,20440.0,20277.0,20495.0,20231.0,20326.0,20297.0,20345.0,20525.0,20345.0,20254.0,20342.0,20284.0,20545.0,20405.0,20255.0,20330.0,20604.0,20426.0,20302.0,20284.0,20526.0,20644.0,20663.0,20479.0,20246.0,20658.0,20489.0,20611.0,20470.0,20419.0,20488.0,20749.0,20673.0,20695.0,20598.0,20745.0,20453.0,20827.0,20992.0,20759.0,20571.0,20771.0,21215.0,20785.0,20912.0,20942.0,20980.0,21046.0,20864.0,21014.0,21291.0,21103.0,21379.0,20979.0,21288.0,21207.0,21325.0,21205.0,21761.0,21354.0,21587.0,21623.0,21407.0,21146.0,21477.0,21586.0,22064.0,22616.0,22240.0,21971.0,20865.0,19842.0,20337.0,22890.0,26930.0,29739.0,24830.0,14474.0,7227.0,1427.0,17.0,0.0,17.0,1427.0,7227.0,14474.0,24830.0,29739.0,26930.0,22890.0,20337.0,19842.0,20865.0,21971.0,22240.0,22616.0,22064.0,21586.0,21477.0,21146.0,21407.0,21623.0,21587.0,21354.0,21761.0,21205.0,21325.0,21207.0,21288.0,20979.0,21379.0,21103.0,21291.0,21014.0,20864.0,21046.0,20980.0,20942.0,20912.0,20785.0,21215.0,20771.0,20571.0,20759.0,20992.0,20827.0,20453.0,20745.0,20598.0,20695.0,20673.0,20749.0,20488.0,20419.0,20470.0,20611.0,20489.0,20658.0,20246.0,20479.0,20663.0,20644.0,20526.0,20284.0,20302.0,20426.0,20604.0,20330.0,20255.0,20405.0,20545.0,20284.0,20342.0,20254.0,20345.0,20525.0,20345.0,20297.0,20326.0,20231.0,20495.0,20277.0,20440.0,20466.0,20373.0,20346.0,20344.0,20277.0,20308.0,20170.0,20419.0,20642.0,20350.0,20204.0,20280.0,20420.0,20541.0,20252.0,20343.0,20217.0,20538.0,20410.0
7.0,2.0,3.0,4.0,5.0,2.0,4.0,8.0,3.0,4.0,3.0,0.0,4.0,4.0,6.0,4.0,2.0,3.0,5.0,3.0,3.0,3.0,1.0,4.0,5.0,7.0,5.0,5.0,5.0,1.0,2.0,4.0,6.0,2.0,5.0,3.0,4.0,9.0,2.0,7.0,5.0,2.0,3.0,1.0,6.0,4.0,4.0,5.0,4.0,1.0,2.0,6.0,6.0,2.0,5.0,4.0,0.0,2.0,4.0,3.0,4.0,0.0,0.0,3.0,2.0,2.0,3.0,1.0,0.0,3.0,1.0,2.0,-0.0,1.0,0.0,0.0,1.0,0.0,1.0,0.0,-0.0,0.0,0.0,0.0,0.0,0.0,0.0,0.0,0.0,0.0,0.0,0.0,0.0,0.0,0.0,0.0,-0.0,0.0,0.0,0.0,0.0,0.0,0.0,0.0,0.0,-0.0,0.0,0.0,-0.0,0.0,0.0,0.0,-0.0,0.0,0.0,0.0,0.0,0.0,0.0,0.0,-0.0,-0.0,1.0,0.0,1.0,0.0,0.0,1.0,0.0,2.0,1.0,3.0,0.0,1.0,3.0,2.0,2.0,3.0,0.0,-0.0,4.0,3.0,4.0,2.0,0.0,4.0,5.0,2.0,6.0,6.0,2.0,1.0,4.0,5.0,4.0,4.0,6.0,1.0,3.0,2.0,5.0,7.0,2.0,9.0,4.0,3.0,5.0,2.0,6.0,4.0,2.0,1.0,5.0,5.0,5.0,7.0,5.0,4.0,1.0,3.0,3.0,3.0,5.0,3.0,2.0,4.0,6.0,4.0,4.0,0.0,3.0,4.0,3.0,8.0,4.0,2.0,5.0,4.0,3.0,2.0,7.0
2.0,5.0,2.0,3.0,3.0,2.0,0.0,1.0,4.0,5.0,2.0,0.0,1.0,4.0,2.0,0.0,1.0,1.0,3.0,2.0,2.0,1.0,0.0,2.0,2.0,0.0,2.0,2.0,1.0,4.0,2.0,3.0,2.0,1.0,5.0,6.0,3.0,2.0,3.0,0.0,3.0,3.0,1.0,0.0,2.0,2.0,2.0,1.0,0.0,2.0,1.0,5.0,2.0,1.0,1.0,0.0,1.0,0.0,1.0,1.0,0.0,1.0,0.0,2.0,0.0,1.0,1.0,0.0,1.0,0.0,0.0,2.0,-0.0,1.0,0.0,0.0,0.0,0.0,0.0,0.0,-0.0,0.0,0.0,0.0,0.0,0.0,0.0,-0.0,0.0,0.0,0.0,0.0,0.0,0.0,0.0,0.0,-0.0,0.0,0.0,1.0,0.0,1.0,0.0,0.0,0.0,0.0,0.0,0.0,-0.0,0.0,0.0,0.0,-0.0,0.0,0.0,0.0,0.0,0.0,0.0,0.0,-0.0,0.0,0.0,0.0,0.0,0.0,0.0,1.0,0.0,2.0,-0.0,0.0,1.0,0.0,1.0,1.0,-0.0,2.0,0.0,1.0,-0.0,1.0,1.0,0.0,1.0,0.0,1.0,1.0,2.0,5.0,1.0,2.0,-0.0,1.0,2.0,2.0,2.0,0.0,1.0,3.0,3.0,-0.0,3.0,2.0,3.0,6.0,5.0,1.0,2.0,3.0,2.0,4.0,1.0,2.0,2.0,0.0,2.0,2.0,0.0,1.0,2.0,2.0,3.0,1.0,1.0,0.0,2.0,4.0,1.0,0.0,2.0,5.0,4.0,1.0,0.0,2.0,3.0,3.0,2.0,5.0,2.0
20281.0,20047.0,20020.0,20341.0,20229.0,20181.0,20012.0,20281.0,20230.0,20078.0,20151.0,20204.0,20220.0,20248.0,20251.0,20115.0,20257.0,20194.0,20167.0,20163.0,20314.0,20278.0,20200.0,19972.0,20216.0,20465.0,20192.0,20168.0,20438.0,20007.0,20348.0,20282.0,20349.0,20158.0,20384.0,20167.0,20202.0,20446.0,19897.0,20385.0,20279.0,20448.0,20518.0,20087.0,20462.0,20349.0,20253.0,20396.0,19991.0,20308.0,20242.0,20061.0,20493.0,20649.0,20543.0,20741.0,20401.0,20619.0,20185.0,20500.0,19939.0,20114.0,20276.0,20358.0,20452.0,20714.0,20814.0,21020.0,21028.0,21060.0,20413.0,20281.0,19700.0,19288.0,19699.0,19729.0,20807.0,21769.0,22262.0,22960.0,22704.0,21891.0,20372.0,18639.0,17078.0,16088.0,16696.0,19100.0,22603.0,27682.0,30551.0,30245.0,25880.0,19361.0,12732.0,7417.0,3123.0,640.0,170.0,215.0,0.0,215.0,170.0,640.0,3123.0,7417.0,12732.0,19361.0,25880.0,30245.0,30551.0,27682.0,22603.0,19100.0,16696.0,16088.0,17078.0,18639.0,20372.0,21891.0,22704.0,22960.0,22262.0,21769.0,20807.0,19729.0,19699.0,19288.0,19700.0,20281.0,20413.0,21060.0,21028.0,21020.0,20814.0,20714.0,20452.0,20358.0,20276.0,20114.0,19939.0,20500.0,20185.0,20619.0,20401.0,20741.0,20543.0,20649.0,20493.0,20061.0,20242.0,20308.0,19991.0,20396.0,20253.0,20349.0,20462.0,20087.0,20518.0,20448.0,20279.0,20385.0,19897.0,20446.0,20202.0,20167.0,20384.0,20158.0,20349.0,20282.0,20348.0,20007.0,20438.0,20168.0,20192.0,20465.0,20216.0,19972.0,20200.0,20278.0,20314.0,20163.0,20167.0,20194.0,20257.0,20115.0,20251.0,20248.0,20220.0,20204.0,20151.0,20078.0,20230.0,20281.0,20012.0,20181.0,20229.0,20341.0,20020.0,20047.0,20281.0
16672.0,16747.0,16761.0,16870.0,16921.0,17062.0,16547.0,16699.0,16820.0,16734.0,16884.0,16710.0,16536.0,16865.0,16812.0,16951.0,16919.0,17078.0,16696.0,16818.0,16856.0,16843.0,16638.0,16843.0,16795.0,16897.0,16805.0,16997.0,16886.0,16829.0,16823.0,16838.0,16959.0,16748.0,16978.0,16929.0,16797.0,16898.0,17068.0,16552.0,16801.0,16885.0,16869.0,16948.0,17055.0,16871.0,16559.0,16872.0,16872.0,16850.0,16939.0,16974.0,16972.0,16774.0,17028.0,16930.0,16884.0,16976.0,16998.0,17046.0,16976.0,16874.0,17044.0,16952.0,16814.0,16854.0,17033.0,17231.0,17300.0,17121.0,17094.0,17123.0,17019.0,17022.0,16634.0,16665.0,16811.0,17142.0,17612.0,18014.0,18216.0,18103.0,17537.0,17033.0,16091.0,15281.0,15002.0,15287.0,16483.0,18650.0,20930.0,22634.0,22911.0,20746.0,14683.0,7388.0,2029.0,168.0,2.0,17.0,0.0,17.0,2.0,168.0,2029.0,7388.0,14683.0,20746.0,22911.0,22634.0,20930.0,18650.0,16483.0,15287.0,15002.0,15281.0,16091.0,17033.0,17537.0,18103.0,18216.0,18014.0,17612.0,17142.0,16811.0,16665.0,16634.0,17022.0,17019.0,17123.0,17094.0,17121.0,17300.0,17231.0,17033.0,16854.0,16814.0,16952.0,17044.0,16874.0,16976.0,17046.0,16998.0,16976.0,16884.0,16930.0,17028.0,16774.0,16972.0,16974.0,16939.0,16850.0,16872.0,16872.0,16559.0,16871.0,17055.0,16948.0,16869.0,16885.0,16801.0,16552.0,17068.0,16898.0,16797.0,16929.0,16978.0,16748.0,16959.0,16838.0,16823.0,16829.0,16886.0,16997.0,16805.0,16897.0,16795.0,16843.0,16638.0,16843.0,16856.0,16818.0,16696.0,17078.0,16919.0,16951.0,16812.0,16865.0,16536.0,16710.0,16884.0,16734.0,16820.0,16699.0,16547.0,17062.0,16921.0,16870.0,16761.0,16747.0,16672.0
3.0,1.0,1.0,1.0,1.0,0.0,3.0,3.0,2.0,2.0,6.0,2.0,2.0,3.0,2.0,1.0,3.0,2.0,4.0,3.0,3.0,4.0,4.0,3.0,3.0,3.0,8.0,5.0,1.0,1.0,3.0,4.0,4.0,2.0,5.0,2.0,2.0,7.0,5.0,3.0,2.0,4.0,1.0,2.0,3.0,6.0,6.0,2.0,0.0,2.0,1.0,1.0,3.0,2.0,1.0,3.0,0.0,2.0,1.0,1.0,-0.0,0.0,2.0,0.0,1.0,0.0,0.0,0.0,0.0,1.0,0.0,0.0,-0.0,1.0,0.0,0.0,1.0,0.0,0.0,0.0,-0.0,-0.0,0.0,0.0,0.0,0.0,0.0,0.0,0.0,0.0,0.0,0.0,1.0,0.0,0.0,0.0,-0.0,0.0,0.0,-0.0,0.0,-0.0,0.0,0.0,0.0,0.0,0.0,0.0,1.0,0.0,0.0,0.0,-0.0,0.0,0.0,0.0,0.0,0.0,0.0,0.0,-0.0,0.0,0.0,0.0,1.0,0.0,0.0,1.0,0.0,0.0,0.0,1.0,0.0,0.0,0.0,0.0,1.0,0.0,2.0,0.0,-0.0,1.0,1.0,2.0,0.0,3.0,1.0,2.0,3.0,1.0,1.0,2.0,-0.0,2.0,6.0,6.0,3.0,2.0,1.0,4.0,2.0,3.0,5.0,7.0,2.0,2.0,5.0,2.0,4.0,4.0,3.0,1.0,1.0,5.0,8.0,3.0,3.0,3.0,4.0,4.0,3.0,3.0,4.0,2.0,3.0,1.0,2.0,3.0,2.0,2.0,6.0,2.0,2.0,3.0,3.0,0.0,1.0,1.0,1.0,1.0,3.0
3.0,2.0,4.0,3.0,2.0,4.0,4.0,5.0,2.0,7.0,2.0,1.0,6.0,0.0,6.0,2.0,7.0,1.0,2.0,2.0,2.0,5.0,3.0,2.0,2.0,6.0,6.0,4.0,6.0,4.0,1.0,5.0,10.0,8.0,5.0,3.0,5.0,4.0,4.0,2.0,6.0,3.0,8.0,0.0,4.0,2.0,4.0,6.0,3.0,4.0,5.0,2.0,1.0,5.0,0.0,3.0,2.0,3.0,2.0,3.0,-0.0,0.0,1.0,3.0,3.0,0.0,0.0,1.0,1.0,2.0,1.0,1.0,-0.0,0.0,1.0,0.0,0.0,0.0,0.0,0.0,-0.0,0.0,0.0,0.0,0.0,0.0,0.0,0.0,0.0,0.0,0.0,0.0,0.0,0.0,0.0,0.0,-0.0,0.0,4.0,4.0,0.0,4.0,4.0,0.0,0.0,0.0,0.0,0.0,-0.0,0.0,0.0,0.0,-0.0,0.0,0.0,0.0,0.0,0.0,0.0,0.0,-0.0,0.0,0.0,0.0,0.0,0.0,1.0,0.0,0.0,1.0,1.0,2.0,1.0,1.0,0.0,0.0,3.0,3.0,1.0,0.0,-0.0,3.0,2.0,3.0,2.0,3.0,0.0,5.0,1.0,2.0,5.0,4.0,3.0,6.0,4.0,2.0,4.0,0.0,8.0,3.0,6.0,2.0,4.0,4.0,5.0,3.0,5.0,8.0,10.0,5.0,1.0,4.0,6.0,4.0,6.0,6.0,2.0,2.0,3.0,5.0,2.0,2.0,2.0,1.0,7.0,2.0,6.0,0.0,6.0,1.0,2.0,7.0,2.0,5.0,4.0,4.0,2.0,3.0,4.0,2.0,3.0
9075.0,9206.0,9099.0,9358.0,9190.0,9121.0,9236.0,9144.0,9055.0,9136.0,9371.0,9029.0,9246.0,9318.0,9102.0,9351.0,9198.0,9140.0,9182.0,9164.0,9276.0,9383.0,9125.0,9294.0,9198.0,9130.0,9204.0,9204.0,9113.0,9340.0,9188.0,9172.0,9263.0,9290.0,9323.0,9376.0,9157.0,9198.0,9184.0,9421.0,9307.0,9419.0,9425.0,9317.0,9161.0,9251.0,9192.0,9120.0,9180.0,9324.0,9411.0,9491.0,9336.0,9503.0,9341.0,9489.0,9544.0,9263.0,9398.0,9418.0,9347.0,9290.0,9263.0,9204.0,9191.0,9244.0,9569.0,9587.0,9630.0,9818.0,9629.0,9972.0,9778.0,9742.0,9458.0,9154.0,9097.0,9066.0,8891.0,8916.0,9109.0,9106.0,9597.0,9724.0,9983.0,10411.0,10893.0,10974.0,10871.0,10581.0,10178.0,9105.0,7898.0,6035.0,4062.0,2153.0,687.0,145.0,41.0,125.0,0.0,125.0,41.0,145.0,687.0,2153.0,4062.0,6035.0,7898.0,9105.0,10178.0,10581.0,10871.0,10974.0,10893.0,10411.0,9983.0,9724.0,9597.0,9106.0,9109.0,8916.0,8891.0,9066.0,9097.0,9154.0,9458.0,9742.0,9778.0,9972.0,9629.0,9818.0,9630.0,9587.0,9569.0,9244.0,9191.0,9204.0,9263.0,9290.0,9347.0,9418.0,9398.0,9263.0,9544.0,9489.0,9341.0,9503.0,9336.0,9491.0,9411.0,9324.0,9180.0,9120.0,9192.0,9251.0,9161.0,9317.0,9425.0,9419.0,9307.0,9421.0,9184.0,9198.0,9157.0,9376.0,9323.0,9290.0,9263.0,9172.0,9188.0,9340.0,9113.0,9204.0,9204.0,9130.0,9198.0,9294.0,9125.0,9383.0,9276.0,9164.0,9182.0,9140.0,9198.0,9351.0,9102.0,9318.0,9246.0,9029.0,9371.0,9136.0,9055.0,9144.0,9236.0,9121.0,9190.0,9358.0,9099.0,9206.0,9075.0
39045.0,39080.0,39215.0,39312.0,39479.0,39201.0,39284.0,39046.0,39335.0,39758.0,38970.0,39306.0,39389.0,39643.0,39300.0,39162.0,39299.0,39080.0,39559.0,39824.0,39478.0,38961.0,39365.0,39839.0,39461.0,39139.0,39798.0,39324.0,39580.0,39528.0,39604.0,39714.0,39398.0,39779.0,39710.0,39800.0,39620.0,39464.0,39795.0,40063.0,39730.0,39669.0,39710.0,39887.0,40110.0,39935.0,39990.0,39768.0,39910.0,39923.0,40174.0,40082.0,40411.0,40183.0,40172.0,40020.0,39839.0,40556.0,40752.0,40516.0,40472.0,39725.0,40526.0,40884.0,40604.0,40549.0,40706.0,40665.0,41088.0,40499.0,40101.0,40878.0,41791.0,41367.0,41096.0,40146.0,40719.0,40984.0,41405.0,41916.0,42007.0,41938.0,40693.0,39940.0,39927.0,41424.0,44885.0,45138.0,42533.0,38541.0,37564.0,39433.0,40008.0,45225.0,53927.0,60419.0,44532.0,7978.0,473.0,360.0,0.0,360.0,473.0,7978.0,44532.0,60419.0,53927.0,45225.0,40008.0,39433.0,37564.0,38541.0,42533.0,45138.0,44885.0,41424.0,39927.0,39940.0,40693.0,41938.0,42007.0,41916.0,41405.0,40984.0,40719.0,40146.0,41096.0,41367.0,41791.0,40878.0,40101.0,40499.0,41088.0,40665.0,40706.0,40549.0,40604.0,40884.0,40526.0,39725.0,40472.0,40516.0,40752.0,40556.0,39839.0,40020.0,40172.0,40183.0,40411.0,40082.0,40174.0,39923.0,39910.0,39768.0,39990.0,39935.0,40110.0,39887.0,39710.0,39669.0,39730.0,40063.0,39795.0,39464.0,39620.0,39800.0,39710.0,39779.0,39398.0,39714.0,39604.0,39528.0,39580.0,39324.0,39798.0,39139.0,39461.0,39839.0,39365.0,38961.0,39478.0,39824.0,39559.0,39080.0,39299.0,39162.0,39300.0,39643.0,39389.0,39306.0,38970.0,39758.0,39335.0,39046.0,39284.0,39201.0,39479.0,39312.0,39215.0,39080.0,39045.0
1.0,2.0,3.0,2.0,0.0,0.0,1.0,1.0,0.0,1.0,2.0,2.0,0.0,1.0,1.0,1.0,-0.0,1.0,3.0,2.0,6.0,1.0,0.0,2.0,2.0,1.0,2.0,4.0,2.0,1.0,3.0,2.0,0.0,4.0,2.0,0.0,3.0,2.0,1.0,6.0,3.0,7.0,1.0,5.0,1.0,0.0,1.0,2.0,0.0,2.0,2.0,6.0,2.0,2.0,2.0,2.0,1.0,1.0,-0.0,3.0,0.0,1.0,3.0,2.0,0.0,1.0,0.0,0.0,1.0,1.0,1.0,0.0,-0.0,-0.0,0.0,1.0,0.0,0.0,0.0,0.0,1.0,0.0,0.0,0.0,0.0,0.0,0.0,0.0,0.0,0.0,-0.0,1.0,1.0,0.0,0.0,0.0,-0.0,0.0,1.0,0.0,0.0,0.0,1.0,0.0,0.0,0.0,0.0,0.0,1.0,1.0,-0.0,0.0,-0.0,0.0,-0.0,0.0,0.0,0.0,0.0,0.0,1.0,-0.0,0.0,0.0,0.0,1.0,0.0,0.0,-0.0,0.0,1.0,1.0,1.0,0.0,0.0,1.0,-0.0,2.0,3.0,1.0,-0.0,3.0,-0.0,1.0,1.0,2.0,2.0,2.0,2.0,6.0,2.0,2.0,-0.0,2.0,1.0,0.0,1.0,5.0,1.0,7.0,3.0,6.0,1.0,2.0,3.0,0.0,2.0,4.0,0.0,2.0,3.0,1.0,2.0,4.0,2.0,1.0,2.0,2.0,0.0,1.0,6.0,2.0,3.0,1.0,-0.0,1.0,1.0,1.0,0.0,2.0,2.0,1.0,0.0,1.0,1.0,0.0,0.0,2.0,3.0,2.0,1.0
1262.0,1288.0,1239.0,1276.0,1324.0,1256.0,1307.0,1330.0,1285.0,1285.0,1302.0,1311.0,1315.0,1374.0,1295.0,1310.0,1336.0,1370.0,1286.0,1358.0,1384.0,1347.0,1358.0,1353.0,1349.0,1398.0,1412.0,1388.0,1408.0,1405.0,1436.0,1405.0,1449.0,1479.0,1366.0,1427.0,1442.0,1488.0,1405.0,1479.0,1468.0,1522.0,1532.0,1527.0,1539.0,1609.0,1556.0,1557.0,1546.0,1615.0,1597.0,1599.0,1643.0,1589.0,1646.0,1667.0,1606.0,1756.0,1731.0,1711.0,1771.0,1724.0,1746.0,1778.0,1817.0,1878.0,1833.0,1912.0,1872.0,1840.0,1946.0,1955.0,1954.0,2006.0,1984.0,2063.0,2058.0,2110.0,2090.0,2194.0,2135.0,2220.0,2259.0,2356.0,2321.0,2509.0,2490.0,2528.0,2466.0,2507.0,2585.0,2565.0,2808.0,2642.0,2830.0,2967.0,2863.0,3361.0,3591.0,2590.0,0.0,2590.0,3591.0,3361.0,2863.0,2967.0,2830.0,2642.0,2808.0,2565.0,2585.0,2507.0,2466.0,2528.0,2490.0,2509.0,2321.0,2356.0,2259.0,2220.0,2135.0,2194.0,2090.0,2110.0,2058.0,2063.0,1984.0,2006.0,1954.0,1955.0,1946.0,1840.0,1872.0,1912.0,1833.0,1878.0,1817.0,1778.0,1746.0,1724.0,1771.0,1711.0,1731.0,1756.0,1606.0,1667.0,1646.0,1589.0,1643.0,1599.0,1597.0,1615.0,1546.0,1557.0,1556.0,1609.0,1539.0,1527.0,1532.0,1522.0,1468.0,1479.0,1405.0,1488.0,1442.0,1427.0,1366.0,1479.0,1449.0,1405.0,1436.0,1405.0,1408.0,1388.0,1412.0,1398.0,1349.0,1353.0,1358.0,1347.0,1384.0,1358.0,1286.0,1370.0,1336.0,1310.0,1295.0,1374.0,1315.0,1311.0,1302.0,1285.0,1285.0,1330.0,1307.0,1256.0,1324.0,1276.0,1239.0,1288.0,1262.0
852.0,867.0,857.0,848.0,812.0,880.0,884.0,878.0,872.0,920.0,949.0,893.0,909.0,857.0,903.0,938.0,883.0,970.0,898.0,915.0,875.0,898.0,896.0,937.0,936.0,925.0,963.0,966.0,889.0,950.0,940.0,1030.0,992.0,1044.0,1025.0,1027.0,1031.0,1085.0,1012.0,1073.0,1084.0,1115.0,1031.0,1116.0,1164.0,1128.0,1204.0,1154.0,1239.0,1261.0,1283.0,1284.0,1329.0,1374.0,1344.0,1421.0,1460.0,1488.0,1505.0,1522.0,1517.0,1554.0,1612.0,1679.0,1760.0,1858.0,1840.0,1867.0,1930.0,2057.0,2019.0,2198.0,2218.0,2313.0,2345.0,2462.0,2527.0,2582.0,2736.0,2761.0,2879.0,3008.0,3104.0,3282.0,3384.0,3412.0,3571.0,3817.0,4032.0,3978.0,4324.0,4381.0,4295.0,4726.0,5017.0,4890.0,5441.0,5981.0,5612.0,3579.0,0.0,3579.0,5612.0,5981.0,5441.0,4890.0,5017.0,4726.0,4295.0,4381.0,4324.0,3978.0,4032.0,3817.0,3571.0,3412.0,3384.0,3282.0,3104.0,3008.0,2879.0,2761.0,2736.0,2582.0,2527.0,2462.0,2345.0,2313.0,2218.0,2198.0,2019.0,2057.0,1930.0,1867.0,1840.0,1858.0,1760.0,1679.0,1612.0,1554.0,1517.0,1522.0,1505.0,1488.0,1460.0,1421.0,1344.0,1374.0,1329.0,1284.0,1283.0,1261.0,1239.0,1154.0,1204.0,1128.0,1164.0,1116.0,1031.0,1115.0,1084.0,1073.0,1012.0,1085.0,1031.0,1027.0,1025.0,1044.0,992.0,1030.0,940.0,950.0,889.0,966.0,963.0,925.0,936.0,937.0,896.0,898.0,875.0,915.0,898.0,970.0,883.0,938.0,903.0,857.0,909.0,893.0,949.0,920.0,872.0,878.0,884.0,880.0,812.0,848.0,857.0,867.0,852.0
489.0,450.0,468.0,448.0,443.0,478.0,467.0,483.0,445.0,478.0,430.0,477.0,521.0,455.0,445.0,471.0,496.0,479.0,496.0,518.0,479.0,522.0,506.0,525.0,511.0,552.0,542.0,541.0,496.0,544.0,541.0,540.0,505.0,564.0,573.0,572.0,585.0,576.0,601.0,605.0,578.0,617.0,610.0,642.0,646.0,653.0,613.0,619.0,695.0,652.0,705.0,655.0,696.0,678.0,687.0,737.0,707.0,749.0,751.0,733.0,732.0,722.0,771.0,816.0,829.0,764.0,841.0,801.0,821.0,803.0,821.0,928.0,852.0,918.0,943.0,889.0,934.0,992.0,982.0,1026.0,1054.0,1100.0,1143.0,1249.0,1249.0,1375.0,1398.0,1429.0,1418.0,1543.0,1508.0,1578.0,1572.0,1578.0,1615.0,1570.0,1627.0,1283.0,1862.0,372.0,0.0,372.0,1862.0,1283.0,1627.0,1570.0,1615.0,1578.0,1572.0,1578.0,1508.0,1543.0,1418.0,1429.0,1398.0,1375.0,1249.0,1249.0,1143.0,1100.0,1054.0,1026.0,982.0,992.0,934.0,889.0,943.0,918.0,852.0,928.0,821.0,803.0,821.0,801.0,841.0,764.0,829.0,816.0,771.0,722.0,732.0,733.0,751.0,749.0,707.0,737.0,687.0,678.0,696.0,655.0,705.0,652.0,695.0,619.0,613.0,653.0,646.0,642.0,610.0,617.0,578.0,605.0,601.0,576.0,585.0,572.0,573.0,564.0,505.0,540.0,541.0,544.0,496.0,541.0,542.0,552.0,511.0,525.0,506.0,522.0,479.0,518.0,496.0,479.0,496.0,471.0,445.0,455.0,521.0,477.0,430.0,478.0,445.0,483.0,467.0,478.0,443.0,448.0,468.0,450.0,489.0
186.0,192.0,172.0,190.0,197.0,184.0,183.0,190.0,204.0,215.0,185.0,194.0,204.0,177.0,202.0,203.0,199.0,204.0,206.0,218.0,218.0,235.0,215.0,237.0,233.0,239.0,224.0,221.0,271.0,234.0,269.0,233.0,231.0,275.0,284.0,256.0,297.0,289.0,296.0,291.0,309.0,311.0,294.0,309.0,347.0,315.0,349.0,361.0,374.0,373.0,364.0,362.0,380.0,365.0,400.0,415.0,401.0,434.0,441.0,462.0,463.0,454.0,502.0,486.0,514.0,538.0,532.0,574.0,535.0,575.0,617.0,617.0,628.0,587.0,646.0,689.0,674.0,697.0,693.0,673.0,744.0,701.0,775.0,772.0,770.0,783.0,828.0,828.0,819.0,860.0,883.0,803.0,829.0,839.0,799.0,753.0,726.0,699.0,646.0,277.0,0.0,277.0,646.0,699.0,726.0,753.0,799.0,839.0,829.0,803.0,883.0,860.0,819.0,828.0,828.0,783.0,770.0,772.0,775.0,701.0,744.0,673.0,693.0,697.0,674.0,689.0,646.0,587.0,628.0,617.0,617.0,575.0,535.0,574.0,532.0,538.0,514.0,486.0,502.0,454.0,463.0,462.0,441.0,434.0,401.0,415.0,400.0,365.0,380.0,362.0,364.0,373.0,374.0,361.0,349.0,315.0,347.0,309.0,294.0,311.0,309.0,291.0,296.0,289.0,297.0,256.0,284.0,275.0,231.0,233.0,269.0,234.0,271.0,221.0,224.0,239.0,233.0,237.0,215.0,235.0,218.0,218.0,206.0,204.0,199.0,203.0,202.0,177.0,204.0,194.0,185.0,215.0,204.0,190.0,183.0,184.0,197.0,190.0,172.0,192.0,186.0
1265.0,1307.0,1234.0,1252.0,1196.0,1230.0,1250.0,1194.0,1193.0,1237.0,1166.0,1189.0,1204.0,1137.0,1196.0,1143.0,1162.0,1129.0,1104.0,1122.0,1129.0,1071.0,1114.0,1118.0,1105.0,1111.0,1076.0,1013.0,1050.0,1024.0,1102.0,1084.0,1084.0,1109.0,1073.0,1083.0,1068.0,1101.0,1169.0,1087.0,1090.0,1075.0,1156.0,1116.0,1119.0,1119.0,1090.0,1176.0,1104.0,1138.0,1113.0,1169.0,1142.0,1229.0,1171.0,1191.0,1212.0,1184.0,1257.0,1324.0,1247.0,1303.0,1384.0,1330.0,1312.0,1384.0,1441.0,1444.0,1549.0,1526.0,1565.0,1669.0,1663.0,1711.0,1806.0,1824.0,1889.0,1981.0,1995.0,2080.0,2147.0,2140.0,2296.0,2329.0,2390.0,2550.0,2612.0,2629.0,2772.0,2965.0,2954.0,3070.0,3263.0,3090.0,3472.0,3414.0,3028.0,3743.0,3477.0,2008.0,0.0,2008.0,3477.0,3743.0,3028.0,3414.0,3472.0,3090.0,3263.0,3070.0,2954.0,2965.0,2772.0,2629.0,2612.0,2550.0,2390.0,2329.0,2296.0,2140.0,2147.0,2080.0,1995.0,1981.0,1889.0,1824.0,1806.0,1711.0,1663.0,1669.0,1565.0,1526.0,1549.0,1444.0,1441.0,1384.0,1312.0,1330.0,1384.0,1303.0,1247.0,1324.0,1257.0,1184.0,1212.0,1191.0,1171.0,1229.0,1142.0,1169.0,1113.0,1138.0,1104.0,1176.0,1090.0,1119.0,1119.0,1116.0,1156.0,1075.0,1090.0,1087.0,1169.0,1101.0,1068.0,1083.0,1073.0,1109.0,1084.0,1084.0,1102.0,1024.0,1050.0,1013.0,1076.0,1111.0,1105.0,1118.0,1114.0,1071.0,1129.0,1122.0,1104.0,1129.0,1162.0,1143.0,1196.0,1137.0,1204.0,1189.0,1166.0,1237.0,1193.0,1194.0,1250.0,1230.0,1196.0,1252.0,1234.0,1307.0,1265.0
1192.0,1116.0,1167.0,1194.0,1151.0,1235.0,1200.0,1233.0,1255.0,1215.0,1156.0,1235.0,1262.0,1272.0,1263.0,1280.0,1241.0,1301.0,1306.0,1273.0,1312.0,1321.0,1314.0,1242.0,1327.0,1336.0,1315.0,1360.0,1421.0,1316.0,1373.0,1389.0,1375.0,1360.0,1390.0,1409.0,1402.0,1434.0,1355.0,1408.0,1448.0,1467.0,1431.0,1420.0,1466.0,1441.0,1430.0,1428.0,1488.0,1470.0,1489.0,1452.0,1447.0,1524.0,1491.0,1531.0,1530.0,1550.0,1559.0,1573.0,1564.0,1614.0,1562.0,1572.0,1681.0,1699.0,1716.0,1707.0,1754.0,1815.0,1771.0,1861.0,1810.0,1868.0,1888.0,1913.0,2001.0,2061.0,2089.0,2177.0,2211.0,2192.0,2353.0,2382.0,2355.0,2536.0,2571.0,2588.0,2731.0,2709.0,2799.0,2898.0,2843.0,2947.0,2926.0,2741.0,2898.0,3618.0,3838.0,4170.0,0.0,4170.0,3838.0,3618.0,2898.0,2741.0,2926.0,2947.0,2843.0,2898.0,2799.0,2709.0,2731.0,2588.0,2571.0,2536.0,2355.0,2382.0,2353.0,2192.0,2211.0,2177.0,2089.0,2061.0,2001.0,1913.0,1888.0,1868.0,1810.0,1861.0,1771.0,1815.0,1754.0,1707.0,1716.0,1699.0,1681.0,1572.0,1562.0,1614.0,1564.0,1573.0,1559.0,1550.0,1530.0,1531.0,1491.0,1524.0,1447.0,1452.0,1489.0,1470.0,1488.0,1428.0,1430.0,1441.0,1466.0,1420.0,1431.0,1467.0,1448.0,1408.0,1355.0,1434.0,1402.0,1409.0,1390.0,1360.0,1375.0,1389.0,1373.0,1316.0,1421.0,1360.0,1315.0,1336.0,1327.0,1242.0,1314.0,1321.0,1312.0,1273.0,1306.0,1301.0,1241.0,1280.0,1263.0,1272.0,1262.0,1235.0,1156.0,1215.0,1255.0,1233.0,1200.0,1235.0,1151.0,1194.0,1167.0,1116.0,1192.0
687.0,717.0,650.0,690.0,669.0,705.0,727.0,704.0,707.0,724.0,674.0,723.0,711.0,680.0,703.0,708.0,740.0,709.0,747.0,757.0,775.0,724.0,737.0,750.0,747.0,771.0,750.0,792.0,742.0,725.0,753.0,766.0,738.0,743.0,721.0,762.0,764.0,776.0,789.0,784.0,754.0,831.0,794.0,771.0,795.0,745.0,783.0,851.0,833.0,878.0,820.0,829.0,814.0,858.0,785.0,816.0,792.0,928.0,806.0,888.0,864.0,862.0,918.0,950.0,890.0,931.0,892.0,907.0,899.0,888.0,931.0,954.0,949.0,937.0,964.0,1028.0,988.0,999.0,1049.0,1081.0,1039.0,1065.0,1110.0,1043.0,1143.0,1072.0,1091.0,1119.0,1078.0,1106.0,1010.0,1095.0,1062.0,1058.0,1052.0,1050.0,995.0,833.0,405.0,48.0,0.0,48.0,405.0,833.0,995.0,1050.0,1052.0,1058.0,1062.0,1095.0,1010.0,1106.0,1078.0,1119.0,1091.0,1072.0,1143.0,1043.0,1110.0,1065.0,1039.0,1081.0,1049.0,999.0,988.0,1028.0,964.0,937.0,949.0,954.0,931.0,888.0,899.0,907.0,892.0,931.0,890.0,950.0,918.0,862.0,864.0,888.0,806.0,928.0,792.0,816.0,785.0,858.0,814.0,829.0,820.0,878.0,833.0,851.0,783.0,745.0,795.0,771.0,794.0,831.0,754.0,784.0,789.0,776.0,764.0,762.0,721.0,743.0,738.0,766.0,753.0,725.0,742.0,792.0,750.0,771.0,747.0,750.0,737.0,724.0,775.0,757.0,747.0,709.0,740.0,708.0,703.0,680.0,711.0,723.0,674.0,724.0,707.0,704.0,727.0,705.0,669.0,690.0,650.0,717.0,687.0
1381.0,1321.0,1398.0,1343.0,1389.0,1440.0,1444.0,1360.0,1426.0,1434.0,1394.0,1425.0,1421.0,1430.0,1447.0,1440.0,1435.0,1455.0,1403.0,1421.0,1447.0,1451.0,1489.0,1364.0,1499.0,1486.0,1433.0,1471.0,1512.0,1525.0,1459.0,1526.0,1576.0,1568.0,1457.0,1489.0,1593.0,1518.0,1507.0,1601.0,1571.0,1556.0,1606.0,1545.0,1630.0,1703.0,1564.0,1593.0,1611.0,1661.0,1679.0,1648.0,1730.0,1738.0,1721.0,1793.0,1747.0,1807.0,1749.0,1784.0,1945.0,1852.0,1818.0,1752.0,1899.0,1887.0,1938.0,1991.0,1938.0,2038.0,2016.0,2019.0,1987.0,1950.0,2036.0,2060.0,2114.0,2088.0,2150.0,2174.0,2127.0,2154.0,2215.0,2201.0,2054.0,2202.0,2211.0,2148.0,2147.0,2135.0,2279.0,2002.0,2215.0,2075.0,1934.0,2029.0,1814.0,1454.0,594.0,165.0,0.0,165.0,594.0,1454.0,1814.0,2029.0,1934.0,2075.0,2215.0,2002.0,2279.0,2135.0,2147.0,2148.0,2211.0,2202.0,2054.0,2201.0,2215.0,2154.0,2127.0,2174.0,2150.0,2088.0,2114.0,2060.0,2036.0,1950.0,1987.0,2019.0,2016.0,2038.0,1938.0,1991.0,1938.0,1887.0,1899.0,1752.0,1818.0,1852.0,1945.0,1784.0,1749.0,1807.0,1747.0,1793.0,1721.0,1738.0,1730.0,1648.0,1679.0,1661.0,1611.0,1593.0,1564.0,1703.0,1630.0,1545.0,1606.0,1556.0,1571.0,1601.0,1507.0,1518.0,1593.0,1489.0,1457.0,1568.0,1576.0,1526.0,1459.0,1525.0,1512.0,1471.0,1433.0,1486.0,1499.0,1364.0,1489.0,1451.0,1447.0,1421.0,1403.0,1455.0,1435.0,1440.0,1447.0,1430.0,1421.0,1425.0,1394.0,1434.0,1426.0,1360.0,1444.0,1440.0,1389.0,1343.0,1398.0,1321.0,1381.0
9.0,20.0,12.0,13.0,11.0,11.0,16.0,8.0,19.0,15.0,23.0,17.0,13.0,14.0,16.0,11.0,12.0,12.0,12.0,13.0,18.0,22.0,8.0,13.0,12.0,19.0,12.0,19.0,17.0,23.0,20.0,11.0,25.0,19.0,18.0,25.0,13.0,14.0,20.0,17.0,15.0,21.0,17.0,14.0,19.0,17.0,15.0,15.0,15.0,19.0,12.0,23.0,16.0,8.0,6.0,10.0,11.0,7.0,8.0,6.0,5.0,6.0,6.0,1.0,1.0,8.0,1.0,1.0,1.0,1.0,1.0,1.0,-0.0,0.0,0.0,0.0,0.0,1.0,1.0,0.0,1.0,0.0,1.0,0.0,1.0,1.0,0.0,0.0,0.0,0.0,0.0,0.0,0.0,0.0,0.0,0.0,1.0,3.0,20.0,11.0,0.0,11.0,20.0,3.0,1.0,0.0,0.0,0.0,-0.0,0.0,0.0,0.0,-0.0,0.0,0.0,1.0,1.0,0.0,1.0,0.0,1.0,0.0,1.0,1.0,0.0,0.0,0.0,0.0,0.0,1.0,1.0,1.0,1.0,1.0,1.0,8.0,1.0,1.0,6.0,6.0,5.0,6.0,8.0,7.0,11.0,10.0,6.0,8.0,16.0,23.0,12.0,19.0,15.0,15.0,15.0,17.0,19.0,14.0,17.0,21.0,15.0,17.0,20.0,14.0,13.0,25.0,18.0,19.0,25.0,11.0,20.0,23.0,17.0,19.0,12.0,19.0,12.0,13.0,8.0,22.0,18.0,13.0,12.0,12.0,12.0,11.0,16.0,14.0,13.0,17.0,23.0,15.0,19.0,8.0,16.0,11.0,11.0,13.0,12.0,20.0,9.0
70444.0,70521.0,70445.0,70469.0,70996.0,70585.0,70500.0,70370.0,70576.0,70828.0,70770.0,70678.0,70150.0,71000.0,70809.0,70958.0,70809.0,70686.0,70610.0,70935.0,71186.0,70827.0,70751.0,71010.0,70960.0,70924.0,71192.0,71155.0,70780.0,71115.0,71247.0,70986.0,71218.0,71259.0,71360.0,70779.0,71519.0,71372.0,71158.0,71381.0,71547.0,71761.0,71305.0,71690.0,71753.0,71547.0,71573.0,71214.0,71872.0,72255.0,71770.0,71623.0,72006.0,72194.0,72302.0,72050.0,71620.0,72466.0,72041.0,72503.0,72536.0,72406.0,72477.0,72836.0,72473.0,72533.0,72974.0,73115.0,73099.0,73233.0,72986.0,73260.0,73311.0,73405.0,73779.0,73329.0,73916.0,74110.0,74170.0,74239.0,74431.0,74583.0,75219.0,74562.0,74275.0,74454.0,74490.0,74155.0,75056.0,74626.0,74914.0,75651.0,76276.0,81109.0,90290.0,85819.0,55463.0,21567.0,3762.0,507.0,0.0,507.0,3762.0,21567.0,55463.0,85819.0,90290.0,81109.0,76276.0,75651.0,74914.0,74626.0,75056.0,74155.0,74490.0,74454.0,74275.0,74562.0,75219.0,74583.0,74431.0,74239.0,74170.0,74110.0,73916.0,73329.0,73779.0,73405.0,73311.0,73260.0,72986.0,73233.0,73099.0,73115.0,72974.0,72533.0,72473.0,72836.0,72477.0,72406.0,72536.0,72503.0,72041.0,72466.0,71620.0,72050.0,72302.0,72194.0,72006.0,71623.0,71770.0,72255.0,71872.0,71214.0,71573.0,71547.0,71753.0,71690.0,71305.0,71761.0,71547.0,71381.0,71158.0,71372.0,71519.0,70779.0,71360.0,71259.0,71218.0,70986.0,71247.0,71115.0,70780.0,71155.0,71192.0,70924.0,70960.0,71010.0,70751.0,70827.0,71186.0,70935.0,70610.0,70686.0,70809.0,70958.0,70809.0,71000.0,70150.0,70678.0,70770.0,70828.0,70576.0,70370.0,70500.0,70585.0,70996.0,70469.0,70445.0,70521.0,70444.0
6.0,5.0,1.0,4.0,0.0,6.0,2.0,2.0,4.0,3.0,3.0,4.0,3.0,2.0,5.0,6.0,3.0,1.0,-0.0,5.0,1.0,2.0,2.0,3.0,1.0,4.0,3.0,3.0,1.0,2.0,4.0,6.0,2.0,5.0,1.0,1.0,3.0,3.0,0.0,3.0,2.0,2.0,1.0,3.0,1.0,2.0,0.0,0.0,2.0,1.0,0.0,1.0,1.0,0.0,1.0,1.0,1.0,0.0,0.0,2.0,2.0,1.0,1.0,0.0,1.0,0.0,0.0,0.0,0.0,1.0,0.0,0.0,-0.0,0.0,0.0,0.0,0.0,0.0,0.0,0.0,-0.0,0.0,0.0,0.0,0.0,0.0,0.0,0.0,0.0,0.0,1.0,2.0,0.0,0.0,1.0,2.0,1.0,0.0,0.0,1.0,0.0,1.0,0.0,0.0,1.0,2.0,1.0,0.0,-0.0,2.0,1.0,0.0,-0.0,0.0,0.0,0.0,0.0,0.0,0.0,0.0,-0.0,0.0,0.0,0.0,0.0,0.0,0.0,0.0,0.0,0.0,0.0,1.0,0.0,0.0,0.0,0.0,1.0,0.0,1.0,1.0,2.0,2.0,0.0,0.0,1.0,1.0,1.0,0.0,1.0,1.0,0.0,1.0,2.0,0.0,0.0,2.0,1.0,3.0,1.0,2.0,2.0,3.0,0.0,3.0,3.0,1.0,1.0,5.0,2.0,6.0,4.0,2.0,1.0,3.0,3.0,4.0,1.0,3.0,2.0,2.0,1.0,5.0,0.0,1.0,3.0,6.0,5.0,2.0,3.0,4.0,3.0,3.0,4.0,2.0,2.0,6.0,0.0,4.0,1.0,5.0,6.0
4513.0,4573.0,4541.0,4536.0,4515.0,4699.0,4475.0,4510.0,4572.0,4650.0,4660.0,4608.0,4683.0,4707.0,4648.0,4603.0,4616.0,4597.0,4693.0,4798.0,4726.0,4816.0,4736.0,4666.0,4891.0,4779.0,4710.0,4905.0,4875.0,4916.0,4883.0,4880.0,4848.0,4853.0,4922.0,5015.0,4841.0,4938.0,5049.0,5057.0,4965.0,5073.0,5082.0,5180.0,5050.0,5100.0,5165.0,5060.0,5078.0,5299.0,5108.0,5300.0,5278.0,5360.0,5245.0,5255.0,5359.0,5301.0,5408.0,5425.0,5459.0,5433.0,5380.0,5523.0,5533.0,5581.0,5656.0,5497.0,5551.0,5666.0,5625.0,5562.0,5608.0,5584.0,5642.0,5788.0,5813.0,5705.0,5758.0,5725.0,5627.0,5716.0,5674.0,5564.0,5552.0,5680.0,5558.0,5490.0,5414.0,5232.0,4932.0,4878.0,4537.0,4253.0,3739.0,3482.0,3156.0,2497.0,1257.0,690.0,0.0,690.0,1257.0,2497.0,3156.0,3482.0,3739.0,4253.0,4537.0,4878.0,4932.0,5232.0,5414.0,5490.0,5558.0,5680.0,5552.0,5564.0,5674.0,5716.0,5627.0,5725.0,5758.0,5705.0,5813.0,5788.0,5642.0,5584.0,5608.0,5562.0,5625.0,5666.0,5551.0,5497.0,5656.0,5581.0,5533.0,5523.0,5380.0,5433.0,5459.0,5425.0,5408.0,5301.0,5359.0,5255.0,5245.0,5360.0,5278.0,5300.0,5108.0,5299.0,5078.0,5060.0,5165.0,5100.0,5050.0,5180.0,5082.0,5073.0,4965.0,5057.0,5049.0,4938.0,4841.0,5015.0,4922.0,4853.0,4848.0,4880.0,4883.0,4916.0,4875.0,4905.0,4710.0,4779.0,4891.0,4666.0,4736.0,4816.0,4726.0,4798.0,4693.0,4597.0,4616.0,4603.0,4648.0,4707.0,4683.0,4608.0,4660.0,4650.0,4572.0,4510.0,4475.0,4699.0,4515.0,4536.0,4541.0,4573.0,4513.0
63536.0,64495.0,64014.0,64151.0,63808.0,64258.0,64156.0,64217.0,64431.0,63826.0,64267.0,64167.0,64755.0,64292.0,63954.0,64199.0,64426.0,64713.0,64770.0,64220.0,64371.0,64377.0,65079.0,64444.0,64819.0,64105.0,64835.0,64571.0,64801.0,65117.0,65034.0,64188.0,64806.0,65149.0,65151.0,64744.0,64911.0,65211.0,64923.0,65135.0,65104.0,65441.0,64930.0,65462.0,65280.0,65340.0,65266.0,65671.0,65620.0,65453.0,65808.0,65500.0,65544.0,65729.0,66122.0,65892.0,66027.0,66002.0,66449.0,65757.0,65944.0,66183.0,66742.0,66585.0,66596.0,66713.0,66346.0,66597.0,66637.0,67490.0,67059.0,66861.0,67433.0,66775.0,67190.0,67831.0,68076.0,67370.0,67861.0,67597.0,67730.0,67750.0,68740.0,68305.0,68466.0,68849.0,69179.0,69246.0,69041.0,67216.0,67009.0,66745.0,69932.0,77914.0,88312.0,86663.0,60690.0,20401.0,742.0,44.0,0.0,44.0,742.0,20401.0,60690.0,86663.0,88312.0,77914.0,69932.0,66745.0,67009.0,67216.0,69041.0,69246.0,69179.0,68849.0,68466.0,68305.0,68740.0,67750.0,67730.0,67597.0,67861.0,67370.0,68076.0,67831.0,67190.0,66775.0,67433.0,66861.0,67059.0,67490.0,66637.0,66597.0,66346.0,66713.0,66596.0,66585.0,66742.0,66183.0,65944.0,65757.0,66449.0,66002.0,66027.0,65892.0,66122.0,65729.0,65544.0,65500.0,65808.0,65453.0,65620.0,65671.0,65266.0,65340.0,65280.0,65462.0,64930.0,65441.0,65104.0,65135.0,64923.0,65211.0,64911.0,64744.0,65151.0,65149.0,64806.0,64188.0,65034.0,65117.0,64801.0,64571.0,64835.0,64105.0,64819.0,64444.0,65079.0,64377.0,64371.0,64220.0,64770.0,64713.0,64426.0,64199.0,63954.0,64292.0,64755.0,64167.0,64267.0,63826.0,64431.0,64217.0,64156.0,64258.0,63808.0,64151.0,64014.0,64495.0,63536.0
24336.0,24631.0,25067.0,24779.0,24564.0,24863.0,24915.0,25140.0,24958.0,24825.0,25252.0,25366.0,25277.0,25326.0,25227.0,25360.0,25703.0,25773.0,25516.0,25423.0,25868.0,25933.0,26008.0,25834.0,25864.0,26260.0,26363.0,26177.0,26334.0,26336.0,26417.0,26483.0,27059.0,26548.0,26776.0,27067.0,26983.0,27049.0,27165.0,27309.0,27301.0,27532.0,27619.0,27751.0,27670.0,28002.0,28074.0,28267.0,27776.0,28127.0,28673.0,28720.0,28916.0,28587.0,28701.0,29050.0,29403.0,29492.0,29304.0,29282.0,29954.0,30172.0,30234.0,29902.0,30174.0,30772.0,30494.0,30907.0,30957.0,31023.0,31399.0,31750.0,31745.0,31623.0,31507.0,32375.0,32938.0,33072.0,32488.0,32187.0,33176.0,34293.0,34502.0,33000.0,32492.0,34661.0,37076.0,35386.0,32781.0,32852.0,36995.0,39791.0,35733.0,32332.0,35397.0,52730.0,44243.0,16656.0,489.0,156.0,0.0,156.0,489.0,16656.0,44243.0,52730.0,35397.0,32332.0,35733.0,39791.0,36995.0,32852.0,32781.0,35386.0,37076.0,34661.0,32492.0,33000.0,34502.0,34293.0,33176.0,32187.0,32488.0,33072.0,32938.0,32375.0,31507.0,31623.0,31745.0,31750.0,31399.0,31023.0,30957.0,30907.0,30494.0,30772.0,30174.0,29902.0,30234.0,30172.0,29954.0,29282.0,29304.0,29492.0,29403.0,29050.0,28701.0,28587.0,28916.0,28720.0,28673.0,28127.0,27776.0,28267.0,28074.0,28002.0,27670.0,27751.0,27619.0,27532.0,27301.0,27309.0,27165.0,27049.0,26983.0,27067.0,26776.0,26548.0,27059.0,26483.0,26417.0,26336.0,26334.0,26177.0,26363.0,26260.0,25864.0,25834.0,26008.0,25933.0,25868.0,25423.0,25516.0,25773.0,25703.0,25360.0,25227.0,25326.0,25277.0,25366.0,25252.0,24825.0,24958.0,25140.0,24915.0,24863.0,24564.0,24779.0,25067.0,24631.0,24336.0
9.0,8.0,9.0,3.0,10.0,6.0,4.0,9.0,6.0,8.0,12.0,7.0,10.0,7.0,12.0,13.0,12.0,6.0,7.0,4.0,7.0,11.0,4.0,9.0,9.0,9.0,4.0,8.0,4.0,5.0,3.0,6.0,6.0,6.0,7.0,7.0,6.0,3.0,11.0,7.0,2.0,4.0,3.0,0.0,3.0,5.0,6.0,4.0,6.0,2.0,5.0,1.0,2.0,3.0,4.0,4.0,1.0,0.0,2.0,3.0,-0.0,2.0,2.0,1.0,0.0,0.0,0.0,0.0,0.0,1.0,0.0,0.0,-0.0,0.0,0.0,0.0,0.0,0.0,0.0,0.0,-0.0,0.0,0.0,0.0,0.0,1.0,0.0,0.0,0.0,0.0,0.0,0.0,0.0,0.0,0.0,0.0,-0.0,0.0,0.0,0.0,0.0,0.0,0.0,0.0,0.0,0.0,0.0,0.0,-0.0,0.0,0.0,0.0,-0.0,0.0,0.0,1.0,0.0,0.0,0.0,0.0,-0.0,0.0,0.0,0.0,0.0,0.0,0.0,0.0,0.0,0.0,0.0,1.0,0.0,0.0,0.0,0.0,-0.0,1.0,2.0,2.0,-0.0,3.0,2.0,0.0,1.0,4.0,4.0,3.0,2.0,1.0,5.0,2.0,6.0,4.0,6.0,5.0,3.0,0.0,3.0,4.0,2.0,7.0,11.0,3.0,6.0,7.0,7.0,6.0,6.0,6.0,3.0,5.0,4.0,8.0,4.0,9.0,9.0,9.0,4.0,11.0,7.0,4.0,7.0,6.0,12.0,13.0,12.0,7.0,10.0,7.0,12.0,8.0,6.0,9.0,4.0,6.0,10.0,3.0,9.0,8.0,9.0
16191.0,16314.0,16233.0,16201.0,16363.0,16205.0,16611.0,16069.0,16229.0,16375.0,16269.0,16599.0,16334.0,16410.0,16447.0,16367.0,16389.0,16523.0,16465.0,16281.0,16221.0,16663.0,16643.0,16393.0,16576.0,16669.0,16657.0,16581.0,16600.0,16637.0,16455.0,16720.0,16674.0,16891.0,16724.0,16711.0,16860.0,16993.0,16707.0,16857.0,16660.0,17028.0,17014.0,16985.0,16856.0,17118.0,17035.0,16830.0,17326.0,17233.0,16983.0,17012.0,17261.0,17334.0,17290.0,17360.0,17559.0,17568.0,17501.0,17474.0,17727.0,17859.0,17834.0,17702.0,18179.0,18199.0,18234.0,18329.0,18425.0,18215.0,18410.0,18332.0,18585.0,18586.0,18773.0,18865.0,18826.0,18692.0,19051.0,18762.0,18777.0,18978.0,18711.0,18838.0,18739.0,18654.0,18773.0,18444.0,18746.0,17943.0,18615.0,18084.0,18161.0,17890.0,18479.0,17818.0,21079.0,19662.0,8099.0,246.0,0.0,246.0,8099.0,19662.0,21079.0,17818.0,18479.0,17890.0,18161.0,18084.0,18615.0,17943.0,18746.0,18444.0,18773.0,18654.0,18739.0,18838.0,18711.0,18978.0,18777.0,18762.0,19051.0,18692.0,18826.0,18865.0,18773.0,18586.0,18585.0,18332.0,18410.0,18215.0,18425.0,18329.0,18234.0,18199.0,18179.0,17702.0,17834.0,17859.0,17727.0,17474.0,17501.0,17568.0,17559.0,17360.0,17290.0,17334.0,17261.0,17012.0,16983.0,17233.0,17326.0,16830.0,17035.0,17118.0,16856.0,16985.0,17014.0,17028.0,16660.0,16857.0,16707.0,16993.0,16860.0,16711.0,16724.0,16891.0,16674.0,16720.0,16455.0,16637.0,16600.0,16581.0,16657.0,16669.0,16576.0,16393.0,16643.0,16663.0,16221.0,16281.0,16465.0,16523.0,16389.0,16367.0,16447.0,16410.0,16334.0,16599.0,16269.0,16375.0,16229.0,16069.0,16611.0,16205.0,16363.0,16201.0,16233.0,16314.0,16191.0
15734.0,16021.0,15695.0,15834.0,15790.0,15936.0,15793.0,15768.0,15985.0,15930.0,15629.0,16194.0,16014.0,15916.0,16005.0,15973.0,15815.0,15916.0,15877.0,16022.0,15982.0,16146.0,15817.0,16193.0,16012.0,15970.0,16241.0,16098.0,16377.0,16306.0,16189.0,16321.0,16364.0,16159.0,16396.0,16202.0,16289.0,16285.0,16279.0,16348.0,16275.0,16500.0,16553.0,16618.0,16389.0,16544.0,16402.0,16476.0,16739.0,16774.0,16433.0,16660.0,16878.0,16539.0,16700.0,16808.0,16661.0,16809.0,16821.0,17208.0,16796.0,16832.0,16984.0,17098.0,17005.0,17058.0,17096.0,17104.0,17181.0,17300.0,17205.0,17256.0,17386.0,17433.0,17584.0,17315.0,17559.0,17528.0,17736.0,17416.0,17616.0,17713.0,17641.0,17636.0,17470.0,17719.0,17761.0,17512.0,17504.0,17202.0,17132.0,17059.0,16685.0,16379.0,15929.0,15755.0,15819.0,13777.0,4245.0,218.0,0.0,218.0,4245.0,13777.0,15819.0,15755.0,15929.0,16379.0,16685.0,17059.0,17132.0,17202.0,17504.0,17512.0,17761.0,17719.0,17470.0,17636.0,17641.0,17713.0,17616.0,17416.0,17736.0,17528.0,17559.0,17315.0,17584.0,17433.0,17386.0,17256.0,17205.0,17300.0,17181.0,17104.0,17096.0,17058.0,17005.0,17098.0,16984.0,16832.0,16796.0,17208.0,16821.0,16809.0,16661.0,16808.0,16700.0,16539.0,16878.0,16660.0,16433.0,16774.0,16739.0,16476.0,16402.0,16544.0,16389.0,16618.0,16553.0,16500.0,16275.0,16348.0,16279.0,16285.0,16289.0,16202.0,16396.0,16159.0,16364.0,16321.0,16189.0,16306.0,16377.0,16098.0,16241.0,15970.0,16012.0,16193.0,15817.0,16146.0,15982.0,16022.0,15877.0,15916.0,15815.0,15973.0,16005.0,15916.0,16014.0,16194.0,15629.0,15930.0,15985.0,15768.0,15793.0,15936.0,15790.0,15834.0,15695.0,16021.0,15734.0
9596.0,9590.0,9640.0,9560.0,9635.0,9749.0,9709.0,9814.0,9792.0,9674.0,9713.0,9612.0,9638.0,9683.0,9772.0,9664.0,9879.0,9677.0,9695.0,9690.0,9782.0,9831.0,9783.0,10018.0,9955.0,9935.0,9947.0,9792.0,10046.0,9806.0,9869.0,9866.0,9861.0,10080.0,10136.0,10041.0,10069.0,10115.0,10096.0,10134.0,9984.0,10014.0,10103.0,10138.0,10104.0,10186.0,10385.0,10274.0,10149.0,10196.0,10296.0,10218.0,10279.0,10367.0,10372.0,10405.0,10321.0,10555.0,10504.0,10747.0,10544.0,10614.0,10694.0,10872.0,10880.0,10811.0,10696.0,10600.0,10477.0,10388.0,10457.0,10248.0,10144.0,10314.0,10251.0,10421.0,10474.0,10855.0,11233.0,11703.0,12050.0,12341.0,12554.0,12591.0,12683.0,12443.0,11836.0,11403.0,10654.0,9648.0,8952.0,8108.0,7562.0,6479.0,5454.0,4479.0,3415.0,1511.0,299.0,150.0,0.0,150.0,299.0,1511.0,3415.0,4479.0,5454.0,6479.0,7562.0,8108.0,8952.0,9648.0,10654.0,11403.0,11836.0,12443.0,12683.0,12591.0,12554.0,12341.0,12050.0,11703.0,11233.0,10855.0,10474.0,10421.0,10251.0,10314.0,10144.0,10248.0,10457.0,10388.0,10477.0,10600.0,10696.0,10811.0,10880.0,10872.0,10694.0,10614.0,10544.0,10747.0,10504.0,10555.0,10321.0,10405.0,10372.0,10367.0,10279.0,10218.0,10296.0,10196.0,10149.0,10274.0,10385.0,10186.0,10104.0,10138.0,10103.0,10014.0,9984.0,10134.0,10096.0,10115.0,10069.0,10041.0,10136.0,10080.0,9861.0,9866.0,9869.0,9806.0,10046.0,9792.0,9947.0,9935.0,9955.0,10018.0,9783.0,9831.0,9782.0,9690.0,9695.0,9677.0,9879.0,9664.0,9772.0,9683.0,9638.0,9612.0,9713.0,9674.0,9792.0,9814.0,9709.0,9749.0,9635.0,9560.0,9640.0,9590.0,9596.0
9785.0,10153.0,10010.0,10028.0,9993.0,10205.0,10030.0,10187.0,9984.0,9920.0,10173.0,10023.0,10126.0,10105.0,10314.0,10245.0,10219.0,10134.0,10240.0,10125.0,10254.0,10331.0,10249.0,10007.0,10185.0,10400.0,10352.0,10294.0,10438.0,10267.0,10420.0,10450.0,10543.0,10248.0,10371.0,10434.0,10659.0,10589.0,10332.0,10511.0,10529.0,10741.0,10682.0,10538.0,10663.0,10537.0,10553.0,10850.0,10710.0,10739.0,10973.0,10750.0,10739.0,10830.0,10787.0,10750.0,10979.0,11230.0,11089.0,10993.0,11065.0,11124.0,11122.0,11144.0,11127.0,11302.0,11236.0,11192.0,11289.0,11305.0,11486.0,11559.0,11406.0,11496.0,11420.0,11608.0,12121.0,11878.0,11921.0,12013.0,12177.0,12301.0,11955.0,12249.0,12083.0,12096.0,11768.0,11548.0,11589.0,11021.0,10815.0,10590.0,10214.0,9646.0,9520.0,9016.0,8134.0,6557.0,1998.0,115.0,0.0,115.0,1998.0,6557.0,8134.0,9016.0,9520.0,9646.0,10214.0,10590.0,10815.0,11021.0,11589.0,11548.0,11768.0,12096.0,12083.0,12249.0,11955.0,12301.0,12177.0,12013.0,11921.0,11878.0,12121.0,11608.0,11420.0,11496.0,11406.0,11559.0,11486.0,11305.0,11289.0,11192.0,11236.0,11302.0,11127.0,11144.0,11122.0,11124.0,11065.0,10993.0,11089.0,11230.0,10979.0,10750.0,10787.0,10830.0,10739.0,10750.0,10973.0,10739.0,10710.0,10850.0,10553.0,10537.0,10663.0,10538.0,10682.0,10741.0,10529.0,10511.0,10332.0,10589.0,10659.0,10434.0,10371.0,10248.0,10543.0,10450.0,10420.0,10267.0,10438.0,10294.0,10352.0,10400.0,10185.0,10007.0,10249.0,10331.0,10254.0,10125.0,10240.0,10134.0,10219.0,10245.0,10314.0,10105.0,10126.0,10023.0,10173.0,9920.0,9984.0,10187.0,10030.0,10205.0,9993.0,10028.0,10010.0,10153.0,9785.0
59806.0,59631.0,59606.0,59773.0,60037.0,59723.0,60074.0,59948.0,60341.0,60075.0,59888.0,60535.0,60652.0,60288.0,60274.0,60635.0,61209.0,60279.0,61158.0,60547.0,61129.0,61193.0,61021.0,61331.0,61632.0,60891.0,61515.0,61735.0,61597.0,61830.0,61800.0,61749.0,62146.0,61895.0,62441.0,62411.0,62116.0,62235.0,63022.0,62899.0,62055.0,62750.0,63734.0,62894.0,62780.0,63205.0,63746.0,63238.0,63497.0,63827.0,63854.0,64043.0,63749.0,64419.0,64020.0,64341.0,64602.0,64718.0,64763.0,64744.0,65267.0,65203.0,64979.0,65984.0,65784.0,65590.0,65807.0,66287.0,66646.0,66609.0,66219.0,67453.0,67355.0,67073.0,67457.0,67830.0,68403.0,68359.0,67937.0,68576.0,69664.0,69373.0,69264.0,69252.0,70601.0,70570.0,70698.0,71150.0,71296.0,71200.0,72041.0,74666.0,74467.0,67484.0,68266.0,82605.0,102539.0,68315.0,11065.0,602.0,0.0,602.0,11065.0,68315.0,102539.0,82605.0,68266.0,67484.0,74467.0,74666.0,72041.0,71200.0,71296.0,71150.0,70698.0,70570.0,70601.0,69252.0,69264.0,69373.0,69664.0,68576.0,67937.0,68359.0,68403.0,67830.0,67457.0,67073.0,67355.0,67453.0,66219.0,66609.0,66646.0,66287.0,65807.0,65590.0,65784.0,65984.0,64979.0,65203.0,65267.0,64744.0,64763.0,64718.0,64602.0,64341.0,64020.0,64419.0,63749.0,64043.0,63854.0,63827.0,63497.0,63238.0,63746.0,63205.0,62780.0,62894.0,63734.0,62750.0,62055.0,62899.0,63022.0,62235.0,62116.0,62411.0,62441.0,61895.0,62146.0,61749.0,61800.0,61830.0,61597.0,61735.0,61515.0,60891.0,61632.0,61331.0,61021.0,61193.0,61129.0,60547.0,61158.0,60279.0,61209.0,60635.0,60274.0,60288.0,60652.0,60535.0,59888.0,60075.0,60341.0,59948.0,60074.0,59723.0,60037.0,59773.0,59606.0,59631.0,59806.0
9.0,4.0,3.0,4.0,5.0,6.0,3.0,3.0,6.0,7.0,3.0,4.0,8.0,1.0,7.0,4.0,3.0,3.0,3.0,4.0,4.0,4.0,4.0,5.0,11.0,10.0,6.0,8.0,8.0,4.0,7.0,6.0,9.0,9.0,6.0,0.0,4.0,5.0,3.0,3.0,6.0,6.0,3.0,3.0,5.0,4.0,3.0,3.0,4.0,4.0,2.0,3.0,3.0,1.0,0.0,1.0,4.0,0.0,1.0,3.0,1.0,-0.0,0.0,2.0,0.0,-0.0,1.0,0.0,1.0,0.0,1.0,0.0,-0.0,0.0,0.0,0.0,0.0,0.0,0.0,0.0,-0.0,0.0,0.0,0.0,0.0,0.0,0.0,0.0,0.0,0.0,0.0,0.0,0.0,0.0,0.0,0.0,1.0,0.0,1.0,0.0,0.0,0.0,1.0,0.0,1.0,0.0,0.0,0.0,-0.0,0.0,0.0,0.0,-0.0,0.0,0.0,0.0,0.0,0.0,0.0,0.0,-0.0,0.0,0.0,0.0,0.0,0.0,0.0,0.0,0.0,0.0,1.0,0.0,1.0,0.0,1.0,0.0,-0.0,2.0,0.0,0.0,1.0,3.0,1.0,0.0,4.0,1.0,0.0,1.0,3.0,3.0,2.0,4.0,4.0,3.0,3.0,4.0,5.0,3.0,3.0,6.0,6.0,3.0,3.0,5.0,4.0,0.0,6.0,9.0,9.0,6.0,7.0,4.0,8.0,8.0,6.0,10.0,11.0,5.0,4.0,4.0,4.0,4.0,3.0,3.0,3.0,4.0,7.0,1.0,8.0,4.0,3.0,7.0,6.0,3.0,3.0,6.0,5.0,4.0,3.0,4.0,9.0
13676.0,13761.0,14140.0,13821.0,13815.0,13937.0,13934.0,13856.0,13856.0,13797.0,14069.0,13941.0,14010.0,13963.0,14028.0,13834.0,13935.0,14019.0,13732.0,14139.0,14210.0,13833.0,14043.0,13918.0,14267.0,14099.0,14056.0,13986.0,14158.0,14260.0,14077.0,14138.0,14093.0,13898.0,14405.0,14155.0,13925.0,14163.0,14453.0,14130.0,14514.0,14136.0,14316.0,14111.0,14269.0,14416.0,14402.0,14284.0,14331.0,14305.0,14379.0,14385.0,14600.0,14405.0,14313.0,14626.0,14492.0,14446.0,14595.0,14484.0,14526.0,14703.0,14525.0,14642.0,14397.0,14661.0,14758.0,14870.0,14744.0,14919.0,15012.0,14878.0,15101.0,15174.0,15292.0,15336.0,15199.0,15446.0,15347.0,15180.0,15063.0,15632.0,15081.0,14834.0,15046.0,14810.0,14608.0,14425.0,14527.0,14089.0,13619.0,13992.0,14313.0,14367.0,12915.0,11971.0,15831.0,12209.0,1643.0,120.0,0.0,120.0,1643.0,12209.0,15831.0,11971.0,12915.0,14367.0,14313.0,13992.0,13619.0,14089.0,14527.0,14425.0,14608.0,14810.0,15046.0,14834.0,15081.0,15632.0,15063.0,15180.0,15347.0,15446.0,15199.0,15336.0,15292.0,15174.0,15101.0,14878.0,15012.0,14919.0,14744.0,14870.0,14758.0,14661.0,14397.0,14642.0,14525.0,14703.0,14526.0,14484.0,14595.0,14446.0,14492.0,14626.0,14313.0,14405.0,14600.0,14385.0,14379.0,14305.0,14331.0,14284.0,14402.0,14416.0,14269.0,14111.0,14316.0,14136.0,14514.0,14130.0,14453.0,14163.0,13925.0,14155.0,14405.0,13898.0,14093.0,14138.0,14077.0,14260.0,14158.0,13986.0,14056.0,14099.0,14267.0,13918.0,14043.0,13833.0,14210.0,14139.0,13732.0,14019.0,13935.0,13834.0,14028.0,13963.0,14010.0,13941.0,14069.0,13797.0,13856.0,13856.0,13934.0,13937.0,13815.0,13821.0,14140.0,13761.0,13676.0
3.0,6.0,7.0,2.0,2.0,4.0,7.0,6.0,2.0,6.0,1.0,9.0,1.0,4.0,3.0,6.0,7.0,5.0,5.0,6.0,5.0,4.0,8.0,5.0,8.0,8.0,4.0,3.0,1.0,2.0,5.0,4.0,3.0,5.0,5.0,4.0,4.0,5.0,8.0,8.0,3.0,8.0,3.0,5.0,3.0,4.0,1.0,0.0,1.0,4.0,2.0,3.0,3.0,1.0,1.0,0.0,0.0,1.0,2.0,1.0,2.0,2.0,2.0,0.0,1.0,0.0,1.0,1.0,0.0,1.0,0.0,0.0,-0.0,0.0,1.0,0.0,1.0,0.0,1.0,0.0,-0.0,1.0,0.0,0.0,0.0,0.0,0.0,0.0,0.0,0.0,2.0,0.0,2.0,0.0,1.0,2.0,4.0,7.0,168.0,32.0,0.0,32.0,168.0,7.0,4.0,2.0,1.0,0.0,2.0,0.0,2.0,0.0,-0.0,0.0,0.0,0.0,0.0,0.0,0.0,1.0,-0.0,0.0,1.0,0.0,1.0,0.0,1.0,0.0,0.0,0.0,0.0,1.0,0.0,1.0,1.0,0.0,1.0,0.0,2.0,2.0,2.0,1.0,2.0,1.0,0.0,0.0,1.0,1.0,3.0,3.0,2.0,4.0,1.0,0.0,1.0,4.0,3.0,5.0,3.0,8.0,3.0,8.0,8.0,5.0,4.0,4.0,5.0,5.0,3.0,4.0,5.0,2.0,1.0,3.0,4.0,8.0,8.0,5.0,8.0,4.0,5.0,6.0,5.0,5.0,7.0,6.0,3.0,4.0,1.0,9.0,1.0,6.0,2.0,6.0,7.0,4.0,2.0,2.0,7.0,6.0,3.0
1539.0,1649.0,1595.0,1614.0,1637.0,1660.0,1621.0,1611.0,1657.0,1677.0,1669.0,1590.0,1672.0,1696.0,1634.0,1649.0,1692.0,1672.0,1624.0,1726.0,1777.0,1709.0,1767.0,1746.0,1757.0,1695.0,1739.0,1736.0,1804.0,1767.0,1695.0,1767.0,1758.0,1827.0,1805.0,1706.0,1783.0,1820.0,1775.0,1853.0,1902.0,1808.0,1914.0,1965.0,1843.0,1911.0,1873.0,1985.0,1955.0,1966.0,1944.0,1982.0,2009.0,2040.0,2057.0,2058.0,2064.0,2155.0,2225.0,2257.0,2127.0,2276.0,2220.0,2330.0,2271.0,2284.0,2310.0,2279.0,2348.0,2370.0,2409.0,2291.0,2249.0,2235.0,2166.0,2204.0,2254.0,2137.0,2005.0,2040.0,1968.0,2004.0,1999.0,1835.0,1808.0,1790.0,1718.0,1640.0,1569.0,1547.0,1476.0,1391.0,1319.0,1095.0,1055.0,941.0,807.0,531.0,159.0,101.0,0.0,101.0,159.0,531.0,807.0,941.0,1055.0,1095.0,1319.0,1391.0,1476.0,1547.0,1569.0,1640.0,1718.0,1790.0,1808.0,1835.0,1999.0,2004.0,1968.0,2040.0,2005.0,2137.0,2254.0,2204.0,2166.0,2235.0,2249.0,2291.0,2409.0,2370.0,2348.0,2279.0,2310.0,2284.0,2271.0,2330.0,2220.0,2276.0,2127.0,2257.0,2225.0,2155.0,2064.0,2058.0,2057.0,2040.0,2009.0,1982.0,1944.0,1966.0,1955.0,1985.0,1873.0,1911.0,1843.0,1965.0,1914.0,1808.0,1902.0,1853.0,1775.0,1820.0,1783.0,1706.0,1805.0,1827.0,1758.0,1767.0,1695.0,1767.0,1804.0,1736.0,1739.0,1695.0,1757.0,1746.0,1767.0,1709.0,1777.0,1726.0,1624.0,1672.0,1692.0,1649.0,1634.0,1696.0,1672.0,1590.0,1669.0,1677.0,1657.0,1611.0,1621.0,1660.0,1637.0,1614.0,1595.0,1649.0,1539.0
34591.0,34382.0,34710.0,34476.0,35185.0,35265.0,34790.0,34824.0,34948.0,35534.0,35366.0,35309.0,35494.0,35484.0,35454.0,35547.0,35706.0,36093.0,35984.0,36061.0,35719.0,36018.0,36376.0,36444.0,36429.0,36365.0,36640.0,36859.0,36768.0,36822.0,37013.0,37104.0,37227.0,37084.0,37629.0,37518.0,37309.0,37659.0,37660.0,37691.0,38002.0,38187.0,37956.0,38123.0,38024.0,38452.0,38778.0,38422.0,38290.0,39000.0,39253.0,38683.0,38973.0,39352.0,39451.0,39173.0,39866.0,40094.0,39809.0,40047.0,39925.0,40362.0,40829.0,40694.0,40351.0,41270.0,41137.0,41213.0,41539.0,41552.0,41956.0,42000.0,42389.0,41926.0,42786.0,42743.0,42992.0,43298.0,43059.0,43457.0,44273.0,43903.0,44083.0,44253.0,44445.0,44968.0,45252.0,45637.0,46350.0,46475.0,46361.0,45020.0,44123.0,45518.0,54286.0,64546.0,54612.0,27605.0,7546.0,1475.0,0.0,1475.0,7546.0,27605.0,54612.0,64546.0,54286.0,45518.0,44123.0,45020.0,46361.0,46475.0,46350.0,45637.0,45252.0,44968.0,44445.0,44253.0,44083.0,43903.0,44273.0,43457.0,43059.0,43298.0,42992.0,42743.0,42786.0,41926.0,42389.0,42000.0,41956.0,41552.0,41539.0,41213.0,41137.0,41270.0,40351.0,40694.0,40829.0,40362.0,39925.0,40047.0,39809.0,40094.0,39866.0,39173.0,39451.0,39352.0,38973.0,38683.0,39253.0,39000.0,38290.0,38422.0,38778.0,38452.0,38024.0,38123.0,37956.0,38187.0,38002.0,37691.0,37660.0,37659.0,37309.0,37518.0,37629.0,37084.0,37227.0,37104.0,37013.0,36822.0,36768.0,36859.0,36640.0,36365.0,36429.0,36444.0,36376.0,36018.0,35719.0,36061.0,35984.0,36093.0,35706.0,35547.0,35454.0,35484.0,35494.0,35309.0,35366.0,35534.0,34948.0,34824.0,34790.0,35265.0,35185.0,34476.0,34710.0,34382.0,34591.0
5.0,4.0,7.0,13.0,7.0,5.0,10.0,9.0,6.0,10.0,4.0,5.0,7.0,11.0,5.0,5.0,2.0,4.0,5.0,6.0,2.0,6.0,6.0,8.0,4.0,4.0,5.0,9.0,6.0,6.0,4.0,4.0,6.0,5.0,1.0,5.0,4.0,4.0,7.0,3.0,3.0,3.0,3.0,2.0,1.0,0.0,0.0,3.0,1.0,1.0,1.0,3.0,0.0,0.0,-0.0,4.0,1.0,0.0,0.0,1.0,0.0,1.0,0.0,0.0,0.0,0.0,0.0,0.0,0.0,0.0,0.0,0.0,-0.0,0.0,0.0,1.0,0.0,0.0,0.0,2.0,-0.0,0.0,0.0,1.0,0.0,-0.0,0.0,0.0,0.0,0.0,-0.0,0.0,0.0,0.0,10.0,21.0,27.0,2.0,0.0,0.0,0.0,0.0,0.0,2.0,27.0,21.0,10.0,0.0,-0.0,0.0,0.0,0.0,-0.0,0.0,0.0,0.0,0.0,1.0,0.0,-0.0,-0.0,2.0,0.0,0.0,0.0,1.0,0.0,0.0,0.0,0.0,0.0,0.0,0.0,0.0,0.0,0.0,-0.0,0.0,0.0,1.0,-0.0,1.0,0.0,0.0,1.0,4.0,0.0,0.0,0.0,3.0,1.0,1.0,1.0,3.0,-0.0,0.0,1.0,2.0,3.0,3.0,3.0,3.0,7.0,4.0,4.0,5.0,1.0,5.0,6.0,4.0,4.0,6.0,6.0,9.0,5.0,4.0,4.0,8.0,6.0,6.0,2.0,6.0,5.0,4.0,2.0,5.0,5.0,11.0,7.0,5.0,4.0,10.0,6.0,9.0,10.0,5.0,7.0,13.0,7.0,4.0,5.0
35471.0,35944.0,35757.0,35936.0,35727.0,36196.0,35738.0,36096.0,36087.0,36032.0,36432.0,36117.0,36505.0,36388.0,36540.0,36573.0,36606.0,36622.0,36608.0,36835.0,36956.0,37050.0,36969.0,37027.0,37238.0,37463.0,37292.0,37392.0,37520.0,37419.0,37580.0,37603.0,37953.0,38291.0,37785.0,37815.0,38213.0,38128.0,38269.0,38439.0,38145.0,39000.0,38941.0,38212.0,38805.0,38847.0,39306.0,39208.0,39011.0,39261.0,39268.0,40012.0,39511.0,39584.0,39992.0,40154.0,39955.0,40357.0,40180.0,40317.0,40608.0,40850.0,40925.0,40734.0,41061.0,41509.0,41128.0,41568.0,41256.0,42055.0,42203.0,41667.0,41981.0,42413.0,42472.0,42569.0,42663.0,43412.0,43315.0,42590.0,42383.0,44466.0,45379.0,43761.0,41192.0,43424.0,47932.0,47543.0,41539.0,38924.0,46415.0,54404.0,46893.0,35459.0,38543.0,68278.0,59371.0,27007.0,7713.0,600.0,0.0,600.0,7713.0,27007.0,59371.0,68278.0,38543.0,35459.0,46893.0,54404.0,46415.0,38924.0,41539.0,47543.0,47932.0,43424.0,41192.0,43761.0,45379.0,44466.0,42383.0,42590.0,43315.0,43412.0,42663.0,42569.0,42472.0,42413.0,41981.0,41667.0,42203.0,42055.0,41256.0,41568.0,41128.0,41509.0,41061.0,40734.0,40925.0,40850.0,40608.0,40317.0,40180.0,40357.0,39955.0,40154.0,39992.0,39584.0,39511.0,40012.0,39268.0,39261.0,39011.0,39208.0,39306.0,38847.0,38805.0,38212.0,38941.0,39000.0,38145.0,38439.0,38269.0,38128.0,38213.0,37815.0,37785.0,38291.0,37953.0,37603.0,37580.0,37419.0,37520.0,37392.0,37292.0,37463.0,37238.0,37027.0,36969.0,37050.0,36956.0,36835.0,36608.0,36622.0,36606.0,36573.0,36540.0,36388.0,36505.0,36117.0,36432.0,36032.0,36087.0,36096.0,35738.0,36196.0,35727.0,35936.0,35757.0,35944.0,35471.0
44552.0,44388.0,44720.0,45185.0,44632.0,44660.0,45003.0,45393.0,44793.0,44979.0,45208.0,45620.0,45520.0,45126.0,45637.0,45390.0,45652.0,45791.0,45764.0,45884.0,45988.0,45938.0,46126.0,46003.0,46316.0,46423.0,46578.0,46218.0,46475.0,46773.0,46760.0,46892.0,46882.0,47316.0,46745.0,47254.0,47547.0,47416.0,47252.0,47425.0,47577.0,48329.0,47755.0,47705.0,48409.0,47865.0,48433.0,48414.0,48292.0,49072.0,48808.0,48783.0,48812.0,49284.0,49168.0,49666.0,49426.0,49485.0,49562.0,50168.0,49777.0,50231.0,50488.0,50702.0,50427.0,50553.0,50997.0,50786.0,51448.0,51684.0,51407.0,51500.0,51684.0,52261.0,52080.0,52183.0,52872.0,52664.0,52867.0,53005.0,53358.0,53549.0,53742.0,53940.0,54028.0,54362.0,54454.0,54664.0,55479.0,55928.0,55526.0,54993.0,52831.0,54226.0,62204.0,73647.0,64714.0,35086.0,13872.0,633.0,0.0,633.0,13872.0,35086.0,64714.0,73647.0,62204.0,54226.0,52831.0,54993.0,55526.0,55928.0,55479.0,54664.0,54454.0,54362.0,54028.0,53940.0,53742.0,53549.0,53358.0,53005.0,52867.0,52664.0,52872.0,52183.0,52080.0,52261.0,51684.0,51500.0,51407.0,51684.0,51448.0,50786.0,50997.0,50553.0,50427.0,50702.0,50488.0,50231.0,49777.0,50168.0,49562.0,49485.0,49426.0,49666.0,49168.0,49284.0,48812.0,48783.0,48808.0,49072.0,48292.0,48414.0,48433.0,47865.0,48409.0,47705.0,47755.0,48329.0,47577.0,47425.0,47252.0,47416.0,47547.0,47254.0,46745.0,47316.0,46882.0,46892.0,46760.0,46773.0,46475.0,46218.0,46578.0,46423.0,46316.0,46003.0,46126.0,45938.0,45988.0,45884.0,45764.0,45791.0,45652.0,45390.0,45637.0,45126.0,45520.0,45620.0,45208.0,44979.0,44793.0,45393.0,45003.0,44660.0,44632.0,45185.0,44720.0,44388.0,44552.0
25713.0,25792.0,25484.0,25781.0,25745.0,25434.0,25176.0,25517.0,25421.0,25455.0,25381.0,25649.0,25871.0,25813.0,25517.0,25553.0,25417.0,25767.0,25145.0,25429.0,25575.0,25757.0,25731.0,25564.0,25559.0,25820.0,25645.0,25462.0,25436.0,25680.0,25181.0,25442.0,25548.0,25739.0,25788.0,26255.0,25859.0,25698.0,25717.0,25552.0,25269.0,25496.0,25025.0,25496.0,25750.0,25880.0,26040.0,26273.0,26163.0,25836.0,25813.0,25447.0,25530.0,25221.0,25081.0,25089.0,25485.0,25838.0,26029.0,26095.0,26118.0,26449.0,26356.0,26543.0,26085.0,25761.0,25288.0,25124.0,24620.0,24423.0,24245.0,24794.0,25659.0,27093.0,28192.0,29240.0,29723.0,28724.0,27414.0,25176.0,22701.0,20132.0,19264.0,19398.0,21293.0,24925.0,28982.0,33611.0,36935.0,37570.0,34537.0,27508.0,19653.0,12615.0,7122.0,3892.0,1756.0,573.0,154.0,69.0,0.0,69.0,154.0,573.0,1756.0,3892.0,7122.0,12615.0,19653.0,27508.0,34537.0,37570.0,36935.0,33611.0,28982.0,24925.0,21293.0,19398.0,19264.0,20132.0,22701.0,25176.0,27414.0,28724.0,29723.0,29240.0,28192.0,27093.0,25659.0,24794.0,24245.0,24423.0,24620.0,25124.0,25288.0,25761.0,26085.0,26543.0,26356.0,26449.0,26118.0,26095.0,26029.0,25838.0,25485.0,25089.0,25081.0,25221.0,25530.0,25447.0,25813.0,25836.0,26163.0,26273.0,26040.0,25880.0,25750.0,25496.0,25025.0,25496.0,25269.0,25552.0,25717.0,25698.0,25859.0,26255.0,25788.0,25739.0,25548.0,25442.0,25181.0,25680.0,25436.0,25462.0,25645.0,25820.0,25559.0,25564.0,25731.0,25757.0,25575.0,25429.0,25145.0,25767.0,25417.0,25553.0,25517.0,25813.0,25871.0,25649.0,25381.0,25455.0,25421.0,25517.0,25176.0,25434.0,25745.0,25781.0,25484.0,25792.0,25713.0
8.0,17.0,16.0,9.0,12.0,16.0,14.0,12.0,18.0,13.0,15.0,17.0,12.0,17.0,13.0,18.0,19.0,18.0,13.0,20.0,18.0,18.0,12.0,16.0,10.0,22.0,12.0,23.0,23.0,15.0,20.0,15.0,16.0,13.0,9.0,10.0,13.0,11.0,15.0,6.0,16.0,4.0,12.0,14.0,13.0,11.0,12.0,3.0,10.0,8.0,9.0,8.0,14.0,5.0,5.0,3.0,5.0,8.0,1.0,8.0,4.0,6.0,4.0,6.0,1.0,3.0,0.0,3.0,1.0,0.0,-0.0,0.0,-0.0,0.0,0.0,0.0,1.0,0.0,0.0,0.0,1.0,1.0,0.0,0.0,0.0,0.0,0.0,0.0,0.0,0.0,0.0,0.0,0.0,0.0,0.0,-0.0,-0.0,0.0,0.0,10.0,0.0,10.0,0.0,0.0,0.0,0.0,0.0,0.0,-0.0,0.0,0.0,0.0,-0.0,0.0,0.0,0.0,0.0,0.0,0.0,1.0,1.0,0.0,0.0,0.0,1.0,0.0,0.0,0.0,0.0,0.0,-0.0,0.0,1.0,3.0,0.0,3.0,1.0,6.0,4.0,6.0,4.0,8.0,1.0,8.0,5.0,3.0,5.0,5.0,14.0,8.0,9.0,8.0,10.0,3.0,12.0,11.0,13.0,14.0,12.0,4.0,16.0,6.0,15.0,11.0,13.0,10.0,9.0,13.0,16.0,15.0,20.0,15.0,23.0,23.0,12.0,22.0,10.0,16.0,12.0,18.0,18.0,20.0,13.0,18.0,19.0,18.0,13.0,17.0,12.0,17.0,15.0,13.0,18.0,12.0,14.0,16.0,12.0,9.0,16.0,17.0,8.0
2557.0,2455.0,2565.0,2578.0,2603.0,2506.0,2551.0,2536.0,2543.0,2671.0,2646.0,2697.0,2560.0,2603.0,2569.0,2597.0,2643.0,2668.0,2615.0,2673.0,2687.0,2597.0,2599.0,2584.0,2662.0,2593.0,2614.0,2754.0,2621.0,2556.0,2709.0,2569.0,2603.0,2672.0,2567.0,2676.0,2719.0,2626.0,2704.0,2710.0,2654.0,2663.0,2739.0,2676.0,2734.0,2760.0,2729.0,2869.0,2907.0,2891.0,2935.0,2909.0,2849.0,3043.0,3132.0,3142.0,3187.0,3196.0,3180.0,3301.0,3370.0,3341.0,3285.0,3399.0,3299.0,3207.0,3262.0,3213.0,3188.0,3169.0,3192.0,2994.0,2941.0,2819.0,2911.0,2691.0,2769.0,2715.0,2667.0,2592.0,2390.0,2389.0,2591.0,2444.0,2376.0,2318.0,2301.0,2353.0,2281.0,2303.0,2294.0,2177.0,2152.0,2236.0,1990.0,1767.0,2074.0,1766.0,317.0,106.0,0.0,106.0,317.0,1766.0,2074.0,1767.0,1990.0,2236.0,2152.0,2177.0,2294.0,2303.0,2281.0,2353.0,2301.0,2318.0,2376.0,2444.0,2591.0,2389.0,2390.0,2592.0,2667.0,2715.0,2769.0,2691.0,2911.0,2819.0,2941.0,2994.0,3192.0,3169.0,3188.0,3213.0,3262.0,3207.0,3299.0,3399.0,3285.0,3341.0,3370.0,3301.0,3180.0,3196.0,3187.0,3142.0,3132.0,3043.0,2849.0,2909.0,2935.0,2891.0,2907.0,2869.0,2729.0,2760.0,2734.0,2676.0,2739.0,2663.0,2654.0,2710.0,2704.0,2626.0,2719.0,2676.0,2567.0,2672.0,2603.0,2569.0,2709.0,2556.0,2621.0,2754.0,2614.0,2593.0,2662.0,2584.0,2599.0,2597.0,2687.0,2673.0,2615.0,2668.0,2643.0,2597.0,2569.0,2603.0,2560.0,2697.0,2646.0,2671.0,2543.0,2536.0,2551.0,2506.0,2603.0,2578.0,2565.0,2455.0,2557.0
26991.0,26871.0,26495.0,26915.0,26828.0,26614.0,26761.0,26852.0,26721.0,26803.0,26961.0,26751.0,26737.0,26806.0,26886.0,26699.0,27075.0,26890.0,26878.0,26772.0,26785.0,26489.0,26833.0,26996.0,26881.0,26903.0,26924.0,26944.0,26989.0,26924.0,26625.0,26887.0,26859.0,26568.0,26839.0,26816.0,26600.0,27081.0,27074.0,26917.0,26937.0,26879.0,27171.0,27024.0,26748.0,26866.0,26788.0,26900.0,26900.0,26779.0,26779.0,26587.0,26722.0,26914.0,26816.0,27010.0,27220.0,27354.0,27607.0,27210.0,27265.0,27047.0,27060.0,26371.0,26677.0,26187.0,26200.0,26256.0,26073.0,26654.0,27457.0,28100.0,28455.0,28871.0,28968.0,28664.0,28279.0,26973.0,26249.0,24724.0,23719.0,23159.0,22694.0,23549.0,24882.0,27615.0,30932.0,34867.0,37591.0,38363.0,36401.0,31912.0,23679.0,13748.0,5756.0,1497.0,212.0,77.0,22.0,0.0,0.0,0.0,22.0,77.0,212.0,1497.0,5756.0,13748.0,23679.0,31912.0,36401.0,38363.0,37591.0,34867.0,30932.0,27615.0,24882.0,23549.0,22694.0,23159.0,23719.0,24724.0,26249.0,26973.0,28279.0,28664.0,28968.0,28871.0,28455.0,28100.0,27457.0,26654.0,26073.0,26256.0,26200.0,26187.0,26677.0,26371.0,27060.0,27047.0,27265.0,27210.0,27607.0,27354.0,27220.0,27010.0,26816.0,26914.0,26722.0,26587.0,26779.0,26779.0,26900.0,26900.0,26788.0,26866.0,26748.0,27024.0,27171.0,26879.0,26937.0,26917.0,27074.0,27081.0,26600.0,26816.0,26839.0,26568.0,26859.0,26887.0,26625.0,26924.0,26989.0,26944.0,26924.0,26903.0,26881.0,26996.0,26833.0,26489.0,26785.0,26772.0,26878.0,26890.0,27075.0,26699.0,26886.0,26806.0,26737.0,26751.0,26961.0,26803.0,26721.0,26852.0,26761.0,26614.0,26828.0,26915.0,26495.0,26871.0,26991.0
8.0,7.0,13.0,10.0,8.0,11.0,7.0,5.0,6.0,5.0,4.0,9.0,3.0,6.0,6.0,6.0,9.0,5.0,10.0,8.0,9.0,9.0,9.0,15.0,10.0,14.0,10.0,8.0,12.0,16.0,11.0,13.0,12.0,9.0,7.0,17.0,15.0,6.0,9.0,6.0,6.0,15.0,14.0,16.0,8.0,6.0,4.0,9.0,12.0,10.0,11.0,5.0,2.0,1.0,2.0,2.0,4.0,3.0,2.0,1.0,0.0,2.0,3.0,0.0,0.0,0.0,0.0,1.0,0.0,1.0,0.0,0.0,1.0,0.0,0.0,0.0,0.0,1.0,0.0,0.0,-0.0,1.0,0.0,0.0,0.0,0.0,0.0,0.0,0.0,0.0,0.0,0.0,0.0,0.0,0.0,0.0,-0.0,1.0,0.0,0.0,0.0,0.0,0.0,1.0,0.0,0.0,0.0,-0.0,-0.0,0.0,0.0,0.0,-0.0,0.0,0.0,0.0,0.0,0.0,0.0,1.0,-0.0,0.0,0.0,1.0,0.0,0.0,0.0,0.0,1.0,0.0,0.0,1.0,0.0,1.0,0.0,0.0,-0.0,0.0,3.0,2.0,0.0,1.0,2.0,3.0,4.0,2.0,2.0,1.0,2.0,5.0,11.0,10.0,12.0,9.0,4.0,6.0,8.0,16.0,14.0,15.0,6.0,6.0,9.0,6.0,15.0,17.0,7.0,9.0,12.0,13.0,11.0,16.0,12.0,8.0,10.0,14.0,10.0,15.0,9.0,9.0,9.0,8.0,10.0,5.0,9.0,6.0,6.0,6.0,3.0,9.0,4.0,5.0,6.0,5.0,7.0,11.0,8.0,10.0,13.0,7.0,8.0
557.0,552.0,557.0,565.0,570.0,614.0,603.0,615.0,610.0,622.0,586.0,628.0,617.0,671.0,693.0,659.0,736.0,745.0,770.0,774.0,761.0,820.0,796.0,807.0,794.0,801.0,844.0,891.0,840.0,858.0,857.0,864.0,823.0,884.0,814.0,795.0,829.0,813.0,780.0,729.0,730.0,677.0,643.0,647.0,627.0,638.0,588.0,537.0,496.0,484.0,470.0,474.0,459.0,459.0,423.0,424.0,419.0,375.0,396.0,370.0,368.0,338.0,361.0,343.0,353.0,343.0,343.0,304.0,324.0,330.0,335.0,336.0,278.0,279.0,341.0,291.0,290.0,289.0,304.0,259.0,265.0,272.0,287.0,250.0,253.0,224.0,243.0,252.0,193.0,206.0,219.0,168.0,182.0,149.0,114.0,84.0,56.0,38.0,16.0,20.0,0.0,20.0,16.0,38.0,56.0,84.0,114.0,149.0,182.0,168.0,219.0,206.0,193.0,252.0,243.0,224.0,253.0,250.0,287.0,272.0,265.0,259.0,304.0,289.0,290.0,291.0,341.0,279.0,278.0,336.0,335.0,330.0,324.0,304.0,343.0,343.0,353.0,343.0,361.0,338.0,368.0,370.0,396.0,375.0,419.0,424.0,423.0,459.0,459.0,474.0,470.0,484.0,496.0,537.0,588.0,638.0,627.0,647.0,643.0,677.0,730.0,729.0,780.0,813.0,829.0,795.0,814.0,884.0,823.0,864.0,857.0,858.0,840.0,891.0,844.0,801.0,794.0,807.0,796.0,820.0,761.0,774.0,770.0,745.0,736.0,659.0,693.0,671.0,617.0,628.0,586.0,622.0,610.0,615.0,603.0,614.0,570.0,565.0,557.0,552.0,557.0
2332.0,2153.0,2211.0,2299.0,2282.0,2242.0,2247.0,2253.0,2204.0,2232.0,2174.0,2342.0,2225.0,2221.0,2200.0,2249.0,2244.0,2203.0,2264.0,2196.0,2131.0,2193.0,2289.0,2220.0,2190.0,2230.0,2124.0,2146.0,2197.0,2225.0,2145.0,2239.0,2171.0,2348.0,2273.0,2268.0,2427.0,2388.0,2429.0,2454.0,2486.0,2616.0,2546.0,2667.0,2751.0,2622.0,2670.0,2596.0,2680.0,2705.0,2655.0,2656.0,2587.0,2597.0,2606.0,2538.0,2509.0,2598.0,2576.0,2514.0,2493.0,2463.0,2473.0,2452.0,2498.0,2450.0,2445.0,2550.0,2540.0,2561.0,2557.0,2457.0,2429.0,2335.0,2300.0,2095.0,1843.0,1695.0,1406.0,1237.0,1115.0,899.0,922.0,904.0,847.0,768.0,753.0,717.0,705.0,718.0,622.0,585.0,601.0,571.0,479.0,453.0,431.0,226.0,40.0,17.0,0.0,17.0,40.0,226.0,431.0,453.0,479.0,571.0,601.0,585.0,622.0,718.0,705.0,717.0,753.0,768.0,847.0,904.0,922.0,899.0,1115.0,1237.0,1406.0,1695.0,1843.0,2095.0,2300.0,2335.0,2429.0,2457.0,2557.0,2561.0,2540.0,2550.0,2445.0,2450.0,2498.0,2452.0,2473.0,2463.0,2493.0,2514.0,2576.0,2598.0,2509.0,2538.0,2606.0,2597.0,2587.0,2656.0,2655.0,2705.0,2680.0,2596.0,2670.0,2622.0,2751.0,2667.0,2546.0,2616.0,2486.0,2454.0,2429.0,2388.0,2427.0,2268.0,2273.0,2348.0,2171.0,2239.0,2145.0,2225.0,2197.0,2146.0,2124.0,2230.0,2190.0,2220.0,2289.0,2193.0,2131.0,2196.0,2264.0,2203.0,2244.0,2249.0,2200.0,2221.0,2225.0,2342.0,2174.0,2232.0,2204.0,2253.0,2247.0,2242.0,2282.0,2299.0,2211.0,2153.0,2332.0
1244.0,1275.0,1271.0,1230.0,1227.0,1252.0,1270.0,1231.0,1309.0,1242.0,1277.0,1301.0,1284.0,1300.0,1248.0,1271.0,1253.0,1314.0,1221.0,1259.0,1290.0,1277.0,1299.0,1331.0,1325.0,1371.0,1326.0,1361.0,1371.0,1357.0,1353.0,1395.0,1361.0,1362.0,1353.0,1394.0,1392.0,1404.0,1438.0,1461.0,1430.0,1444.0,1431.0,1469.0,1466.0,1528.0,1492.0,1509.0,1520.0,1508.0,1594.0,1629.0,1575.0,1632.0,1599.0,1559.0,1616.0,1710.0,1707.0,1686.0,1748.0,1729.0,1723.0,1759.0,1814.0,1791.0,1862.0,1785.0,1885.0,1855.0,1902.0,1974.0,2021.0,2139.0,2116.0,2215.0,2196.0,2266.0,2316.0,2351.0,2413.0,2363.0,2485.0,2527.0,2678.0,2794.0,2953.0,3113.0,3217.0,3324.0,3626.0,3872.0,4014.0,4350.0,4876.0,5555.0,6511.0,7772.0,10215.0,10856.0,0.0,10856.0,10215.0,7772.0,6511.0,5555.0,4876.0,4350.0,4014.0,3872.0,3626.0,3324.0,3217.0,3113.0,2953.0,2794.0,2678.0,2527.0,2485.0,2363.0,2413.0,2351.0,2316.0,2266.0,2196.0,2215.0,2116.0,2139.0,2021.0,1974.0,1902.0,1855.0,1885.0,1785.0,1862.0,1791.0,1814.0,1759.0,1723.0,1729.0,1748.0,1686.0,1707.0,1710.0,1616.0,1559.0,1599.0,1632.0,1575.0,1629.0,1594.0,1508.0,1520.0,1509.0,1492.0,1528.0,1466.0,1469.0,1431.0,1444.0,1430.0,1461.0,1438.0,1404.0,1392.0,1394.0,1353.0,1362.0,1361.0,1395.0,1353.0,1357.0,1371.0,1361.0,1326.0,1371.0,1325.0,1331.0,1299.0,1277.0,1290.0,1259.0,1221.0,1314.0,1253.0,1271.0,1248.0,1300.0,1284.0,1301.0,1277.0,1242.0,1309.0,1231.0,1270.0,1252.0,1227.0,1230.0,1271.0,1275.0,1244.0
849.0,816.0,818.0,784.0,827.0,763.0,788.0,739.0,756.0,755.0,779.0,797.0,746.0,731.0,738.0,754.0,701.0,681.0,682.0,707.0,661.0,676.0,648.0,650.0,670.0,700.0,677.0,706.0,672.0,744.0,770.0,743.0,716.0,756.0,766.0,737.0,760.0,782.0,780.0,793.0,802.0,784.0,809.0,796.0,728.0,781.0,759.0,785.0,768.0,734.0,774.0,823.0,789.0,865.0,801.0,837.0,823.0,832.0,912.0,876.0,910.0,934.0,901.0,925.0,903.0,906.0,946.0,934.0,965.0,987.0,932.0,964.0,1000.0,979.0,975.0,1066.0,1072.0,1091.0,1133.0,1107.0,1146.0,1191.0,1232.0,1246.0,1315.0,1334.0,1399.0,1435.0,1454.0,1475.0,1594.0,1641.0,1811.0,2044.0,2269.0,2812.0,3035.0,3978.0,5185.0,3632.0,0.0,3632.0,5185.0,3978.0,3035.0,2812.0,2269.0,2044.0,1811.0,1641.0,1594.0,1475.0,1454.0,1435.0,1399.0,1334.0,1315.0,1246.0,1232.0,1191.0,1146.0,1107.0,1133.0,1091.0,1072.0,1066.0,975.0,979.0,1000.0,964.0,932.0,987.0,965.0,934.0,946.0,906.0,903.0,925.0,901.0,934.0,910.0,876.0,912.0,832.0,823.0,837.0,801.0,865.0,789.0,823.0,774.0,734.0,768.0,785.0,759.0,781.0,728.0,796.0,809.0,784.0,802.0,793.0,780.0,782.0,760.0,737.0,766.0,756.0,716.0,743.0,770.0,744.0,672.0,706.0,677.0,700.0,670.0,650.0,648.0,676.0,661.0,707.0,682.0,681.0,701.0,754.0,738.0,731.0,746.0,797.0,779.0,755.0,756.0,739.0,788.0,763.0,827.0,784.0,818.0,816.0,849.0
2108.0,2037.0,2055.0,2155.0,1966.0,2178.0,2002.0,2016.0,2019.0,1997.0,2027.0,2060.0,2075.0,2013.0,2085.0,2018.0,2085.0,2022.0,1974.0,2108.0,2007.0,2010.0,1966.0,2026.0,2059.0,1978.0,2051.0,2098.0,2040.0,2046.0,2176.0,2115.0,2044.0,2040.0,1988.0,2035.0,2093.0,2116.0,2098.0,1956.0,2061.0,2107.0,2175.0,2261.0,2115.0,2186.0,2158.0,2158.0,2249.0,2158.0,2148.0,2134.0,2102.0,2159.0,2260.0,2217.0,2329.0,2382.0,2344.0,2389.0,2320.0,2323.0,2294.0,2293.0,2250.0,2282.0,2330.0,2368.0,2365.0,2344.0,2421.0,2472.0,2448.0,2488.0,2484.0,2441.0,2518.0,2512.0,2573.0,2584.0,2640.0,2693.0,2835.0,3055.0,3080.0,3361.0,3391.0,3417.0,3466.0,3480.0,3450.0,3439.0,3516.0,3531.0,3793.0,3729.0,3521.0,4281.0,4109.0,3241.0,0.0,3241.0,4109.0,4281.0,3521.0,3729.0,3793.0,3531.0,3516.0,3439.0,3450.0,3480.0,3466.0,3417.0,3391.0,3361.0,3080.0,3055.0,2835.0,2693.0,2640.0,2584.0,2573.0,2512.0,2518.0,2441.0,2484.0,2488.0,2448.0,2472.0,2421.0,2344.0,2365.0,2368.0,2330.0,2282.0,2250.0,2293.0,2294.0,2323.0,2320.0,2389.0,2344.0,2382.0,2329.0,2217.0,2260.0,2159.0,2102.0,2134.0,2148.0,2158.0,2249.0,2158.0,2158.0,2186.0,2115.0,2261.0,2175.0,2107.0,2061.0,1956.0,2098.0,2116.0,2093.0,2035.0,1988.0,2040.0,2044.0,2115.0,2176.0,2046.0,2040.0,2098.0,2051.0,1978.0,2059.0,2026.0,1966.0,2010.0,2007.0,2108.0,1974.0,2022.0,2085.0,2018.0,2085.0,2013.0,2075.0,2060.0,2027.0,1997.0,2019.0,2016.0,2002.0,2178.0,1966.0,2155.0,2055.0,2037.0,2108.0
8.0,15.0,11.0,9.0,8.0,8.0,7.0,12.0,8.0,4.0,7.0,5.0,7.0,10.0,9.0,7.0,10.0,5.0,9.0,8.0,8.0,4.0,6.0,8.0,9.0,10.0,9.0,5.0,6.0,5.0,14.0,4.0,9.0,4.0,0.0,4.0,8.0,6.0,4.0,6.0,3.0,3.0,4.0,5.0,4.0,4.0,5.0,2.0,3.0,5.0,0.0,4.0,0.0,4.0,1.0,0.0,0.0,2.0,0.0,1.0,0.0,2.0,1.0,1.0,0.0,0.0,1.0,0.0,0.0,0.0,0.0,0.0,1.0,0.0,0.0,0.0,1.0,0.0,0.0,1.0,1.0,0.0,1.0,1.0,0.0,0.0,3.0,-0.0,1.0,1.0,0.0,1.0,1.0,2.0,1.0,3.0,3.0,1.0,1.0,1.0,0.0,1.0,1.0,1.0,3.0,3.0,1.0,2.0,1.0,1.0,0.0,1.0,1.0,0.0,3.0,0.0,0.0,1.0,1.0,0.0,1.0,1.0,0.0,0.0,1.0,0.0,0.0,0.0,1.0,0.0,0.0,0.0,0.0,0.0,1.0,0.0,-0.0,1.0,1.0,2.0,-0.0,1.0,0.0,2.0,0.0,0.0,1.0,4.0,0.0,4.0,0.0,5.0,3.0,2.0,5.0,4.0,4.0,5.0,4.0,3.0,3.0,6.0,4.0,6.0,8.0,4.0,0.0,4.0,9.0,4.0,14.0,5.0,6.0,5.0,9.0,10.0,9.0,8.0,6.0,4.0,8.0,8.0,9.0,5.0,10.0,7.0,9.0,10.0,7.0,5.0,7.0,4.0,8.0,12.0,7.0,8.0,8.0,9.0,11.0,15.0,8.0
6535.0,6371.0,6388.0,6433.0,6246.0,6310.0,6250.0,6129.0,6056.0,6142.0,6104.0,6131.0,6149.0,6039.0,6051.0,6028.0,6069.0,5991.0,6010.0,5944.0,6005.0,5962.0,5867.0,5969.0,5964.0,5887.0,5895.0,5981.0,6022.0,5940.0,6002.0,6161.0,6098.0,6115.0,6122.0,6251.0,6234.0,6372.0,6434.0,6403.0,6582.0,6653.0,6658.0,6812.0,7032.0,7197.0,7169.0,7277.0,7448.0,7578.0,7740.0,7839.0,7969.0,8086.0,8188.0,8260.0,8372.0,8492.0,8592.0,8620.0,8873.0,8833.0,8959.0,9012.0,9125.0,9056.0,9249.0,9384.0,9400.0,9586.0,9637.0,9637.0,9835.0,10061.0,10263.0,10552.0,10709.0,11032.0,11231.0,11526.0,11911.0,12365.0,12657.0,13118.0,13777.0,14145.0,14815.0,15351.0,16201.0,16967.0,18168.0,18717.0,19980.0,21142.0,22320.0,23886.0,25310.0,27599.0,30125.0,25017.0,0.0,25017.0,30125.0,27599.0,25310.0,23886.0,22320.0,21142.0,19980.0,18717.0,18168.0,16967.0,16201.0,15351.0,14815.0,14145.0,13777.0,13118.0,12657.0,12365.0,11911.0,11526.0,11231.0,11032.0,10709.0,10552.0,10263.0,10061.0,9835.0,9637.0,9637.0,9586.0,9400.0,9384.0,9249.0,9056.0,9125.0,9012.0,8959.0,8833.0,8873.0,8620.0,8592.0,8492.0,8372.0,8260.0,8188.0,8086.0,7969.0,7839.0,7740.0,7578.0,7448.0,7277.0,7169.0,7197.0,7032.0,6812.0,6658.0,6653.0,6582.0,6403.0,6434.0,6372.0,6234.0,6251.0,6122.0,6115.0,6098.0,6161.0,6002.0,5940.0,6022.0,5981.0,5895.0,5887.0,5964.0,5969.0,5867.0,5962.0,6005.0,5944.0,6010.0,5991.0,6069.0,6028.0,6051.0,6039.0,6149.0,6131.0,6104.0,6142.0,6056.0,6129.0,6250.0,6310.0,6246.0,6433.0,6388.0,6371.0,6535.0
2891.0,2895.0,2879.0,2827.0,2696.0,2740.0,2658.0,2811.0,2850.0,2840.0,2843.0,2935.0,2894.0,2871.0,2882.0,2889.0,2880.0,2973.0,2878.0,2793.0,2845.0,2851.0,2862.0,2858.0,2850.0,2901.0,2963.0,3089.0,3112.0,3195.0,3229.0,3206.0,3263.0,3129.0,3166.0,3129.0,3222.0,3266.0,3236.0,3282.0,3334.0,3471.0,3432.0,3473.0,3313.0,3357.0,3353.0,3296.0,3284.0,3184.0,3269.0,3313.0,3259.0,3334.0,3376.0,3355.0,3494.0,3489.0,3466.0,3419.0,3402.0,3233.0,3225.0,3259.0,3179.0,3278.0,3388.0,3402.0,3561.0,3622.0,3685.0,3801.0,3879.0,3992.0,3896.0,3879.0,3863.0,3879.0,3915.0,4003.0,4248.0,4395.0,4624.0,4948.0,5389.0,5578.0,5856.0,6063.0,5942.0,5985.0,5977.0,6066.0,6361.0,6707.0,7261.0,8728.0,11636.0,15998.0,20634.0,25310.0,0.0,25310.0,20634.0,15998.0,11636.0,8728.0,7261.0,6707.0,6361.0,6066.0,5977.0,5985.0,5942.0,6063.0,5856.0,5578.0,5389.0,4948.0,4624.0,4395.0,4248.0,4003.0,3915.0,3879.0,3863.0,3879.0,3896.0,3992.0,3879.0,3801.0,3685.0,3622.0,3561.0,3402.0,3388.0,3278.0,3179.0,3259.0,3225.0,3233.0,3402.0,3419.0,3466.0,3489.0,3494.0,3355.0,3376.0,3334.0,3259.0,3313.0,3269.0,3184.0,3284.0,3296.0,3353.0,3357.0,3313.0,3473.0,3432.0,3471.0,3334.0,3282.0,3236.0,3266.0,3222.0,3129.0,3166.0,3129.0,3263.0,3206.0,3229.0,3195.0,3112.0,3089.0,2963.0,2901.0,2850.0,2858.0,2862.0,2851.0,2845.0,2793.0,2878.0,2973.0,2880.0,2889.0,2882.0,2871.0,2894.0,2935.0,2843.0,2840.0,2850.0,2811.0,2658.0,2740.0,2696.0,2827.0,2879.0,2895.0,2891.0
11306.0,11442.0,11512.0,11391.0,11238.0,11256.0,11043.0,10989.0,10830.0,10906.0,11141.0,11233.0,11332.0,11641.0,11812.0,11982.0,11930.0,12010.0,11831.0,11707.0,11527.0,11288.0,11346.0,11218.0,11265.0,11283.0,11540.0,11946.0,12127.0,12300.0,12161.0,11936.0,11955.0,11415.0,11033.0,10977.0,10973.0,10909.0,10882.0,10953.0,11140.0,11591.0,12139.0,12462.0,12435.0,12136.0,11752.0,11497.0,11307.0,11206.0,11038.0,11077.0,11087.0,11311.0,11723.0,12191.0,12815.0,13239.0,13461.0,13290.0,12819.0,12279.0,12065.0,11785.0,11568.0,11524.0,11505.0,11741.0,11880.0,12919.0,13831.0,14513.0,15117.0,14536.0,13847.0,13184.0,12605.0,12615.0,12722.0,12647.0,13005.0,13215.0,14001.0,14914.0,16889.0,18952.0,20219.0,19780.0,18221.0,17103.0,16409.0,15970.0,16216.0,16524.0,16755.0,17161.0,18138.0,18831.0,23353.0,41793.0,0.0,41793.0,23353.0,18831.0,18138.0,17161.0,16755.0,16524.0,16216.0,15970.0,16409.0,17103.0,18221.0,19780.0,20219.0,18952.0,16889.0,14914.0,14001.0,13215.0,13005.0,12647.0,12722.0,12615.0,12605.0,13184.0,13847.0,14536.0,15117.0,14513.0,13831.0,12919.0,11880.0,11741.0,11505.0,11524.0,11568.0,11785.0,12065.0,12279.0,12819.0,13290.0,13461.0,13239.0,12815.0,12191.0,11723.0,11311.0,11087.0,11077.0,11038.0,11206.0,11307.0,11497.0,11752.0,12136.0,12435.0,12462.0,12139.0,11591.0,11140.0,10953.0,10882.0,10909.0,10973.0,10977.0,11033.0,11415.0,11955.0,11936.0,12161.0,12300.0,12127.0,11946.0,11540.0,11283.0,11265.0,11218.0,11346.0,11288.0,11527.0,11707.0,11831.0,12010.0,11930.0,11982.0,11812.0,11641.0,11332.0,11233.0,11141.0,10906.0,10830.0,10989.0,11043.0,11256.0,11238.0,11391.0,11512.0,11442.0,11306.0
9561.0,9656.0,9764.0,9838.0,9897.0,9984.0,10090.0,10048.0,10124.0,10376.0,10128.0,10439.0,10399.0,10598.0,10605.0,10789.0,10889.0,10787.0,11168.0,11233.0,11288.0,11208.0,11376.0,11680.0,11510.0,11696.0,11727.0,12030.0,12232.0,12270.0,12480.0,12563.0,12550.0,12967.0,12831.0,13121.0,12968.0,13238.0,13265.0,13376.0,13355.0,13441.0,13478.0,13647.0,13589.0,13626.0,13462.0,13664.0,13421.0,13303.0,13139.0,13007.0,13005.0,13043.0,12895.0,12727.0,12836.0,12738.0,12749.0,12684.0,12528.0,12660.0,12490.0,12363.0,12406.0,12411.0,12388.0,12483.0,12439.0,12667.0,12681.0,12903.0,12814.0,12846.0,13081.0,12904.0,12950.0,12871.0,12808.0,12868.0,13068.0,13107.0,13503.0,13885.0,14135.0,14849.0,15331.0,16190.0,16817.0,17764.0,19179.0,20666.0,22643.0,25011.0,27590.0,30569.0,33811.0,37746.0,39637.0,29066.0,0.0,29066.0,39637.0,37746.0,33811.0,30569.0,27590.0,25011.0,22643.0,20666.0,19179.0,17764.0,16817.0,16190.0,15331.0,14849.0,14135.0,13885.0,13503.0,13107.0,13068.0,12868.0,12808.0,12871.0,12950.0,12904.0,13081.0,12846.0,12814.0,12903.0,12681.0,12667.0,12439.0,12483.0,12388.0,12411.0,12406.0,12363.0,12490.0,12660.0,12528.0,12684.0,12749.0,12738.0,12836.0,12727.0,12895.0,13043.0,13005.0,13007.0,13139.0,13303.0,13421.0,13664.0,13462.0,13626.0,13589.0,13647.0,13478.0,13441.0,13355.0,13376.0,13265.0,13238.0,12968.0,13121.0,12831.0,12967.0,12550.0,12563.0,12480.0,12270.0,12232.0,12030.0,11727.0,11696.0,11510.0,11680.0,11376.0,11208.0,11288.0,11233.0,11168.0,10787.0,10889.0,10789.0,10605.0,10598.0,10399.0,10439.0,10128.0,10376.0,10124.0,10048.0,10090.0,9984.0,9897.0,9838.0,9764.0,9656.0,9561.0
126566.0,126616.0,127583.0,127516.0,126878.0,127842.0,127642.0,127928.0,128160.0,128006.0,128724.0,128446.0,128835.0,128846.0,129316.0,128939.0,129153.0,130165.0,129619.0,130141.0,130394.0,130521.0,129921.0,130872.0,130581.0,131256.0,131014.0,132008.0,131833.0,131118.0,132271.0,132022.0,132222.0,133105.0,132916.0,132655.0,133254.0,132996.0,133737.0,133781.0,134003.0,134250.0,134157.0,134896.0,134549.0,135050.0,135484.0,134825.0,135732.0,135906.0,136297.0,136554.0,135708.0,136917.0,137488.0,136962.0,137432.0,137361.0,138022.0,138073.0,138218.0,138890.0,138689.0,138727.0,139662.0,139827.0,139817.0,139726.0,141228.0,140858.0,140535.0,141481.0,141349.0,142063.0,142728.0,143073.0,142699.0,143146.0,143491.0,144107.0,144301.0,144494.0,146323.0,146251.0,146576.0,145877.0,146190.0,146594.0,145993.0,148577.0,149020.0,148342.0,152186.0,159182.0,160822.0,170927.0,150593.0,110736.0,44906.0,1738.0,0.0,1738.0,44906.0,110736.0,150593.0,170927.0,160822.0,159182.0,152186.0,148342.0,149020.0,148577.0,145993.0,146594.0,146190.0,145877.0,146576.0,146251.0,146323.0,144494.0,144301.0,144107.0,143491.0,143146.0,142699.0,143073.0,142728.0,142063.0,141349.0,141481.0,140535.0,140858.0,141228.0,139726.0,139817.0,139827.0,139662.0,138727.0,138689.0,138890.0,138218.0,138073.0,138022.0,137361.0,137432.0,136962.0,137488.0,136917.0,135708.0,136554.0,136297.0,135906.0,135732.0,134825.0,135484.0,135050.0,134549.0,134896.0,134157.0,134250.0,134003.0,133781.0,133737.0,132996.0,133254.0,132655.0,132916.0,133105.0,132222.0,132022.0,132271.0,131118.0,131833.0,132008.0,131014.0,131256.0,130581.0,130872.0,129921.0,130521.0,130394.0,130141.0,129619.0,130165.0,129153.0,128939.0,129316.0,128846.0,128835.0,128446.0,128724.0,128006.0,128160.0,127928.0,127642.0,127842.0,126878.0,127516.0,127583.0,126616.0,126566.0
15.0,10.0,20.0,23.0,16.0,14.0,17.0,14.0,14.0,18.0,13.0,16.0,17.0,19.0,19.0,14.0,18.0,14.0,13.0,12.0,13.0,13.0,17.0,21.0,10.0,10.0,12.0,17.0,16.0,11.0,13.0,11.0,14.0,10.0,10.0,14.0,7.0,11.0,15.0,12.0,7.0,6.0,9.0,14.0,6.0,8.0,5.0,2.0,5.0,5.0,3.0,5.0,6.0,0.0,4.0,4.0,2.0,3.0,2.0,0.0,1.0,2.0,0.0,2.0,1.0,0.0,3.0,0.0,0.0,0.0,0.0,0.0,-0.0,0.0,0.0,0.0,2.0,1.0,1.0,0.0,-0.0,-0.0,0.0,-0.0,1.0,0.0,0.0,0.0,0.0,0.0,0.0,0.0,0.0,0.0,0.0,0.0,-0.0,0.0,0.0,0.0,0.0,0.0,0.0,0.0,0.0,0.0,0.0,0.0,-0.0,0.0,0.0,0.0,-0.0,-0.0,0.0,0.0,1.0,0.0,0.0,0.0,-0.0,0.0,1.0,1.0,2.0,0.0,0.0,0.0,-0.0,-0.0,0.0,0.0,0.0,0.0,3.0,0.0,1.0,2.0,0.0,2.0,1.0,0.0,2.0,3.0,2.0,4.0,4.0,0.0,6.0,5.0,3.0,5.0,5.0,2.0,5.0,8.0,6.0,14.0,9.0,6.0,7.0,12.0,15.0,11.0,7.0,14.0,10.0,10.0,14.0,11.0,13.0,11.0,16.0,17.0,12.0,10.0,10.0,21.0,17.0,13.0,13.0,12.0,13.0,14.0,18.0,14.0,19.0,19.0,17.0,16.0,13.0,18.0,14.0,14.0,17.0,14.0,16.0,23.0,20.0,10.0,15.0
40478.0,40158.0,40336.0,40366.0,40942.0,40389.0,40291.0,40318.0,40308.0,40760.0,40622.0,40358.0,40645.0,40713.0,40775.0,40470.0,40285.0,40676.0,40990.0,40444.0,41004.0,40632.0,40773.0,40375.0,40887.0,41222.0,40846.0,40854.0,40521.0,41039.0,40739.0,41221.0,40605.0,41077.0,41071.0,40824.0,41513.0,41140.0,40814.0,41041.0,41321.0,41307.0,41253.0,41014.0,41471.0,41000.0,41155.0,41329.0,41490.0,41857.0,41603.0,41549.0,41587.0,41415.0,41597.0,41622.0,41465.0,42019.0,41526.0,42268.0,41826.0,42026.0,42031.0,41574.0,42525.0,42158.0,41992.0,42235.0,42363.0,42049.0,42246.0,42395.0,42535.0,42207.0,42471.0,42882.0,43282.0,42728.0,42770.0,43387.0,43313.0,43306.0,43307.0,43526.0,43653.0,43306.0,43305.0,43434.0,43723.0,43868.0,43591.0,44512.0,44763.0,43406.0,41136.0,35992.0,25668.0,14715.0,5651.0,1912.0,0.0,1912.0,5651.0,14715.0,25668.0,35992.0,41136.0,43406.0,44763.0,44512.0,43591.0,43868.0,43723.0,43434.0,43305.0,43306.0,43653.0,43526.0,43307.0,43306.0,43313.0,43387.0,42770.0,42728.0,43282.0,42882.0,42471.0,42207.0,42535.0,42395.0,42246.0,42049.0,42363.0,42235.0,41992.0,42158.0,42525.0,41574.0,42031.0,42026.0,41826.0,42268.0,41526.0,42019.0,41465.0,41622.0,41597.0,41415.0,41587.0,41549.0,41603.0,41857.0,41490.0,41329.0,41155.0,41000.0,41471.0,41014.0,41253.0,41307.0,41321.0,41041.0,40814.0,41140.0,41513.0,40824.0,41071.0,41077.0,40605.0,41221.0,40739.0,41039.0,40521.0,40854.0,40846.0,41222.0,40887.0,40375.0,40773.0,40632.0,41004.0,40444.0,40990.0,40676.0,40285.0,40470.0,40775.0,40713.0,40645.0,40358.0,40622.0,40760.0,40308.0,40318.0,40291.0,40389.0,40942.0,40366.0,40336.0,40158.0,40478.0
9.0,11.0,12.0,14.0,12.0,8.0,10.0,8.0,16.0,10.0,7.0,13.0,17.0,13.0,15.0,8.0,10.0,10.0,8.0,10.0,20.0,11.0,9.0,17.0,8.0,13.0,11.0,11.0,9.0,15.0,11.0,8.0,9.0,8.0,8.0,9.0,6.0,9.0,11.0,9.0,8.0,10.0,9.0,7.0,10.0,8.0,7.0,6.0,7.0,2.0,4.0,3.0,0.0,4.0,1.0,4.0,1.0,1.0,1.0,2.0,4.0,1.0,1.0,0.0,3.0,0.0,1.0,2.0,1.0,0.0,1.0,1.0,-0.0,2.0,1.0,0.0,0.0,-0.0,0.0,1.0,-0.0,0.0,-0.0,0.0,0.0,0.0,0.0,0.0,0.0,0.0,0.0,0.0,0.0,0.0,0.0,1.0,-0.0,0.0,1.0,0.0,0.0,0.0,1.0,0.0,0.0,1.0,0.0,0.0,-0.0,0.0,0.0,0.0,-0.0,0.0,0.0,0.0,0.0,0.0,0.0,0.0,-0.0,1.0,0.0,0.0,0.0,0.0,1.0,2.0,-0.0,1.0,1.0,0.0,1.0,2.0,1.0,0.0,3.0,0.0,1.0,1.0,4.0,2.0,1.0,1.0,1.0,4.0,1.0,4.0,0.0,3.0,4.0,2.0,7.0,6.0,7.0,8.0,10.0,7.0,9.0,10.0,8.0,9.0,11.0,9.0,6.0,9.0,8.0,8.0,9.0,8.0,11.0,15.0,9.0,11.0,11.0,13.0,8.0,17.0,9.0,11.0,20.0,10.0,8.0,10.0,10.0,8.0,15.0,13.0,17.0,13.0,7.0,10.0,16.0,8.0,10.0,8.0,12.0,14.0,12.0,11.0,9.0
44832.0,44579.0,44360.0,43951.0,44324.0,44488.0,44410.0,44447.0,44411.0,44518.0,44375.0,44332.0,44243.0,44403.0,44307.0,44484.0,44136.0,44713.0,44482.0,44537.0,44643.0,44658.0,44130.0,44279.0,44167.0,44372.0,44480.0,44323.0,44505.0,44494.0,44871.0,44477.0,44450.0,44187.0,44292.0,44308.0,44102.0,44633.0,44767.0,44566.0,44860.0,44493.0,44505.0,44795.0,44148.0,44394.0,44621.0,44226.0,44408.0,44617.0,44720.0,44883.0,44820.0,44567.0,44560.0,44927.0,44960.0,44298.0,44657.0,45024.0,44636.0,44836.0,44866.0,44995.0,44777.0,45070.0,44761.0,44799.0,44690.0,44869.0,44690.0,44859.0,44985.0,45250.0,45792.0,46289.0,46022.0,46011.0,45921.0,45377.0,44733.0,44314.0,43605.0,43169.0,42652.0,42382.0,43553.0,46440.0,51507.0,56319.0,59510.0,58813.0,53752.0,41560.0,26928.0,14760.0,5827.0,1086.0,87.0,158.0,0.0,158.0,87.0,1086.0,5827.0,14760.0,26928.0,41560.0,53752.0,58813.0,59510.0,56319.0,51507.0,46440.0,43553.0,42382.0,42652.0,43169.0,43605.0,44314.0,44733.0,45377.0,45921.0,46011.0,46022.0,46289.0,45792.0,45250.0,44985.0,44859.0,44690.0,44869.0,44690.0,44799.0,44761.0,45070.0,44777.0,44995.0,44866.0,44836.0,44636.0,45024.0,44657.0,44298.0,44960.0,44927.0,44560.0,44567.0,44820.0,44883.0,44720.0,44617.0,44408.0,44226.0,44621.0,44394.0,44148.0,44795.0,44505.0,44493.0,44860.0,44566.0,44767.0,44633.0,44102.0,44308.0,44292.0,44187.0,44450.0,44477.0,44871.0,44494.0,44505.0,44323.0,44480.0,44372.0,44167.0,44279.0,44130.0,44658.0,44643.0,44537.0,44482.0,44713.0,44136.0,44484.0,44307.0,44403.0,44243.0,44332.0,44375.0,44518.0,44411.0,44447.0,44410.0,44488.0,44324.0,43951.0,44360.0,44579.0,44832.0
2921.0,2923.0,2926.0,2926.0,3009.0,2987.0,3019.0,3068.0,3083.0,3139.0,3292.0,3329.0,3351.0,3307.0,3374.0,3451.0,3416.0,3581.0,3542.0,3575.0,3658.0,3645.0,3663.0,3662.0,3701.0,3614.0,3641.0,3683.0,3686.0,3666.0,3714.0,3739.0,3717.0,3697.0,3720.0,3624.0,3631.0,3556.0,3539.0,3538.0,3510.0,3459.0,3447.0,3385.0,3435.0,3409.0,3379.0,3313.0,3203.0,3124.0,3096.0,3003.0,2948.0,2941.0,2932.0,2855.0,2893.0,2826.0,2840.0,2899.0,2902.0,2913.0,2913.0,2939.0,3001.0,3054.0,3103.0,3181.0,3204.0,3196.0,3209.0,3258.0,3345.0,3372.0,3390.0,3458.0,3548.0,3627.0,3714.0,3840.0,3979.0,4131.0,4366.0,4668.0,4880.0,5186.0,5498.0,5971.0,6370.0,7036.0,7556.0,8361.0,9283.0,10131.0,11208.0,12177.0,13377.0,15146.0,17983.0,20470.0,0.0,20470.0,17983.0,15146.0,13377.0,12177.0,11208.0,10131.0,9283.0,8361.0,7556.0,7036.0,6370.0,5971.0,5498.0,5186.0,4880.0,4668.0,4366.0,4131.0,3979.0,3840.0,3714.0,3627.0,3548.0,3458.0,3390.0,3372.0,3345.0,3258.0,3209.0,3196.0,3204.0,3181.0,3103.0,3054.0,3001.0,2939.0,2913.0,2913.0,2902.0,2899.0,2840.0,2826.0,2893.0,2855.0,2932.0,2941.0,2948.0,3003.0,3096.0,3124.0,3203.0,3313.0,3379.0,3409.0,3435.0,3385.0,3447.0,3459.0,3510.0,3538.0,3539.0,3556.0,3631.0,3624.0,3720.0,3697.0,3717.0,3739.0,3714.0,3666.0,3686.0,3683.0,3641.0,3614.0,3701.0,3662.0,3663.0,3645.0,3658.0,3575.0,3542.0,3581.0,3416.0,3451.0,3374.0,3307.0,3351.0,3329.0,3292.0,3139.0,3083.0,3068.0,3019.0,2987.0,3009.0,2926.0,2926.0,2923.0,2921.0
681.0,678.0,631.0,640.0,688.0,652.0,675.0,661.0,629.0,588.0,671.0,659.0,658.0,682.0,695.0,672.0,656.0,676.0,685.0,703.0,605.0,674.0,645.0,728.0,623.0,662.0,702.0,686.0,714.0,649.0,679.0,725.0,631.0,681.0,702.0,711.0,696.0,716.0,664.0,714.0,690.0,702.0,739.0,698.0,694.0,667.0,644.0,675.0,631.0,644.0,562.0,610.0,562.0,577.0,592.0,515.0,516.0,522.0,516.0,507.0,482.0,432.0,433.0,432.0,375.0,406.0,372.0,373.0,376.0,406.0,436.0,491.0,483.0,556.0,551.0,643.0,639.0,678.0,716.0,752.0,835.0,860.0,850.0,943.0,965.0,1061.0,1030.0,1155.0,1139.0,1211.0,1187.0,1327.0,1296.0,1408.0,1325.0,1441.0,1429.0,1205.0,1902.0,265.0,0.0,265.0,1902.0,1205.0,1429.0,1441.0,1325.0,1408.0,1296.0,1327.0,1187.0,1211.0,1139.0,1155.0,1030.0,1061.0,965.0,943.0,850.0,860.0,835.0,752.0,716.0,678.0,639.0,643.0,551.0,556.0,483.0,491.0,436.0,406.0,376.0,373.0,372.0,406.0,375.0,432.0,433.0,432.0,482.0,507.0,516.0,522.0,516.0,515.0,592.0,577.0,562.0,610.0,562.0,644.0,631.0,675.0,644.0,667.0,694.0,698.0,739.0,702.0,690.0,714.0,664.0,716.0,696.0,711.0,702.0,681.0,631.0,725.0,679.0,649.0,714.0,686.0,702.0,662.0,623.0,728.0,645.0,674.0,605.0,703.0,685.0,676.0,656.0,672.0,695.0,682.0,658.0,659.0,671.0,588.0,629.0,661.0,675.0,652.0,688.0,640.0,631.0,678.0,681.0
3601.0,3639.0,3718.0,3650.0,3567.0,3700.0,3814.0,3908.0,3837.0,3713.0,3793.0,3814.0,3924.0,3734.0,3805.0,3866.0,3923.0,3907.0,3836.0,3936.0,3967.0,3982.0,3971.0,3936.0,3885.0,3903.0,3882.0,3826.0,3881.0,3741.0,3779.0,3768.0,3760.0,3683.0,3785.0,3736.0,3674.0,3673.0,3702.0,3509.0,3452.0,3521.0,3517.0,3413.0,3405.0,3418.0,3376.0,3312.0,3179.0,3304.0,3221.0,3254.0,3153.0,3228.0,3225.0,3263.0,3310.0,3361.0,3331.0,3280.0,3337.0,3350.0,3298.0,3355.0,3328.0,3344.0,3325.0,3342.0,3419.0,3493.0,3587.0,3658.0,3654.0,3680.0,3649.0,3644.0,3573.0,3587.0,3588.0,3723.0,3843.0,3933.0,4147.0,4350.0,4796.0,5064.0,5402.0,5535.0,5566.0,5503.0,5444.0,5616.0,5808.0,6137.0,6600.0,6978.0,7479.0,8178.0,9741.0,14129.0,0.0,14129.0,9741.0,8178.0,7479.0,6978.0,6600.0,6137.0,5808.0,5616.0,5444.0,5503.0,5566.0,5535.0,5402.0,5064.0,4796.0,4350.0,4147.0,3933.0,3843.0,3723.0,3588.0,3587.0,3573.0,3644.0,3649.0,3680.0,3654.0,3658.0,3587.0,3493.0,3419.0,3342.0,3325.0,3344.0,3328.0,3355.0,3298.0,3350.0,3337.0,3280.0,3331.0,3361.0,3310.0,3263.0,3225.0,3228.0,3153.0,3254.0,3221.0,3304.0,3179.0,3312.0,3376.0,3418.0,3405.0,3413.0,3517.0,3521.0,3452.0,3509.0,3702.0,3673.0,3674.0,3736.0,3785.0,3683.0,3760.0,3768.0,3779.0,3741.0,3881.0,3826.0,3882.0,3903.0,3885.0,3936.0,3971.0,3982.0,3967.0,3936.0,3836.0,3907.0,3923.0,3866.0,3805.0,3734.0,3924.0,3814.0,3793.0,3713.0,3837.0,3908.0,3814.0,3700.0,3567.0,3650.0,3718.0,3639.0,3601.0
501.0,500.0,509.0,541.0,541.0,546.0,574.0,612.0,581.0,614.0,655.0,644.0,683.0,657.0,671.0,717.0,707.0,716.0,727.0,777.0,743.0,736.0,762.0,811.0,755.0,778.0,789.0,749.0,760.0,763.0,687.0,722.0,662.0,624.0,599.0,569.0,554.0,503.0,467.0,445.0,396.0,371.0,360.0,291.0,277.0,281.0,266.0,252.0,250.0,250.0,246.0,236.0,220.0,229.0,216.0,240.0,238.0,243.0,240.0,257.0,256.0,278.0,300.0,298.0,323.0,322.0,343.0,350.0,375.0,396.0,396.0,454.0,496.0,539.0,574.0,652.0,764.0,791.0,886.0,972.0,1130.0,1214.0,1389.0,1598.0,1744.0,1939.0,2167.0,2450.0,2626.0,2857.0,3210.0,3431.0,3705.0,4085.0,4326.0,4725.0,4976.0,5110.0,6379.0,3336.0,0.0,3336.0,6379.0,5110.0,4976.0,4725.0,4326.0,4085.0,3705.0,3431.0,3210.0,2857.0,2626.0,2450.0,2167.0,1939.0,1744.0,1598.0,1389.0,1214.0,1130.0,972.0,886.0,791.0,764.0,652.0,574.0,539.0,496.0,454.0,396.0,396.0,375.0,350.0,343.0,322.0,323.0,298.0,300.0,278.0,256.0,257.0,240.0,243.0,238.0,240.0,216.0,229.0,220.0,236.0,246.0,250.0,250.0,252.0,266.0,281.0,277.0,291.0,360.0,371.0,396.0,445.0,467.0,503.0,554.0,569.0,599.0,624.0,662.0,722.0,687.0,763.0,760.0,749.0,789.0,778.0,755.0,811.0,762.0,736.0,743.0,777.0,727.0,716.0,707.0,717.0,671.0,657.0,683.0,644.0,655.0,614.0,581.0,612.0,574.0,546.0,541.0,541.0,509.0,500.0,501.0
683.0,759.0,789.0,778.0,835.0,924.0,881.0,945.0,1015.0,1020.0,1039.0,1079.0,1090.0,1135.0,1181.0,1164.0,1223.0,1250.0,1265.0,1227.0,1278.0,1259.0,1268.0,1267.0,1279.0,1232.0,1226.0,1191.0,1178.0,1156.0,1097.0,1037.0,1022.0,957.0,910.0,870.0,796.0,732.0,680.0,595.0,578.0,506.0,448.0,401.0,367.0,330.0,289.0,299.0,274.0,219.0,246.0,221.0,241.0,207.0,245.0,232.0,234.0,217.0,198.0,228.0,217.0,215.0,267.0,268.0,261.0,244.0,282.0,271.0,298.0,307.0,325.0,348.0,356.0,398.0,451.0,486.0,494.0,597.0,672.0,778.0,842.0,918.0,1154.0,1233.0,1378.0,1528.0,1832.0,1885.0,2167.0,2365.0,2535.0,2809.0,3148.0,3176.0,3620.0,3855.0,3910.0,4305.0,4761.0,2394.0,0.0,2394.0,4761.0,4305.0,3910.0,3855.0,3620.0,3176.0,3148.0,2809.0,2535.0,2365.0,2167.0,1885.0,1832.0,1528.0,1378.0,1233.0,1154.0,918.0,842.0,778.0,672.0,597.0,494.0,486.0,451.0,398.0,356.0,348.0,325.0,307.0,298.0,271.0,282.0,244.0,261.0,268.0,267.0,215.0,217.0,228.0,198.0,217.0,234.0,232.0,245.0,207.0,241.0,221.0,246.0,219.0,274.0,299.0,289.0,330.0,367.0,401.0,448.0,506.0,578.0,595.0,680.0,732.0,796.0,870.0,910.0,957.0,1022.0,1037.0,1097.0,1156.0,1178.0,1191.0,1226.0,1232.0,1279.0,1267.0,1268.0,1259.0,1278.0,1227.0,1265.0,1250.0,1223.0,1164.0,1181.0,1135.0,1090.0,1079.0,1039.0,1020.0,1015.0,945.0,881.0,924.0,835.0,778.0,789.0,759.0,683.0
29091.0,28895.0,29328.0,28856.0,29077.0,28938.0,29234.0,29032.0,29400.0,28966.0,29182.0,28835.0,29037.0,28871.0,29172.0,29134.0,28928.0,29172.0,29199.0,29482.0,29094.0,29036.0,29177.0,28841.0,28992.0,28959.0,28877.0,29163.0,29089.0,29369.0,28827.0,29347.0,29166.0,29044.0,29150.0,28988.0,29205.0,28985.0,29367.0,28751.0,29203.0,28902.0,29060.0,29077.0,29403.0,29314.0,29440.0,29158.0,29326.0,28960.0,28944.0,28756.0,28871.0,28663.0,28657.0,28816.0,28907.0,29677.0,30057.0,30497.0,30673.0,30075.0,29621.0,28698.0,28004.0,26742.0,26497.0,26465.0,27132.0,28500.0,30331.0,32459.0,34186.0,35217.0,35055.0,33222.0,29755.0,26186.0,22541.0,20064.0,18998.0,19587.0,22057.0,26456.0,32943.0,41096.0,49233.0,52530.0,49189.0,38350.0,25578.0,16197.0,10321.0,6699.0,4225.0,2016.0,803.0,372.0,129.0,160.0,0.0,160.0,129.0,372.0,803.0,2016.0,4225.0,6699.0,10321.0,16197.0,25578.0,38350.0,49189.0,52530.0,49233.0,41096.0,32943.0,26456.0,22057.0,19587.0,18998.0,20064.0,22541.0,26186.0,29755.0,33222.0,35055.0,35217.0,34186.0,32459.0,30331.0,28500.0,27132.0,26465.0,26497.0,26742.0,28004.0,28698.0,29621.0,30075.0,30673.0,30497.0,30057.0,29677.0,28907.0,28816.0,28657.0,28663.0,28871.0,28756.0,28944.0,28960.0,29326.0,29158.0,29440.0,29314.0,29403.0,29077.0,29060.0,28902.0,29203.0,28751.0,29367.0,28985.0,29205.0,28988.0,29150.0,29044.0,29166.0,29347.0,28827.0,29369.0,29089.0,29163.0,28877.0,28959.0,28992.0,28841.0,29177.0,29036.0,29094.0,29482.0,29199.0,29172.0,28928.0,29134.0,29172.0,28871.0,29037.0,28835.0,29182.0,28966.0,29400.0,29032.0,29234.0,28938.0,29077.0,28856.0,29328.0,28895.0,29091.0
9.0,10.0,6.0,13.0,14.0,11.0,11.0,6.0,6.0,4.0,11.0,10.0,9.0,8.0,8.0,17.0,11.0,14.0,14.0,9.0,5.0,6.0,11.0,12.0,7.0,11.0,5.0,7.0,5.0,10.0,14.0,6.0,11.0,10.0,9.0,4.0,8.0,4.0,11.0,1.0,11.0,3.0,6.0,6.0,4.0,5.0,2.0,1.0,3.0,3.0,4.0,3.0,2.0,-0.0,3.0,1.0,0.0,4.0,1.0,0.0,-0.0,1.0,-0.0,0.0,0.0,1.0,1.0,1.0,1.0,0.0,0.0,0.0,-0.0,1.0,0.0,1.0,0.0,0.0,0.0,0.0,-0.0,0.0,0.0,0.0,0.0,0.0,-0.0,0.0,1.0,0.0,0.0,0.0,0.0,0.0,0.0,0.0,-0.0,0.0,-0.0,0.0,0.0,-0.0,0.0,0.0,0.0,0.0,0.0,0.0,-0.0,0.0,0.0,0.0,1.0,0.0,0.0,0.0,0.0,0.0,0.0,0.0,-0.0,0.0,0.0,-0.0,0.0,1.0,0.0,1.0,0.0,0.0,0.0,0.0,1.0,1.0,1.0,1.0,-0.0,0.0,-0.0,1.0,-0.0,0.0,1.0,4.0,0.0,1.0,3.0,0.0,2.0,3.0,4.0,3.0,3.0,1.0,2.0,5.0,4.0,6.0,6.0,3.0,11.0,1.0,11.0,4.0,8.0,4.0,9.0,10.0,11.0,6.0,14.0,10.0,5.0,7.0,5.0,11.0,7.0,12.0,11.0,6.0,5.0,9.0,14.0,14.0,11.0,17.0,8.0,8.0,9.0,10.0,11.0,4.0,6.0,6.0,11.0,11.0,14.0,13.0,6.0,10.0,9.0
4019.0,4128.0,4027.0,4072.0,4156.0,4169.0,4186.0,4156.0,4209.0,4246.0,4255.0,4215.0,4270.0,4192.0,4101.0,4162.0,4136.0,4215.0,4276.0,4077.0,4125.0,4111.0,4062.0,4057.0,4090.0,4030.0,3910.0,4036.0,3964.0,3982.0,3804.0,3860.0,3819.0,3843.0,3839.0,3833.0,3741.0,3663.0,3786.0,3623.0,3689.0,3680.0,3787.0,3597.0,3682.0,3782.0,3814.0,3944.0,4012.0,3986.0,4043.0,4234.0,4232.0,4351.0,4340.0,4534.0,4528.0,4633.0,4586.0,4838.0,4839.0,4797.0,4763.0,4858.0,4726.0,4828.0,4796.0,4571.0,4577.0,4432.0,4394.0,4162.0,4133.0,3940.0,4044.0,3766.0,3666.0,3491.0,3249.0,3141.0,2995.0,2962.0,2738.0,2574.0,2440.0,2278.0,2143.0,1966.0,1782.0,1674.0,1480.0,1316.0,1079.0,870.0,694.0,626.0,467.0,121.0,98.0,169.0,0.0,169.0,98.0,121.0,467.0,626.0,694.0,870.0,1079.0,1316.0,1480.0,1674.0,1782.0,1966.0,2143.0,2278.0,2440.0,2574.0,2738.0,2962.0,2995.0,3141.0,3249.0,3491.0,3666.0,3766.0,4044.0,3940.0,4133.0,4162.0,4394.0,4432.0,4577.0,4571.0,4796.0,4828.0,4726.0,4858.0,4763.0,4797.0,4839.0,4838.0,4586.0,4633.0,4528.0,4534.0,4340.0,4351.0,4232.0,4234.0,4043.0,3986.0,4012.0,3944.0,3814.0,3782.0,3682.0,3597.0,3787.0,3680.0,3689.0,3623.0,3786.0,3663.0,3741.0,3833.0,3839.0,3843.0,3819.0,3860.0,3804.0,3982.0,3964.0,4036.0,3910.0,4030.0,4090.0,4057.0,4062.0,4111.0,4125.0,4077.0,4276.0,4215.0,4136.0,4162.0,4101.0,4192.0,4270.0,4215.0,4255.0,4246.0,4209.0,4156.0,4186.0,4169.0,4156.0,4072.0,4027.0,4128.0,4019.0
16.0,9.0,14.0,12.0,16.0,7.0,13.0,11.0,10.0,14.0,17.0,11.0,11.0,17.0,19.0,16.0,11.0,10.0,10.0,10.0,12.0,14.0,19.0,15.0,14.0,15.0,20.0,13.0,10.0,12.0,15.0,15.0,20.0,12.0,7.0,12.0,16.0,7.0,17.0,14.0,8.0,8.0,8.0,9.0,6.0,8.0,5.0,5.0,5.0,5.0,4.0,3.0,2.0,5.0,1.0,3.0,2.0,4.0,3.0,1.0,2.0,1.0,2.0,1.0,2.0,2.0,1.0,2.0,3.0,0.0,0.0,2.0,1.0,1.0,2.0,1.0,0.0,0.0,1.0,0.0,1.0,2.0,4.0,1.0,0.0,2.0,0.0,1.0,5.0,2.0,1.0,4.0,2.0,2.0,9.0,7.0,6.0,7.0,8.0,1.0,0.0,1.0,8.0,7.0,6.0,7.0,9.0,2.0,2.0,4.0,1.0,2.0,5.0,1.0,-0.0,2.0,0.0,1.0,4.0,2.0,1.0,0.0,1.0,0.0,0.0,1.0,2.0,1.0,1.0,2.0,0.0,0.0,3.0,2.0,1.0,2.0,2.0,1.0,2.0,1.0,2.0,1.0,3.0,4.0,2.0,3.0,1.0,5.0,2.0,3.0,4.0,5.0,5.0,5.0,5.0,8.0,6.0,9.0,8.0,8.0,8.0,14.0,17.0,7.0,16.0,12.0,7.0,12.0,20.0,15.0,15.0,12.0,10.0,13.0,20.0,15.0,14.0,15.0,19.0,14.0,12.0,10.0,10.0,10.0,11.0,16.0,19.0,17.0,11.0,11.0,17.0,14.0,10.0,11.0,13.0,7.0,16.0,12.0,14.0,9.0,16.0
-0.0,4.0,1.0,4.0,4.0,1.0,2.0,2.0,3.0,3.0,0.0,0.0,4.0,3.0,1.0,2.0,3.0,0.0,2.0,5.0,2.0,3.0,3.0,0.0,3.0,5.0,2.0,3.0,3.0,2.0,2.0,4.0,4.0,2.0,2.0,4.0,1.0,1.0,0.0,1.0,7.0,1.0,2.0,2.0,-0.0,1.0,2.0,1.0,0.0,1.0,1.0,0.0,0.0,2.0,1.0,0.0,2.0,2.0,0.0,0.0,-0.0,0.0,0.0,0.0,0.0,0.0,-0.0,0.0,0.0,0.0,0.0,0.0,-0.0,0.0,1.0,0.0,0.0,0.0,0.0,0.0,-0.0,0.0,0.0,0.0,0.0,0.0,0.0,0.0,0.0,0.0,0.0,0.0,0.0,0.0,0.0,0.0,-0.0,0.0,0.0,2.0,0.0,2.0,0.0,0.0,0.0,0.0,0.0,0.0,-0.0,0.0,0.0,0.0,-0.0,0.0,0.0,0.0,0.0,0.0,0.0,0.0,-0.0,0.0,0.0,0.0,0.0,0.0,1.0,0.0,0.0,0.0,0.0,0.0,0.0,0.0,-0.0,0.0,-0.0,0.0,0.0,0.0,-0.0,0.0,0.0,2.0,2.0,0.0,1.0,2.0,0.0,0.0,1.0,1.0,-0.0,1.0,2.0,1.0,-0.0,2.0,2.0,1.0,7.0,1.0,0.0,1.0,1.0,4.0,2.0,2.0,4.0,4.0,2.0,2.0,3.0,3.0,2.0,5.0,3.0,0.0,3.0,3.0,2.0,5.0,2.0,0.0,3.0,2.0,1.0,3.0,4.0,0.0,0.0,3.0,3.0,2.0,2.0,1.0,4.0,4.0,1.0,4.0,-0.0
22200.0,21964.0,22380.0,22202.0,22197.0,22669.0,22128.0,21969.0,22450.0,22151.0,22530.0,22188.0,22538.0,22039.0,22252.0,22219.0,22194.0,22403.0,22348.0,22007.0,22680.0,22416.0,22003.0,22195.0,22123.0,22544.0,22410.0,22275.0,22329.0,22098.0,22425.0,22473.0,22279.0,22095.0,22141.0,22334.0,22482.0,22213.0,22212.0,22598.0,22203.0,22166.0,22332.0,22286.0,22367.0,22196.0,22338.0,22495.0,22357.0,22289.0,22233.0,22295.0,22603.0,22544.0,22470.0,22286.0,22457.0,22410.0,22361.0,22778.0,22129.0,22446.0,22649.0,22637.0,22532.0,22676.0,22579.0,22743.0,22668.0,22780.0,22727.0,22832.0,22654.0,22658.0,22721.0,22853.0,22882.0,23288.0,23151.0,23299.0,23421.0,23530.0,23506.0,22721.0,22768.0,22213.0,21972.0,22451.0,23406.0,24634.0,26456.0,27596.0,28525.0,28124.0,24468.0,16820.0,6556.0,905.0,18.0,0.0,0.0,0.0,18.0,905.0,6556.0,16820.0,24468.0,28124.0,28525.0,27596.0,26456.0,24634.0,23406.0,22451.0,21972.0,22213.0,22768.0,22721.0,23506.0,23530.0,23421.0,23299.0,23151.0,23288.0,22882.0,22853.0,22721.0,22658.0,22654.0,22832.0,22727.0,22780.0,22668.0,22743.0,22579.0,22676.0,22532.0,22637.0,22649.0,22446.0,22129.0,22778.0,22361.0,22410.0,22457.0,22286.0,22470.0,22544.0,22603.0,22295.0,22233.0,22289.0,22357.0,22495.0,22338.0,22196.0,22367.0,22286.0,22332.0,22166.0,22203.0,22598.0,22212.0,22213.0,22482.0,22334.0,22141.0,22095.0,22279.0,22473.0,22425.0,22098.0,22329.0,22275.0,22410.0,22544.0,22123.0,22195.0,22003.0,22416.0,22680.0,22007.0,22348.0,22403.0,22194.0,22219.0,22252.0,22039.0,22538.0,22188.0,22530.0,22151.0,22450.0,21969.0,22128.0,22669.0,22197.0,22202.0,22380.0,21964.0,22200.0
13111.0,12978.0,12960.0,13051.0,12918.0,13036.0,12904.0,12884.0,12976.0,12957.0,12971.0,12801.0,12879.0,13224.0,12908.0,12889.0,12983.0,13061.0,12843.0,12814.0,13022.0,12779.0,12907.0,13090.0,12940.0,12949.0,13275.0,12829.0,12851.0,12930.0,12915.0,12943.0,13026.0,13077.0,12935.0,12918.0,12998.0,13043.0,12947.0,12880.0,12903.0,13151.0,12958.0,13011.0,13000.0,13132.0,13020.0,13045.0,12921.0,12997.0,13222.0,12977.0,12985.0,13066.0,13145.0,13056.0,13031.0,13095.0,13163.0,13143.0,12927.0,13285.0,13267.0,13301.0,13216.0,12961.0,13025.0,13380.0,13228.0,13206.0,13343.0,13483.0,13348.0,13395.0,13417.0,13575.0,13408.0,13504.0,13378.0,13333.0,13227.0,13307.0,13540.0,13248.0,13557.0,13677.0,14206.0,14346.0,15000.0,15559.0,16326.0,16639.0,15818.0,13419.0,9432.0,5017.0,1793.0,303.0,9.0,0.0,0.0,0.0,9.0,303.0,1793.0,5017.0,9432.0,13419.0,15818.0,16639.0,16326.0,15559.0,15000.0,14346.0,14206.0,13677.0,13557.0,13248.0,13540.0,13307.0,13227.0,13333.0,13378.0,13504.0,13408.0,13575.0,13417.0,13395.0,13348.0,13483.0,13343.0,13206.0,13228.0,13380.0,13025.0,12961.0,13216.0,13301.0,13267.0,13285.0,12927.0,13143.0,13163.0,13095.0,13031.0,13056.0,13145.0,13066.0,12985.0,12977.0,13222.0,12997.0,12921.0,13045.0,13020.0,13132.0,13000.0,13011.0,12958.0,13151.0,12903.0,12880.0,12947.0,13043.0,12998.0,12918.0,12935.0,13077.0,13026.0,12943.0,12915.0,12930.0,12851.0,12829.0,13275.0,12949.0,12940.0,13090.0,12907.0,12779.0,13022.0,12814.0,12843.0,13061.0,12983.0,12889.0,12908.0,13224.0,12879.0,12801.0,12971.0,12957.0,12976.0,12884.0,12904.0,13036.0,12918.0,13051.0,12960.0,12978.0,13111.0
1.0,3.0,3.0,6.0,6.0,5.0,3.0,1.0,5.0,4.0,5.0,6.0,7.0,1.0,2.0,5.0,4.0,9.0,6.0,7.0,6.0,5.0,3.0,4.0,7.0,6.0,4.0,6.0,5.0,4.0,6.0,9.0,6.0,6.0,4.0,3.0,6.0,5.0,5.0,2.0,4.0,2.0,9.0,3.0,5.0,1.0,1.0,1.0,0.0,2.0,1.0,2.0,2.0,0.0,0.0,0.0,1.0,1.0,-0.0,0.0,-0.0,-0.0,0.0,0.0,0.0,0.0,0.0,0.0,0.0,1.0,0.0,0.0,-0.0,0.0,0.0,0.0,0.0,0.0,0.0,0.0,-0.0,0.0,0.0,-0.0,0.0,0.0,-0.0,0.0,0.0,-0.0,0.0,0.0,0.0,0.0,0.0,0.0,-0.0,-0.0,-0.0,-0.0,0.0,-0.0,0.0,0.0,0.0,0.0,0.0,0.0,-0.0,0.0,0.0,-0.0,-0.0,0.0,0.0,0.0,0.0,0.0,-0.0,-0.0,-0.0,0.0,0.0,0.0,0.0,0.0,0.0,0.0,-0.0,0.0,0.0,1.0,0.0,0.0,0.0,0.0,-0.0,0.0,0.0,0.0,-0.0,0.0,0.0,1.0,1.0,0.0,0.0,0.0,2.0,2.0,1.0,2.0,-0.0,1.0,1.0,1.0,5.0,3.0,9.0,2.0,4.0,2.0,5.0,5.0,6.0,3.0,4.0,6.0,6.0,9.0,6.0,4.0,5.0,6.0,4.0,6.0,7.0,4.0,3.0,5.0,6.0,7.0,6.0,9.0,4.0,5.0,2.0,1.0,7.0,6.0,5.0,4.0,5.0,1.0,3.0,5.0,6.0,6.0,3.0,3.0,1.0
10943.0,11069.0,10875.0,11078.0,11076.0,10996.0,11009.0,10775.0,10981.0,11032.0,10839.0,11052.0,10897.0,11069.0,11094.0,10934.0,11101.0,11088.0,11025.0,10909.0,11033.0,10912.0,10838.0,11008.0,11085.0,10983.0,11189.0,11256.0,11025.0,10903.0,11107.0,11005.0,11193.0,10960.0,11140.0,11017.0,11035.0,10985.0,10937.0,10937.0,11088.0,11378.0,11305.0,11162.0,11039.0,10937.0,11171.0,11030.0,11121.0,11029.0,11212.0,11059.0,11241.0,11319.0,11245.0,11178.0,11200.0,11240.0,11178.0,11270.0,11302.0,11090.0,11316.0,11275.0,11225.0,11179.0,11374.0,11363.0,11544.0,11591.0,11350.0,11490.0,11485.0,11317.0,11408.0,11514.0,11527.0,11561.0,11437.0,11435.0,11309.0,11252.0,11191.0,11205.0,11659.0,11682.0,12427.0,12878.0,13697.0,14484.0,15002.0,14493.0,12523.0,9037.0,4983.0,2032.0,597.0,56.0,0.0,0.0,0.0,0.0,0.0,56.0,597.0,2032.0,4983.0,9037.0,12523.0,14493.0,15002.0,14484.0,13697.0,12878.0,12427.0,11682.0,11659.0,11205.0,11191.0,11252.0,11309.0,11435.0,11437.0,11561.0,11527.0,11514.0,11408.0,11317.0,11485.0,11490.0,11350.0,11591.0,11544.0,11363.0,11374.0,11179.0,11225.0,11275.0,11316.0,11090.0,11302.0,11270.0,11178.0,11240.0,11200.0,11178.0,11245.0,11319.0,11241.0,11059.0,11212.0,11029.0,11121.0,11030.0,11171.0,10937.0,11039.0,11162.0,11305.0,11378.0,11088.0,10937.0,10937.0,10985.0,11035.0,11017.0,11140.0,10960.0,11193.0,11005.0,11107.0,10903.0,11025.0,11256.0,11189.0,10983.0,11085.0,11008.0,10838.0,10912.0,11033.0,10909.0,11025.0,11088.0,11101.0,10934.0,11094.0,11069.0,10897.0,11052.0,10839.0,11032.0,10981.0,10775.0,11009.0,10996.0,11076.0,11078.0,10875.0,11069.0,10943.0
-0.0,1.0,0.0,5.0,3.0,2.0,5.0,4.0,3.0,3.0,2.0,7.0,3.0,2.0,2.0,4.0,6.0,2.0,3.0,5.0,2.0,4.0,2.0,4.0,4.0,6.0,5.0,4.0,5.0,1.0,3.0,1.0,0.0,4.0,1.0,2.0,2.0,3.0,4.0,3.0,4.0,1.0,4.0,1.0,1.0,1.0,0.0,1.0,0.0,3.0,0.0,0.0,0.0,0.0,0.0,0.0,0.0,0.0,1.0,0.0,-0.0,0.0,0.0,0.0,0.0,0.0,0.0,0.0,0.0,0.0,0.0,0.0,-0.0,0.0,0.0,0.0,0.0,0.0,0.0,0.0,-0.0,0.0,0.0,0.0,0.0,0.0,0.0,0.0,0.0,0.0,0.0,0.0,0.0,0.0,0.0,0.0,-0.0,-0.0,0.0,0.0,0.0,0.0,0.0,0.0,0.0,0.0,0.0,0.0,-0.0,0.0,0.0,0.0,-0.0,0.0,0.0,0.0,0.0,0.0,0.0,0.0,-0.0,0.0,0.0,0.0,0.0,0.0,0.0,0.0,0.0,0.0,0.0,0.0,0.0,0.0,0.0,0.0,-0.0,0.0,0.0,0.0,-0.0,0.0,1.0,0.0,0.0,0.0,0.0,0.0,0.0,0.0,-0.0,3.0,-0.0,1.0,0.0,1.0,1.0,1.0,4.0,1.0,4.0,3.0,4.0,3.0,2.0,2.0,1.0,4.0,0.0,1.0,3.0,1.0,5.0,4.0,5.0,6.0,4.0,4.0,2.0,4.0,2.0,5.0,3.0,2.0,6.0,4.0,2.0,2.0,3.0,7.0,2.0,3.0,3.0,4.0,5.0,2.0,3.0,5.0,0.0,1.0,-0.0
3.0,2.0,7.0,4.0,1.0,4.0,3.0,1.0,2.0,2.0,2.0,0.0,2.0,1.0,6.0,1.0,1.0,3.0,1.0,2.0,3.0,1.0,2.0,2.0,4.0,3.0,2.0,1.0,6.0,7.0,0.0,4.0,3.0,2.0,3.0,1.0,4.0,1.0,3.0,1.0,1.0,3.0,1.0,3.0,3.0,3.0,2.0,1.0,3.0,3.0,1.0,1.0,0.0,3.0,2.0,1.0,0.0,1.0,2.0,1.0,0.0,0.0,0.0,0.0,1.0,0.0,0.0,0.0,0.0,0.0,0.0,0.0,-0.0,0.0,0.0,0.0,0.0,0.0,0.0,0.0,-0.0,0.0,0.0,0.0,0.0,0.0,0.0,0.0,0.0,0.0,0.0,0.0,0.0,0.0,0.0,0.0,-0.0,1.0,0.0,0.0,0.0,0.0,0.0,1.0,0.0,0.0,0.0,0.0,-0.0,0.0,0.0,0.0,-0.0,0.0,0.0,0.0,0.0,0.0,0.0,0.0,-0.0,0.0,0.0,0.0,0.0,0.0,0.0,0.0,0.0,0.0,0.0,0.0,0.0,0.0,0.0,0.0,1.0,0.0,0.0,0.0,-0.0,1.0,2.0,1.0,0.0,1.0,2.0,3.0,0.0,1.0,1.0,3.0,3.0,1.0,2.0,3.0,3.0,3.0,1.0,3.0,1.0,1.0,3.0,1.0,4.0,1.0,3.0,2.0,3.0,4.0,0.0,7.0,6.0,1.0,2.0,3.0,4.0,2.0,2.0,1.0,3.0,2.0,1.0,3.0,1.0,1.0,6.0,1.0,2.0,0.0,2.0,2.0,2.0,1.0,3.0,4.0,1.0,4.0,7.0,2.0,3.0
16534.0,16336.0,16211.0,16426.0,16431.0,16354.0,16693.0,16361.0,16460.0,16370.0,16407.0,16492.0,16326.0,16408.0,16626.0,16569.0,16441.0,16113.0,16546.0,16509.0,16360.0,16376.0,16538.0,16648.0,16520.0,16525.0,16391.0,16540.0,16150.0,16435.0,16381.0,16455.0,16541.0,16585.0,16525.0,16598.0,16501.0,16378.0,16537.0,16535.0,16308.0,16554.0,16427.0,16587.0,16502.0,16677.0,16557.0,16197.0,16444.0,16362.0,16620.0,16667.0,16427.0,16600.0,16460.0,16754.0,16250.0,16689.0,16649.0,16562.0,16622.0,16391.0,16608.0,16636.0,16520.0,16681.0,16875.0,16924.0,16460.0,16641.0,16488.0,16625.0,16515.0,16693.0,16695.0,16776.0,16958.0,16771.0,16987.0,17095.0,17094.0,17131.0,16876.0,16535.0,16057.0,15782.0,15417.0,15758.0,17081.0,18817.0,20956.0,22893.0,22962.0,18675.0,12030.0,5148.0,1350.0,230.0,111.0,178.0,0.0,178.0,111.0,230.0,1350.0,5148.0,12030.0,18675.0,22962.0,22893.0,20956.0,18817.0,17081.0,15758.0,15417.0,15782.0,16057.0,16535.0,16876.0,17131.0,17094.0,17095.0,16987.0,16771.0,16958.0,16776.0,16695.0,16693.0,16515.0,16625.0,16488.0,16641.0,16460.0,16924.0,16875.0,16681.0,16520.0,16636.0,16608.0,16391.0,16622.0,16562.0,16649.0,16689.0,16250.0,16754.0,16460.0,16600.0,16427.0,16667.0,16620.0,16362.0,16444.0,16197.0,16557.0,16677.0,16502.0,16587.0,16427.0,16554.0,16308.0,16535.0,16537.0,16378.0,16501.0,16598.0,16525.0,16585.0,16541.0,16455.0,16381.0,16435.0,16150.0,16540.0,16391.0,16525.0,16520.0,16648.0,16538.0,16376.0,16360.0,16509.0,16546.0,16113.0,16441.0,16569.0,16626.0,16408.0,16326.0,16492.0,16407.0,16370.0,16460.0,16361.0,16693.0,16354.0,16431.0,16426.0,16211.0,16336.0,16534.0
4.0,3.0,4.0,1.0,0.0,2.0,2.0,1.0,1.0,3.0,3.0,1.0,1.0,1.0,3.0,3.0,6.0,1.0,3.0,2.0,4.0,1.0,2.0,4.0,5.0,4.0,1.0,2.0,4.0,3.0,3.0,2.0,3.0,4.0,0.0,5.0,4.0,2.0,1.0,2.0,0.0,1.0,4.0,3.0,8.0,4.0,1.0,5.0,2.0,1.0,1.0,2.0,2.0,2.0,3.0,3.0,4.0,2.0,1.0,1.0,-0.0,1.0,2.0,1.0,1.0,1.0,1.0,1.0,0.0,0.0,0.0,1.0,-0.0,1.0,0.0,1.0,0.0,0.0,0.0,0.0,-0.0,0.0,0.0,0.0,0.0,0.0,0.0,0.0,1.0,0.0,0.0,0.0,0.0,2.0,1.0,1.0,-0.0,0.0,0.0,0.0,0.0,0.0,0.0,0.0,0.0,1.0,1.0,2.0,-0.0,0.0,0.0,0.0,1.0,0.0,0.0,0.0,0.0,0.0,0.0,0.0,-0.0,0.0,0.0,0.0,0.0,1.0,0.0,1.0,-0.0,1.0,0.0,0.0,0.0,1.0,1.0,1.0,1.0,1.0,2.0,1.0,-0.0,1.0,1.0,2.0,4.0,3.0,3.0,2.0,2.0,2.0,1.0,1.0,2.0,5.0,1.0,4.0,8.0,3.0,4.0,1.0,0.0,2.0,1.0,2.0,4.0,5.0,0.0,4.0,3.0,2.0,3.0,3.0,4.0,2.0,1.0,4.0,5.0,4.0,2.0,1.0,4.0,2.0,3.0,1.0,6.0,3.0,3.0,1.0,1.0,1.0,3.0,3.0,1.0,1.0,2.0,2.0,0.0,1.0,4.0,3.0,4.0
27101.0,26955.0,26954.0,26922.0,26841.0,26963.0,27007.0,26929.0,27026.0,26984.0,27070.0,27044.0,26918.0,26911.0,26991.0,26849.0,27126.0,27069.0,26987.0,27029.0,27062.0,27092.0,26825.0,27090.0,26876.0,26967.0,27236.0,26983.0,27232.0,27017.0,27361.0,26902.0,26946.0,27070.0,27195.0,26937.0,27078.0,26945.0,27151.0,27331.0,27561.0,27035.0,26939.0,26789.0,27084.0,27063.0,27454.0,27511.0,27392.0,27032.0,27000.0,26981.0,27076.0,27332.0,27339.0,27640.0,27086.0,27149.0,27170.0,27107.0,27251.0,27433.0,27445.0,27130.0,27472.0,27313.0,27265.0,27385.0,27285.0,27412.0,27172.0,27183.0,27218.0,27538.0,27411.0,27881.0,27671.0,27741.0,27461.0,26968.0,26707.0,26565.0,27045.0,28432.0,29601.0,30754.0,29421.0,26495.0,22760.0,20727.0,22045.0,29214.0,39802.0,46964.0,37537.0,18046.0,4401.0,283.0,58.0,171.0,0.0,171.0,58.0,283.0,4401.0,18046.0,37537.0,46964.0,39802.0,29214.0,22045.0,20727.0,22760.0,26495.0,29421.0,30754.0,29601.0,28432.0,27045.0,26565.0,26707.0,26968.0,27461.0,27741.0,27671.0,27881.0,27411.0,27538.0,27218.0,27183.0,27172.0,27412.0,27285.0,27385.0,27265.0,27313.0,27472.0,27130.0,27445.0,27433.0,27251.0,27107.0,27170.0,27149.0,27086.0,27640.0,27339.0,27332.0,27076.0,26981.0,27000.0,27032.0,27392.0,27511.0,27454.0,27063.0,27084.0,26789.0,26939.0,27035.0,27561.0,27331.0,27151.0,26945.0,27078.0,26937.0,27195.0,27070.0,26946.0,26902.0,27361.0,27017.0,27232.0,26983.0,27236.0,26967.0,26876.0,27090.0,26825.0,27092.0,27062.0,27029.0,26987.0,27069.0,27126.0,26849.0,26991.0,26911.0,26918.0,27044.0,27070.0,26984.0,27026.0,26929.0,27007.0,26963.0,26841.0,26922.0,26954.0,26955.0,27101.0
1.0,1.0,2.0,1.0,0.0,2.0,0.0,0.0,0.0,1.0,2.0,4.0,1.0,2.0,2.0,2.0,4.0,3.0,1.0,2.0,1.0,1.0,1.0,2.0,2.0,5.0,2.0,0.0,7.0,2.0,2.0,4.0,2.0,1.0,2.0,3.0,1.0,1.0,3.0,5.0,1.0,6.0,1.0,2.0,1.0,1.0,1.0,3.0,1.0,0.0,3.0,1.0,1.0,1.0,1.0,0.0,0.0,0.0,0.0,1.0,-0.0,0.0,-0.0,0.0,0.0,0.0,0.0,0.0,0.0,0.0,0.0,0.0,-0.0,0.0,0.0,0.0,0.0,0.0,0.0,0.0,-0.0,0.0,0.0,0.0,0.0,0.0,0.0,0.0,0.0,0.0,0.0,1.0,0.0,0.0,-0.0,-0.0,-0.0,0.0,0.0,0.0,0.0,0.0,0.0,0.0,0.0,0.0,0.0,0.0,-0.0,1.0,0.0,0.0,-0.0,0.0,0.0,0.0,0.0,0.0,0.0,0.0,-0.0,0.0,0.0,-0.0,0.0,0.0,0.0,0.0,-0.0,0.0,0.0,0.0,0.0,0.0,0.0,0.0,-0.0,0.0,0.0,0.0,-0.0,1.0,0.0,0.0,0.0,0.0,1.0,1.0,1.0,1.0,3.0,0.0,1.0,3.0,1.0,1.0,1.0,2.0,1.0,6.0,1.0,5.0,3.0,1.0,1.0,3.0,2.0,1.0,2.0,4.0,2.0,2.0,7.0,0.0,2.0,5.0,2.0,2.0,1.0,1.0,1.0,2.0,1.0,3.0,4.0,2.0,2.0,2.0,1.0,4.0,2.0,1.0,0.0,0.0,0.0,2.0,0.0,1.0,2.0,1.0,1.0
16216.0,16241.0,16156.0,16047.0,16342.0,16012.0,16253.0,16140.0,16265.0,16141.0,15972.0,16076.0,16358.0,16292.0,16034.0,15961.0,16510.0,16381.0,16040.0,16097.0,16263.0,16209.0,16062.0,16020.0,16309.0,16332.0,16177.0,16220.0,16230.0,16087.0,16078.0,16417.0,16030.0,16230.0,16154.0,16321.0,16231.0,16290.0,15972.0,16335.0,16267.0,16467.0,16080.0,16218.0,16217.0,16378.0,16168.0,16371.0,16315.0,16314.0,16281.0,16203.0,16348.0,16382.0,16380.0,16423.0,16377.0,16342.0,16292.0,16507.0,16255.0,16468.0,16441.0,16481.0,16450.0,16367.0,16528.0,16527.0,16562.0,16633.0,16704.0,16593.0,16533.0,16369.0,16304.0,16467.0,16574.0,16637.0,17073.0,17390.0,17464.0,17393.0,16729.0,16353.0,16101.0,15660.0,15473.0,15604.0,16777.0,18604.0,20588.0,22571.0,22366.0,19545.0,13434.0,6468.0,1821.0,234.0,71.0,86.0,0.0,86.0,71.0,234.0,1821.0,6468.0,13434.0,19545.0,22366.0,22571.0,20588.0,18604.0,16777.0,15604.0,15473.0,15660.0,16101.0,16353.0,16729.0,17393.0,17464.0,17390.0,17073.0,16637.0,16574.0,16467.0,16304.0,16369.0,16533.0,16593.0,16704.0,16633.0,16562.0,16527.0,16528.0,16367.0,16450.0,16481.0,16441.0,16468.0,16255.0,16507.0,16292.0,16342.0,16377.0,16423.0,16380.0,16382.0,16348.0,16203.0,16281.0,16314.0,16315.0,16371.0,16168.0,16378.0,16217.0,16218.0,16080.0,16467.0,16267.0,16335.0,15972.0,16290.0,16231.0,16321.0,16154.0,16230.0,16030.0,16417.0,16078.0,16087.0,16230.0,16220.0,16177.0,16332.0,16309.0,16020.0,16062.0,16209.0,16263.0,16097.0,16040.0,16381.0,16510.0,15961.0,16034.0,16292.0,16358.0,16076.0,15972.0,16141.0,16265.0,16140.0,16253.0,16012.0,16342.0,16047.0,16156.0,16241.0,16216.0
11751.0,11783.0,11812.0,11830.0,11871.0,11922.0,11847.0,11958.0,11993.0,11995.0,11785.0,11778.0,11864.0,11801.0,11951.0,11752.0,12006.0,11799.0,11983.0,11915.0,11910.0,11843.0,11808.0,11949.0,11963.0,11944.0,11781.0,11875.0,11658.0,11813.0,11941.0,11810.0,12027.0,11999.0,12066.0,11982.0,11895.0,11755.0,11997.0,11757.0,11670.0,11818.0,11769.0,12034.0,11997.0,12018.0,11875.0,12238.0,11879.0,11987.0,11775.0,11727.0,11853.0,11874.0,11898.0,12067.0,12160.0,12035.0,11945.0,12075.0,11959.0,11767.0,12069.0,12059.0,11959.0,12067.0,11943.0,12014.0,11992.0,12111.0,12204.0,11880.0,12127.0,12305.0,12217.0,12257.0,12132.0,12114.0,12197.0,12041.0,11905.0,11802.0,11764.0,11626.0,11627.0,12013.0,12676.0,13424.0,14364.0,15278.0,15711.0,15284.0,13251.0,9761.0,5686.0,2550.0,822.0,97.0,1.0,0.0,0.0,0.0,1.0,97.0,822.0,2550.0,5686.0,9761.0,13251.0,15284.0,15711.0,15278.0,14364.0,13424.0,12676.0,12013.0,11627.0,11626.0,11764.0,11802.0,11905.0,12041.0,12197.0,12114.0,12132.0,12257.0,12217.0,12305.0,12127.0,11880.0,12204.0,12111.0,11992.0,12014.0,11943.0,12067.0,11959.0,12059.0,12069.0,11767.0,11959.0,12075.0,11945.0,12035.0,12160.0,12067.0,11898.0,11874.0,11853.0,11727.0,11775.0,11987.0,11879.0,12238.0,11875.0,12018.0,11997.0,12034.0,11769.0,11818.0,11670.0,11757.0,11997.0,11755.0,11895.0,11982.0,12066.0,11999.0,12027.0,11810.0,11941.0,11813.0,11658.0,11875.0,11781.0,11944.0,11963.0,11949.0,11808.0,11843.0,11910.0,11915.0,11983.0,11799.0,12006.0,11752.0,11951.0,11801.0,11864.0,11778.0,11785.0,11995.0,11993.0,11958.0,11847.0,11922.0,11871.0,11830.0,11812.0,11783.0,11751.0
7.0,4.0,6.0,5.0,5.0,4.0,6.0,3.0,6.0,5.0,4.0,5.0,5.0,4.0,5.0,4.0,2.0,4.0,8.0,5.0,7.0,6.0,7.0,10.0,3.0,6.0,4.0,5.0,4.0,2.0,7.0,4.0,7.0,2.0,4.0,4.0,8.0,3.0,4.0,4.0,5.0,5.0,5.0,8.0,4.0,2.0,1.0,4.0,2.0,2.0,1.0,1.0,2.0,0.0,1.0,3.0,1.0,0.0,0.0,1.0,0.0,1.0,0.0,1.0,1.0,1.0,0.0,0.0,0.0,0.0,0.0,0.0,-0.0,0.0,0.0,1.0,0.0,1.0,0.0,0.0,-0.0,1.0,0.0,0.0,0.0,-0.0,0.0,0.0,0.0,0.0,0.0,0.0,0.0,0.0,0.0,0.0,-0.0,0.0,0.0,0.0,0.0,0.0,0.0,0.0,0.0,0.0,0.0,0.0,-0.0,0.0,0.0,0.0,-0.0,0.0,0.0,0.0,0.0,0.0,-0.0,1.0,-0.0,0.0,0.0,1.0,0.0,1.0,0.0,0.0,0.0,0.0,0.0,0.0,0.0,0.0,0.0,1.0,1.0,1.0,0.0,1.0,-0.0,1.0,0.0,0.0,1.0,3.0,1.0,0.0,2.0,1.0,1.0,2.0,2.0,4.0,1.0,2.0,4.0,8.0,5.0,5.0,5.0,4.0,4.0,3.0,8.0,4.0,4.0,2.0,7.0,4.0,7.0,2.0,4.0,5.0,4.0,6.0,3.0,10.0,7.0,6.0,7.0,5.0,8.0,4.0,2.0,4.0,5.0,4.0,5.0,5.0,4.0,5.0,6.0,3.0,6.0,4.0,5.0,5.0,6.0,4.0,7.0
2.0,4.0,3.0,5.0,1.0,0.0,0.0,1.0,2.0,3.0,0.0,1.0,9.0,0.0,2.0,2.0,2.0,2.0,3.0,1.0,3.0,1.0,1.0,2.0,3.0,1.0,4.0,6.0,2.0,1.0,1.0,1.0,3.0,2.0,1.0,3.0,1.0,4.0,2.0,2.0,2.0,1.0,1.0,3.0,-0.0,2.0,2.0,3.0,-0.0,2.0,3.0,3.0,3.0,1.0,3.0,1.0,0.0,1.0,2.0,2.0,-0.0,0.0,2.0,1.0,2.0,0.0,0.0,0.0,0.0,0.0,0.0,0.0,-0.0,-0.0,0.0,0.0,0.0,0.0,0.0,0.0,-0.0,0.0,0.0,0.0,0.0,-0.0,0.0,0.0,0.0,0.0,-0.0,0.0,1.0,0.0,0.0,0.0,-0.0,0.0,0.0,1.0,0.0,1.0,0.0,0.0,0.0,0.0,0.0,-0.0,1.0,0.0,0.0,0.0,-0.0,0.0,0.0,0.0,0.0,0.0,0.0,0.0,-0.0,0.0,0.0,0.0,0.0,0.0,0.0,0.0,0.0,0.0,0.0,0.0,0.0,0.0,0.0,0.0,2.0,1.0,2.0,0.0,-0.0,2.0,2.0,1.0,0.0,1.0,3.0,1.0,3.0,3.0,3.0,2.0,-0.0,3.0,2.0,2.0,-0.0,3.0,1.0,1.0,2.0,2.0,2.0,4.0,1.0,3.0,1.0,2.0,3.0,1.0,1.0,1.0,2.0,6.0,4.0,1.0,3.0,2.0,1.0,1.0,3.0,1.0,3.0,2.0,2.0,2.0,2.0,0.0,9.0,1.0,0.0,3.0,2.0,1.0,0.0,0.0,1.0,5.0,3.0,4.0,2.0
15348.0,15348.0,15281.0,15395.0,15501.0,15219.0,15443.0,15221.0,15348.0,15358.0,15259.0,15207.0,15120.0,15360.0,15206.0,15551.0,15328.0,15330.0,15232.0,15198.0,15150.0,15428.0,15041.0,15243.0,15395.0,15358.0,15286.0,15399.0,15171.0,15192.0,15404.0,14929.0,15276.0,15132.0,15159.0,15367.0,15496.0,15173.0,15265.0,15272.0,15019.0,15109.0,15248.0,15267.0,15354.0,15164.0,15545.0,15394.0,15344.0,15183.0,14952.0,15288.0,15540.0,15261.0,15435.0,15153.0,15349.0,15349.0,15577.0,15507.0,15482.0,15432.0,15289.0,15479.0,15558.0,15515.0,15356.0,15582.0,15715.0,15932.0,15506.0,15553.0,15574.0,15605.0,15674.0,15484.0,15565.0,15779.0,15906.0,16318.0,16475.0,16394.0,16158.0,15392.0,14690.0,14830.0,14840.0,15741.0,16914.0,18268.0,19566.0,20386.0,19664.0,16534.0,12990.0,7677.0,2425.0,236.0,4.0,1.0,0.0,1.0,4.0,236.0,2425.0,7677.0,12990.0,16534.0,19664.0,20386.0,19566.0,18268.0,16914.0,15741.0,14840.0,14830.0,14690.0,15392.0,16158.0,16394.0,16475.0,16318.0,15906.0,15779.0,15565.0,15484.0,15674.0,15605.0,15574.0,15553.0,15506.0,15932.0,15715.0,15582.0,15356.0,15515.0,15558.0,15479.0,15289.0,15432.0,15482.0,15507.0,15577.0,15349.0,15349.0,15153.0,15435.0,15261.0,15540.0,15288.0,14952.0,15183.0,15344.0,15394.0,15545.0,15164.0,15354.0,15267.0,15248.0,15109.0,15019.0,15272.0,15265.0,15173.0,15496.0,15367.0,15159.0,15132.0,15276.0,14929.0,15404.0,15192.0,15171.0,15399.0,15286.0,15358.0,15395.0,15243.0,15041.0,15428.0,15150.0,15198.0,15232.0,15330.0,15328.0,15551.0,15206.0,15360.0,15120.0,15207.0,15259.0,15358.0,15348.0,15221.0,15443.0,15219.0,15501.0,15395.0,15281.0,15348.0,15348.0
849.0,816.0,818.0,784.0,827.0,763.0,788.0,739.0,756.0,755.0,779.0,797.0,746.0,731.0,738.0,754.0,701.0,681.0,682.0,707.0,661.0,676.0,648.0,650.0,670.0,700.0,677.0,706.0,672.0,744.0,770.0,743.0,716.0,756.0,766.0,737.0,760.0,782.0,780.0,793.0,802.0,784.0,809.0,796.0,728.0,781.0,759.0,785.0,768.0,734.0,774.0,823.0,789.0,865.0,801.0,837.0,823.0,832.0,912.0,876.0,910.0,934.0,901.0,925.0,903.0,906.0,946.0,934.0,965.0,987.0,932.0,964.0,1000.0,979.0,975.0,1066.0,1072.0,1091.0,1133.0,1107.0,1146.0,1191.0,1232.0,1246.0,1315.0,1334.0,1399.0,1435.0,1454.0,1475.0,1594.0,1641.0,1811.0,2044.0,2269.0,2812.0,3035.0,3978.0,5185.0,3632.0,0.0,3632.0,5185.0,3978.0,3035.0,2812.0,2269.0,2044.0,1811.0,1641.0,1594.0,1475.0,1454.0,1435.0,1399.0,1334.0,1315.0,1246.0,1232.0,1191.0,1146.0,1107.0,1133.0,1091.0,1072.0,1066.0,975.0,979.0,1000.0,964.0,932.0,987.0,965.0,934.0,946.0,906.0,903.0,925.0,901.0,934.0,910.0,876.0,912.0,832.0,823.0,837.0,801.0,865.0,789.0,823.0,774.0,734.0,768.0,785.0,759.0,781.0,728.0,796.0,809.0,784.0,802.0,793.0,780.0,782.0,760.0,737.0,766.0,756.0,716.0,743.0,770.0,744.0,672.0,706.0,677.0,700.0,670.0,650.0,648.0,676.0,661.0,707.0,682.0,681.0,701.0,754.0,738.0,731.0,746.0,797.0,779.0,755.0,756.0,739.0,788.0,763.0,827.0,784.0,818.0,816.0,849.0
2108.0,2037.0,2055.0,2155.0,1966.0,2178.0,2002.0,2016.0,2019.0,1997.0,2027.0,2060.0,2075.0,2013.0,2085.0,2018.0,2085.0,2022.0,1974.0,2108.0,2007.0,2010.0,1966.0,2026.0,2059.0,1978.0,2051.0,2098.0,2040.0,2046.0,2176.0,2115.0,2044.0,2040.0,1988.0,2035.0,2093.0,2116.0,2098.0,1956.0,2061.0,2107.0,2175.0,2261.0,2115.0,2186.0,2158.0,2158.0,2249.0,2158.0,2148.0,2134.0,2102.0,2159.0,2260.0,2217.0,2329.0,2382.0,2344.0,2389.0,2320.0,2323.0,2294.0,2293.0,2250.0,2282.0,2330.0,2368.0,2365.0,2344.0,2421.0,2472.0,2448.0,2488.0,2484.0,2441.0,2518.0,2512.0,2573.0,2584.0,2640.0,2693.0,2835.0,3055.0,3080.0,3361.0,3391.0,3417.0,3466.0,3480.0,3450.0,3439.0,3516.0,3531.0,3793.0,3729.0,3521.0,4281.0,4109.0,3241.0,0.0,3241.0,4109.0,4281.0,3521.0,3729.0,3793.0,3531.0,3516.0,3439.0,3450.0,3480.0,3466.0,3417.0,3391.0,3361.0,3080.0,3055.0,2835.0,2693.0,2640.0,2584.0,2573.0,2512.0,2518.0,2441.0,2484.0,2488.0,2448.0,2472.0,2421.0,2344.0,2365.0,2368.0,2330.0,2282.0,2250.0,2293.0,2294.0,2323.0,2320.0,2389.0,2344.0,2382.0,2329.0,2217.0,2260.0,2159.0,2102.0,2134.0,2148.0,2158.0,2249.0,2158.0,2158.0,2186.0,2115.0,2261.0,2175.0,2107.0,2061.0,1956.0,2098.0,2116.0,2093.0,2035.0,1988.0,2040.0,2044.0,2115.0,2176.0,2046.0,2040.0,2098.0,2051.0,1978.0,2059.0,2026.0,1966.0,2010.0,2007.0,2108.0,1974.0,2022.0,2085.0,2018.0,2085.0,2013.0,2075.0,2060.0,2027.0,1997.0,2019.0,2016.0,2002.0,2178.0,1966.0,2155.0,2055.0,2037.0,2108.0
15.0,10.0,20.0,23.0,16.0,14.0,17.0,14.0,14.0,18.0,13.0,16.0,17.0,19.0,19.0,14.0,18.0,14.0,13.0,12.0,13.0,13.0,17.0,21.0,10.0,10.0,12.0,17.0,16.0,11.0,13.0,11.0,14.0,10.0,10.0,14.0,7.0,11.0,15.0,12.0,7.0,6.0,9.0,14.0,6.0,8.0,5.0,2.0,5.0,5.0,3.0,5.0,6.0,0.0,4.0,4.0,2.0,3.0,2.0,0.0,1.0,2.0,0.0,2.0,1.0,0.0,3.0,0.0,0.0,0.0,0.0,0.0,-0.0,0.0,0.0,0.0,2.0,1.0,1.0,0.0,-0.0,-0.0,0.0,-0.0,1.0,0.0,0.0,0.0,0.0,0.0,0.0,0.0,0.0,0.0,0.0,0.0,-0.0,0.0,0.0,0.0,0.0,0.0,0.0,0.0,0.0,0.0,0.0,0.0,-0.0,0.0,0.0,0.0,-0.0,-0.0,0.0,0.0,1.0,0.0,0.0,0.0,-0.0,0.0,1.0,1.0,2.0,0.0,0.0,0.0,-0.0,-0.0,0.0,0.0,0.0,0.0,3.0,0.0,1.0,2.0,0.0,2.0,1.0,0.0,2.0,3.0,2.0,4.0,4.0,0.0,6.0,5.0,3.0,5.0,5.0,2.0,5.0,8.0,6.0,14.0,9.0,6.0,7.0,12.0,15.0,11.0,7.0,14.0,10.0,10.0,14.0,11.0,13.0,11.0,16.0,17.0,12.0,10.0,10.0,21.0,17.0,13.0,13.0,12.0,13.0,14.0,18.0,14.0,19.0,19.0,17.0,16.0,13.0,18.0,14.0,14.0,17.0,14.0,16.0,23.0,20.0,10.0,15.0
4513.0,4573.0,4541.0,4536.0,4515.0,4699.0,4475.0,4510.0,4572.0,4650.0,4660.0,4608.0,4683.0,4707.0,4648.0,4603.0,4616.0,4597.0,4693.0,4798.0,4726.0,4816.0,4736.0,4666.0,4891.0,4779.0,4710.0,4905.0,4875.0,4916.0,4883.0,4880.0,4848.0,4853.0,4922.0,5015.0,4841.0,4938.0,5049.0,5057.0,4965.0,5073.0,5082.0,5180.0,5050.0,5100.0,5165.0,5060.0,5078.0,5299.0,5108.0,5300.0,5278.0,5360.0,5245.0,5255.0,5359.0,5301.0,5408.0,5425.0,5459.0,5433.0,5380.0,5523.0,5533.0,5581.0,5656.0,5497.0,5551.0,5666.0,5625.0,5562.0,5608.0,5584.0,5642.0,5788.0,5813.0,5705.0,5758.0,5725.0,5627.0,5716.0,5674.0,5564.0,5552.0,5680.0,5558.0,5490.0,5414.0,5232.0,4932.0,4878.0,4537.0,4253.0,3739.0,3482.0,3156.0,2497.0,1257.0,690.0,0.0,690.0,1257.0,2497.0,3156.0,3482.0,3739.0,4253.0,4537.0,4878.0,4932.0,5232.0,5414.0,5490.0,5558.0,5680.0,5552.0,5564.0,5674.0,5716.0,5627.0,5725.0,5758.0,5705.0,5813.0,5788.0,5642.0,5584.0,5608.0,5562.0,5625.0,5666.0,5551.0,5497.0,5656.0,5581.0,5533.0,5523.0,5380.0,5433.0,5459.0,5425.0,5408.0,5301.0,5359.0,5255.0,5245.0,5360.0,5278.0,5300.0,5108.0,5299.0,5078.0,5060.0,5165.0,5100.0,5050.0,5180.0,5082.0,5073.0,4965.0,5057.0,5049.0,4938.0,4841.0,5015.0,4922.0,4853.0,4848.0,4880.0,4883.0,4916.0,4875.0,4905.0,4710.0,4779.0,4891.0,4666.0,4736.0,4816.0,4726.0,4798.0,4693.0,4597.0,4616.0,4603.0,4648.0,4707.0,4683.0,4608.0,4660.0,4650.0,4572.0,4510.0,4475.0,4699.0,4515.0,4536.0,4541.0,4573.0,4513.0
63536.0,64495.0,64014.0,64151.0,63808.0,64258.0,64156.0,64217.0,64431.0,63826.0,64267.0,64167.0,64755.0,64292.0,63954.0,64199.0,64426.0,64713.0,64770.0,64220.0,64371.0,64377.0,65079.0,64444.0,64819.0,64105.0,64835.0,64571.0,64801.0,65117.0,65034.0,64188.0,64806.0,65149.0,65151.0,64744.0,64911.0,65211.0,64923.0,65135.0,65104.0,65441.0,64930.0,65462.0,65280.0,65340.0,65266.0,65671.0,65620.0,65453.0,65808.0,65500.0,65544.0,65729.0,66122.0,65892.0,66027.0,66002.0,66449.0,65757.0,65944.0,66183.0,66742.0,66585.0,66596.0,66713.0,66346.0,66597.0,66637.0,67490.0,67059.0,66861.0,67433.0,66775.0,67190.0,67831.0,68076.0,67370.0,67861.0,67597.0,67730.0,67750.0,68740.0,68305.0,68466.0,68849.0,69179.0,69246.0,69041.0,67216.0,67009.0,66745.0,69932.0,77914.0,88312.0,86663.0,60690.0,20401.0,742.0,44.0,0.0,44.0,742.0,20401.0,60690.0,86663.0,88312.0,77914.0,69932.0,66745.0,67009.0,67216.0,69041.0,69246.0,69179.0,68849.0,68466.0,68305.0,68740.0,67750.0,67730.0,67597.0,67861.0,67370.0,68076.0,67831.0,67190.0,66775.0,67433.0,66861.0,67059.0,67490.0,66637.0,66597.0,66346.0,66713.0,66596.0,66585.0,66742.0,66183.0,65944.0,65757.0,66449.0,66002.0,66027.0,65892.0,66122.0,65729.0,65544.0,65500.0,65808.0,65453.0,65620.0,65671.0,65266.0,65340.0,65280.0,65462.0,64930.0,65441.0,65104.0,65135.0,64923.0,65211.0,64911.0,64744.0,65151.0,65149.0,64806.0,64188.0,65034.0,65117.0,64801.0,64571.0,64835.0,64105.0,64819.0,64444.0,65079.0,64377.0,64371.0,64220.0,64770.0,64713.0,64426.0,64199.0,63954.0,64292.0,64755.0,64167.0,64267.0,63826.0,64431.0,64217.0,64156.0,64258.0,63808.0,64151.0,64014.0,64495.0,63536.0
6.0,5.0,1.0,4.0,0.0,6.0,2.0,2.0,4.0,3.0,3.0,4.0,3.0,2.0,5.0,6.0,3.0,1.0,-0.0,5.0,1.0,2.0,2.0,3.0,1.0,4.0,3.0,3.0,1.0,2.0,4.0,6.0,2.0,5.0,1.0,1.0,3.0,3.0,0.0,3.0,2.0,2.0,1.0,3.0,1.0,2.0,0.0,0.0,2.0,1.0,0.0,1.0,1.0,0.0,1.0,1.0,1.0,0.0,0.0,2.0,2.0,1.0,1.0,0.0,1.0,0.0,0.0,0.0,0.0,1.0,0.0,0.0,-0.0,0.0,0.0,0.0,0.0,0.0,0.0,0.0,-0.0,0.0,0.0,0.0,0.0,0.0,0.0,0.0,0.0,0.0,1.0,2.0,0.0,0.0,1.0,2.0,1.0,0.0,0.0,1.0,0.0,1.0,0.0,0.0,1.0,2.0,1.0,0.0,-0.0,2.0,1.0,0.0,-0.0,0.0,0.0,0.0,0.0,0.0,0.0,0.0,-0.0,0.0,0.0,0.0,0.0,0.0,0.0,0.0,0.0,0.0,0.0,1.0,0.0,0.0,0.0,0.0,1.0,0.0,1.0,1.0,2.0,2.0,0.0,0.0,1.0,1.0,1.0,0.0,1.0,1.0,0.0,1.0,2.0,0.0,0.0,2.0,1.0,3.0,1.0,2.0,2.0,3.0,0.0,3.0,3.0,1.0,1.0,5.0,2.0,6.0,4.0,2.0,1.0,3.0,3.0,4.0,1.0,3.0,2.0,2.0,1.0,5.0,0.0,1.0,3.0,6.0,5.0,2.0,3.0,4.0,3.0,3.0,4.0,2.0,2.0,6.0,0.0,4.0,1.0,5.0,6.0
2921.0,2923.0,2926.0,2926.0,3009.0,2987.0,3019.0,3068.0,3083.0,3139.0,3292.0,3329.0,3351.0,3307.0,3374.0,3451.0,3416.0,3581.0,3542.0,3575.0,3658.0,3645.0,3663.0,3662.0,3701.0,3614.0,3641.0,3683.0,3686.0,3666.0,3714.0,3739.0,3717.0,3697.0,3720.0,3624.0,3631.0,3556.0,3539.0,3538.0,3510.0,3459.0,3447.0,3385.0,3435.0,3409.0,3379.0,3313.0,3203.0,3124.0,3096.0,3003.0,2948.0,2941.0,2932.0,2855.0,2893.0,2826.0,2840.0,2899.0,2902.0,2913.0,2913.0,2939.0,3001.0,3054.0,3103.0,3181.0,3204.0,3196.0,3209.0,3258.0,3345.0,3372.0,3390.0,3458.0,3548.0,3627.0,3714.0,3840.0,3979.0,4131.0,4366.0,4668.0,4880.0,5186.0,5498.0,5971.0,6370.0,7036.0,7556.0,8361.0,9283.0,10131.0,11208.0,12177.0,13377.0,15146.0,17983.0,20470.0,0.0,20470.0,17983.0,15146.0,13377.0,12177.0,11208.0,10131.0,9283.0,8361.0,7556.0,7036.0,6370.0,5971.0,5498.0,5186.0,4880.0,4668.0,4366.0,4131.0,3979.0,3840.0,3714.0,3627.0,3548.0,3458.0,3390.0,3372.0,3345.0,3258.0,3209.0,3196.0,3204.0,3181.0,3103.0,3054.0,3001.0,2939.0,2913.0,2913.0,2902.0,2899.0,2840.0,2826.0,2893.0,2855.0,2932.0,2941.0,2948.0,3003.0,3096.0,3124.0,3203.0,3313.0,3379.0,3409.0,3435.0,3385.0,3447.0,3459.0,3510.0,3538.0,3539.0,3556.0,3631.0,3624.0,3720.0,3697.0,3717.0,3739.0,3714.0,3666.0,3686.0,3683.0,3641.0,3614.0,3701.0,3662.0,3663.0,3645.0,3658.0,3575.0,3542.0,3581.0,3416.0,3451.0,3374.0,3307.0,3351.0,3329.0,3292.0,3139.0,3083.0,3068.0,3019.0,2987.0,3009.0,2926.0,2926.0,2923.0,2921.0
683.0,759.0,789.0,778.0,835.0,924.0,881.0,945.0,1015.0,1020.0,1039.0,1079.0,1090.0,1135.0,1181.0,1164.0,1223.0,1250.0,1265.0,1227.0,1278.0,1259.0,1268.0,1267.0,1279.0,1232.0,1226.0,1191.0,1178.0,1156.0,1097.0,1037.0,1022.0,957.0,910.0,870.0,796.0,732.0,680.0,595.0,578.0,506.0,448.0,401.0,367.0,330.0,289.0,299.0,274.0,219.0,246.0,221.0,241.0,207.0,245.0,232.0,234.0,217.0,198.0,228.0,217.0,215.0,267.0,268.0,261.0,244.0,282.0,271.0,298.0,307.0,325.0,348.0,356.0,398.0,451.0,486.0,494.0,597.0,672.0,778.0,842.0,918.0,1154.0,1233.0,1378.0,1528.0,1832.0,1885.0,2167.0,2365.0,2535.0,2809.0,3148.0,3176.0,3620.0,3855.0,3910.0,4305.0,4761.0,2394.0,0.0,2394.0,4761.0,4305.0,3910.0,3855.0,3620.0,3176.0,3148.0,2809.0,2535.0,2365.0,2167.0,1885.0,1832.0,1528.0,1378.0,1233.0,1154.0,918.0,842.0,778.0,672.0,597.0,494.0,486.0,451.0,398.0,356.0,348.0,325.0,307.0,298.0,271.0,282.0,244.0,261.0,268.0,267.0,215.0,217.0,228.0,198.0,217.0,234.0,232.0,245.0,207.0,241.0,221.0,246.0,219.0,274.0,299.0,289.0,330.0,367.0,401.0,448.0,506.0,578.0,595.0,680.0,732.0,796.0,870.0,910.0,957.0,1022.0,1037.0,1097.0,1156.0,1178.0,1191.0,1226.0,1232.0,1279.0,1267.0,1268.0,1259.0,1278.0,1227.0,1265.0,1250.0,1223.0,1164.0,1181.0,1135.0,1090.0,1079.0,1039.0,1020.0,1015.0,945.0,881.0,924.0,835.0,778.0,789.0,759.0,683.0
501.0,500.0,509.0,541.0,541.0,546.0,574.0,612.0,581.0,614.0,655.0,644.0,683.0,657.0,671.0,717.0,707.0,716.0,727.0,777.0,743.0,736.0,762.0,811.0,755.0,778.0,789.0,749.0,760.0,763.0,687.0,722.0,662.0,624.0,599.0,569.0,554.0,503.0,467.0,445.0,396.0,371.0,360.0,291.0,277.0,281.0,266.0,252.0,250.0,250.0,246.0,236.0,220.0,229.0,216.0,240.0,238.0,243.0,240.0,257.0,256.0,278.0,300.0,298.0,323.0,322.0,343.0,350.0,375.0,396.0,396.0,454.0,496.0,539.0,574.0,652.0,764.0,791.0,886.0,972.0,1130.0,1214.0,1389.0,1598.0,1744.0,1939.0,2167.0,2450.0,2626.0,2857.0,3210.0,3431.0,3705.0,4085.0,4326.0,4725.0,4976.0,5110.0,6379.0,3336.0,0.0,3336.0,6379.0,5110.0,4976.0,4725.0,4326.0,4085.0,3705.0,3431.0,3210.0,2857.0,2626.0,2450.0,2167.0,1939.0,1744.0,1598.0,1389.0,1214.0,1130.0,972.0,886.0,791.0,764.0,652.0,574.0,539.0,496.0,454.0,396.0,396.0,375.0,350.0,343.0,322.0,323.0,298.0,300.0,278.0,256.0,257.0,240.0,243.0,238.0,240.0,216.0,229.0,220.0,236.0,246.0,250.0,250.0,252.0,266.0,281.0,277.0,291.0,360.0,371.0,396.0,445.0,467.0,503.0,554.0,569.0,599.0,624.0,662.0,722.0,687.0,763.0,760.0,749.0,789.0,778.0,755.0,811.0,762.0,736.0,743.0,777.0,727.0,716.0,707.0,717.0,671.0,657.0,683.0,644.0,655.0,614.0,581.0,612.0,574.0,546.0,541.0,541.0,509.0,500.0,501.0
681.0,678.0,631.0,640.0,688.0,652.0,675.0,661.0,629.0,588.0,671.0,659.0,658.0,682.0,695.0,672.0,656.0,676.0,685.0,703.0,605.0,674.0,645.0,728.0,623.0,662.0,702.0,686.0,714.0,649.0,679.0,725.0,631.0,681.0,702.0,711.0,696.0,716.0,664.0,714.0,690.0,702.0,739.0,698.0,694.0,667.0,644.0,675.0,631.0,644.0,562.0,610.0,562.0,577.0,592.0,515.0,516.0,522.0,516.0,507.0,482.0,432.0,433.0,432.0,375.0,406.0,372.0,373.0,376.0,406.0,436.0,491.0,483.0,556.0,551.0,643.0,639.0,678.0,716.0,752.0,835.0,860.0,850.0,943.0,965.0,1061.0,1030.0,1155.0,1139.0,1211.0,1187.0,1327.0,1296.0,1408.0,1325.0,1441.0,1429.0,1205.0,1902.0,265.0,0.0,265.0,1902.0,1205.0,1429.0,1441.0,1325.0,1408.0,1296.0,1327.0,1187.0,1211.0,1139.0,1155.0,1030.0,1061.0,965.0,943.0,850.0,860.0,835.0,752.0,716.0,678.0,639.0,643.0,551.0,556.0,483.0,491.0,436.0,406.0,376.0,373.0,372.0,406.0,375.0,432.0,433.0,432.0,482.0,507.0,516.0,522.0,516.0,515.0,592.0,577.0,562.0,610.0,562.0,644.0,631.0,675.0,644.0,667.0,694.0,698.0,739.0,702.0,690.0,714.0,664.0,716.0,696.0,711.0,702.0,681.0,631.0,725.0,679.0,649.0,714.0,686.0,702.0,662.0,623.0,728.0,645.0,674.0,605.0,703.0,685.0,676.0,656.0,672.0,695.0,682.0,658.0,659.0,671.0,588.0,629.0,661.0,675.0,652.0,688.0,640.0,631.0,678.0,681.0
3601.0,3639.0,3718.0,3650.0,3567.0,3700.0,3814.0,3908.0,3837.0,3713.0,3793.0,3814.0,3924.0,3734.0,3805.0,3866.0,3923.0,3907.0,3836.0,3936.0,3967.0,3982.0,3971.0,3936.0,3885.0,3903.0,3882.0,3826.0,3881.0,3741.0,3779.0,3768.0,3760.0,3683.0,3785.0,3736.0,3674.0,3673.0,3702.0,3509.0,3452.0,3521.0,3517.0,3413.0,3405.0,3418.0,3376.0,3312.0,3179.0,3304.0,3221.0,3254.0,3153.0,3228.0,3225.0,3263.0,3310.0,3361.0,3331.0,3280.0,3337.0,3350.0,3298.0,3355.0,3328.0,3344.0,3325.0,3342.0,3419.0,3493.0,3587.0,3658.0,3654.0,3680.0,3649.0,3644.0,3573.0,3587.0,3588.0,3723.0,3843.0,3933.0,4147.0,4350.0,4796.0,5064.0,5402.0,5535.0,5566.0,5503.0,5444.0,5616.0,5808.0,6137.0,6600.0,6978.0,7479.0,8178.0,9741.0,14129.0,0.0,14129.0,9741.0,8178.0,7479.0,6978.0,6600.0,6137.0,5808.0,5616.0,5444.0,5503.0,5566.0,5535.0,5402.0,5064.0,4796.0,4350.0,4147.0,3933.0,3843.0,3723.0,3588.0,3587.0,3573.0,3644.0,3649.0,3680.0,3654.0,3658.0,3587.0,3493.0,3419.0,3342.0,3325.0,3344.0,3328.0,3355.0,3298.0,3350.0,3337.0,3280.0,3331.0,3361.0,3310.0,3263.0,3225.0,3228.0,3153.0,3254.0,3221.0,3304.0,3179.0,3312.0,3376.0,3418.0,3405.0,3413.0,3517.0,3521.0,3452.0,3509.0,3702.0,3673.0,3674.0,3736.0,3785.0,3683.0,3760.0,3768.0,3779.0,3741.0,3881.0,3826.0,3882.0,3903.0,3885.0,3936.0,3971.0,3982.0,3967.0,3936.0,3836.0,3907.0,3923.0,3866.0,3805.0,3734.0,3924.0,3814.0,3793.0,3713.0,3837.0,3908.0,3814.0,3700.0,3567.0,3650.0,3718.0,3639.0,3601.0
44832.0,44579.0,44360.0,43951.0,44324.0,44488.0,44410.0,44447.0,44411.0,44518.0,44375.0,44332.0,44243.0,44403.0,44307.0,44484.0,44136.0,44713.0,44482.0,44537.0,44643.0,44658.0,44130.0,44279.0,44167.0,44372.0,44480.0,44323.0,44505.0,44494.0,44871.0,44477.0,44450.0,44187.0,44292.0,44308.0,44102.0,44633.0,44767.0,44566.0,44860.0,44493.0,44505.0,44795.0,44148.0,44394.0,44621.0,44226.0,44408.0,44617.0,44720.0,44883.0,44820.0,44567.0,44560.0,44927.0,44960.0,44298.0,44657.0,45024.0,44636.0,44836.0,44866.0,44995.0,44777.0,45070.0,44761.0,44799.0,44690.0,44869.0,44690.0,44859.0,44985.0,45250.0,45792.0,46289.0,46022.0,46011.0,45921.0,45377.0,44733.0,44314.0,43605.0,43169.0,42652.0,42382.0,43553.0,46440.0,51507.0,56319.0,59510.0,58813.0,53752.0,41560.0,26928.0,14760.0,5827.0,1086.0,87.0,158.0,0.0,158.0,87.0,1086.0,5827.0,14760.0,26928.0,41560.0,53752.0,58813.0,59510.0,56319.0,51507.0,46440.0,43553.0,42382.0,42652.0,43169.0,43605.0,44314.0,44733.0,45377.0,45921.0,46011.0,46022.0,46289.0,45792.0,45250.0,44985.0,44859.0,44690.0,44869.0,44690.0,44799.0,44761.0,45070.0,44777.0,44995.0,44866.0,44836.0,44636.0,45024.0,44657.0,44298.0,44960.0,44927.0,44560.0,44567.0,44820.0,44883.0,44720.0,44617.0,44408.0,44226.0,44621.0,44394.0,44148.0,44795.0,44505.0,44493.0,44860.0,44566.0,44767.0,44633.0,44102.0,44308.0,44292.0,44187.0,44450.0,44477.0,44871.0,44494.0,44505.0,44323.0,44480.0,44372.0,44167.0,44279.0,44130.0,44658.0,44643.0,44537.0,44482.0,44713.0,44136.0,44484.0,44307.0,44403.0,44243.0,44332.0,44375.0,44518.0,44411.0,44447.0,44410.0,44488.0,44324.0,43951.0,44360.0,44579.0,44832.0
4019.0,4128.0,4027.0,4072.0,4156.0,4169.0,4186.0,4156.0,4209.0,4246.0,4255.0,4215.0,4270.0,4192.0,4101.0,4162.0,4136.0,4215.0,4276.0,4077.0,4125.0,4111.0,4062.0,4057.0,4090.0,4030.0,3910.0,4036.0,3964.0,3982.0,3804.0,3860.0,3819.0,3843.0,3839.0,3833.0,3741.0,3663.0,3786.0,3623.0,3689.0,3680.0,3787.0,3597.0,3682.0,3782.0,3814.0,3944.0,4012.0,3986.0,4043.0,4234.0,4232.0,4351.0,4340.0,4534.0,4528.0,4633.0,4586.0,4838.0,4839.0,4797.0,4763.0,4858.0,4726.0,4828.0,4796.0,4571.0,4577.0,4432.0,4394.0,4162.0,4133.0,3940.0,4044.0,3766.0,3666.0,3491.0,3249.0,3141.0,2995.0,2962.0,2738.0,2574.0,2440.0,2278.0,2143.0,1966.0,1782.0,1674.0,1480.0,1316.0,1079.0,870.0,694.0,626.0,467.0,121.0,98.0,169.0,0.0,169.0,98.0,121.0,467.0,626.0,694.0,870.0,1079.0,1316.0,1480.0,1674.0,1782.0,1966.0,2143.0,2278.0,2440.0,2574.0,2738.0,2962.0,2995.0,3141.0,3249.0,3491.0,3666.0,3766.0,4044.0,3940.0,4133.0,4162.0,4394.0,4432.0,4577.0,4571.0,4796.0,4828.0,4726.0,4858.0,4763.0,4797.0,4839.0,4838.0,4586.0,4633.0,4528.0,4534.0,4340.0,4351.0,4232.0,4234.0,4043.0,3986.0,4012.0,3944.0,3814.0,3782.0,3682.0,3597.0,3787.0,3680.0,3689.0,3623.0,3786.0,3663.0,3741.0,3833.0,3839.0,3843.0,3819.0,3860.0,3804.0,3982.0,3964.0,4036.0,3910.0,4030.0,4090.0,4057.0,4062.0,4111.0,4125.0,4077.0,4276.0,4215.0,4136.0,4162.0,4101.0,4192.0,4270.0,4215.0,4255.0,4246.0,4209.0,4156.0,4186.0,4169.0,4156.0,4072.0,4027.0,4128.0,4019.0
29091.0,28895.0,29328.0,28856.0,29077.0,28938.0,29234.0,29032.0,29400.0,28966.0,29182.0,28835.0,29037.0,28871.0,29172.0,29134.0,28928.0,29172.0,29199.0,29482.0,29094.0,29036.0,29177.0,28841.0,28992.0,28959.0,28877.0,29163.0,29089.0,29369.0,28827.0,29347.0,29166.0,29044.0,29150.0,28988.0,29205.0,28985.0,29367.0,28751.0,29203.0,28902.0,29060.0,29077.0,29403.0,29314.0,29440.0,29158.0,29326.0,28960.0,28944.0,28756.0,28871.0,28663.0,28657.0,28816.0,28907.0,29677.0,30057.0,30497.0,30673.0,30075.0,29621.0,28698.0,28004.0,26742.0,26497.0,26465.0,27132.0,28500.0,30331.0,32459.0,34186.0,35217.0,35055.0,33222.0,29755.0,26186.0,22541.0,20064.0,18998.0,19587.0,22057.0,26456.0,32943.0,41096.0,49233.0,52530.0,49189.0,38350.0,25578.0,16197.0,10321.0,6699.0,4225.0,2016.0,803.0,372.0,129.0,160.0,0.0,160.0,129.0,372.0,803.0,2016.0,4225.0,6699.0,10321.0,16197.0,25578.0,38350.0,49189.0,52530.0,49233.0,41096.0,32943.0,26456.0,22057.0,19587.0,18998.0,20064.0,22541.0,26186.0,29755.0,33222.0,35055.0,35217.0,34186.0,32459.0,30331.0,28500.0,27132.0,26465.0,26497.0,26742.0,28004.0,28698.0,29621.0,30075.0,30673.0,30497.0,30057.0,29677.0,28907.0,28816.0,28657.0,28663.0,28871.0,28756.0,28944.0,28960.0,29326.0,29158.0,29440.0,29314.0,29403.0,29077.0,29060.0,28902.0,29203.0,28751.0,29367.0,28985.0,29205.0,28988.0,29150.0,29044.0,29166.0,29347.0,28827.0,29369.0,29089.0,29163.0,28877.0,28959.0,28992.0,28841.0,29177.0,29036.0,29094.0,29482.0,29199.0,29172.0,28928.0,29134.0,29172.0,28871.0,29037.0,28835.0,29182.0,28966.0,29400.0,29032.0,29234.0,28938.0,29077.0,28856.0,29328.0,28895.0,29091.0
9.0,11.0,12.0,14.0,12.0,8.0,10.0,8.0,16.0,10.0,7.0,13.0,17.0,13.0,15.0,8.0,10.0,10.0,8.0,10.0,20.0,11.0,9.0,17.0,8.0,13.0,11.0,11.0,9.0,15.0,11.0,8.0,9.0,8.0,8.0,9.0,6.0,9.0,11.0,9.0,8.0,10.0,9.0,7.0,10.0,8.0,7.0,6.0,7.0,2.0,4.0,3.0,0.0,4.0,1.0,4.0,1.0,1.0,1.0,2.0,4.0,1.0,1.0,0.0,3.0,0.0,1.0,2.0,1.0,0.0,1.0,1.0,-0.0,2.0,1.0,0.0,0.0,-0.0,0.0,1.0,-0.0,0.0,-0.0,0.0,0.0,0.0,0.0,0.0,0.0,0.0,0.0,0.0,0.0,0.0,0.0,1.0,-0.0,0.0,1.0,0.0,0.0,0.0,1.0,0.0,0.0,1.0,0.0,0.0,-0.0,0.0,0.0,0.0,-0.0,0.0,0.0,0.0,0.0,0.0,0.0,0.0,-0.0,1.0,0.0,0.0,0.0,0.0,1.0,2.0,-0.0,1.0,1.0,0.0,1.0,2.0,1.0,0.0,3.0,0.0,1.0,1.0,4.0,2.0,1.0,1.0,1.0,4.0,1.0,4.0,0.0,3.0,4.0,2.0,7.0,6.0,7.0,8.0,10.0,7.0,9.0,10.0,8.0,9.0,11.0,9.0,6.0,9.0,8.0,8.0,9.0,8.0,11.0,15.0,9.0,11.0,11.0,13.0,8.0,17.0,9.0,11.0,20.0,10.0,8.0,10.0,10.0,8.0,15.0,13.0,17.0,13.0,7.0,10.0,16.0,8.0,10.0,8.0,12.0,14.0,12.0,11.0,9.0
6535.0,6371.0,6388.0,6433.0,6246.0,6310.0,6250.0,6129.0,6056.0,6142.0,6104.0,6131.0,6149.0,6039.0,6051.0,6028.0,6069.0,5991.0,6010.0,5944.0,6005.0,5962.0,5867.0,5969.0,5964.0,5887.0,5895.0,5981.0,6022.0,5940.0,6002.0,6161.0,6098.0,6115.0,6122.0,6251.0,6234.0,6372.0,6434.0,6403.0,6582.0,6653.0,6658.0,6812.0,7032.0,7197.0,7169.0,7277.0,7448.0,7578.0,7740.0,7839.0,7969.0,8086.0,8188.0,8260.0,8372.0,8492.0,8592.0,8620.0,8873.0,8833.0,8959.0,9012.0,9125.0,9056.0,9249.0,9384.0,9400.0,9586.0,9637.0,9637.0,9835.0,10061.0,10263.0,10552.0,10709.0,11032.0,11231.0,11526.0,11911.0,12365.0,12657.0,13118.0,13777.0,14145.0,14815.0,15351.0,16201.0,16967.0,18168.0,18717.0,19980.0,21142.0,22320.0,23886.0,25310.0,27599.0,30125.0,25017.0,0.0,25017.0,30125.0,27599.0,25310.0,23886.0,22320.0,21142.0,19980.0,18717.0,18168.0,16967.0,16201.0,15351.0,14815.0,14145.0,13777.0,13118.0,12657.0,12365.0,11911.0,11526.0,11231.0,11032.0,10709.0,10552.0,10263.0,10061.0,9835.0,9637.0,9637.0,9586.0,9400.0,9384.0,9249.0,9056.0,9125.0,9012.0,8959.0,8833.0,8873.0,8620.0,8592.0,8492.0,8372.0,8260.0,8188.0,8086.0,7969.0,7839.0,7740.0,7578.0,7448.0,7277.0,7169.0,7197.0,7032.0,6812.0,6658.0,6653.0,6582.0,6403.0,6434.0,6372.0,6234.0,6251.0,6122.0,6115.0,6098.0,6161.0,6002.0,5940.0,6022.0,5981.0,5895.0,5887.0,5964.0,5969.0,5867.0,5962.0,6005.0,5944.0,6010.0,5991.0,6069.0,6028.0,6051.0,6039.0,6149.0,6131.0,6104.0,6142.0,6056.0,6129.0,6250.0,6310.0,6246.0,6433.0,6388.0,6371.0,6535.0
9.0,10.0,6.0,13.0,14.0,11.0,11.0,6.0,6.0,4.0,11.0,10.0,9.0,8.0,8.0,17.0,11.0,14.0,14.0,9.0,5.0,6.0,11.0,12.0,7.0,11.0,5.0,7.0,5.0,10.0,14.0,6.0,11.0,10.0,9.0,4.0,8.0,4.0,11.0,1.0,11.0,3.0,6.0,6.0,4.0,5.0,2.0,1.0,3.0,3.0,4.0,3.0,2.0,-0.0,3.0,1.0,0.0,4.0,1.0,0.0,-0.0,1.0,-0.0,0.0,0.0,1.0,1.0,1.0,1.0,0.0,0.0,0.0,-0.0,1.0,0.0,1.0,0.0,0.0,0.0,0.0,-0.0,0.0,0.0,0.0,0.0,0.0,-0.0,0.0,1.0,0.0,0.0,0.0,0.0,0.0,0.0,0.0,-0.0,0.0,-0.0,0.0,0.0,-0.0,0.0,0.0,0.0,0.0,0.0,0.0,-0.0,0.0,0.0,0.0,1.0,0.0,0.0,0.0,0.0,0.0,0.0,0.0,-0.0,0.0,0.0,-0.0,0.0,1.0,0.0,1.0,0.0,0.0,0.0,0.0,1.0,1.0,1.0,1.0,-0.0,0.0,-0.0,1.0,-0.0,0.0,1.0,4.0,0.0,1.0,3.0,0.0,2.0,3.0,4.0,3.0,3.0,1.0,2.0,5.0,4.0,6.0,6.0,3.0,11.0,1.0,11.0,4.0,8.0,4.0,9.0,10.0,11.0,6.0,14.0,10.0,5.0,7.0,5.0,11.0,7.0,12.0,11.0,6.0,5.0,9.0,14.0,14.0,11.0,17.0,8.0,8.0,9.0,10.0,11.0,4.0,6.0,6.0,11.0,11.0,14.0,13.0,6.0,10.0,9.0
16.0,9.0,14.0,12.0,16.0,7.0,13.0,11.0,10.0,14.0,17.0,11.0,11.0,17.0,19.0,16.0,11.0,10.0,10.0,10.0,12.0,14.0,19.0,15.0,14.0,15.0,20.0,13.0,10.0,12.0,15.0,15.0,20.0,12.0,7.0,12.0,16.0,7.0,17.0,14.0,8.0,8.0,8.0,9.0,6.0,8.0,5.0,5.0,5.0,5.0,4.0,3.0,2.0,5.0,1.0,3.0,2.0,4.0,3.0,1.0,2.0,1.0,2.0,1.0,2.0,2.0,1.0,2.0,3.0,0.0,0.0,2.0,1.0,1.0,2.0,1.0,0.0,0.0,1.0,0.0,1.0,2.0,4.0,1.0,0.0,2.0,0.0,1.0,5.0,2.0,1.0,4.0,2.0,2.0,9.0,7.0,6.0,7.0,8.0,1.0,0.0,1.0,8.0,7.0,6.0,7.0,9.0,2.0,2.0,4.0,1.0,2.0,5.0,1.0,-0.0,2.0,0.0,1.0,4.0,2.0,1.0,0.0,1.0,0.0,0.0,1.0,2.0,1.0,1.0,2.0,0.0,0.0,3.0,2.0,1.0,2.0,2.0,1.0,2.0,1.0,2.0,1.0,3.0,4.0,2.0,3.0,1.0,5.0,2.0,3.0,4.0,5.0,5.0,5.0,5.0,8.0,6.0,9.0,8.0,8.0,8.0,14.0,17.0,7.0,16.0,12.0,7.0,12.0,20.0,15.0,15.0,12.0,10.0,13.0,20.0,15.0,14.0,15.0,19.0,14.0,12.0,10.0,10.0,10.0,11.0,16.0,19.0,17.0,11.0,11.0,17.0,14.0,10.0,11.0,13.0,7.0,16.0,12.0,14.0,9.0,16.0
1539.0,1649.0,1595.0,1614.0,1637.0,1660.0,1621.0,1611.0,1657.0,1677.0,1669.0,1590.0,1672.0,1696.0,1634.0,1649.0,1692.0,1672.0,1624.0,1726.0,1777.0,1709.0,1767.0,1746.0,1757.0,1695.0,1739.0,1736.0,1804.0,1767.0,1695.0,1767.0,1758.0,1827.0,1805.0,1706.0,1783.0,1820.0,1775.0,1853.0,1902.0,1808.0,1914.0,1965.0,1843.0,1911.0,1873.0,1985.0,1955.0,1966.0,1944.0,1982.0,2009.0,2040.0,2057.0,2058.0,2064.0,2155.0,2225.0,2257.0,2127.0,2276.0,2220.0,2330.0,2271.0,2284.0,2310.0,2279.0,2348.0,2370.0,2409.0,2291.0,2249.0,2235.0,2166.0,2204.0,2254.0,2137.0,2005.0,2040.0,1968.0,2004.0,1999.0,1835.0,1808.0,1790.0,1718.0,1640.0,1569.0,1547.0,1476.0,1391.0,1319.0,1095.0,1055.0,941.0,807.0,531.0,159.0,101.0,0.0,101.0,159.0,531.0,807.0,941.0,1055.0,1095.0,1319.0,1391.0,1476.0,1547.0,1569.0,1640.0,1718.0,1790.0,1808.0,1835.0,1999.0,2004.0,1968.0,2040.0,2005.0,2137.0,2254.0,2204.0,2166.0,2235.0,2249.0,2291.0,2409.0,2370.0,2348.0,2279.0,2310.0,2284.0,2271.0,2330.0,2220.0,2276.0,2127.0,2257.0,2225.0,2155.0,2064.0,2058.0,2057.0,2040.0,2009.0,1982.0,1944.0,1966.0,1955.0,1985.0,1873.0,1911.0,1843.0,1965.0,1914.0,1808.0,1902.0,1853.0,1775.0,1820.0,1783.0,1706.0,1805.0,1827.0,1758.0,1767.0,1695.0,1767.0,1804.0,1736.0,1739.0,1695.0,1757.0,1746.0,1767.0,1709.0,1777.0,1726.0,1624.0,1672.0,1692.0,1649.0,1634.0,1696.0,1672.0,1590.0,1669.0,1677.0,1657.0,1611.0,1621.0,1660.0,1637.0,1614.0,1595.0,1649.0,1539.0
13676.0,13761.0,14140.0,13821.0,13815.0,13937.0,13934.0,13856.0,13856.0,13797.0,14069.0,13941.0,14010.0,13963.0,14028.0,13834.0,13935.0,14019.0,13732.0,14139.0,14210.0,13833.0,14043.0,13918.0,14267.0,14099.0,14056.0,13986.0,14158.0,14260.0,14077.0,14138.0,14093.0,13898.0,14405.0,14155.0,13925.0,14163.0,14453.0,14130.0,14514.0,14136.0,14316.0,14111.0,14269.0,14416.0,14402.0,14284.0,14331.0,14305.0,14379.0,14385.0,14600.0,14405.0,14313.0,14626.0,14492.0,14446.0,14595.0,14484.0,14526.0,14703.0,14525.0,14642.0,14397.0,14661.0,14758.0,14870.0,14744.0,14919.0,15012.0,14878.0,15101.0,15174.0,15292.0,15336.0,15199.0,15446.0,15347.0,15180.0,15063.0,15632.0,15081.0,14834.0,15046.0,14810.0,14608.0,14425.0,14527.0,14089.0,13619.0,13992.0,14313.0,14367.0,12915.0,11971.0,15831.0,12209.0,1643.0,120.0,0.0,120.0,1643.0,12209.0,15831.0,11971.0,12915.0,14367.0,14313.0,13992.0,13619.0,14089.0,14527.0,14425.0,14608.0,14810.0,15046.0,14834.0,15081.0,15632.0,15063.0,15180.0,15347.0,15446.0,15199.0,15336.0,15292.0,15174.0,15101.0,14878.0,15012.0,14919.0,14744.0,14870.0,14758.0,14661.0,14397.0,14642.0,14525.0,14703.0,14526.0,14484.0,14595.0,14446.0,14492.0,14626.0,14313.0,14405.0,14600.0,14385.0,14379.0,14305.0,14331.0,14284.0,14402.0,14416.0,14269.0,14111.0,14316.0,14136.0,14514.0,14130.0,14453.0,14163.0,13925.0,14155.0,14405.0,13898.0,14093.0,14138.0,14077.0,14260.0,14158.0,13986.0,14056.0,14099.0,14267.0,13918.0,14043.0,13833.0,14210.0,14139.0,13732.0,14019.0,13935.0,13834.0,14028.0,13963.0,14010.0,13941.0,14069.0,13797.0,13856.0,13856.0,13934.0,13937.0,13815.0,13821.0,14140.0,13761.0,13676.0
9785.0,10153.0,10010.0,10028.0,9993.0,10205.0,10030.0,10187.0,9984.0,9920.0,10173.0,10023.0,10126.0,10105.0,10314.0,10245.0,10219.0,10134.0,10240.0,10125.0,10254.0,10331.0,10249.0,10007.0,10185.0,10400.0,10352.0,10294.0,10438.0,10267.0,10420.0,10450.0,10543.0,10248.0,10371.0,10434.0,10659.0,10589.0,10332.0,10511.0,10529.0,10741.0,10682.0,10538.0,10663.0,10537.0,10553.0,10850.0,10710.0,10739.0,10973.0,10750.0,10739.0,10830.0,10787.0,10750.0,10979.0,11230.0,11089.0,10993.0,11065.0,11124.0,11122.0,11144.0,11127.0,11302.0,11236.0,11192.0,11289.0,11305.0,11486.0,11559.0,11406.0,11496.0,11420.0,11608.0,12121.0,11878.0,11921.0,12013.0,12177.0,12301.0,11955.0,12249.0,12083.0,12096.0,11768.0,11548.0,11589.0,11021.0,10815.0,10590.0,10214.0,9646.0,9520.0,9016.0,8134.0,6557.0,1998.0,115.0,0.0,115.0,1998.0,6557.0,8134.0,9016.0,9520.0,9646.0,10214.0,10590.0,10815.0,11021.0,11589.0,11548.0,11768.0,12096.0,12083.0,12249.0,11955.0,12301.0,12177.0,12013.0,11921.0,11878.0,12121.0,11608.0,11420.0,11496.0,11406.0,11559.0,11486.0,11305.0,11289.0,11192.0,11236.0,11302.0,11127.0,11144.0,11122.0,11124.0,11065.0,10993.0,11089.0,11230.0,10979.0,10750.0,10787.0,10830.0,10739.0,10750.0,10973.0,10739.0,10710.0,10850.0,10553.0,10537.0,10663.0,10538.0,10682.0,10741.0,10529.0,10511.0,10332.0,10589.0,10659.0,10434.0,10371.0,10248.0,10543.0,10450.0,10420.0,10267.0,10438.0,10294.0,10352.0,10400.0,10185.0,10007.0,10249.0,10331.0,10254.0,10125.0,10240.0,10134.0,10219.0,10245.0,10314.0,10105.0,10126.0,10023.0,10173.0,9920.0,9984.0,10187.0,10030.0,10205.0,9993.0,10028.0,10010.0,10153.0,9785.0
15734.0,16021.0,15695.0,15834.0,15790.0,15936.0,15793.0,15768.0,15985.0,15930.0,15629.0,16194.0,16014.0,15916.0,16005.0,15973.0,15815.0,15916.0,15877.0,16022.0,15982.0,16146.0,15817.0,16193.0,16012.0,15970.0,16241.0,16098.0,16377.0,16306.0,16189.0,16321.0,16364.0,16159.0,16396.0,16202.0,16289.0,16285.0,16279.0,16348.0,16275.0,16500.0,16553.0,16618.0,16389.0,16544.0,16402.0,16476.0,16739.0,16774.0,16433.0,16660.0,16878.0,16539.0,16700.0,16808.0,16661.0,16809.0,16821.0,17208.0,16796.0,16832.0,16984.0,17098.0,17005.0,17058.0,17096.0,17104.0,17181.0,17300.0,17205.0,17256.0,17386.0,17433.0,17584.0,17315.0,17559.0,17528.0,17736.0,17416.0,17616.0,17713.0,17641.0,17636.0,17470.0,17719.0,17761.0,17512.0,17504.0,17202.0,17132.0,17059.0,16685.0,16379.0,15929.0,15755.0,15819.0,13777.0,4245.0,218.0,0.0,218.0,4245.0,13777.0,15819.0,15755.0,15929.0,16379.0,16685.0,17059.0,17132.0,17202.0,17504.0,17512.0,17761.0,17719.0,17470.0,17636.0,17641.0,17713.0,17616.0,17416.0,17736.0,17528.0,17559.0,17315.0,17584.0,17433.0,17386.0,17256.0,17205.0,17300.0,17181.0,17104.0,17096.0,17058.0,17005.0,17098.0,16984.0,16832.0,16796.0,17208.0,16821.0,16809.0,16661.0,16808.0,16700.0,16539.0,16878.0,16660.0,16433.0,16774.0,16739.0,16476.0,16402.0,16544.0,16389.0,16618.0,16553.0,16500.0,16275.0,16348.0,16279.0,16285.0,16289.0,16202.0,16396.0,16159.0,16364.0,16321.0,16189.0,16306.0,16377.0,16098.0,16241.0,15970.0,16012.0,16193.0,15817.0,16146.0,15982.0,16022.0,15877.0,15916.0,15815.0,15973.0,16005.0,15916.0,16014.0,16194.0,15629.0,15930.0,15985.0,15768.0,15793.0,15936.0,15790.0,15834.0,15695.0,16021.0,15734.0
16191.0,16314.0,16233.0,16201.0,16363.0,16205.0,16611.0,16069.0,16229.0,16375.0,16269.0,16599.0,16334.0,16410.0,16447.0,16367.0,16389.0,16523.0,16465.0,16281.0,16221.0,16663.0,16643.0,16393.0,16576.0,16669.0,16657.0,16581.0,16600.0,16637.0,16455.0,16720.0,16674.0,16891.0,16724.0,16711.0,16860.0,16993.0,16707.0,16857.0,16660.0,17028.0,17014.0,16985.0,16856.0,17118.0,17035.0,16830.0,17326.0,17233.0,16983.0,17012.0,17261.0,17334.0,17290.0,17360.0,17559.0,17568.0,17501.0,17474.0,17727.0,17859.0,17834.0,17702.0,18179.0,18199.0,18234.0,18329.0,18425.0,18215.0,18410.0,18332.0,18585.0,18586.0,18773.0,18865.0,18826.0,18692.0,19051.0,18762.0,18777.0,18978.0,18711.0,18838.0,18739.0,18654.0,18773.0,18444.0,18746.0,17943.0,18615.0,18084.0,18161.0,17890.0,18479.0,17818.0,21079.0,19662.0,8099.0,246.0,0.0,246.0,8099.0,19662.0,21079.0,17818.0,18479.0,17890.0,18161.0,18084.0,18615.0,17943.0,18746.0,18444.0,18773.0,18654.0,18739.0,18838.0,18711.0,18978.0,18777.0,18762.0,19051.0,18692.0,18826.0,18865.0,18773.0,18586.0,18585.0,18332.0,18410.0,18215.0,18425.0,18329.0,18234.0,18199.0,18179.0,17702.0,17834.0,17859.0,17727.0,17474.0,17501.0,17568.0,17559.0,17360.0,17290.0,17334.0,17261.0,17012.0,16983.0,17233.0,17326.0,16830.0,17035.0,17118.0,16856.0,16985.0,17014.0,17028.0,16660.0,16857.0,16707.0,16993.0,16860.0,16711.0,16724.0,16891.0,16674.0,16720.0,16455.0,16637.0,16600.0,16581.0,16657.0,16669.0,16576.0,16393.0,16643.0,16663.0,16221.0,16281.0,16465.0,16523.0,16389.0,16367.0,16447.0,16410.0,16334.0,16599.0,16269.0,16375.0,16229.0,16069.0,16611.0,16205.0,16363.0,16201.0,16233.0,16314.0,16191.0
9596.0,9590.0,9640.0,9560.0,9635.0,9749.0,9709.0,9814.0,9792.0,9674.0,9713.0,9612.0,9638.0,9683.0,9772.0,9664.0,9879.0,9677.0,9695.0,9690.0,9782.0,9831.0,9783.0,10018.0,9955.0,9935.0,9947.0,9792.0,10046.0,9806.0,9869.0,9866.0,9861.0,10080.0,10136.0,10041.0,10069.0,10115.0,10096.0,10134.0,9984.0,10014.0,10103.0,10138.0,10104.0,10186.0,10385.0,10274.0,10149.0,10196.0,10296.0,10218.0,10279.0,10367.0,10372.0,10405.0,10321.0,10555.0,10504.0,10747.0,10544.0,10614.0,10694.0,10872.0,10880.0,10811.0,10696.0,10600.0,10477.0,10388.0,10457.0,10248.0,10144.0,10314.0,10251.0,10421.0,10474.0,10855.0,11233.0,11703.0,12050.0,12341.0,12554.0,12591.0,12683.0,12443.0,11836.0,11403.0,10654.0,9648.0,8952.0,8108.0,7562.0,6479.0,5454.0,4479.0,3415.0,1511.0,299.0,150.0,0.0,150.0,299.0,1511.0,3415.0,4479.0,5454.0,6479.0,7562.0,8108.0,8952.0,9648.0,10654.0,11403.0,11836.0,12443.0,12683.0,12591.0,12554.0,12341.0,12050.0,11703.0,11233.0,10855.0,10474.0,10421.0,10251.0,10314.0,10144.0,10248.0,10457.0,10388.0,10477.0,10600.0,10696.0,10811.0,10880.0,10872.0,10694.0,10614.0,10544.0,10747.0,10504.0,10555.0,10321.0,10405.0,10372.0,10367.0,10279.0,10218.0,10296.0,10196.0,10149.0,10274.0,10385.0,10186.0,10104.0,10138.0,10103.0,10014.0,9984.0,10134.0,10096.0,10115.0,10069.0,10041.0,10136.0,10080.0,9861.0,9866.0,9869.0,9806.0,10046.0,9792.0,9947.0,9935.0,9955.0,10018.0,9783.0,9831.0,9782.0,9690.0,9695.0,9677.0,9879.0,9664.0,9772.0,9683.0,9638.0,9612.0,9713.0,9674.0,9792.0,9814.0,9709.0,9749.0,9635.0,9560.0,9640.0,9590.0,9596.0
59806.0,59631.0,59606.0,59773.0,60037.0,59723.0,60074.0,59948.0,60341.0,60075.0,59888.0,60535.0,60652.0,60288.0,60274.0,60635.0,61209.0,60279.0,61158.0,60547.0,61129.0,61193.0,61021.0,61331.0,61632.0,60891.0,61515.0,61735.0,61597.0,61830.0,61800.0,61749.0,62146.0,61895.0,62441.0,62411.0,62116.0,62235.0,63022.0,62899.0,62055.0,62750.0,63734.0,62894.0,62780.0,63205.0,63746.0,63238.0,63497.0,63827.0,63854.0,64043.0,63749.0,64419.0,64020.0,64341.0,64602.0,64718.0,64763.0,64744.0,65267.0,65203.0,64979.0,65984.0,65784.0,65590.0,65807.0,66287.0,66646.0,66609.0,66219.0,67453.0,67355.0,67073.0,67457.0,67830.0,68403.0,68359.0,67937.0,68576.0,69664.0,69373.0,69264.0,69252.0,70601.0,70570.0,70698.0,71150.0,71296.0,71200.0,72041.0,74666.0,74467.0,67484.0,68266.0,82605.0,102539.0,68315.0,11065.0,602.0,0.0,602.0,11065.0,68315.0,102539.0,82605.0,68266.0,67484.0,74467.0,74666.0,72041.0,71200.0,71296.0,71150.0,70698.0,70570.0,70601.0,69252.0,69264.0,69373.0,69664.0,68576.0,67937.0,68359.0,68403.0,67830.0,67457.0,67073.0,67355.0,67453.0,66219.0,66609.0,66646.0,66287.0,65807.0,65590.0,65784.0,65984.0,64979.0,65203.0,65267.0,64744.0,64763.0,64718.0,64602.0,64341.0,64020.0,64419.0,63749.0,64043.0,63854.0,63827.0,63497.0,63238.0,63746.0,63205.0,62780.0,62894.0,63734.0,62750.0,62055.0,62899.0,63022.0,62235.0,62116.0,62411.0,62441.0,61895.0,62146.0,61749.0,61800.0,61830.0,61597.0,61735.0,61515.0,60891.0,61632.0,61331.0,61021.0,61193.0,61129.0,60547.0,61158.0,60279.0,61209.0,60635.0,60274.0,60288.0,60652.0,60535.0,59888.0,60075.0,60341.0,59948.0,60074.0,59723.0,60037.0,59773.0,59606.0,59631.0,59806.0
24336.0,24631.0,25067.0,24779.0,24564.0,24863.0,24915.0,25140.0,24958.0,24825.0,25252.0,25366.0,25277.0,25326.0,25227.0,25360.0,25703.0,25773.0,25516.0,25423.0,25868.0,25933.0,26008.0,25834.0,25864.0,26260.0,26363.0,26177.0,26334.0,26336.0,26417.0,26483.0,27059.0,26548.0,26776.0,27067.0,26983.0,27049.0,27165.0,27309.0,27301.0,27532.0,27619.0,27751.0,27670.0,28002.0,28074.0,28267.0,27776.0,28127.0,28673.0,28720.0,28916.0,28587.0,28701.0,29050.0,29403.0,29492.0,29304.0,29282.0,29954.0,30172.0,30234.0,29902.0,30174.0,30772.0,30494.0,30907.0,30957.0,31023.0,31399.0,31750.0,31745.0,31623.0,31507.0,32375.0,32938.0,33072.0,32488.0,32187.0,33176.0,34293.0,34502.0,33000.0,32492.0,34661.0,37076.0,35386.0,32781.0,32852.0,36995.0,39791.0,35733.0,32332.0,35397.0,52730.0,44243.0,16656.0,489.0,156.0,0.0,156.0,489.0,16656.0,44243.0,52730.0,35397.0,32332.0,35733.0,39791.0,36995.0,32852.0,32781.0,35386.0,37076.0,34661.0,32492.0,33000.0,34502.0,34293.0,33176.0,32187.0,32488.0,33072.0,32938.0,32375.0,31507.0,31623.0,31745.0,31750.0,31399.0,31023.0,30957.0,30907.0,30494.0,30772.0,30174.0,29902.0,30234.0,30172.0,29954.0,29282.0,29304.0,29492.0,29403.0,29050.0,28701.0,28587.0,28916.0,28720.0,28673.0,28127.0,27776.0,28267.0,28074.0,28002.0,27670.0,27751.0,27619.0,27532.0,27301.0,27309.0,27165.0,27049.0,26983.0,27067.0,26776.0,26548.0,27059.0,26483.0,26417.0,26336.0,26334.0,26177.0,26363.0,26260.0,25864.0,25834.0,26008.0,25933.0,25868.0,25423.0,25516.0,25773.0,25703.0,25360.0,25227.0,25326.0,25277.0,25366.0,25252.0,24825.0,24958.0,25140.0,24915.0,24863.0,24564.0,24779.0,25067.0,24631.0,24336.0
1244.0,1275.0,1271.0,1230.0,1227.0,1252.0,1270.0,1231.0,1309.0,1242.0,1277.0,1301.0,1284.0,1300.0,1248.0,1271.0,1253.0,1314.0,1221.0,1259.0,1290.0,1277.0,1299.0,1331.0,1325.0,1371.0,1326.0,1361.0,1371.0,1357.0,1353.0,1395.0,1361.0,1362.0,1353.0,1394.0,1392.0,1404.0,1438.0,1461.0,1430.0,1444.0,1431.0,1469.0,1466.0,1528.0,1492.0,1509.0,1520.0,1508.0,1594.0,1629.0,1575.0,1632.0,1599.0,1559.0,1616.0,1710.0,1707.0,1686.0,1748.0,1729.0,1723.0,1759.0,1814.0,1791.0,1862.0,1785.0,1885.0,1855.0,1902.0,1974.0,2021.0,2139.0,2116.0,2215.0,2196.0,2266.0,2316.0,2351.0,2413.0,2363.0,2485.0,2527.0,2678.0,2794.0,2953.0,3113.0,3217.0,3324.0,3626.0,3872.0,4014.0,4350.0,4876.0,5555.0,6511.0,7772.0,10215.0,10856.0,0.0,10856.0,10215.0,7772.0,6511.0,5555.0,4876.0,4350.0,4014.0,3872.0,3626.0,3324.0,3217.0,3113.0,2953.0,2794.0,2678.0,2527.0,2485.0,2363.0,2413.0,2351.0,2316.0,2266.0,2196.0,2215.0,2116.0,2139.0,2021.0,1974.0,1902.0,1855.0,1885.0,1785.0,1862.0,1791.0,1814.0,1759.0,1723.0,1729.0,1748.0,1686.0,1707.0,1710.0,1616.0,1559.0,1599.0,1632.0,1575.0,1629.0,1594.0,1508.0,1520.0,1509.0,1492.0,1528.0,1466.0,1469.0,1431.0,1444.0,1430.0,1461.0,1438.0,1404.0,1392.0,1394.0,1353.0,1362.0,1361.0,1395.0,1353.0,1357.0,1371.0,1361.0,1326.0,1371.0,1325.0,1331.0,1299.0,1277.0,1290.0,1259.0,1221.0,1314.0,1253.0,1271.0,1248.0,1300.0,1284.0,1301.0,1277.0,1242.0,1309.0,1231.0,1270.0,1252.0,1227.0,1230.0,1271.0,1275.0,1244.0
44552.0,44388.0,44720.0,45185.0,44632.0,44660.0,45003.0,45393.0,44793.0,44979.0,45208.0,45620.0,45520.0,45126.0,45637.0,45390.0,45652.0,45791.0,45764.0,45884.0,45988.0,45938.0,46126.0,46003.0,46316.0,46423.0,46578.0,46218.0,46475.0,46773.0,46760.0,46892.0,46882.0,47316.0,46745.0,47254.0,47547.0,47416.0,47252.0,47425.0,47577.0,48329.0,47755.0,47705.0,48409.0,47865.0,48433.0,48414.0,48292.0,49072.0,48808.0,48783.0,48812.0,49284.0,49168.0,49666.0,49426.0,49485.0,49562.0,50168.0,49777.0,50231.0,50488.0,50702.0,50427.0,50553.0,50997.0,50786.0,51448.0,51684.0,51407.0,51500.0,51684.0,52261.0,52080.0,52183.0,52872.0,52664.0,52867.0,53005.0,53358.0,53549.0,53742.0,53940.0,54028.0,54362.0,54454.0,54664.0,55479.0,55928.0,55526.0,54993.0,52831.0,54226.0,62204.0,73647.0,64714.0,35086.0,13872.0,633.0,0.0,633.0,13872.0,35086.0,64714.0,73647.0,62204.0,54226.0,52831.0,54993.0,55526.0,55928.0,55479.0,54664.0,54454.0,54362.0,54028.0,53940.0,53742.0,53549.0,53358.0,53005.0,52867.0,52664.0,52872.0,52183.0,52080.0,52261.0,51684.0,51500.0,51407.0,51684.0,51448.0,50786.0,50997.0,50553.0,50427.0,50702.0,50488.0,50231.0,49777.0,50168.0,49562.0,49485.0,49426.0,49666.0,49168.0,49284.0,48812.0,48783.0,48808.0,49072.0,48292.0,48414.0,48433.0,47865.0,48409.0,47705.0,47755.0,48329.0,47577.0,47425.0,47252.0,47416.0,47547.0,47254.0,46745.0,47316.0,46882.0,46892.0,46760.0,46773.0,46475.0,46218.0,46578.0,46423.0,46316.0,46003.0,46126.0,45938.0,45988.0,45884.0,45764.0,45791.0,45652.0,45390.0,45637.0,45126.0,45520.0,45620.0,45208.0,44979.0,44793.0,45393.0,45003.0,44660.0,44632.0,45185.0,44720.0,44388.0,44552.0
35471.0,35944.0,35757.0,35936.0,35727.0,36196.0,35738.0,36096.0,36087.0,36032.0,36432.0,36117.0,36505.0,36388.0,36540.0,36573.0,36606.0,36622.0,36608.0,36835.0,36956.0,37050.0,36969.0,37027.0,37238.0,37463.0,37292.0,37392.0,37520.0,37419.0,37580.0,37603.0,37953.0,38291.0,37785.0,37815.0,38213.0,38128.0,38269.0,38439.0,38145.0,39000.0,38941.0,38212.0,38805.0,38847.0,39306.0,39208.0,39011.0,39261.0,39268.0,40012.0,39511.0,39584.0,39992.0,40154.0,39955.0,40357.0,40180.0,40317.0,40608.0,40850.0,40925.0,40734.0,41061.0,41509.0,41128.0,41568.0,41256.0,42055.0,42203.0,41667.0,41981.0,42413.0,42472.0,42569.0,42663.0,43412.0,43315.0,42590.0,42383.0,44466.0,45379.0,43761.0,41192.0,43424.0,47932.0,47543.0,41539.0,38924.0,46415.0,54404.0,46893.0,35459.0,38543.0,68278.0,59371.0,27007.0,7713.0,600.0,0.0,600.0,7713.0,27007.0,59371.0,68278.0,38543.0,35459.0,46893.0,54404.0,46415.0,38924.0,41539.0,47543.0,47932.0,43424.0,41192.0,43761.0,45379.0,44466.0,42383.0,42590.0,43315.0,43412.0,42663.0,42569.0,42472.0,42413.0,41981.0,41667.0,42203.0,42055.0,41256.0,41568.0,41128.0,41509.0,41061.0,40734.0,40925.0,40850.0,40608.0,40317.0,40180.0,40357.0,39955.0,40154.0,39992.0,39584.0,39511.0,40012.0,39268.0,39261.0,39011.0,39208.0,39306.0,38847.0,38805.0,38212.0,38941.0,39000.0,38145.0,38439.0,38269.0,38128.0,38213.0,37815.0,37785.0,38291.0,37953.0,37603.0,37580.0,37419.0,37520.0,37392.0,37292.0,37463.0,37238.0,37027.0,36969.0,37050.0,36956.0,36835.0,36608.0,36622.0,36606.0,36573.0,36540.0,36388.0,36505.0,36117.0,36432.0,36032.0,36087.0,36096.0,35738.0,36196.0,35727.0,35936.0,35757.0,35944.0,35471.0
34591.0,34382.0,34710.0,34476.0,35185.0,35265.0,34790.0,34824.0,34948.0,35534.0,35366.0,35309.0,35494.0,35484.0,35454.0,35547.0,35706.0,36093.0,35984.0,36061.0,35719.0,36018.0,36376.0,36444.0,36429.0,36365.0,36640.0,36859.0,36768.0,36822.0,37013.0,37104.0,37227.0,37084.0,37629.0,37518.0,37309.0,37659.0,37660.0,37691.0,38002.0,38187.0,37956.0,38123.0,38024.0,38452.0,38778.0,38422.0,38290.0,39000.0,39253.0,38683.0,38973.0,39352.0,39451.0,39173.0,39866.0,40094.0,39809.0,40047.0,39925.0,40362.0,40829.0,40694.0,40351.0,41270.0,41137.0,41213.0,41539.0,41552.0,41956.0,42000.0,42389.0,41926.0,42786.0,42743.0,42992.0,43298.0,43059.0,43457.0,44273.0,43903.0,44083.0,44253.0,44445.0,44968.0,45252.0,45637.0,46350.0,46475.0,46361.0,45020.0,44123.0,45518.0,54286.0,64546.0,54612.0,27605.0,7546.0,1475.0,0.0,1475.0,7546.0,27605.0,54612.0,64546.0,54286.0,45518.0,44123.0,45020.0,46361.0,46475.0,46350.0,45637.0,45252.0,44968.0,44445.0,44253.0,44083.0,43903.0,44273.0,43457.0,43059.0,43298.0,42992.0,42743.0,42786.0,41926.0,42389.0,42000.0,41956.0,41552.0,41539.0,41213.0,41137.0,41270.0,40351.0,40694.0,40829.0,40362.0,39925.0,40047.0,39809.0,40094.0,39866.0,39173.0,39451.0,39352.0,38973.0,38683.0,39253.0,39000.0,38290.0,38422.0,38778.0,38452.0,38024.0,38123.0,37956.0,38187.0,38002.0,37691.0,37660.0,37659.0,37309.0,37518.0,37629.0,37084.0,37227.0,37104.0,37013.0,36822.0,36768.0,36859.0,36640.0,36365.0,36429.0,36444.0,36376.0,36018.0,35719.0,36061.0,35984.0,36093.0,35706.0,35547.0,35454.0,35484.0,35494.0,35309.0,35366.0,35534.0,34948.0,34824.0,34790.0,35265.0,35185.0,34476.0,34710.0,34382.0,34591.0
3.0,6.0,7.0,2.0,2.0,4.0,7.0,6.0,2.0,6.0,1.0,9.0,1.0,4.0,3.0,6.0,7.0,5.0,5.0,6.0,5.0,4.0,8.0,5.0,8.0,8.0,4.0,3.0,1.0,2.0,5.0,4.0,3.0,5.0,5.0,4.0,4.0,5.0,8.0,8.0,3.0,8.0,3.0,5.0,3.0,4.0,1.0,0.0,1.0,4.0,2.0,3.0,3.0,1.0,1.0,0.0,0.0,1.0,2.0,1.0,2.0,2.0,2.0,0.0,1.0,0.0,1.0,1.0,0.0,1.0,0.0,0.0,-0.0,0.0,1.0,0.0,1.0,0.0,1.0,0.0,-0.0,1.0,0.0,0.0,0.0,0.0,0.0,0.0,0.0,0.0,2.0,0.0,2.0,0.0,1.0,2.0,4.0,7.0,168.0,32.0,0.0,32.0,168.0,7.0,4.0,2.0,1.0,0.0,2.0,0.0,2.0,0.0,-0.0,0.0,0.0,0.0,0.0,0.0,0.0,1.0,-0.0,0.0,1.0,0.0,1.0,0.0,1.0,0.0,0.0,0.0,0.0,1.0,0.0,1.0,1.0,0.0,1.0,0.0,2.0,2.0,2.0,1.0,2.0,1.0,0.0,0.0,1.0,1.0,3.0,3.0,2.0,4.0,1.0,0.0,1.0,4.0,3.0,5.0,3.0,8.0,3.0,8.0,8.0,5.0,4.0,4.0,5.0,5.0,3.0,4.0,5.0,2.0,1.0,3.0,4.0,8.0,8.0,5.0,8.0,4.0,5.0,6.0,5.0,5.0,7.0,6.0,3.0,4.0,1.0,9.0,1.0,6.0,2.0,6.0,7.0,4.0,2.0,2.0,7.0,6.0,3.0
9.0,4.0,3.0,4.0,5.0,6.0,3.0,3.0,6.0,7.0,3.0,4.0,8.0,1.0,7.0,4.0,3.0,3.0,3.0,4.0,4.0,4.0,4.0,5.0,11.0,10.0,6.0,8.0,8.0,4.0,7.0,6.0,9.0,9.0,6.0,0.0,4.0,5.0,3.0,3.0,6.0,6.0,3.0,3.0,5.0,4.0,3.0,3.0,4.0,4.0,2.0,3.0,3.0,1.0,0.0,1.0,4.0,0.0,1.0,3.0,1.0,-0.0,0.0,2.0,0.0,-0.0,1.0,0.0,1.0,0.0,1.0,0.0,-0.0,0.0,0.0,0.0,0.0,0.0,0.0,0.0,-0.0,0.0,0.0,0.0,0.0,0.0,0.0,0.0,0.0,0.0,0.0,0.0,0.0,0.0,0.0,0.0,1.0,0.0,1.0,0.0,0.0,0.0,1.0,0.0,1.0,0.0,0.0,0.0,-0.0,0.0,0.0,0.0,-0.0,0.0,0.0,0.0,0.0,0.0,0.0,0.0,-0.0,0.0,0.0,0.0,0.0,0.0,0.0,0.0,0.0,0.0,1.0,0.0,1.0,0.0,1.0,0.0,-0.0,2.0,0.0,0.0,1.0,3.0,1.0,0.0,4.0,1.0,0.0,1.0,3.0,3.0,2.0,4.0,4.0,3.0,3.0,4.0,5.0,3.0,3.0,6.0,6.0,3.0,3.0,5.0,4.0,0.0,6.0,9.0,9.0,6.0,7.0,4.0,8.0,8.0,6.0,10.0,11.0,5.0,4.0,4.0,4.0,4.0,3.0,3.0,3.0,4.0,7.0,1.0,8.0,4.0,3.0,7.0,6.0,3.0,3.0,6.0,5.0,4.0,3.0,4.0,9.0
9.0,8.0,9.0,3.0,10.0,6.0,4.0,9.0,6.0,8.0,12.0,7.0,10.0,7.0,12.0,13.0,12.0,6.0,7.0,4.0,7.0,11.0,4.0,9.0,9.0,9.0,4.0,8.0,4.0,5.0,3.0,6.0,6.0,6.0,7.0,7.0,6.0,3.0,11.0,7.0,2.0,4.0,3.0,0.0,3.0,5.0,6.0,4.0,6.0,2.0,5.0,1.0,2.0,3.0,4.0,4.0,1.0,0.0,2.0,3.0,-0.0,2.0,2.0,1.0,0.0,0.0,0.0,0.0,0.0,1.0,0.0,0.0,-0.0,0.0,0.0,0.0,0.0,0.0,0.0,0.0,-0.0,0.0,0.0,0.0,0.0,1.0,0.0,0.0,0.0,0.0,0.0,0.0,0.0,0.0,0.0,0.0,-0.0,0.0,0.0,0.0,0.0,0.0,0.0,0.0,0.0,0.0,0.0,0.0,-0.0,0.0,0.0,0.0,-0.0,0.0,0.0,1.0,0.0,0.0,0.0,0.0,-0.0,0.0,0.0,0.0,0.0,0.0,0.0,0.0,0.0,0.0,0.0,1.0,0.0,0.0,0.0,0.0,-0.0,1.0,2.0,2.0,-0.0,3.0,2.0,0.0,1.0,4.0,4.0,3.0,2.0,1.0,5.0,2.0,6.0,4.0,6.0,5.0,3.0,0.0,3.0,4.0,2.0,7.0,11.0,3.0,6.0,7.0,7.0,6.0,6.0,6.0,3.0,5.0,4.0,8.0,4.0,9.0,9.0,9.0,4.0,11.0,7.0,4.0,7.0,6.0,12.0,13.0,12.0,7.0,10.0,7.0,12.0,8.0,6.0,9.0,4.0,6.0,10.0,3.0,9.0,8.0,9.0
5.0,4.0,7.0,13.0,7.0,5.0,10.0,9.0,6.0,10.0,4.0,5.0,7.0,11.0,5.0,5.0,2.0,4.0,5.0,6.0,2.0,6.0,6.0,8.0,4.0,4.0,5.0,9.0,6.0,6.0,4.0,4.0,6.0,5.0,1.0,5.0,4.0,4.0,7.0,3.0,3.0,3.0,3.0,2.0,1.0,0.0,0.0,3.0,1.0,1.0,1.0,3.0,0.0,0.0,-0.0,4.0,1.0,0.0,0.0,1.0,0.0,1.0,0.0,0.0,0.0,0.0,0.0,0.0,0.0,0.0,0.0,0.0,-0.0,0.0,0.0,1.0,0.0,0.0,0.0,2.0,-0.0,0.0,0.0,1.0,0.0,-0.0,0.0,0.0,0.0,0.0,-0.0,0.0,0.0,0.0,10.0,21.0,27.0,2.0,0.0,0.0,0.0,0.0,0.0,2.0,27.0,21.0,10.0,0.0,-0.0,0.0,0.0,0.0,-0.0,0.0,0.0,0.0,0.0,1.0,0.0,-0.0,-0.0,2.0,0.0,0.0,0.0,1.0,0.0,0.0,0.0,0.0,0.0,0.0,0.0,0.0,0.0,0.0,-0.0,0.0,0.0,1.0,-0.0,1.0,0.0,0.0,1.0,4.0,0.0,0.0,0.0,3.0,1.0,1.0,1.0,3.0,-0.0,0.0,1.0,2.0,3.0,3.0,3.0,3.0,7.0,4.0,4.0,5.0,1.0,5.0,6.0,4.0,4.0,6.0,6.0,9.0,5.0,4.0,4.0,8.0,6.0,6.0,2.0,6.0,5.0,4.0,2.0,5.0,5.0,11.0,7.0,5.0,4.0,10.0,6.0,9.0,10.0,5.0,7.0,13.0,7.0,4.0,5.0
1262.0,1288.0,1239.0,1276.0,1324.0,1256.0,1307.0,1330.0,1285.0,1285.0,1302.0,1311.0,1315.0,1374.0,1295.0,1310.0,1336.0,1370.0,1286.0,1358.0,1384.0,1347.0,1358.0,1353.0,1349.0,1398.0,1412.0,1388.0,1408.0,1405.0,1436.0,1405.0,1449.0,1479.0,1366.0,1427.0,1442.0,1488.0,1405.0,1479.0,1468.0,1522.0,1532.0,1527.0,1539.0,1609.0,1556.0,1557.0,1546.0,1615.0,1597.0,1599.0,1643.0,1589.0,1646.0,1667.0,1606.0,1756.0,1731.0,1711.0,1771.0,1724.0,1746.0,1778.0,1817.0,1878.0,1833.0,1912.0,1872.0,1840.0,1946.0,1955.0,1954.0,2006.0,1984.0,2063.0,2058.0,2110.0,2090.0,2194.0,2135.0,2220.0,2259.0,2356.0,2321.0,2509.0,2490.0,2528.0,2466.0,2507.0,2585.0,2565.0,2808.0,2642.0,2830.0,2967.0,2863.0,3361.0,3591.0,2590.0,0.0,2590.0,3591.0,3361.0,2863.0,2967.0,2830.0,2642.0,2808.0,2565.0,2585.0,2507.0,2466.0,2528.0,2490.0,2509.0,2321.0,2356.0,2259.0,2220.0,2135.0,2194.0,2090.0,2110.0,2058.0,2063.0,1984.0,2006.0,1954.0,1955.0,1946.0,1840.0,1872.0,1912.0,1833.0,1878.0,1817.0,1778.0,1746.0,1724.0,1771.0,1711.0,1731.0,1756.0,1606.0,1667.0,1646.0,1589.0,1643.0,1599.0,1597.0,1615.0,1546.0,1557.0,1556.0,1609.0,1539.0,1527.0,1532.0,1522.0,1468.0,1479.0,1405.0,1488.0,1442.0,1427.0,1366.0,1479.0,1449.0,1405.0,1436.0,1405.0,1408.0,1388.0,1412.0,1398.0,1349.0,1353.0,1358.0,1347.0,1384.0,1358.0,1286.0,1370.0,1336.0,1310.0,1295.0,1374.0,1315.0,1311.0,1302.0,1285.0,1285.0,1330.0,1307.0,1256.0,1324.0,1276.0,1239.0,1288.0,1262.0
852.0,867.0,857.0,848.0,812.0,880.0,884.0,878.0,872.0,920.0,949.0,893.0,909.0,857.0,903.0,938.0,883.0,970.0,898.0,915.0,875.0,898.0,896.0,937.0,936.0,925.0,963.0,966.0,889.0,950.0,940.0,1030.0,992.0,1044.0,1025.0,1027.0,1031.0,1085.0,1012.0,1073.0,1084.0,1115.0,1031.0,1116.0,1164.0,1128.0,1204.0,1154.0,1239.0,1261.0,1283.0,1284.0,1329.0,1374.0,1344.0,1421.0,1460.0,1488.0,1505.0,1522.0,1517.0,1554.0,1612.0,1679.0,1760.0,1858.0,1840.0,1867.0,1930.0,2057.0,2019.0,2198.0,2218.0,2313.0,2345.0,2462.0,2527.0,2582.0,2736.0,2761.0,2879.0,3008.0,3104.0,3282.0,3384.0,3412.0,3571.0,3817.0,4032.0,3978.0,4324.0,4381.0,4295.0,4726.0,5017.0,4890.0,5441.0,5981.0,5612.0,3579.0,0.0,3579.0,5612.0,5981.0,5441.0,4890.0,5017.0,4726.0,4295.0,4381.0,4324.0,3978.0,4032.0,3817.0,3571.0,3412.0,3384.0,3282.0,3104.0,3008.0,2879.0,2761.0,2736.0,2582.0,2527.0,2462.0,2345.0,2313.0,2218.0,2198.0,2019.0,2057.0,1930.0,1867.0,1840.0,1858.0,1760.0,1679.0,1612.0,1554.0,1517.0,1522.0,1505.0,1488.0,1460.0,1421.0,1344.0,1374.0,1329.0,1284.0,1283.0,1261.0,1239.0,1154.0,1204.0,1128.0,1164.0,1116.0,1031.0,1115.0,1084.0,1073.0,1012.0,1085.0,1031.0,1027.0,1025.0,1044.0,992.0,1030.0,940.0,950.0,889.0,966.0,963.0,925.0,936.0,937.0,896.0,898.0,875.0,915.0,898.0,970.0,883.0,938.0,903.0,857.0,909.0,893.0,949.0,920.0,872.0,878.0,884.0,880.0,812.0,848.0,857.0,867.0,852.0
489.0,450.0,468.0,448.0,443.0,478.0,467.0,483.0,445.0,478.0,430.0,477.0,521.0,455.0,445.0,471.0,496.0,479.0,496.0,518.0,479.0,522.0,506.0,525.0,511.0,552.0,542.0,541.0,496.0,544.0,541.0,540.0,505.0,564.0,573.0,572.0,585.0,576.0,601.0,605.0,578.0,617.0,610.0,642.0,646.0,653.0,613.0,619.0,695.0,652.0,705.0,655.0,696.0,678.0,687.0,737.0,707.0,749.0,751.0,733.0,732.0,722.0,771.0,816.0,829.0,764.0,841.0,801.0,821.0,803.0,821.0,928.0,852.0,918.0,943.0,889.0,934.0,992.0,982.0,1026.0,1054.0,1100.0,1143.0,1249.0,1249.0,1375.0,1398.0,1429.0,1418.0,1543.0,1508.0,1578.0,1572.0,1578.0,1615.0,1570.0,1627.0,1283.0,1862.0,372.0,0.0,372.0,1862.0,1283.0,1627.0,1570.0,1615.0,1578.0,1572.0,1578.0,1508.0,1543.0,1418.0,1429.0,1398.0,1375.0,1249.0,1249.0,1143.0,1100.0,1054.0,1026.0,982.0,992.0,934.0,889.0,943.0,918.0,852.0,928.0,821.0,803.0,821.0,801.0,841.0,764.0,829.0,816.0,771.0,722.0,732.0,733.0,751.0,749.0,707.0,737.0,687.0,678.0,696.0,655.0,705.0,652.0,695.0,619.0,613.0,653.0,646.0,642.0,610.0,617.0,578.0,605.0,601.0,576.0,585.0,572.0,573.0,564.0,505.0,540.0,541.0,544.0,496.0,541.0,542.0,552.0,511.0,525.0,506.0,522.0,479.0,518.0,496.0,479.0,496.0,471.0,445.0,455.0,521.0,477.0,430.0,478.0,445.0,483.0,467.0,478.0,443.0,448.0,468.0,450.0,489.0
9561.0,9656.0,9764.0,9838.0,9897.0,9984.0,10090.0,10048.0,10124.0,10376.0,10128.0,10439.0,10399.0,10598.0,10605.0,10789.0,10889.0,10787.0,11168.0,11233.0,11288.0,11208.0,11376.0,11680.0,11510.0,11696.0,11727.0,12030.0,12232.0,12270.0,12480.0,12563.0,12550.0,12967.0,12831.0,13121.0,12968.0,13238.0,13265.0,13376.0,13355.0,13441.0,13478.0,13647.0,13589.0,13626.0,13462.0,13664.0,13421.0,13303.0,13139.0,13007.0,13005.0,13043.0,12895.0,12727.0,12836.0,12738.0,12749.0,12684.0,12528.0,12660.0,12490.0,12363.0,12406.0,12411.0,12388.0,12483.0,12439.0,12667.0,12681.0,12903.0,12814.0,12846.0,13081.0,12904.0,12950.0,12871.0,12808.0,12868.0,13068.0,13107.0,13503.0,13885.0,14135.0,14849.0,15331.0,16190.0,16817.0,17764.0,19179.0,20666.0,22643.0,25011.0,27590.0,30569.0,33811.0,37746.0,39637.0,29066.0,0.0,29066.0,39637.0,37746.0,33811.0,30569.0,27590.0,25011.0,22643.0,20666.0,19179.0,17764.0,16817.0,16190.0,15331.0,14849.0,14135.0,13885.0,13503.0,13107.0,13068.0,12868.0,12808.0,12871.0,12950.0,12904.0,13081.0,12846.0,12814.0,12903.0,12681.0,12667.0,12439.0,12483.0,12388.0,12411.0,12406.0,12363.0,12490.0,12660.0,12528.0,12684.0,12749.0,12738.0,12836.0,12727.0,12895.0,13043.0,13005.0,13007.0,13139.0,13303.0,13421.0,13664.0,13462.0,13626.0,13589.0,13647.0,13478.0,13441.0,13355.0,13376.0,13265.0,13238.0,12968.0,13121.0,12831.0,12967.0,12550.0,12563.0,12480.0,12270.0,12232.0,12030.0,11727.0,11696.0,11510.0,11680.0,11376.0,11208.0,11288.0,11233.0,11168.0,10787.0,10889.0,10789.0,10605.0,10598.0,10399.0,10439.0,10128.0,10376.0,10124.0,10048.0,10090.0,9984.0,9897.0,9838.0,9764.0,9656.0,9561.0
186.0,192.0,172.0,190.0,197.0,184.0,183.0,190.0,204.0,215.0,185.0,194.0,204.0,177.0,202.0,203.0,199.0,204.0,206.0,218.0,218.0,235.0,215.0,237.0,233.0,239.0,224.0,221.0,271.0,234.0,269.0,233.0,231.0,275.0,284.0,256.0,297.0,289.0,296.0,291.0,309.0,311.0,294.0,309.0,347.0,315.0,349.0,361.0,374.0,373.0,364.0,362.0,380.0,365.0,400.0,415.0,401.0,434.0,441.0,462.0,463.0,454.0,502.0,486.0,514.0,538.0,532.0,574.0,535.0,575.0,617.0,617.0,628.0,587.0,646.0,689.0,674.0,697.0,693.0,673.0,744.0,701.0,775.0,772.0,770.0,783.0,828.0,828.0,819.0,860.0,883.0,803.0,829.0,839.0,799.0,753.0,726.0,699.0,646.0,277.0,0.0,277.0,646.0,699.0,726.0,753.0,799.0,839.0,829.0,803.0,883.0,860.0,819.0,828.0,828.0,783.0,770.0,772.0,775.0,701.0,744.0,673.0,693.0,697.0,674.0,689.0,646.0,587.0,628.0,617.0,617.0,575.0,535.0,574.0,532.0,538.0,514.0,486.0,502.0,454.0,463.0,462.0,441.0,434.0,401.0,415.0,400.0,365.0,380.0,362.0,364.0,373.0,374.0,361.0,349.0,315.0,347.0,309.0,294.0,311.0,309.0,291.0,296.0,289.0,297.0,256.0,284.0,275.0,231.0,233.0,269.0,234.0,271.0,221.0,224.0,239.0,233.0,237.0,215.0,235.0,218.0,218.0,206.0,204.0,199.0,203.0,202.0,177.0,204.0,194.0,185.0,215.0,204.0,190.0,183.0,184.0,197.0,190.0,172.0,192.0,186.0
1265.0,1307.0,1234.0,1252.0,1196.0,1230.0,1250.0,1194.0,1193.0,1237.0,1166.0,1189.0,1204.0,1137.0,1196.0,1143.0,1162.0,1129.0,1104.0,1122.0,1129.0,1071.0,1114.0,1118.0,1105.0,1111.0,1076.0,1013.0,1050.0,1024.0,1102.0,1084.0,1084.0,1109.0,1073.0,1083.0,1068.0,1101.0,1169.0,1087.0,1090.0,1075.0,1156.0,1116.0,1119.0,1119.0,1090.0,1176.0,1104.0,1138.0,1113.0,1169.0,1142.0,1229.0,1171.0,1191.0,1212.0,1184.0,1257.0,1324.0,1247.0,1303.0,1384.0,1330.0,1312.0,1384.0,1441.0,1444.0,1549.0,1526.0,1565.0,1669.0,1663.0,1711.0,1806.0,1824.0,1889.0,1981.0,1995.0,2080.0,2147.0,2140.0,2296.0,2329.0,2390.0,2550.0,2612.0,2629.0,2772.0,2965.0,2954.0,3070.0,3263.0,3090.0,3472.0,3414.0,3028.0,3743.0,3477.0,2008.0,0.0,2008.0,3477.0,3743.0,3028.0,3414.0,3472.0,3090.0,3263.0,3070.0,2954.0,2965.0,2772.0,2629.0,2612.0,2550.0,2390.0,2329.0,2296.0,2140.0,2147.0,2080.0,1995.0,1981.0,1889.0,1824.0,1806.0,1711.0,1663.0,1669.0,1565.0,1526.0,1549.0,1444.0,1441.0,1384.0,1312.0,1330.0,1384.0,1303.0,1247.0,1324.0,1257.0,1184.0,1212.0,1191.0,1171.0,1229.0,1142.0,1169.0,1113.0,1138.0,1104.0,1176.0,1090.0,1119.0,1119.0,1116.0,1156.0,1075.0,1090.0,1087.0,1169.0,1101.0,1068.0,1083.0,1073.0,1109.0,1084.0,1084.0,1102.0,1024.0,1050.0,1013.0,1076.0,1111.0,1105.0,1118.0,1114.0,1071.0,1129.0,1122.0,1104.0,1129.0,1162.0,1143.0,1196.0,1137.0,1204.0,1189.0,1166.0,1237.0,1193.0,1194.0,1250.0,1230.0,1196.0,1252.0,1234.0,1307.0,1265.0
1192.0,1116.0,1167.0,1194.0,1151.0,1235.0,1200.0,1233.0,1255.0,1215.0,1156.0,1235.0,1262.0,1272.0,1263.0,1280.0,1241.0,1301.0,1306.0,1273.0,1312.0,1321.0,1314.0,1242.0,1327.0,1336.0,1315.0,1360.0,1421.0,1316.0,1373.0,1389.0,1375.0,1360.0,1390.0,1409.0,1402.0,1434.0,1355.0,1408.0,1448.0,1467.0,1431.0,1420.0,1466.0,1441.0,1430.0,1428.0,1488.0,1470.0,1489.0,1452.0,1447.0,1524.0,1491.0,1531.0,1530.0,1550.0,1559.0,1573.0,1564.0,1614.0,1562.0,1572.0,1681.0,1699.0,1716.0,1707.0,1754.0,1815.0,1771.0,1861.0,1810.0,1868.0,1888.0,1913.0,2001.0,2061.0,2089.0,2177.0,2211.0,2192.0,2353.0,2382.0,2355.0,2536.0,2571.0,2588.0,2731.0,2709.0,2799.0,2898.0,2843.0,2947.0,2926.0,2741.0,2898.0,3618.0,3838.0,4170.0,0.0,4170.0,3838.0,3618.0,2898.0,2741.0,2926.0,2947.0,2843.0,2898.0,2799.0,2709.0,2731.0,2588.0,2571.0,2536.0,2355.0,2382.0,2353.0,2192.0,2211.0,2177.0,2089.0,2061.0,2001.0,1913.0,1888.0,1868.0,1810.0,1861.0,1771.0,1815.0,1754.0,1707.0,1716.0,1699.0,1681.0,1572.0,1562.0,1614.0,1564.0,1573.0,1559.0,1550.0,1530.0,1531.0,1491.0,1524.0,1447.0,1452.0,1489.0,1470.0,1488.0,1428.0,1430.0,1441.0,1466.0,1420.0,1431.0,1467.0,1448.0,1408.0,1355.0,1434.0,1402.0,1409.0,1390.0,1360.0,1375.0,1389.0,1373.0,1316.0,1421.0,1360.0,1315.0,1336.0,1327.0,1242.0,1314.0,1321.0,1312.0,1273.0,1306.0,1301.0,1241.0,1280.0,1263.0,1272.0,1262.0,1235.0,1156.0,1215.0,1255.0,1233.0,1200.0,1235.0,1151.0,1194.0,1167.0,1116.0,1192.0
20369.0,20422.0,20472.0,20533.0,20390.0,20548.0,20348.0,20207.0,20518.0,20065.0,20622.0,20588.0,20610.0,20239.0,20485.0,20346.0,20238.0,20443.0,20418.0,20209.0,20805.0,20361.0,20491.0,20497.0,20508.0,20281.0,20359.0,20469.0,20605.0,20293.0,20582.0,20362.0,20572.0,20624.0,20539.0,20234.0,20558.0,20613.0,20409.0,20597.0,20663.0,20402.0,20591.0,20805.0,20400.0,20592.0,20624.0,20542.0,20520.0,20254.0,20797.0,20886.0,20910.0,20401.0,20622.0,20742.0,20682.0,20436.0,20664.0,20834.0,20596.0,20805.0,20607.0,20874.0,20827.0,20623.0,20951.0,20714.0,20799.0,20760.0,20927.0,20919.0,21029.0,20866.0,20701.0,21135.0,21101.0,20748.0,20835.0,21119.0,20858.0,21170.0,20967.0,20840.0,20937.0,20936.0,21035.0,20907.0,20856.0,21039.0,20960.0,20303.0,19381.0,20244.0,24380.0,29292.0,21534.0,5320.0,302.0,157.0,0.0,157.0,302.0,5320.0,21534.0,29292.0,24380.0,20244.0,19381.0,20303.0,20960.0,21039.0,20856.0,20907.0,21035.0,20936.0,20937.0,20840.0,20967.0,21170.0,20858.0,21119.0,20835.0,20748.0,21101.0,21135.0,20701.0,20866.0,21029.0,20919.0,20927.0,20760.0,20799.0,20714.0,20951.0,20623.0,20827.0,20874.0,20607.0,20805.0,20596.0,20834.0,20664.0,20436.0,20682.0,20742.0,20622.0,20401.0,20910.0,20886.0,20797.0,20254.0,20520.0,20542.0,20624.0,20592.0,20400.0,20805.0,20591.0,20402.0,20663.0,20597.0,20409.0,20613.0,20558.0,20234.0,20539.0,20624.0,20572.0,20362.0,20582.0,20293.0,20605.0,20469.0,20359.0,20281.0,20508.0,20497.0,20491.0,20361.0,20805.0,20209.0,20418.0,20443.0,20238.0,20346.0,20485.0,20239.0,20610.0,20588.0,20622.0,20065.0,20518.0,20207.0,20348.0,20548.0,20390.0,20533.0,20472.0,20422.0,20369.0
24863.0,24759.0,24530.0,24785.0,24445.0,24845.0,25192.0,24704.0,24773.0,24719.0,24692.0,24674.0,25180.0,24737.0,24796.0,24784.0,24622.0,24772.0,24903.0,24887.0,24916.0,24780.0,24470.0,24891.0,25040.0,24685.0,24752.0,24671.0,24966.0,25011.0,24964.0,24742.0,24633.0,24750.0,25017.0,25048.0,24654.0,24661.0,24811.0,24840.0,25330.0,24772.0,24595.0,24722.0,25039.0,24854.0,25119.0,24871.0,24688.0,24870.0,24852.0,24967.0,24789.0,25156.0,24876.0,24780.0,24979.0,24888.0,24786.0,25137.0,25000.0,25187.0,24715.0,24589.0,24605.0,25536.0,25309.0,25174.0,24648.0,24339.0,24523.0,26013.0,26005.0,24640.0,23944.0,23634.0,25931.0,27365.0,26418.0,23304.0,21435.0,24097.0,28995.0,31020.0,25521.0,18194.0,17010.0,24363.0,35725.0,36915.0,20441.0,8259.0,7432.0,21547.0,56764.0,44822.0,6062.0,97.0,2.0,7.0,0.0,7.0,2.0,97.0,6062.0,44822.0,56764.0,21547.0,7432.0,8259.0,20441.0,36915.0,35725.0,24363.0,17010.0,18194.0,25521.0,31020.0,28995.0,24097.0,21435.0,23304.0,26418.0,27365.0,25931.0,23634.0,23944.0,24640.0,26005.0,26013.0,24523.0,24339.0,24648.0,25174.0,25309.0,25536.0,24605.0,24589.0,24715.0,25187.0,25000.0,25137.0,24786.0,24888.0,24979.0,24780.0,24876.0,25156.0,24789.0,24967.0,24852.0,24870.0,24688.0,24871.0,25119.0,24854.0,25039.0,24722.0,24595.0,24772.0,25330.0,24840.0,24811.0,24661.0,24654.0,25048.0,25017.0,24750.0,24633.0,24742.0,24964.0,25011.0,24966.0,24671.0,24752.0,24685.0,25040.0,24891.0,24470.0,24780.0,24916.0,24887.0,24903.0,24772.0,24622.0,24784.0,24796.0,24737.0,25180.0,24674.0,24692.0,24719.0,24773.0,24704.0,25192.0,24845.0,24445.0,24785.0,24530.0,24759.0,24863.0
12121.0,12315.0,12141.0,12198.0,12138.0,12031.0,12154.0,12231.0,12199.0,12293.0,12268.0,12155.0,12023.0,12222.0,11963.0,12207.0,12365.0,12308.0,12177.0,12108.0,12186.0,12232.0,12059.0,12275.0,12363.0,12112.0,12336.0,12220.0,12411.0,12089.0,12107.0,11993.0,12412.0,12097.0,12209.0,12331.0,11990.0,12314.0,12221.0,12184.0,12389.0,12179.0,12264.0,12154.0,12308.0,12324.0,12316.0,12157.0,12325.0,12274.0,12287.0,12313.0,12199.0,12118.0,12230.0,12423.0,12384.0,12287.0,12356.0,12238.0,12445.0,12270.0,12274.0,12265.0,12308.0,12218.0,12482.0,12569.0,12468.0,12230.0,12375.0,12098.0,12504.0,12439.0,12414.0,12516.0,12529.0,12440.0,12708.0,12669.0,12453.0,12509.0,12428.0,12560.0,12425.0,12327.0,12324.0,12347.0,12542.0,13004.0,12856.0,12798.0,13066.0,13369.0,13051.0,9472.0,3142.0,435.0,172.0,124.0,0.0,124.0,172.0,435.0,3142.0,9472.0,13051.0,13369.0,13066.0,12798.0,12856.0,13004.0,12542.0,12347.0,12324.0,12327.0,12425.0,12560.0,12428.0,12509.0,12453.0,12669.0,12708.0,12440.0,12529.0,12516.0,12414.0,12439.0,12504.0,12098.0,12375.0,12230.0,12468.0,12569.0,12482.0,12218.0,12308.0,12265.0,12274.0,12270.0,12445.0,12238.0,12356.0,12287.0,12384.0,12423.0,12230.0,12118.0,12199.0,12313.0,12287.0,12274.0,12325.0,12157.0,12316.0,12324.0,12308.0,12154.0,12264.0,12179.0,12389.0,12184.0,12221.0,12314.0,11990.0,12331.0,12209.0,12097.0,12412.0,11993.0,12107.0,12089.0,12411.0,12220.0,12336.0,12112.0,12363.0,12275.0,12059.0,12232.0,12186.0,12108.0,12177.0,12308.0,12365.0,12207.0,11963.0,12222.0,12023.0,12155.0,12268.0,12293.0,12199.0,12231.0,12154.0,12031.0,12138.0,12198.0,12141.0,12315.0,12121.0
14559.0,14306.0,14210.0,14386.0,14247.0,14300.0,14190.0,14531.0,13984.0,14336.0,14363.0,14353.0,14386.0,14178.0,14344.0,14328.0,14156.0,14206.0,14306.0,14458.0,14318.0,14192.0,14515.0,14275.0,14133.0,14317.0,14197.0,14427.0,14411.0,14287.0,14097.0,14320.0,14294.0,14501.0,14098.0,14310.0,14334.0,14398.0,14403.0,14334.0,14239.0,14325.0,14188.0,14258.0,14339.0,14617.0,14139.0,14472.0,14333.0,14401.0,14212.0,14429.0,14243.0,14401.0,14335.0,14291.0,14629.0,14250.0,14465.0,14309.0,14408.0,14393.0,14418.0,14289.0,14672.0,14482.0,14272.0,14310.0,14620.0,14358.0,14436.0,14395.0,14665.0,14437.0,14351.0,14546.0,14439.0,14438.0,14430.0,14686.0,14786.0,14592.0,14542.0,14661.0,14497.0,14380.0,14244.0,14088.0,14404.0,14341.0,14702.0,15062.0,15382.0,15557.0,15492.0,12322.0,4396.0,842.0,433.0,124.0,0.0,124.0,433.0,842.0,4396.0,12322.0,15492.0,15557.0,15382.0,15062.0,14702.0,14341.0,14404.0,14088.0,14244.0,14380.0,14497.0,14661.0,14542.0,14592.0,14786.0,14686.0,14430.0,14438.0,14439.0,14546.0,14351.0,14437.0,14665.0,14395.0,14436.0,14358.0,14620.0,14310.0,14272.0,14482.0,14672.0,14289.0,14418.0,14393.0,14408.0,14309.0,14465.0,14250.0,14629.0,14291.0,14335.0,14401.0,14243.0,14429.0,14212.0,14401.0,14333.0,14472.0,14139.0,14617.0,14339.0,14258.0,14188.0,14325.0,14239.0,14334.0,14403.0,14398.0,14334.0,14310.0,14098.0,14501.0,14294.0,14320.0,14097.0,14287.0,14411.0,14427.0,14197.0,14317.0,14133.0,14275.0,14515.0,14192.0,14318.0,14458.0,14306.0,14206.0,14156.0,14328.0,14344.0,14178.0,14386.0,14353.0,14363.0,14336.0,13984.0,14531.0,14190.0,14300.0,14247.0,14386.0,14210.0,14306.0,14559.0
12457.0,12510.0,12533.0,12442.0,12606.0,12697.0,12501.0,12729.0,12559.0,12378.0,12760.0,12702.0,12409.0,12576.0,12432.0,12479.0,12625.0,12686.0,12525.0,12343.0,12466.0,12532.0,12642.0,12602.0,12768.0,12687.0,12316.0,12588.0,12471.0,12500.0,12620.0,12633.0,12650.0,12401.0,12731.0,12623.0,12466.0,12611.0,12577.0,12483.0,12617.0,12613.0,12599.0,12568.0,12547.0,12630.0,12505.0,12680.0,12877.0,12703.0,12633.0,12441.0,12479.0,12604.0,12463.0,12773.0,12557.0,12554.0,12704.0,12731.0,12676.0,12515.0,12648.0,12772.0,12636.0,12744.0,12688.0,12696.0,12622.0,12711.0,12582.0,12855.0,12571.0,12824.0,12514.0,12799.0,12698.0,12894.0,12785.0,12540.0,12876.0,12966.0,12932.0,12880.0,12613.0,12821.0,12571.0,12748.0,12501.0,12489.0,12546.0,13476.0,14233.0,15570.0,15234.0,10959.0,3573.0,318.0,48.0,55.0,0.0,55.0,48.0,318.0,3573.0,10959.0,15234.0,15570.0,14233.0,13476.0,12546.0,12489.0,12501.0,12748.0,12571.0,12821.0,12613.0,12880.0,12932.0,12966.0,12876.0,12540.0,12785.0,12894.0,12698.0,12799.0,12514.0,12824.0,12571.0,12855.0,12582.0,12711.0,12622.0,12696.0,12688.0,12744.0,12636.0,12772.0,12648.0,12515.0,12676.0,12731.0,12704.0,12554.0,12557.0,12773.0,12463.0,12604.0,12479.0,12441.0,12633.0,12703.0,12877.0,12680.0,12505.0,12630.0,12547.0,12568.0,12599.0,12613.0,12617.0,12483.0,12577.0,12611.0,12466.0,12623.0,12731.0,12401.0,12650.0,12633.0,12620.0,12500.0,12471.0,12588.0,12316.0,12687.0,12768.0,12602.0,12642.0,12532.0,12466.0,12343.0,12525.0,12686.0,12625.0,12479.0,12432.0,12576.0,12409.0,12702.0,12760.0,12378.0,12559.0,12729.0,12501.0,12697.0,12606.0,12442.0,12533.0,12510.0,12457.0
20380.0,20399.0,20494.0,20783.0,20705.0,20579.0,20459.0,20591.0,20630.0,20700.0,20422.0,20657.0,20367.0,20750.0,20597.0,20699.0,20653.0,20452.0,20602.0,20615.0,20539.0,20704.0,20494.0,20637.0,20587.0,20361.0,21044.0,20664.0,20586.0,20563.0,20514.0,20536.0,20689.0,20967.0,20639.0,20493.0,20465.0,20618.0,20714.0,20654.0,20667.0,20822.0,20406.0,20748.0,20691.0,20678.0,20951.0,20595.0,20472.0,20592.0,20725.0,20793.0,20871.0,20717.0,20623.0,20557.0,20963.0,20835.0,20855.0,20713.0,20582.0,20848.0,21060.0,20703.0,20673.0,20697.0,20918.0,21007.0,20702.0,20610.0,21166.0,20947.0,20890.0,20891.0,20944.0,21010.0,20872.0,21050.0,20668.0,21224.0,21077.0,21187.0,21151.0,21219.0,21020.0,21002.0,21003.0,20818.0,21086.0,20894.0,20485.0,20675.0,21244.0,23224.0,26226.0,23827.0,11396.0,1842.0,28.0,9.0,0.0,9.0,28.0,1842.0,11396.0,23827.0,26226.0,23224.0,21244.0,20675.0,20485.0,20894.0,21086.0,20818.0,21003.0,21002.0,21020.0,21219.0,21151.0,21187.0,21077.0,21224.0,20668.0,21050.0,20872.0,21010.0,20944.0,20891.0,20890.0,20947.0,21166.0,20610.0,20702.0,21007.0,20918.0,20697.0,20673.0,20703.0,21060.0,20848.0,20582.0,20713.0,20855.0,20835.0,20963.0,20557.0,20623.0,20717.0,20871.0,20793.0,20725.0,20592.0,20472.0,20595.0,20951.0,20678.0,20691.0,20748.0,20406.0,20822.0,20667.0,20654.0,20714.0,20618.0,20465.0,20493.0,20639.0,20967.0,20689.0,20536.0,20514.0,20563.0,20586.0,20664.0,21044.0,20361.0,20587.0,20637.0,20494.0,20704.0,20539.0,20615.0,20602.0,20452.0,20653.0,20699.0,20597.0,20750.0,20367.0,20657.0,20422.0,20700.0,20630.0,20591.0,20459.0,20579.0,20705.0,20783.0,20494.0,20399.0,20380.0
22777.0,22714.0,22723.0,22734.0,22950.0,22765.0,22815.0,22748.0,22718.0,22782.0,22668.0,23186.0,22607.0,22642.0,22784.0,22857.0,22748.0,22700.0,22951.0,22880.0,22654.0,22876.0,22863.0,22806.0,22742.0,22831.0,23009.0,22805.0,22788.0,22828.0,22753.0,22966.0,22916.0,22927.0,22724.0,22800.0,22774.0,23000.0,23020.0,22661.0,23048.0,22849.0,22793.0,22844.0,22937.0,23155.0,22787.0,22914.0,22800.0,23046.0,22864.0,22930.0,22837.0,23104.0,22983.0,22943.0,23152.0,23458.0,22937.0,22830.0,23216.0,23229.0,23134.0,23030.0,23063.0,23461.0,23257.0,23219.0,23356.0,23199.0,23471.0,23239.0,23758.0,23390.0,23358.0,23567.0,23549.0,23724.0,23545.0,23606.0,23793.0,23949.0,23910.0,23687.0,24118.0,24119.0,24096.0,23990.0,24217.0,24318.0,24104.0,24631.0,24176.0,22773.0,24131.0,31471.0,32231.0,10075.0,558.0,218.0,0.0,218.0,558.0,10075.0,32231.0,31471.0,24131.0,22773.0,24176.0,24631.0,24104.0,24318.0,24217.0,23990.0,24096.0,24119.0,24118.0,23687.0,23910.0,23949.0,23793.0,23606.0,23545.0,23724.0,23549.0,23567.0,23358.0,23390.0,23758.0,23239.0,23471.0,23199.0,23356.0,23219.0,23257.0,23461.0,23063.0,23030.0,23134.0,23229.0,23216.0,22830.0,22937.0,23458.0,23152.0,22943.0,22983.0,23104.0,22837.0,22930.0,22864.0,23046.0,22800.0,22914.0,22787.0,23155.0,22937.0,22844.0,22793.0,22849.0,23048.0,22661.0,23020.0,23000.0,22774.0,22800.0,22724.0,22927.0,22916.0,22966.0,22753.0,22828.0,22788.0,22805.0,23009.0,22831.0,22742.0,22806.0,22863.0,22876.0,22654.0,22880.0,22951.0,22700.0,22748.0,22857.0,22784.0,22642.0,22607.0,23186.0,22668.0,22782.0,22718.0,22748.0,22815.0,22765.0,22950.0,22734.0,22723.0,22714.0,22777.0
2891.0,2895.0,2879.0,2827.0,2696.0,2740.0,2658.0,2811.0,2850.0,2840.0,2843.0,2935.0,2894.0,2871.0,2882.0,2889.0,2880.0,2973.0,2878.0,2793.0,2845.0,2851.0,2862.0,2858.0,2850.0,2901.0,2963.0,3089.0,3112.0,3195.0,3229.0,3206.0,3263.0,3129.0,3166.0,3129.0,3222.0,3266.0,3236.0,3282.0,3334.0,3471.0,3432.0,3473.0,3313.0,3357.0,3353.0,3296.0,3284.0,3184.0,3269.0,3313.0,3259.0,3334.0,3376.0,3355.0,3494.0,3489.0,3466.0,3419.0,3402.0,3233.0,3225.0,3259.0,3179.0,3278.0,3388.0,3402.0,3561.0,3622.0,3685.0,3801.0,3879.0,3992.0,3896.0,3879.0,3863.0,3879.0,3915.0,4003.0,4248.0,4395.0,4624.0,4948.0,5389.0,5578.0,5856.0,6063.0,5942.0,5985.0,5977.0,6066.0,6361.0,6707.0,7261.0,8728.0,11636.0,15998.0,20634.0,25310.0,0.0,25310.0,20634.0,15998.0,11636.0,8728.0,7261.0,6707.0,6361.0,6066.0,5977.0,5985.0,5942.0,6063.0,5856.0,5578.0,5389.0,4948.0,4624.0,4395.0,4248.0,4003.0,3915.0,3879.0,3863.0,3879.0,3896.0,3992.0,3879.0,3801.0,3685.0,3622.0,3561.0,3402.0,3388.0,3278.0,3179.0,3259.0,3225.0,3233.0,3402.0,3419.0,3466.0,3489.0,3494.0,3355.0,3376.0,3334.0,3259.0,3313.0,3269.0,3184.0,3284.0,3296.0,3353.0,3357.0,3313.0,3473.0,3432.0,3471.0,3334.0,3282.0,3236.0,3266.0,3222.0,3129.0,3166.0,3129.0,3263.0,3206.0,3229.0,3195.0,3112.0,3089.0,2963.0,2901.0,2850.0,2858.0,2862.0,2851.0,2845.0,2793.0,2878.0,2973.0,2880.0,2889.0,2882.0,2871.0,2894.0,2935.0,2843.0,2840.0,2850.0,2811.0,2658.0,2740.0,2696.0,2827.0,2879.0,2895.0,2891.0
10286.0,10195.0,10331.0,10139.0,10411.0,10285.0,10358.0,10419.0,10211.0,10172.0,10364.0,10303.0,10367.0,10360.0,10249.0,10262.0,10408.0,10297.0,10318.0,10364.0,10355.0,10173.0,10384.0,10545.0,10222.0,10275.0,10313.0,10251.0,10501.0,10356.0,10290.0,10315.0,10351.0,10331.0,10463.0,10372.0,10481.0,10409.0,10232.0,10351.0,10363.0,10317.0,10603.0,10478.0,10374.0,10439.0,10319.0,10419.0,10374.0,10380.0,10225.0,10510.0,10563.0,10672.0,10369.0,10386.0,10417.0,10566.0,10534.0,10470.0,10473.0,10342.0,10428.0,10650.0,10519.0,10440.0,10474.0,10420.0,10558.0,10453.0,10505.0,10371.0,10817.0,10499.0,10585.0,10701.0,10614.0,10755.0,10802.0,10633.0,10574.0,10311.0,10339.0,10406.0,10313.0,10615.0,10677.0,11073.0,11628.0,11494.0,11656.0,11446.0,11228.0,10360.0,8844.0,5187.0,1303.0,227.0,108.0,111.0,0.0,111.0,108.0,227.0,1303.0,5187.0,8844.0,10360.0,11228.0,11446.0,11656.0,11494.0,11628.0,11073.0,10677.0,10615.0,10313.0,10406.0,10339.0,10311.0,10574.0,10633.0,10802.0,10755.0,10614.0,10701.0,10585.0,10499.0,10817.0,10371.0,10505.0,10453.0,10558.0,10420.0,10474.0,10440.0,10519.0,10650.0,10428.0,10342.0,10473.0,10470.0,10534.0,10566.0,10417.0,10386.0,10369.0,10672.0,10563.0,10510.0,10225.0,10380.0,10374.0,10419.0,10319.0,10439.0,10374.0,10478.0,10603.0,10317.0,10363.0,10351.0,10232.0,10409.0,10481.0,10372.0,10463.0,10331.0,10351.0,10315.0,10290.0,10356.0,10501.0,10251.0,10313.0,10275.0,10222.0,10545.0,10384.0,10173.0,10355.0,10364.0,10318.0,10297.0,10408.0,10262.0,10249.0,10360.0,10367.0,10303.0,10364.0,10172.0,10211.0,10419.0,10358.0,10285.0,10411.0,10139.0,10331.0,10195.0,10286.0
2.0,0.0,2.0,1.0,0.0,0.0,2.0,1.0,-0.0,0.0,0.0,0.0,0.0,1.0,2.0,0.0,1.0,0.0,0.0,2.0,1.0,0.0,-0.0,2.0,1.0,0.0,0.0,0.0,2.0,0.0,1.0,2.0,0.0,1.0,1.0,1.0,-0.0,2.0,1.0,1.0,0.0,2.0,1.0,0.0,2.0,2.0,1.0,0.0,1.0,0.0,-0.0,0.0,0.0,-0.0,0.0,0.0,0.0,0.0,0.0,0.0,-0.0,1.0,2.0,0.0,0.0,1.0,0.0,0.0,0.0,0.0,0.0,0.0,-0.0,0.0,-0.0,0.0,0.0,0.0,0.0,0.0,-0.0,0.0,0.0,0.0,0.0,-0.0,-0.0,0.0,0.0,0.0,0.0,0.0,0.0,0.0,0.0,-0.0,-0.0,0.0,-0.0,0.0,0.0,0.0,0.0,0.0,0.0,0.0,0.0,0.0,-0.0,0.0,0.0,0.0,-0.0,0.0,0.0,0.0,0.0,0.0,0.0,0.0,-0.0,0.0,0.0,0.0,0.0,0.0,0.0,0.0,-0.0,0.0,0.0,0.0,0.0,0.0,0.0,1.0,-0.0,0.0,2.0,1.0,-0.0,0.0,-0.0,0.0,0.0,0.0,0.0,0.0,0.0,0.0,-0.0,0.0,1.0,0.0,1.0,2.0,2.0,-0.0,1.0,2.0,0.0,1.0,1.0,2.0,0.0,1.0,1.0,1.0,0.0,2.0,1.0,0.0,2.0,0.0,0.0,0.0,1.0,2.0,-0.0,0.0,1.0,2.0,0.0,-0.0,1.0,0.0,2.0,1.0,0.0,0.0,0.0,0.0,0.0,1.0,2.0,0.0,0.0,1.0,2.0,0.0,2.0
2.0,1.0,4.0,1.0,1.0,2.0,2.0,1.0,1.0,6.0,0.0,0.0,2.0,3.0,3.0,4.0,3.0,1.0,4.0,0.0,-0.0,1.0,0.0,0.0,2.0,4.0,0.0,2.0,2.0,1.0,-0.0,3.0,2.0,2.0,0.0,3.0,4.0,1.0,2.0,1.0,1.0,3.0,2.0,0.0,1.0,1.0,0.0,1.0,-0.0,3.0,2.0,3.0,1.0,3.0,3.0,2.0,2.0,0.0,0.0,2.0,-0.0,2.0,2.0,0.0,0.0,-0.0,1.0,0.0,1.0,0.0,0.0,1.0,-0.0,0.0,1.0,0.0,0.0,0.0,0.0,0.0,-0.0,1.0,0.0,0.0,0.0,0.0,-0.0,0.0,0.0,0.0,0.0,0.0,0.0,-0.0,0.0,0.0,-0.0,0.0,0.0,3.0,0.0,3.0,0.0,0.0,0.0,0.0,0.0,0.0,-0.0,0.0,-0.0,0.0,-0.0,0.0,0.0,0.0,0.0,0.0,0.0,1.0,-0.0,0.0,0.0,0.0,0.0,0.0,1.0,0.0,-0.0,1.0,0.0,0.0,1.0,0.0,1.0,0.0,-0.0,0.0,2.0,2.0,-0.0,2.0,0.0,0.0,2.0,2.0,3.0,3.0,1.0,3.0,2.0,3.0,-0.0,1.0,0.0,1.0,1.0,0.0,2.0,3.0,1.0,1.0,2.0,1.0,4.0,3.0,0.0,2.0,2.0,3.0,0.0,1.0,2.0,2.0,0.0,4.0,2.0,0.0,0.0,1.0,-0.0,0.0,4.0,1.0,3.0,4.0,3.0,3.0,2.0,0.0,0.0,6.0,1.0,1.0,2.0,2.0,1.0,1.0,4.0,1.0,2.0
1.0,3.0,0.0,0.0,1.0,1.0,1.0,0.0,1.0,0.0,3.0,0.0,0.0,0.0,0.0,1.0,0.0,3.0,2.0,1.0,2.0,1.0,2.0,6.0,1.0,2.0,2.0,0.0,-0.0,0.0,1.0,1.0,2.0,2.0,1.0,1.0,2.0,1.0,1.0,0.0,1.0,2.0,1.0,1.0,2.0,1.0,2.0,0.0,1.0,0.0,2.0,1.0,0.0,0.0,0.0,0.0,1.0,0.0,1.0,2.0,-0.0,0.0,0.0,1.0,0.0,0.0,-0.0,1.0,2.0,0.0,0.0,1.0,-0.0,0.0,1.0,0.0,0.0,0.0,0.0,0.0,-0.0,0.0,0.0,0.0,0.0,0.0,0.0,0.0,0.0,0.0,0.0,0.0,0.0,0.0,0.0,0.0,-0.0,0.0,0.0,0.0,0.0,0.0,0.0,0.0,0.0,0.0,0.0,0.0,-0.0,0.0,0.0,0.0,-0.0,0.0,0.0,0.0,0.0,0.0,0.0,0.0,-0.0,0.0,0.0,0.0,0.0,0.0,1.0,0.0,0.0,1.0,0.0,0.0,2.0,1.0,0.0,-0.0,-0.0,1.0,0.0,0.0,-0.0,2.0,1.0,0.0,1.0,0.0,0.0,0.0,0.0,1.0,2.0,0.0,1.0,0.0,2.0,1.0,2.0,1.0,1.0,2.0,1.0,0.0,1.0,1.0,2.0,1.0,1.0,2.0,2.0,1.0,1.0,0.0,-0.0,0.0,2.0,2.0,1.0,6.0,2.0,1.0,2.0,1.0,2.0,3.0,-0.0,1.0,0.0,0.0,0.0,0.0,3.0,0.0,1.0,0.0,1.0,1.0,1.0,0.0,0.0,3.0,1.0
2.0,0.0,0.0,-0.0,0.0,0.0,0.0,-0.0,-0.0,0.0,0.0,0.0,2.0,1.0,-0.0,0.0,-0.0,0.0,0.0,0.0,-0.0,1.0,3.0,2.0,0.0,0.0,0.0,1.0,1.0,1.0,0.0,1.0,0.0,-0.0,2.0,1.0,1.0,1.0,3.0,2.0,1.0,0.0,2.0,2.0,1.0,1.0,2.0,2.0,0.0,0.0,0.0,1.0,1.0,1.0,0.0,0.0,1.0,0.0,1.0,1.0,2.0,3.0,0.0,1.0,2.0,0.0,0.0,0.0,1.0,0.0,0.0,-0.0,-0.0,0.0,0.0,0.0,0.0,0.0,0.0,0.0,-0.0,0.0,0.0,0.0,0.0,0.0,0.0,-0.0,0.0,0.0,0.0,-0.0,0.0,0.0,0.0,0.0,-0.0,0.0,3.0,0.0,0.0,-0.0,3.0,0.0,0.0,0.0,0.0,0.0,-0.0,0.0,0.0,0.0,-0.0,0.0,0.0,0.0,0.0,0.0,0.0,0.0,-0.0,-0.0,0.0,0.0,0.0,0.0,-0.0,0.0,-0.0,0.0,0.0,0.0,1.0,0.0,0.0,0.0,2.0,1.0,0.0,3.0,2.0,1.0,1.0,0.0,1.0,0.0,-0.0,1.0,1.0,1.0,0.0,0.0,-0.0,2.0,2.0,1.0,1.0,2.0,2.0,0.0,1.0,2.0,3.0,1.0,1.0,1.0,2.0,0.0,0.0,1.0,0.0,1.0,1.0,1.0,-0.0,-0.0,0.0,2.0,3.0,1.0,-0.0,0.0,0.0,0.0,-0.0,0.0,0.0,1.0,2.0,0.0,-0.0,0.0,0.0,-0.0,0.0,0.0,0.0,0.0,-0.0,0.0,2.0
3.0,3.0,6.0,3.0,1.0,2.0,5.0,1.0,3.0,3.0,2.0,2.0,1.0,3.0,3.0,4.0,2.0,4.0,7.0,1.0,-0.0,3.0,2.0,1.0,4.0,0.0,4.0,0.0,3.0,2.0,2.0,2.0,4.0,2.0,4.0,4.0,3.0,5.0,4.0,3.0,0.0,4.0,4.0,2.0,4.0,4.0,2.0,4.0,1.0,2.0,4.0,0.0,1.0,5.0,0.0,2.0,2.0,5.0,5.0,1.0,2.0,3.0,7.0,0.0,0.0,3.0,1.0,5.0,1.0,0.0,1.0,0.0,-0.0,0.0,0.0,0.0,1.0,0.0,0.0,0.0,-0.0,0.0,1.0,0.0,0.0,0.0,-0.0,0.0,0.0,1.0,0.0,0.0,0.0,0.0,-0.0,0.0,-0.0,0.0,2.0,4.0,0.0,4.0,2.0,0.0,0.0,0.0,0.0,0.0,-0.0,0.0,0.0,1.0,-0.0,0.0,0.0,0.0,0.0,0.0,1.0,0.0,-0.0,0.0,0.0,0.0,1.0,0.0,0.0,0.0,0.0,0.0,1.0,0.0,1.0,5.0,1.0,3.0,-0.0,0.0,7.0,3.0,2.0,1.0,5.0,5.0,2.0,2.0,0.0,5.0,1.0,0.0,4.0,2.0,1.0,4.0,2.0,4.0,4.0,2.0,4.0,4.0,0.0,3.0,4.0,5.0,3.0,4.0,4.0,2.0,4.0,2.0,2.0,2.0,3.0,0.0,4.0,0.0,4.0,1.0,2.0,3.0,-0.0,1.0,7.0,4.0,2.0,4.0,3.0,3.0,1.0,2.0,2.0,3.0,3.0,1.0,5.0,2.0,1.0,3.0,6.0,3.0,3.0
3.0,1.0,2.0,0.0,2.0,4.0,3.0,1.0,1.0,2.0,1.0,2.0,3.0,2.0,0.0,0.0,0.0,2.0,3.0,0.0,1.0,0.0,2.0,1.0,2.0,3.0,3.0,3.0,3.0,2.0,2.0,3.0,3.0,1.0,3.0,0.0,2.0,5.0,1.0,0.0,0.0,0.0,1.0,1.0,2.0,1.0,2.0,1.0,0.0,0.0,1.0,2.0,6.0,2.0,0.0,1.0,1.0,0.0,4.0,0.0,0.0,3.0,1.0,2.0,1.0,1.0,0.0,1.0,1.0,0.0,0.0,0.0,-0.0,0.0,0.0,0.0,0.0,0.0,0.0,0.0,-0.0,0.0,0.0,0.0,0.0,0.0,0.0,0.0,0.0,0.0,-0.0,0.0,0.0,0.0,0.0,0.0,-0.0,0.0,0.0,0.0,0.0,0.0,0.0,0.0,0.0,0.0,0.0,0.0,-0.0,0.0,-0.0,0.0,-0.0,0.0,0.0,0.0,0.0,0.0,0.0,0.0,-0.0,0.0,0.0,0.0,0.0,0.0,0.0,0.0,0.0,0.0,0.0,0.0,1.0,1.0,0.0,1.0,1.0,2.0,1.0,3.0,-0.0,0.0,4.0,0.0,1.0,1.0,0.0,2.0,6.0,2.0,1.0,0.0,-0.0,1.0,2.0,1.0,2.0,1.0,1.0,0.0,0.0,0.0,1.0,5.0,2.0,0.0,3.0,1.0,3.0,3.0,2.0,2.0,3.0,3.0,3.0,3.0,2.0,1.0,2.0,0.0,1.0,0.0,3.0,2.0,0.0,0.0,0.0,2.0,3.0,2.0,1.0,2.0,1.0,1.0,3.0,4.0,2.0,0.0,2.0,1.0,3.0
-0.0,1.0,0.0,2.0,0.0,2.0,0.0,0.0,0.0,1.0,1.0,1.0,1.0,0.0,1.0,1.0,2.0,0.0,0.0,0.0,1.0,0.0,5.0,1.0,3.0,2.0,1.0,0.0,1.0,3.0,2.0,2.0,1.0,6.0,3.0,1.0,3.0,1.0,1.0,1.0,2.0,3.0,1.0,0.0,1.0,0.0,0.0,0.0,0.0,2.0,1.0,0.0,0.0,1.0,4.0,1.0,1.0,0.0,-0.0,1.0,0.0,1.0,0.0,2.0,1.0,2.0,1.0,0.0,2.0,0.0,1.0,-0.0,-0.0,0.0,0.0,0.0,1.0,1.0,0.0,-0.0,-0.0,0.0,0.0,0.0,0.0,1.0,0.0,0.0,0.0,0.0,0.0,0.0,0.0,0.0,0.0,0.0,-0.0,0.0,0.0,0.0,0.0,0.0,0.0,0.0,0.0,0.0,-0.0,0.0,-0.0,0.0,0.0,0.0,-0.0,0.0,0.0,1.0,0.0,0.0,0.0,0.0,-0.0,-0.0,0.0,1.0,1.0,0.0,0.0,0.0,-0.0,0.0,1.0,0.0,2.0,0.0,1.0,2.0,1.0,2.0,0.0,1.0,-0.0,1.0,0.0,0.0,1.0,1.0,4.0,1.0,0.0,0.0,1.0,2.0,0.0,0.0,0.0,0.0,1.0,0.0,1.0,3.0,2.0,1.0,1.0,1.0,3.0,1.0,3.0,6.0,1.0,2.0,2.0,3.0,1.0,0.0,1.0,2.0,3.0,1.0,5.0,0.0,1.0,0.0,0.0,0.0,2.0,1.0,1.0,0.0,1.0,1.0,1.0,1.0,0.0,0.0,0.0,2.0,0.0,2.0,0.0,1.0,-0.0
1.0,1.0,1.0,3.0,2.0,3.0,1.0,1.0,-0.0,1.0,0.0,2.0,5.0,0.0,1.0,2.0,0.0,1.0,1.0,1.0,1.0,0.0,2.0,0.0,2.0,2.0,1.0,1.0,1.0,1.0,0.0,1.0,0.0,0.0,4.0,1.0,2.0,3.0,2.0,1.0,1.0,1.0,2.0,5.0,2.0,0.0,3.0,4.0,1.0,1.0,2.0,0.0,0.0,1.0,0.0,3.0,0.0,0.0,1.0,0.0,-0.0,1.0,1.0,1.0,0.0,2.0,1.0,0.0,0.0,0.0,0.0,0.0,-0.0,1.0,0.0,0.0,1.0,0.0,0.0,0.0,-0.0,1.0,0.0,0.0,0.0,0.0,2.0,0.0,0.0,0.0,1.0,1.0,2.0,1.0,2.0,0.0,-0.0,0.0,2.0,1.0,0.0,1.0,2.0,0.0,0.0,0.0,2.0,1.0,2.0,1.0,1.0,0.0,-0.0,0.0,2.0,0.0,0.0,0.0,0.0,1.0,-0.0,0.0,0.0,0.0,1.0,-0.0,0.0,1.0,0.0,0.0,0.0,0.0,0.0,0.0,1.0,2.0,-0.0,1.0,1.0,1.0,-0.0,0.0,1.0,0.0,0.0,3.0,0.0,1.0,0.0,0.0,2.0,1.0,1.0,4.0,3.0,0.0,2.0,5.0,2.0,1.0,1.0,1.0,2.0,3.0,2.0,1.0,4.0,0.0,0.0,1.0,0.0,1.0,1.0,1.0,1.0,2.0,2.0,0.0,2.0,0.0,1.0,1.0,1.0,1.0,-0.0,2.0,1.0,0.0,5.0,2.0,0.0,1.0,0.0,1.0,1.0,3.0,2.0,3.0,1.0,1.0,1.0
20410.0,20538.0,20217.0,20343.0,20252.0,20541.0,20420.0,20280.0,20204.0,20350.0,20642.0,20419.0,20170.0,20308.0,20277.0,20344.0,20346.0,20373.0,20466.0,20440.0,20277.0,20495.0,20231.0,20326.0,20297.0,20345.0,20525.0,20345.0,20254.0,20342.0,20284.0,20545.0,20405.0,20255.0,20330.0,20604.0,20426.0,20302.0,20284.0,20526.0,20644.0,20663.0,20479.0,20246.0,20658.0,20489.0,20611.0,20470.0,20419.0,20488.0,20749.0,20673.0,20695.0,20598.0,20745.0,20453.0,20827.0,20992.0,20759.0,20571.0,20771.0,21215.0,20785.0,20912.0,20942.0,20980.0,21046.0,20864.0,21014.0,21291.0,21103.0,21379.0,20979.0,21288.0,21207.0,21325.0,21205.0,21761.0,21354.0,21587.0,21623.0,21407.0,21146.0,21477.0,21586.0,22064.0,22616.0,22240.0,21971.0,20865.0,19842.0,20337.0,22890.0,26930.0,29739.0,24830.0,14474.0,7227.0,1427.0,17.0,0.0,17.0,1427.0,7227.0,14474.0,24830.0,29739.0,26930.0,22890.0,20337.0,19842.0,20865.0,21971.0,22240.0,22616.0,22064.0,21586.0,21477.0,21146.0,21407.0,21623.0,21587.0,21354.0,21761.0,21205.0,21325.0,21207.0,21288.0,20979.0,21379.0,21103.0,21291.0,21014.0,20864.0,21046.0,20980.0,20942.0,20912.0,20785.0,21215.0,20771.0,20571.0,20759.0,20992.0,20827.0,20453.0,20745.0,20598.0,20695.0,20673.0,20749.0,20488.0,20419.0,20470.0,20611.0,20489.0,20658.0,20246.0,20479.0,20663.0,20644.0,20526.0,20284.0,20302.0,20426.0,20604.0,20330.0,20255.0,20405.0,20545.0,20284.0,20342.0,20254.0,20345.0,20525.0,20345.0,20297.0,20326.0,20231.0,20495.0,20277.0,20440.0,20466.0,20373.0,20346.0,20344.0,20277.0,20308.0,20170.0,20419.0,20642.0,20350.0,20204.0,20280.0,20420.0,20541.0,20252.0,20343.0,20217.0,20538.0,20410.0
11306.0,11442.0,11512.0,11391.0,11238.0,11256.0,11043.0,10989.0,10830.0,10906.0,11141.0,11233.0,11332.0,11641.0,11812.0,11982.0,11930.0,12010.0,11831.0,11707.0,11527.0,11288.0,11346.0,11218.0,11265.0,11283.0,11540.0,11946.0,12127.0,12300.0,12161.0,11936.0,11955.0,11415.0,11033.0,10977.0,10973.0,10909.0,10882.0,10953.0,11140.0,11591.0,12139.0,12462.0,12435.0,12136.0,11752.0,11497.0,11307.0,11206.0,11038.0,11077.0,11087.0,11311.0,11723.0,12191.0,12815.0,13239.0,13461.0,13290.0,12819.0,12279.0,12065.0,11785.0,11568.0,11524.0,11505.0,11741.0,11880.0,12919.0,13831.0,14513.0,15117.0,14536.0,13847.0,13184.0,12605.0,12615.0,12722.0,12647.0,13005.0,13215.0,14001.0,14914.0,16889.0,18952.0,20219.0,19780.0,18221.0,17103.0,16409.0,15970.0,16216.0,16524.0,16755.0,17161.0,18138.0,18831.0,23353.0,41793.0,0.0,41793.0,23353.0,18831.0,18138.0,17161.0,16755.0,16524.0,16216.0,15970.0,16409.0,17103.0,18221.0,19780.0,20219.0,18952.0,16889.0,14914.0,14001.0,13215.0,13005.0,12647.0,12722.0,12615.0,12605.0,13184.0,13847.0,14536.0,15117.0,14513.0,13831.0,12919.0,11880.0,11741.0,11505.0,11524.0,11568.0,11785.0,12065.0,12279.0,12819.0,13290.0,13461.0,13239.0,12815.0,12191.0,11723.0,11311.0,11087.0,11077.0,11038.0,11206.0,11307.0,11497.0,11752.0,12136.0,12435.0,12462.0,12139.0,11591.0,11140.0,10953.0,10882.0,10909.0,10973.0,10977.0,11033.0,11415.0,11955.0,11936.0,12161.0,12300.0,12127.0,11946.0,11540.0,11283.0,11265.0,11218.0,11346.0,11288.0,11527.0,11707.0,11831.0,12010.0,11930.0,11982.0,11812.0,11641.0,11332.0,11233.0,11141.0,10906.0,10830.0,10989.0,11043.0,11256.0,11238.0,11391.0,11512.0,11442.0,11306.0
16672.0,16747.0,16761.0,16870.0,16921.0,17062.0,16547.0,16699.0,16820.0,16734.0,16884.0,16710.0,16536.0,16865.0,16812.0,16951.0,16919.0,17078.0,16696.0,16818.0,16856.0,16843.0,16638.0,16843.0,16795.0,16897.0,16805.0,16997.0,16886.0,16829.0,16823.0,16838.0,16959.0,16748.0,16978.0,16929.0,16797.0,16898.0,17068.0,16552.0,16801.0,16885.0,16869.0,16948.0,17055.0,16871.0,16559.0,16872.0,16872.0,16850.0,16939.0,16974.0,16972.0,16774.0,17028.0,16930.0,16884.0,16976.0,16998.0,17046.0,16976.0,16874.0,17044.0,16952.0,16814.0,16854.0,17033.0,17231.0,17300.0,17121.0,17094.0,17123.0,17019.0,17022.0,16634.0,16665.0,16811.0,17142.0,17612.0,18014.0,18216.0,18103.0,17537.0,17033.0,16091.0,15281.0,15002.0,15287.0,16483.0,18650.0,20930.0,22634.0,22911.0,20746.0,14683.0,7388.0,2029.0,168.0,2.0,17.0,0.0,17.0,2.0,168.0,2029.0,7388.0,14683.0,20746.0,22911.0,22634.0,20930.0,18650.0,16483.0,15287.0,15002.0,15281.0,16091.0,17033.0,17537.0,18103.0,18216.0,18014.0,17612.0,17142.0,16811.0,16665.0,16634.0,17022.0,17019.0,17123.0,17094.0,17121.0,17300.0,17231.0,17033.0,16854.0,16814.0,16952.0,17044.0,16874.0,16976.0,17046.0,16998.0,16976.0,16884.0,16930.0,17028.0,16774.0,16972.0,16974.0,16939.0,16850.0,16872.0,16872.0,16559.0,16871.0,17055.0,16948.0,16869.0,16885.0,16801.0,16552.0,17068.0,16898.0,16797.0,16929.0,16978.0,16748.0,16959.0,16838.0,16823.0,16829.0,16886.0,16997.0,16805.0,16897.0,16795.0,16843.0,16638.0,16843.0,16856.0,16818.0,16696.0,17078.0,16919.0,16951.0,16812.0,16865.0,16536.0,16710.0,16884.0,16734.0,16820.0,16699.0,16547.0,17062.0,16921.0,16870.0,16761.0,16747.0,16672.0
9075.0,9206.0,9099.0,9358.0,9190.0,9121.0,9236.0,9144.0,9055.0,9136.0,9371.0,9029.0,9246.0,9318.0,9102.0,9351.0,9198.0,9140.0,9182.0,9164.0,9276.0,9383.0,9125.0,9294.0,9198.0,9130.0,9204.0,9204.0,9113.0,9340.0,9188.0,9172.0,9263.0,9290.0,9323.0,9376.0,9157.0,9198.0,9184.0,9421.0,9307.0,9419.0,9425.0,9317.0,9161.0,9251.0,9192.0,9120.0,9180.0,9324.0,9411.0,9491.0,9336.0,9503.0,9341.0,9489.0,9544.0,9263.0,9398.0,9418.0,9347.0,9290.0,9263.0,9204.0,9191.0,9244.0,9569.0,9587.0,9630.0,9818.0,9629.0,9972.0,9778.0,9742.0,9458.0,9154.0,9097.0,9066.0,8891.0,8916.0,9109.0,9106.0,9597.0,9724.0,9983.0,10411.0,10893.0,10974.0,10871.0,10581.0,10178.0,9105.0,7898.0,6035.0,4062.0,2153.0,687.0,145.0,41.0,125.0,0.0,125.0,41.0,145.0,687.0,2153.0,4062.0,6035.0,7898.0,9105.0,10178.0,10581.0,10871.0,10974.0,10893.0,10411.0,9983.0,9724.0,9597.0,9106.0,9109.0,8916.0,8891.0,9066.0,9097.0,9154.0,9458.0,9742.0,9778.0,9972.0,9629.0,9818.0,9630.0,9587.0,9569.0,9244.0,9191.0,9204.0,9263.0,9290.0,9347.0,9418.0,9398.0,9263.0,9544.0,9489.0,9341.0,9503.0,9336.0,9491.0,9411.0,9324.0,9180.0,9120.0,9192.0,9251.0,9161.0,9317.0,9425.0,9419.0,9307.0,9421.0,9184.0,9198.0,9157.0,9376.0,9323.0,9290.0,9263.0,9172.0,9188.0,9340.0,9113.0,9204.0,9204.0,9130.0,9198.0,9294.0,9125.0,9383.0,9276.0,9164.0,9182.0,9140.0,9198.0,9351.0,9102.0,9318.0,9246.0,9029.0,9371.0,9136.0,9055.0,9144.0,9236.0,9121.0,9190.0,9358.0,9099.0,9206.0,9075.0
39045.0,39080.0,39215.0,39312.0,39479.0,39201.0,39284.0,39046.0,39335.0,39758.0,38970.0,39306.0,39389.0,39643.0,39300.0,39162.0,39299.0,39080.0,39559.0,39824.0,39478.0,38961.0,39365.0,39839.0,39461.0,39139.0,39798.0,39324.0,39580.0,39528.0,39604.0,39714.0,39398.0,39779.0,39710.0,39800.0,39620.0,39464.0,39795.0,40063.0,39730.0,39669.0,39710.0,39887.0,40110.0,39935.0,39990.0,39768.0,39910.0,39923.0,40174.0,40082.0,40411.0,40183.0,40172.0,40020.0,39839.0,40556.0,40752.0,40516.0,40472.0,39725.0,40526.0,40884.0,40604.0,40549.0,40706.0,40665.0,41088.0,40499.0,40101.0,40878.0,41791.0,41367.0,41096.0,40146.0,40719.0,40984.0,41405.0,41916.0,42007.0,41938.0,40693.0,39940.0,39927.0,41424.0,44885.0,45138.0,42533.0,38541.0,37564.0,39433.0,40008.0,45225.0,53927.0,60419.0,44532.0,7978.0,473.0,360.0,0.0,360.0,473.0,7978.0,44532.0,60419.0,53927.0,45225.0,40008.0,39433.0,37564.0,38541.0,42533.0,45138.0,44885.0,41424.0,39927.0,39940.0,40693.0,41938.0,42007.0,41916.0,41405.0,40984.0,40719.0,40146.0,41096.0,41367.0,41791.0,40878.0,40101.0,40499.0,41088.0,40665.0,40706.0,40549.0,40604.0,40884.0,40526.0,39725.0,40472.0,40516.0,40752.0,40556.0,39839.0,40020.0,40172.0,40183.0,40411.0,40082.0,40174.0,39923.0,39910.0,39768.0,39990.0,39935.0,40110.0,39887.0,39710.0,39669.0,39730.0,40063.0,39795.0,39464.0,39620.0,39800.0,39710.0,39779.0,39398.0,39714.0,39604.0,39528.0,39580.0,39324.0,39798.0,39139.0,39461.0,39839.0,39365.0,38961.0,39478.0,39824.0,39559.0,39080.0,39299.0,39162.0,39300.0,39643.0,39389.0,39306.0,38970.0,39758.0,39335.0,39046.0,39284.0,39201.0,39479.0,39312.0,39215.0,39080.0,39045.0
20281.0,20047.0,20020.0,20341.0,20229.0,20181.0,20012.0,20281.0,20230.0,20078.0,20151.0,20204.0,20220.0,20248.0,20251.0,20115.0,20257.0,20194.0,20167.0,20163.0,20314.0,20278.0,20200.0,19972.0,20216.0,20465.0,20192.0,20168.0,20438.0,20007.0,20348.0,20282.0,20349.0,20158.0,20384.0,20167.0,20202.0,20446.0,19897.0,20385.0,20279.0,20448.0,20518.0,20087.0,20462.0,20349.0,20253.0,20396.0,19991.0,20308.0,20242.0,20061.0,20493.0,20649.0,20543.0,20741.0,20401.0,20619.0,20185.0,20500.0,19939.0,20114.0,20276.0,20358.0,20452.0,20714.0,20814.0,21020.0,21028.0,21060.0,20413.0,20281.0,19700.0,19288.0,19699.0,19729.0,20807.0,21769.0,22262.0,22960.0,22704.0,21891.0,20372.0,18639.0,17078.0,16088.0,16696.0,19100.0,22603.0,27682.0,30551.0,30245.0,25880.0,19361.0,12732.0,7417.0,3123.0,640.0,170.0,215.0,0.0,215.0,170.0,640.0,3123.0,7417.0,12732.0,19361.0,25880.0,30245.0,30551.0,27682.0,22603.0,19100.0,16696.0,16088.0,17078.0,18639.0,20372.0,21891.0,22704.0,22960.0,22262.0,21769.0,20807.0,19729.0,19699.0,19288.0,19700.0,20281.0,20413.0,21060.0,21028.0,21020.0,20814.0,20714.0,20452.0,20358.0,20276.0,20114.0,19939.0,20500.0,20185.0,20619.0,20401.0,20741.0,20543.0,20649.0,20493.0,20061.0,20242.0,20308.0,19991.0,20396.0,20253.0,20349.0,20462.0,20087.0,20518.0,20448.0,20279.0,20385.0,19897.0,20446.0,20202.0,20167.0,20384.0,20158.0,20349.0,20282.0,20348.0,20007.0,20438.0,20168.0,20192.0,20465.0,20216.0,19972.0,20200.0,20278.0,20314.0,20163.0,20167.0,20194.0,20257.0,20115.0,20251.0,20248.0,20220.0,20204.0,20151.0,20078.0,20230.0,20281.0,20012.0,20181.0,20229.0,20341.0,20020.0,20047.0,20281.0
7.0,2.0,3.0,4.0,5.0,2.0,4.0,8.0,3.0,4.0,3.0,0.0,4.0,4.0,6.0,4.0,2.0,3.0,5.0,3.0,3.0,3.0,1.0,4.0,5.0,7.0,5.0,5.0,5.0,1.0,2.0,4.0,6.0,2.0,5.0,3.0,4.0,9.0,2.0,7.0,5.0,2.0,3.0,1.0,6.0,4.0,4.0,5.0,4.0,1.0,2.0,6.0,6.0,2.0,5.0,4.0,0.0,2.0,4.0,3.0,4.0,0.0,0.0,3.0,2.0,2.0,3.0,1.0,0.0,3.0,1.0,2.0,-0.0,1.0,0.0,0.0,1.0,0.0,1.0,0.0,-0.0,0.0,0.0,0.0,0.0,0.0,0.0,0.0,0.0,0.0,0.0,0.0,0.0,0.0,0.0,0.0,-0.0,0.0,0.0,0.0,0.0,0.0,0.0,0.0,0.0,-0.0,0.0,0.0,-0.0,0.0,0.0,0.0,-0.0,0.0,0.0,0.0,0.0,0.0,0.0,0.0,-0.0,-0.0,1.0,0.0,1.0,0.0,0.0,1.0,0.0,2.0,1.0,3.0,0.0,1.0,3.0,2.0,2.0,3.0,0.0,-0.0,4.0,3.0,4.0,2.0,0.0,4.0,5.0,2.0,6.0,6.0,2.0,1.0,4.0,5.0,4.0,4.0,6.0,1.0,3.0,2.0,5.0,7.0,2.0,9.0,4.0,3.0,5.0,2.0,6.0,4.0,2.0,1.0,5.0,5.0,5.0,7.0,5.0,4.0,1.0,3.0,3.0,3.0,5.0,3.0,2.0,4.0,6.0,4.0,4.0,0.0,3.0,4.0,3.0,8.0,4.0,2.0,5.0,4.0,3.0,2.0,7.0
3.0,2.0,4.0,3.0,2.0,4.0,4.0,5.0,2.0,7.0,2.0,1.0,6.0,0.0,6.0,2.0,7.0,1.0,2.0,2.0,2.0,5.0,3.0,2.0,2.0,6.0,6.0,4.0,6.0,4.0,1.0,5.0,10.0,8.0,5.0,3.0,5.0,4.0,4.0,2.0,6.0,3.0,8.0,0.0,4.0,2.0,4.0,6.0,3.0,4.0,5.0,2.0,1.0,5.0,0.0,3.0,2.0,3.0,2.0,3.0,-0.0,0.0,1.0,3.0,3.0,0.0,0.0,1.0,1.0,2.0,1.0,1.0,-0.0,0.0,1.0,0.0,0.0,0.0,0.0,0.0,-0.0,0.0,0.0,0.0,0.0,0.0,0.0,0.0,0.0,0.0,0.0,0.0,0.0,0.0,0.0,0.0,-0.0,0.0,4.0,4.0,0.0,4.0,4.0,0.0,0.0,0.0,0.0,0.0,-0.0,0.0,0.0,0.0,-0.0,0.0,0.0,0.0,0.0,0.0,0.0,0.0,-0.0,0.0,0.0,0.0,0.0,0.0,1.0,0.0,0.0,1.0,1.0,2.0,1.0,1.0,0.0,0.0,3.0,3.0,1.0,0.0,-0.0,3.0,2.0,3.0,2.0,3.0,0.0,5.0,1.0,2.0,5.0,4.0,3.0,6.0,4.0,2.0,4.0,0.0,8.0,3.0,6.0,2.0,4.0,4.0,5.0,3.0,5.0,8.0,10.0,5.0,1.0,4.0,6.0,4.0,6.0,6.0,2.0,2.0,3.0,5.0,2.0,2.0,2.0,1.0,7.0,2.0,6.0,0.0,6.0,1.0,2.0,7.0,2.0,5.0,4.0,4.0,2.0,3.0,4.0,2.0,3.0
3.0,1.0,1.0,1.0,1.0,0.0,3.0,3.0,2.0,2.0,6.0,2.0,2.0,3.0,2.0,1.0,3.0,2.0,4.0,3.0,3.0,4.0,4.0,3.0,3.0,3.0,8.0,5.0,1.0,1.0,3.0,4.0,4.0,2.0,5.0,2.0,2.0,7.0,5.0,3.0,2.0,4.0,1.0,2.0,3.0,6.0,6.0,2.0,0.0,2.0,1.0,1.0,3.0,2.0,1.0,3.0,0.0,2.0,1.0,1.0,-0.0,0.0,2.0,0.0,1.0,0.0,0.0,0.0,0.0,1.0,0.0,0.0,-0.0,1.0,0.0,0.0,1.0,0.0,0.0,0.0,-0.0,-0.0,0.0,0.0,0.0,0.0,0.0,0.0,0.0,0.0,0.0,0.0,1.0,0.0,0.0,0.0,-0.0,0.0,0.0,-0.0,0.0,-0.0,0.0,0.0,0.0,0.0,0.0,0.0,1.0,0.0,0.0,0.0,-0.0,0.0,0.0,0.0,0.0,0.0,0.0,0.0,-0.0,0.0,0.0,0.0,1.0,0.0,0.0,1.0,0.0,0.0,0.0,1.0,0.0,0.0,0.0,0.0,1.0,0.0,2.0,0.0,-0.0,1.0,1.0,2.0,0.0,3.0,1.0,2.0,3.0,1.0,1.0,2.0,-0.0,2.0,6.0,6.0,3.0,2.0,1.0,4.0,2.0,3.0,5.0,7.0,2.0,2.0,5.0,2.0,4.0,4.0,3.0,1.0,1.0,5.0,8.0,3.0,3.0,3.0,4.0,4.0,3.0,3.0,4.0,2.0,3.0,1.0,2.0,3.0,2.0,2.0,6.0,2.0,2.0,3.0,3.0,0.0,1.0,1.0,1.0,1.0,3.0
1.0,2.0,3.0,2.0,0.0,0.0,1.0,1.0,0.0,1.0,2.0,2.0,0.0,1.0,1.0,1.0,-0.0,1.0,3.0,2.0,6.0,1.0,0.0,2.0,2.0,1.0,2.0,4.0,2.0,1.0,3.0,2.0,0.0,4.0,2.0,0.0,3.0,2.0,1.0,6.0,3.0,7.0,1.0,5.0,1.0,0.0,1.0,2.0,0.0,2.0,2.0,6.0,2.0,2.0,2.0,2.0,1.0,1.0,-0.0,3.0,0.0,1.0,3.0,2.0,0.0,1.0,0.0,0.0,1.0,1.0,1.0,0.0,-0.0,-0.0,0.0,1.0,0.0,0.0,0.0,0.0,1.0,0.0,0.0,0.0,0.0,0.0,0.0,0.0,0.0,0.0,-0.0,1.0,1.0,0.0,0.0,0.0,-0.0,0.0,1.0,0.0,0.0,0.0,1.0,0.0,0.0,0.0,0.0,0.0,1.0,1.0,-0.0,0.0,-0.0,0.0,-0.0,0.0,0.0,0.0,0.0,0.0,1.0,-0.0,0.0,0.0,0.0,1.0,0.0,0.0,-0.0,0.0,1.0,1.0,1.0,0.0,0.0,1.0,-0.0,2.0,3.0,1.0,-0.0,3.0,-0.0,1.0,1.0,2.0,2.0,2.0,2.0,6.0,2.0,2.0,-0.0,2.0,1.0,0.0,1.0,5.0,1.0,7.0,3.0,6.0,1.0,2.0,3.0,0.0,2.0,4.0,0.0,2.0,3.0,1.0,2.0,4.0,2.0,1.0,2.0,2.0,0.0,1.0,6.0,2.0,3.0,1.0,-0.0,1.0,1.0,1.0,0.0,2.0,2.0,1.0,0.0,1.0,1.0,0.0,0.0,2.0,3.0,2.0,1.0
2.0,5.0,2.0,3.0,3.0,2.0,0.0,1.0,4.0,5.0,2.0,0.0,1.0,4.0,2.0,0.0,1.0,1.0,3.0,2.0,2.0,1.0,0.0,2.0,2.0,0.0,2.0,2.0,1.0,4.0,2.0,3.0,2.0,1.0,5.0,6.0,3.0,2.0,3.0,0.0,3.0,3.0,1.0,0.0,2.0,2.0,2.0,1.0,0.0,2.0,1.0,5.0,2.0,1.0,1.0,0.0,1.0,0.0,1.0,1.0,0.0,1.0,0.0,2.0,0.0,1.0,1.0,0.0,1.0,0.0,0.0,2.0,-0.0,1.0,0.0,0.0,0.0,0.0,0.0,0.0,-0.0,0.0,0.0,0.0,0.0,0.0,0.0,-0.0,0.0,0.0,0.0,0.0,0.0,0.0,0.0,0.0,-0.0,0.0,0.0,1.0,0.0,1.0,0.0,0.0,0.0,0.0,0.0,0.0,-0.0,0.0,0.0,0.0,-0.0,0.0,0.0,0.0,0.0,0.0,0.0,0.0,-0.0,0.0,0.0,0.0,0.0,0.0,0.0,1.0,0.0,2.0,-0.0,0.0,1.0,0.0,1.0,1.0,-0.0,2.0,0.0,1.0,-0.0,1.0,1.0,0.0,1.0,0.0,1.0,1.0,2.0,5.0,1.0,2.0,-0.0,1.0,2.0,2.0,2.0,0.0,1.0,3.0,3.0,-0.0,3.0,2.0,3.0,6.0,5.0,1.0,2.0,3.0,2.0,4.0,1.0,2.0,2.0,0.0,2.0,2.0,0.0,1.0,2.0,2.0,3.0,1.0,1.0,0.0,2.0,4.0,1.0,0.0,2.0,5.0,4.0,1.0,0.0,2.0,3.0,3.0,2.0,5.0,2.0
557.0,552.0,557.0,565.0,570.0,614.0,603.0,615.0,610.0,622.0,586.0,628.0,617.0,671.0,693.0,659.0,736.0,745.0,770.0,774.0,761.0,820.0,796.0,807.0,794.0,801.0,844.0,891.0,840.0,858.0,857.0,864.0,823.0,884.0,814.0,795.0,829.0,813.0,780.0,729.0,730.0,677.0,643.0,647.0,627.0,638.0,588.0,537.0,496.0,484.0,470.0,474.0,459.0,459.0,423.0,424.0,419.0,375.0,396.0,370.0,368.0,338.0,361.0,343.0,353.0,343.0,343.0,304.0,324.0,330.0,335.0,336.0,278.0,279.0,341.0,291.0,290.0,289.0,304.0,259.0,265.0,272.0,287.0,250.0,253.0,224.0,243.0,252.0,193.0,206.0,219.0,168.0,182.0,149.0,114.0,84.0,56.0,38.0,16.0,20.0,0.0,20.0,16.0,38.0,56.0,84.0,114.0,149.0,182.0,168.0,219.0,206.0,193.0,252.0,243.0,224.0,253.0,250.0,287.0,272.0,265.0,259.0,304.0,289.0,290.0,291.0,341.0,279.0,278.0,336.0,335.0,330.0,324.0,304.0,343.0,343.0,353.0,343.0,361.0,338.0,368.0,370.0,396.0,375.0,419.0,424.0,423.0,459.0,459.0,474.0,470.0,484.0,496.0,537.0,588.0,638.0,627.0,647.0,643.0,677.0,730.0,729.0,780.0,813.0,829.0,795.0,814.0,884.0,823.0,864.0,857.0,858.0,840.0,891.0,844.0,801.0,794.0,807.0,796.0,820.0,761.0,774.0,770.0,745.0,736.0,659.0,693.0,671.0,617.0,628.0,586.0,622.0,610.0,615.0,603.0,614.0,570.0,565.0,557.0,552.0,557.0
126566.0,126616.0,127583.0,127516.0,126878.0,127842.0,127642.0,127928.0,128160.0,128006.0,128724.0,128446.0,128835.0,128846.0,129316.0,128939.0,129153.0,130165.0,129619.0,130141.0,130394.0,130521.0,129921.0,130872.0,130581.0,131256.0,131014.0,132008.0,131833.0,131118.0,132271.0,132022.0,132222.0,133105.0,132916.0,132655.0,133254.0,132996.0,133737.0,133781.0,134003.0,134250.0,134157.0,134896.0,134549.0,135050.0,135484.0,134825.0,135732.0,135906.0,136297.0,136554.0,135708.0,136917.0,137488.0,136962.0,137432.0,137361.0,138022.0,138073.0,138218.0,138890.0,138689.0,138727.0,139662.0,139827.0,139817.0,139726.0,141228.0,140858.0,140535.0,141481.0,141349.0,142063.0,142728.0,143073.0,142699.0,143146.0,143491.0,144107.0,144301.0,144494.0,146323.0,146251.0,146576.0,145877.0,146190.0,146594.0,145993.0,148577.0,149020.0,148342.0,152186.0,159182.0,160822.0,170927.0,150593.0,110736.0,44906.0,1738.0,0.0,1738.0,44906.0,110736.0,150593.0,170927.0,160822.0,159182.0,152186.0,148342.0,149020.0,148577.0,145993.0,146594.0,146190.0,145877.0,146576.0,146251.0,146323.0,144494.0,144301.0,144107.0,143491.0,143146.0,142699.0,143073.0,142728.0,142063.0,141349.0,141481.0,140535.0,140858.0,141228.0,139726.0,139817.0,139827.0,139662.0,138727.0,138689.0,138890.0,138218.0,138073.0,138022.0,137361.0,137432.0,136962.0,137488.0,136917.0,135708.0,136554.0,136297.0,135906.0,135732.0,134825.0,135484.0,135050.0,134549.0,134896.0,134157.0,134250.0,134003.0,133781.0,133737.0,132996.0,133254.0,132655.0,132916.0,133105.0,132222.0,132022.0,132271.0,131118.0,131833.0,132008.0,131014.0,131256.0,130581.0,130872.0,129921.0,130521.0,130394.0,130141.0,129619.0,130165.0,129153.0,128939.0,129316.0,128846.0,128835.0,128446.0,128724.0,128006.0,128160.0,127928.0,127642.0,127842.0,126878.0,127516.0,127583.0,126616.0,126566.0
4664.0,4475.0,4562.0,4687.0,4672.0,4461.0,4561.0,4598.0,4572.0,4609.0,4641.0,4606.0,4595.0,4609.0,4516.0,4493.0,4670.0,4622.0,4576.0,4598.0,4583.0,4621.0,4577.0,4667.0,4572.0,4636.0,4645.0,4538.0,4608.0,4667.0,4663.0,4606.0,4679.0,4680.0,4535.0,4650.0,4510.0,4687.0,4751.0,4730.0,4609.0,4762.0,4756.0,4643.0,4706.0,4624.0,4703.0,4699.0,4555.0,4745.0,4843.0,4625.0,4629.0,4893.0,4783.0,4690.0,4651.0,4667.0,4705.0,4696.0,4840.0,4733.0,4806.0,4772.0,4708.0,4833.0,4676.0,4830.0,4777.0,4871.0,4721.0,4752.0,4837.0,4878.0,4765.0,4741.0,4958.0,4930.0,4817.0,4735.0,4870.0,4861.0,4857.0,4831.0,4816.0,4984.0,5004.0,4821.0,4992.0,4878.0,4885.0,4996.0,4761.0,4684.0,4339.0,3942.0,3351.0,2341.0,906.0,81.0,0.0,81.0,906.0,2341.0,3351.0,3942.0,4339.0,4684.0,4761.0,4996.0,4885.0,4878.0,4992.0,4821.0,5004.0,4984.0,4816.0,4831.0,4857.0,4861.0,4870.0,4735.0,4817.0,4930.0,4958.0,4741.0,4765.0,4878.0,4837.0,4752.0,4721.0,4871.0,4777.0,4830.0,4676.0,4833.0,4708.0,4772.0,4806.0,4733.0,4840.0,4696.0,4705.0,4667.0,4651.0,4690.0,4783.0,4893.0,4629.0,4625.0,4843.0,4745.0,4555.0,4699.0,4703.0,4624.0,4706.0,4643.0,4756.0,4762.0,4609.0,4730.0,4751.0,4687.0,4510.0,4650.0,4535.0,4680.0,4679.0,4606.0,4663.0,4667.0,4608.0,4538.0,4645.0,4636.0,4572.0,4667.0,4577.0,4621.0,4583.0,4598.0,4576.0,4622.0,4670.0,4493.0,4516.0,4609.0,4595.0,4606.0,4641.0,4609.0,4572.0,4598.0,4561.0,4461.0,4672.0,4687.0,4562.0,4475.0,4664.0
6613.0,6655.0,6404.0,6617.0,6671.0,6688.0,6603.0,6621.0,6610.0,6548.0,6643.0,6562.0,6591.0,6587.0,6651.0,6590.0,6594.0,6725.0,6661.0,6368.0,6665.0,6607.0,6687.0,6510.0,6575.0,6691.0,6632.0,6628.0,6722.0,6600.0,6639.0,6807.0,6629.0,6679.0,6535.0,6682.0,6717.0,6584.0,6695.0,6600.0,6709.0,6743.0,6542.0,6644.0,6821.0,6574.0,6692.0,6817.0,6622.0,6610.0,6639.0,6704.0,6687.0,6541.0,6676.0,6738.0,6726.0,6746.0,6656.0,6736.0,6734.0,6717.0,6694.0,6719.0,6606.0,6745.0,6830.0,6782.0,6671.0,6650.0,6648.0,6702.0,6824.0,6930.0,6756.0,6631.0,6937.0,6770.0,6723.0,6804.0,6861.0,6735.0,6958.0,6797.0,6794.0,6876.0,6815.0,7022.0,6954.0,6926.0,6904.0,6845.0,6749.0,6537.0,6213.0,5759.0,5141.0,4100.0,1520.0,101.0,0.0,101.0,1520.0,4100.0,5141.0,5759.0,6213.0,6537.0,6749.0,6845.0,6904.0,6926.0,6954.0,7022.0,6815.0,6876.0,6794.0,6797.0,6958.0,6735.0,6861.0,6804.0,6723.0,6770.0,6937.0,6631.0,6756.0,6930.0,6824.0,6702.0,6648.0,6650.0,6671.0,6782.0,6830.0,6745.0,6606.0,6719.0,6694.0,6717.0,6734.0,6736.0,6656.0,6746.0,6726.0,6738.0,6676.0,6541.0,6687.0,6704.0,6639.0,6610.0,6622.0,6817.0,6692.0,6574.0,6821.0,6644.0,6542.0,6743.0,6709.0,6600.0,6695.0,6584.0,6717.0,6682.0,6535.0,6679.0,6629.0,6807.0,6639.0,6600.0,6722.0,6628.0,6632.0,6691.0,6575.0,6510.0,6687.0,6607.0,6665.0,6368.0,6661.0,6725.0,6594.0,6590.0,6651.0,6587.0,6591.0,6562.0,6643.0,6548.0,6610.0,6621.0,6603.0,6688.0,6671.0,6617.0,6404.0,6655.0,6613.0
2924.0,3031.0,2908.0,2884.0,2943.0,2943.0,2992.0,2912.0,2943.0,3024.0,2813.0,2977.0,2985.0,3001.0,2922.0,2979.0,3045.0,2864.0,2911.0,2982.0,2952.0,3042.0,3003.0,3024.0,2902.0,2978.0,2953.0,2966.0,2952.0,3033.0,3108.0,2999.0,3038.0,3076.0,3006.0,2954.0,3024.0,3095.0,3011.0,3034.0,3028.0,3023.0,3006.0,3034.0,3032.0,3103.0,3089.0,3046.0,3107.0,3140.0,3030.0,3060.0,3083.0,3124.0,3071.0,3143.0,3073.0,3097.0,3075.0,3158.0,3045.0,3080.0,3140.0,3226.0,3056.0,3108.0,3184.0,3045.0,3143.0,3130.0,3208.0,3161.0,3175.0,3131.0,3155.0,3166.0,3192.0,3169.0,3128.0,3216.0,3206.0,3187.0,3217.0,3257.0,3235.0,3261.0,3148.0,3249.0,3214.0,3227.0,3261.0,3282.0,3123.0,2920.0,2790.0,2754.0,2643.0,2443.0,1281.0,121.0,0.0,121.0,1281.0,2443.0,2643.0,2754.0,2790.0,2920.0,3123.0,3282.0,3261.0,3227.0,3214.0,3249.0,3148.0,3261.0,3235.0,3257.0,3217.0,3187.0,3206.0,3216.0,3128.0,3169.0,3192.0,3166.0,3155.0,3131.0,3175.0,3161.0,3208.0,3130.0,3143.0,3045.0,3184.0,3108.0,3056.0,3226.0,3140.0,3080.0,3045.0,3158.0,3075.0,3097.0,3073.0,3143.0,3071.0,3124.0,3083.0,3060.0,3030.0,3140.0,3107.0,3046.0,3089.0,3103.0,3032.0,3034.0,3006.0,3023.0,3028.0,3034.0,3011.0,3095.0,3024.0,2954.0,3006.0,3076.0,3038.0,2999.0,3108.0,3033.0,2952.0,2966.0,2953.0,2978.0,2902.0,3024.0,3003.0,3042.0,2952.0,2982.0,2911.0,2864.0,3045.0,2979.0,2922.0,3001.0,2985.0,2977.0,2813.0,3024.0,2943.0,2912.0,2992.0,2943.0,2943.0,2884.0,2908.0,3031.0,2924.0
1564.0,1586.0,1614.0,1576.0,1640.0,1564.0,1543.0,1626.0,1619.0,1705.0,1485.0,1574.0,1568.0,1577.0,1617.0,1623.0,1567.0,1592.0,1596.0,1559.0,1614.0,1573.0,1562.0,1564.0,1533.0,1646.0,1528.0,1619.0,1593.0,1578.0,1595.0,1542.0,1571.0,1622.0,1632.0,1549.0,1601.0,1676.0,1544.0,1605.0,1676.0,1633.0,1634.0,1676.0,1602.0,1630.0,1608.0,1618.0,1623.0,1607.0,1587.0,1564.0,1590.0,1589.0,1580.0,1545.0,1530.0,1465.0,1500.0,1544.0,1501.0,1534.0,1527.0,1564.0,1605.0,1546.0,1642.0,1621.0,1663.0,1607.0,1723.0,1673.0,1699.0,1759.0,1809.0,1770.0,1802.0,1858.0,1728.0,1780.0,1731.0,1653.0,1587.0,1553.0,1423.0,1309.0,1077.0,1021.0,866.0,699.0,575.0,469.0,347.0,253.0,216.0,131.0,86.0,41.0,15.0,12.0,0.0,12.0,15.0,41.0,86.0,131.0,216.0,253.0,347.0,469.0,575.0,699.0,866.0,1021.0,1077.0,1309.0,1423.0,1553.0,1587.0,1653.0,1731.0,1780.0,1728.0,1858.0,1802.0,1770.0,1809.0,1759.0,1699.0,1673.0,1723.0,1607.0,1663.0,1621.0,1642.0,1546.0,1605.0,1564.0,1527.0,1534.0,1501.0,1544.0,1500.0,1465.0,1530.0,1545.0,1580.0,1589.0,1590.0,1564.0,1587.0,1607.0,1623.0,1618.0,1608.0,1630.0,1602.0,1676.0,1634.0,1633.0,1676.0,1605.0,1544.0,1676.0,1601.0,1549.0,1632.0,1622.0,1571.0,1542.0,1595.0,1578.0,1593.0,1619.0,1528.0,1646.0,1533.0,1564.0,1562.0,1573.0,1614.0,1559.0,1596.0,1592.0,1567.0,1623.0,1617.0,1577.0,1568.0,1574.0,1485.0,1705.0,1619.0,1626.0,1543.0,1564.0,1640.0,1576.0,1614.0,1586.0,1564.0
2332.0,2153.0,2211.0,2299.0,2282.0,2242.0,2247.0,2253.0,2204.0,2232.0,2174.0,2342.0,2225.0,2221.0,2200.0,2249.0,2244.0,2203.0,2264.0,2196.0,2131.0,2193.0,2289.0,2220.0,2190.0,2230.0,2124.0,2146.0,2197.0,2225.0,2145.0,2239.0,2171.0,2348.0,2273.0,2268.0,2427.0,2388.0,2429.0,2454.0,2486.0,2616.0,2546.0,2667.0,2751.0,2622.0,2670.0,2596.0,2680.0,2705.0,2655.0,2656.0,2587.0,2597.0,2606.0,2538.0,2509.0,2598.0,2576.0,2514.0,2493.0,2463.0,2473.0,2452.0,2498.0,2450.0,2445.0,2550.0,2540.0,2561.0,2557.0,2457.0,2429.0,2335.0,2300.0,2095.0,1843.0,1695.0,1406.0,1237.0,1115.0,899.0,922.0,904.0,847.0,768.0,753.0,717.0,705.0,718.0,622.0,585.0,601.0,571.0,479.0,453.0,431.0,226.0,40.0,17.0,0.0,17.0,40.0,226.0,431.0,453.0,479.0,571.0,601.0,585.0,622.0,718.0,705.0,717.0,753.0,768.0,847.0,904.0,922.0,899.0,1115.0,1237.0,1406.0,1695.0,1843.0,2095.0,2300.0,2335.0,2429.0,2457.0,2557.0,2561.0,2540.0,2550.0,2445.0,2450.0,2498.0,2452.0,2473.0,2463.0,2493.0,2514.0,2576.0,2598.0,2509.0,2538.0,2606.0,2597.0,2587.0,2656.0,2655.0,2705.0,2680.0,2596.0,2670.0,2622.0,2751.0,2667.0,2546.0,2616.0,2486.0,2454.0,2429.0,2388.0,2427.0,2268.0,2273.0,2348.0,2171.0,2239.0,2145.0,2225.0,2197.0,2146.0,2124.0,2230.0,2190.0,2220.0,2289.0,2193.0,2131.0,2196.0,2264.0,2203.0,2244.0,2249.0,2200.0,2221.0,2225.0,2342.0,2174.0,2232.0,2204.0,2253.0,2247.0,2242.0,2282.0,2299.0,2211.0,2153.0,2332.0
16534.0,16336.0,16211.0,16426.0,16431.0,16354.0,16693.0,16361.0,16460.0,16370.0,16407.0,16492.0,16326.0,16408.0,16626.0,16569.0,16441.0,16113.0,16546.0,16509.0,16360.0,16376.0,16538.0,16648.0,16520.0,16525.0,16391.0,16540.0,16150.0,16435.0,16381.0,16455.0,16541.0,16585.0,16525.0,16598.0,16501.0,16378.0,16537.0,16535.0,16308.0,16554.0,16427.0,16587.0,16502.0,16677.0,16557.0,16197.0,16444.0,16362.0,16620.0,16667.0,16427.0,16600.0,16460.0,16754.0,16250.0,16689.0,16649.0,16562.0,16622.0,16391.0,16608.0,16636.0,16520.0,16681.0,16875.0,16924.0,16460.0,16641.0,16488.0,16625.0,16515.0,16693.0,16695.0,16776.0,16958.0,16771.0,16987.0,17095.0,17094.0,17131.0,16876.0,16535.0,16057.0,15782.0,15417.0,15758.0,17081.0,18817.0,20956.0,22893.0,22962.0,18675.0,12030.0,5148.0,1350.0,230.0,111.0,178.0,0.0,178.0,111.0,230.0,1350.0,5148.0,12030.0,18675.0,22962.0,22893.0,20956.0,18817.0,17081.0,15758.0,15417.0,15782.0,16057.0,16535.0,16876.0,17131.0,17094.0,17095.0,16987.0,16771.0,16958.0,16776.0,16695.0,16693.0,16515.0,16625.0,16488.0,16641.0,16460.0,16924.0,16875.0,16681.0,16520.0,16636.0,16608.0,16391.0,16622.0,16562.0,16649.0,16689.0,16250.0,16754.0,16460.0,16600.0,16427.0,16667.0,16620.0,16362.0,16444.0,16197.0,16557.0,16677.0,16502.0,16587.0,16427.0,16554.0,16308.0,16535.0,16537.0,16378.0,16501.0,16598.0,16525.0,16585.0,16541.0,16455.0,16381.0,16435.0,16150.0,16540.0,16391.0,16525.0,16520.0,16648.0,16538.0,16376.0,16360.0,16509.0,16546.0,16113.0,16441.0,16569.0,16626.0,16408.0,16326.0,16492.0,16407.0,16370.0,16460.0,16361.0,16693.0,16354.0,16431.0,16426.0,16211.0,16336.0,16534.0
10943.0,11069.0,10875.0,11078.0,11076.0,10996.0,11009.0,10775.0,10981.0,11032.0,10839.0,11052.0,10897.0,11069.0,11094.0,10934.0,11101.0,11088.0,11025.0,10909.0,11033.0,10912.0,10838.0,11008.0,11085.0,10983.0,11189.0,11256.0,11025.0,10903.0,11107.0,11005.0,11193.0,10960.0,11140.0,11017.0,11035.0,10985.0,10937.0,10937.0,11088.0,11378.0,11305.0,11162.0,11039.0,10937.0,11171.0,11030.0,11121.0,11029.0,11212.0,11059.0,11241.0,11319.0,11245.0,11178.0,11200.0,11240.0,11178.0,11270.0,11302.0,11090.0,11316.0,11275.0,11225.0,11179.0,11374.0,11363.0,11544.0,11591.0,11350.0,11490.0,11485.0,11317.0,11408.0,11514.0,11527.0,11561.0,11437.0,11435.0,11309.0,11252.0,11191.0,11205.0,11659.0,11682.0,12427.0,12878.0,13697.0,14484.0,15002.0,14493.0,12523.0,9037.0,4983.0,2032.0,597.0,56.0,0.0,0.0,0.0,0.0,0.0,56.0,597.0,2032.0,4983.0,9037.0,12523.0,14493.0,15002.0,14484.0,13697.0,12878.0,12427.0,11682.0,11659.0,11205.0,11191.0,11252.0,11309.0,11435.0,11437.0,11561.0,11527.0,11514.0,11408.0,11317.0,11485.0,11490.0,11350.0,11591.0,11544.0,11363.0,11374.0,11179.0,11225.0,11275.0,11316.0,11090.0,11302.0,11270.0,11178.0,11240.0,11200.0,11178.0,11245.0,11319.0,11241.0,11059.0,11212.0,11029.0,11121.0,11030.0,11171.0,10937.0,11039.0,11162.0,11305.0,11378.0,11088.0,10937.0,10937.0,10985.0,11035.0,11017.0,11140.0,10960.0,11193.0,11005.0,11107.0,10903.0,11025.0,11256.0,11189.0,10983.0,11085.0,11008.0,10838.0,10912.0,11033.0,10909.0,11025.0,11088.0,11101.0,10934.0,11094.0,11069.0,10897.0,11052.0,10839.0,11032.0,10981.0,10775.0,11009.0,10996.0,11076.0,11078.0,10875.0,11069.0,10943.0
11751.0,11783.0,11812.0,11830.0,11871.0,11922.0,11847.0,11958.0,11993.0,11995.0,11785.0,11778.0,11864.0,11801.0,11951.0,11752.0,12006.0,11799.0,11983.0,11915.0,11910.0,11843.0,11808.0,11949.0,11963.0,11944.0,11781.0,11875.0,11658.0,11813.0,11941.0,11810.0,12027.0,11999.0,12066.0,11982.0,11895.0,11755.0,11997.0,11757.0,11670.0,11818.0,11769.0,12034.0,11997.0,12018.0,11875.0,12238.0,11879.0,11987.0,11775.0,11727.0,11853.0,11874.0,11898.0,12067.0,12160.0,12035.0,11945.0,12075.0,11959.0,11767.0,12069.0,12059.0,11959.0,12067.0,11943.0,12014.0,11992.0,12111.0,12204.0,11880.0,12127.0,12305.0,12217.0,12257.0,12132.0,12114.0,12197.0,12041.0,11905.0,11802.0,11764.0,11626.0,11627.0,12013.0,12676.0,13424.0,14364.0,15278.0,15711.0,15284.0,13251.0,9761.0,5686.0,2550.0,822.0,97.0,1.0,0.0,0.0,0.0,1.0,97.0,822.0,2550.0,5686.0,9761.0,13251.0,15284.0,15711.0,15278.0,14364.0,13424.0,12676.0,12013.0,11627.0,11626.0,11764.0,11802.0,11905.0,12041.0,12197.0,12114.0,12132.0,12257.0,12217.0,12305.0,12127.0,11880.0,12204.0,12111.0,11992.0,12014.0,11943.0,12067.0,11959.0,12059.0,12069.0,11767.0,11959.0,12075.0,11945.0,12035.0,12160.0,12067.0,11898.0,11874.0,11853.0,11727.0,11775.0,11987.0,11879.0,12238.0,11875.0,12018.0,11997.0,12034.0,11769.0,11818.0,11670.0,11757.0,11997.0,11755.0,11895.0,11982.0,12066.0,11999.0,12027.0,11810.0,11941.0,11813.0,11658.0,11875.0,11781.0,11944.0,11963.0,11949.0,11808.0,11843.0,11910.0,11915.0,11983.0,11799.0,12006.0,11752.0,11951.0,11801.0,11864.0,11778.0,11785.0,11995.0,11993.0,11958.0,11847.0,11922.0,11871.0,11830.0,11812.0,11783.0,11751.0
13111.0,12978.0,12960.0,13051.0,12918.0,13036.0,12904.0,12884.0,12976.0,12957.0,12971.0,12801.0,12879.0,13224.0,12908.0,12889.0,12983.0,13061.0,12843.0,12814.0,13022.0,12779.0,12907.0,13090.0,12940.0,12949.0,13275.0,12829.0,12851.0,12930.0,12915.0,12943.0,13026.0,13077.0,12935.0,12918.0,12998.0,13043.0,12947.0,12880.0,12903.0,13151.0,12958.0,13011.0,13000.0,13132.0,13020.0,13045.0,12921.0,12997.0,13222.0,12977.0,12985.0,13066.0,13145.0,13056.0,13031.0,13095.0,13163.0,13143.0,12927.0,13285.0,13267.0,13301.0,13216.0,12961.0,13025.0,13380.0,13228.0,13206.0,13343.0,13483.0,13348.0,13395.0,13417.0,13575.0,13408.0,13504.0,13378.0,13333.0,13227.0,13307.0,13540.0,13248.0,13557.0,13677.0,14206.0,14346.0,15000.0,15559.0,16326.0,16639.0,15818.0,13419.0,9432.0,5017.0,1793.0,303.0,9.0,0.0,0.0,0.0,9.0,303.0,1793.0,5017.0,9432.0,13419.0,15818.0,16639.0,16326.0,15559.0,15000.0,14346.0,14206.0,13677.0,13557.0,13248.0,13540.0,13307.0,13227.0,13333.0,13378.0,13504.0,13408.0,13575.0,13417.0,13395.0,13348.0,13483.0,13343.0,13206.0,13228.0,13380.0,13025.0,12961.0,13216.0,13301.0,13267.0,13285.0,12927.0,13143.0,13163.0,13095.0,13031.0,13056.0,13145.0,13066.0,12985.0,12977.0,13222.0,12997.0,12921.0,13045.0,13020.0,13132.0,13000.0,13011.0,12958.0,13151.0,12903.0,12880.0,12947.0,13043.0,12998.0,12918.0,12935.0,13077.0,13026.0,12943.0,12915.0,12930.0,12851.0,12829.0,13275.0,12949.0,12940.0,13090.0,12907.0,12779.0,13022.0,12814.0,12843.0,13061.0,12983.0,12889.0,12908.0,13224.0,12879.0,12801.0,12971.0,12957.0,12976.0,12884.0,12904.0,13036.0,12918.0,13051.0,12960.0,12978.0,13111.0
22200.0,21964.0,22380.0,22202.0,22197.0,22669.0,22128.0,21969.0,22450.0,22151.0,22530.0,22188.0,22538.0,22039.0,22252.0,22219.0,22194.0,22403.0,22348.0,22007.0,22680.0,22416.0,22003.0,22195.0,22123.0,22544.0,22410.0,22275.0,22329.0,22098.0,22425.0,22473.0,22279.0,22095.0,22141.0,22334.0,22482.0,22213.0,22212.0,22598.0,22203.0,22166.0,22332.0,22286.0,22367.0,22196.0,22338.0,22495.0,22357.0,22289.0,22233.0,22295.0,22603.0,22544.0,22470.0,22286.0,22457.0,22410.0,22361.0,22778.0,22129.0,22446.0,22649.0,22637.0,22532.0,22676.0,22579.0,22743.0,22668.0,22780.0,22727.0,22832.0,22654.0,22658.0,22721.0,22853.0,22882.0,23288.0,23151.0,23299.0,23421.0,23530.0,23506.0,22721.0,22768.0,22213.0,21972.0,22451.0,23406.0,24634.0,26456.0,27596.0,28525.0,28124.0,24468.0,16820.0,6556.0,905.0,18.0,0.0,0.0,0.0,18.0,905.0,6556.0,16820.0,24468.0,28124.0,28525.0,27596.0,26456.0,24634.0,23406.0,22451.0,21972.0,22213.0,22768.0,22721.0,23506.0,23530.0,23421.0,23299.0,23151.0,23288.0,22882.0,22853.0,22721.0,22658.0,22654.0,22832.0,22727.0,22780.0,22668.0,22743.0,22579.0,22676.0,22532.0,22637.0,22649.0,22446.0,22129.0,22778.0,22361.0,22410.0,22457.0,22286.0,22470.0,22544.0,22603.0,22295.0,22233.0,22289.0,22357.0,22495.0,22338.0,22196.0,22367.0,22286.0,22332.0,22166.0,22203.0,22598.0,22212.0,22213.0,22482.0,22334.0,22141.0,22095.0,22279.0,22473.0,22425.0,22098.0,22329.0,22275.0,22410.0,22544.0,22123.0,22195.0,22003.0,22416.0,22680.0,22007.0,22348.0,22403.0,22194.0,22219.0,22252.0,22039.0,22538.0,22188.0,22530.0,22151.0,22450.0,21969.0,22128.0,22669.0,22197.0,22202.0,22380.0,21964.0,22200.0
40478.0,40158.0,40336.0,40366.0,40942.0,40389.0,40291.0,40318.0,40308.0,40760.0,40622.0,40358.0,40645.0,40713.0,40775.0,40470.0,40285.0,40676.0,40990.0,40444.0,41004.0,40632.0,40773.0,40375.0,40887.0,41222.0,40846.0,40854.0,40521.0,41039.0,40739.0,41221.0,40605.0,41077.0,41071.0,40824.0,41513.0,41140.0,40814.0,41041.0,41321.0,41307.0,41253.0,41014.0,41471.0,41000.0,41155.0,41329.0,41490.0,41857.0,41603.0,41549.0,41587.0,41415.0,41597.0,41622.0,41465.0,42019.0,41526.0,42268.0,41826.0,42026.0,42031.0,41574.0,42525.0,42158.0,41992.0,42235.0,42363.0,42049.0,42246.0,42395.0,42535.0,42207.0,42471.0,42882.0,43282.0,42728.0,42770.0,43387.0,43313.0,43306.0,43307.0,43526.0,43653.0,43306.0,43305.0,43434.0,43723.0,43868.0,43591.0,44512.0,44763.0,43406.0,41136.0,35992.0,25668.0,14715.0,5651.0,1912.0,0.0,1912.0,5651.0,14715.0,25668.0,35992.0,41136.0,43406.0,44763.0,44512.0,43591.0,43868.0,43723.0,43434.0,43305.0,43306.0,43653.0,43526.0,43307.0,43306.0,43313.0,43387.0,42770.0,42728.0,43282.0,42882.0,42471.0,42207.0,42535.0,42395.0,42246.0,42049.0,42363.0,42235.0,41992.0,42158.0,42525.0,41574.0,42031.0,42026.0,41826.0,42268.0,41526.0,42019.0,41465.0,41622.0,41597.0,41415.0,41587.0,41549.0,41603.0,41857.0,41490.0,41329.0,41155.0,41000.0,41471.0,41014.0,41253.0,41307.0,41321.0,41041.0,40814.0,41140.0,41513.0,40824.0,41071.0,41077.0,40605.0,41221.0,40739.0,41039.0,40521.0,40854.0,40846.0,41222.0,40887.0,40375.0,40773.0,40632.0,41004.0,40444.0,40990.0,40676.0,40285.0,40470.0,40775.0,40713.0,40645.0,40358.0,40622.0,40760.0,40308.0,40318.0,40291.0,40389.0,40942.0,40366.0,40336.0,40158.0,40478.0
15348.0,15348.0,15281.0,15395.0,15501.0,15219.0,15443.0,15221.0,15348.0,15358.0,15259.0,15207.0,15120.0,15360.0,15206.0,15551.0,15328.0,15330.0,15232.0,15198.0,15150.0,15428.0,15041.0,15243.0,15395.0,15358.0,15286.0,15399.0,15171.0,15192.0,15404.0,14929.0,15276.0,15132.0,15159.0,15367.0,15496.0,15173.0,15265.0,15272.0,15019.0,15109.0,15248.0,15267.0,15354.0,15164.0,15545.0,15394.0,15344.0,15183.0,14952.0,15288.0,15540.0,15261.0,15435.0,15153.0,15349.0,15349.0,15577.0,15507.0,15482.0,15432.0,15289.0,15479.0,15558.0,15515.0,15356.0,15582.0,15715.0,15932.0,15506.0,15553.0,15574.0,15605.0,15674.0,15484.0,15565.0,15779.0,15906.0,16318.0,16475.0,16394.0,16158.0,15392.0,14690.0,14830.0,14840.0,15741.0,16914.0,18268.0,19566.0,20386.0,19664.0,16534.0,12990.0,7677.0,2425.0,236.0,4.0,1.0,0.0,1.0,4.0,236.0,2425.0,7677.0,12990.0,16534.0,19664.0,20386.0,19566.0,18268.0,16914.0,15741.0,14840.0,14830.0,14690.0,15392.0,16158.0,16394.0,16475.0,16318.0,15906.0,15779.0,15565.0,15484.0,15674.0,15605.0,15574.0,15553.0,15506.0,15932.0,15715.0,15582.0,15356.0,15515.0,15558.0,15479.0,15289.0,15432.0,15482.0,15507.0,15577.0,15349.0,15349.0,15153.0,15435.0,15261.0,15540.0,15288.0,14952.0,15183.0,15344.0,15394.0,15545.0,15164.0,15354.0,15267.0,15248.0,15109.0,15019.0,15272.0,15265.0,15173.0,15496.0,15367.0,15159.0,15132.0,15276.0,14929.0,15404.0,15192.0,15171.0,15399.0,15286.0,15358.0,15395.0,15243.0,15041.0,15428.0,15150.0,15198.0,15232.0,15330.0,15328.0,15551.0,15206.0,15360.0,15120.0,15207.0,15259.0,15358.0,15348.0,15221.0,15443.0,15219.0,15501.0,15395.0,15281.0,15348.0,15348.0
16216.0,16241.0,16156.0,16047.0,16342.0,16012.0,16253.0,16140.0,16265.0,16141.0,15972.0,16076.0,16358.0,16292.0,16034.0,15961.0,16510.0,16381.0,16040.0,16097.0,16263.0,16209.0,16062.0,16020.0,16309.0,16332.0,16177.0,16220.0,16230.0,16087.0,16078.0,16417.0,16030.0,16230.0,16154.0,16321.0,16231.0,16290.0,15972.0,16335.0,16267.0,16467.0,16080.0,16218.0,16217.0,16378.0,16168.0,16371.0,16315.0,16314.0,16281.0,16203.0,16348.0,16382.0,16380.0,16423.0,16377.0,16342.0,16292.0,16507.0,16255.0,16468.0,16441.0,16481.0,16450.0,16367.0,16528.0,16527.0,16562.0,16633.0,16704.0,16593.0,16533.0,16369.0,16304.0,16467.0,16574.0,16637.0,17073.0,17390.0,17464.0,17393.0,16729.0,16353.0,16101.0,15660.0,15473.0,15604.0,16777.0,18604.0,20588.0,22571.0,22366.0,19545.0,13434.0,6468.0,1821.0,234.0,71.0,86.0,0.0,86.0,71.0,234.0,1821.0,6468.0,13434.0,19545.0,22366.0,22571.0,20588.0,18604.0,16777.0,15604.0,15473.0,15660.0,16101.0,16353.0,16729.0,17393.0,17464.0,17390.0,17073.0,16637.0,16574.0,16467.0,16304.0,16369.0,16533.0,16593.0,16704.0,16633.0,16562.0,16527.0,16528.0,16367.0,16450.0,16481.0,16441.0,16468.0,16255.0,16507.0,16292.0,16342.0,16377.0,16423.0,16380.0,16382.0,16348.0,16203.0,16281.0,16314.0,16315.0,16371.0,16168.0,16378.0,16217.0,16218.0,16080.0,16467.0,16267.0,16335.0,15972.0,16290.0,16231.0,16321.0,16154.0,16230.0,16030.0,16417.0,16078.0,16087.0,16230.0,16220.0,16177.0,16332.0,16309.0,16020.0,16062.0,16209.0,16263.0,16097.0,16040.0,16381.0,16510.0,15961.0,16034.0,16292.0,16358.0,16076.0,15972.0,16141.0,16265.0,16140.0,16253.0,16012.0,16342.0,16047.0,16156.0,16241.0,16216.0
27101.0,26955.0,26954.0,26922.0,26841.0,26963.0,27007.0,26929.0,27026.0,26984.0,27070.0,27044.0,26918.0,26911.0,26991.0,26849.0,27126.0,27069.0,26987.0,27029.0,27062.0,27092.0,26825.0,27090.0,26876.0,26967.0,27236.0,26983.0,27232.0,27017.0,27361.0,26902.0,26946.0,27070.0,27195.0,26937.0,27078.0,26945.0,27151.0,27331.0,27561.0,27035.0,26939.0,26789.0,27084.0,27063.0,27454.0,27511.0,27392.0,27032.0,27000.0,26981.0,27076.0,27332.0,27339.0,27640.0,27086.0,27149.0,27170.0,27107.0,27251.0,27433.0,27445.0,27130.0,27472.0,27313.0,27265.0,27385.0,27285.0,27412.0,27172.0,27183.0,27218.0,27538.0,27411.0,27881.0,27671.0,27741.0,27461.0,26968.0,26707.0,26565.0,27045.0,28432.0,29601.0,30754.0,29421.0,26495.0,22760.0,20727.0,22045.0,29214.0,39802.0,46964.0,37537.0,18046.0,4401.0,283.0,58.0,171.0,0.0,171.0,58.0,283.0,4401.0,18046.0,37537.0,46964.0,39802.0,29214.0,22045.0,20727.0,22760.0,26495.0,29421.0,30754.0,29601.0,28432.0,27045.0,26565.0,26707.0,26968.0,27461.0,27741.0,27671.0,27881.0,27411.0,27538.0,27218.0,27183.0,27172.0,27412.0,27285.0,27385.0,27265.0,27313.0,27472.0,27130.0,27445.0,27433.0,27251.0,27107.0,27170.0,27149.0,27086.0,27640.0,27339.0,27332.0,27076.0,26981.0,27000.0,27032.0,27392.0,27511.0,27454.0,27063.0,27084.0,26789.0,26939.0,27035.0,27561.0,27331.0,27151.0,26945.0,27078.0,26937.0,27195.0,27070.0,26946.0,26902.0,27361.0,27017.0,27232.0,26983.0,27236.0,26967.0,26876.0,27090.0,26825.0,27092.0,27062.0,27029.0,26987.0,27069.0,27126.0,26849.0,26991.0,26911.0,26918.0,27044.0,27070.0,26984.0,27026.0,26929.0,27007.0,26963.0,26841.0,26922.0,26954.0,26955.0,27101.0
4.0,3.0,4.0,1.0,0.0,2.0,2.0,1.0,1.0,3.0,3.0,1.0,1.0,1.0,3.0,3.0,6.0,1.0,3.0,2.0,4.0,1.0,2.0,4.0,5.0,4.0,1.0,2.0,4.0,3.0,3.0,2.0,3.0,4.0,0.0,5.0,4.0,2.0,1.0,2.0,0.0,1.0,4.0,3.0,8.0,4.0,1.0,5.0,2.0,1.0,1.0,2.0,2.0,2.0,3.0,3.0,4.0,2.0,1.0,1.0,-0.0,1.0,2.0,1.0,1.0,1.0,1.0,1.0,0.0,0.0,0.0,1.0,-0.0,1.0,0.0,1.0,0.0,0.0,0.0,0.0,-0.0,0.0,0.0,0.0,0.0,0.0,0.0,0.0,1.0,0.0,0.0,0.0,0.0,2.0,1.0,1.0,-0.0,0.0,0.0,0.0,0.0,0.0,0.0,0.0,0.0,1.0,1.0,2.0,-0.0,0.0,0.0,0.0,1.0,0.0,0.0,0.0,0.0,0.0,0.0,0.0,-0.0,0.0,0.0,0.0,0.0,1.0,0.0,1.0,-0.0,1.0,0.0,0.0,0.0,1.0,1.0,1.0,1.0,1.0,2.0,1.0,-0.0,1.0,1.0,2.0,4.0,3.0,3.0,2.0,2.0,2.0,1.0,1.0,2.0,5.0,1.0,4.0,8.0,3.0,4.0,1.0,0.0,2.0,1.0,2.0,4.0,5.0,0.0,4.0,3.0,2.0,3.0,3.0,4.0,2.0,1.0,4.0,5.0,4.0,2.0,1.0,4.0,2.0,3.0,1.0,6.0,3.0,3.0,1.0,1.0,1.0,3.0,3.0,1.0,1.0,2.0,2.0,0.0,1.0,4.0,3.0,4.0
-0.0,1.0,0.0,5.0,3.0,2.0,5.0,4.0,3.0,3.0,2.0,7.0,3.0,2.0,2.0,4.0,6.0,2.0,3.0,5.0,2.0,4.0,2.0,4.0,4.0,6.0,5.0,4.0,5.0,1.0,3.0,1.0,0.0,4.0,1.0,2.0,2.0,3.0,4.0,3.0,4.0,1.0,4.0,1.0,1.0,1.0,0.0,1.0,0.0,3.0,0.0,0.0,0.0,0.0,0.0,0.0,0.0,0.0,1.0,0.0,-0.0,0.0,0.0,0.0,0.0,0.0,0.0,0.0,0.0,0.0,0.0,0.0,-0.0,0.0,0.0,0.0,0.0,0.0,0.0,0.0,-0.0,0.0,0.0,0.0,0.0,0.0,0.0,0.0,0.0,0.0,0.0,0.0,0.0,0.0,0.0,0.0,-0.0,-0.0,0.0,0.0,0.0,0.0,0.0,0.0,0.0,0.0,0.0,0.0,-0.0,0.0,0.0,0.0,-0.0,0.0,0.0,0.0,0.0,0.0,0.0,0.0,-0.0,0.0,0.0,0.0,0.0,0.0,0.0,0.0,0.0,0.0,0.0,0.0,0.0,0.0,0.0,0.0,-0.0,0.0,0.0,0.0,-0.0,0.0,1.0,0.0,0.0,0.0,0.0,0.0,0.0,0.0,-0.0,3.0,-0.0,1.0,0.0,1.0,1.0,1.0,4.0,1.0,4.0,3.0,4.0,3.0,2.0,2.0,1.0,4.0,0.0,1.0,3.0,1.0,5.0,4.0,5.0,6.0,4.0,4.0,2.0,4.0,2.0,5.0,3.0,2.0,6.0,4.0,2.0,2.0,3.0,7.0,2.0,3.0,3.0,4.0,5.0,2.0,3.0,5.0,0.0,1.0,-0.0
7.0,4.0,6.0,5.0,5.0,4.0,6.0,3.0,6.0,5.0,4.0,5.0,5.0,4.0,5.0,4.0,2.0,4.0,8.0,5.0,7.0,6.0,7.0,10.0,3.0,6.0,4.0,5.0,4.0,2.0,7.0,4.0,7.0,2.0,4.0,4.0,8.0,3.0,4.0,4.0,5.0,5.0,5.0,8.0,4.0,2.0,1.0,4.0,2.0,2.0,1.0,1.0,2.0,0.0,1.0,3.0,1.0,0.0,0.0,1.0,0.0,1.0,0.0,1.0,1.0,1.0,0.0,0.0,0.0,0.0,0.0,0.0,-0.0,0.0,0.0,1.0,0.0,1.0,0.0,0.0,-0.0,1.0,0.0,0.0,0.0,-0.0,0.0,0.0,0.0,0.0,0.0,0.0,0.0,0.0,0.0,0.0,-0.0,0.0,0.0,0.0,0.0,0.0,0.0,0.0,0.0,0.0,0.0,0.0,-0.0,0.0,0.0,0.0,-0.0,0.0,0.0,0.0,0.0,0.0,-0.0,1.0,-0.0,0.0,0.0,1.0,0.0,1.0,0.0,0.0,0.0,0.0,0.0,0.0,0.0,0.0,0.0,1.0,1.0,1.0,0.0,1.0,-0.0,1.0,0.0,0.0,1.0,3.0,1.0,0.0,2.0,1.0,1.0,2.0,2.0,4.0,1.0,2.0,4.0,8.0,5.0,5.0,5.0,4.0,4.0,3.0,8.0,4.0,4.0,2.0,7.0,4.0,7.0,2.0,4.0,5.0,4.0,6.0,3.0,10.0,7.0,6.0,7.0,5.0,8.0,4.0,2.0,4.0,5.0,4.0,5.0,5.0,4.0,5.0,6.0,3.0,6.0,4.0,5.0,5.0,6.0,4.0,7.0
1.0,3.0,3.0,6.0,6.0,5.0,3.0,1.0,5.0,4.0,5.0,6.0,7.0,1.0,2.0,5.0,4.0,9.0,6.0,7.0,6.0,5.0,3.0,4.0,7.0,6.0,4.0,6.0,5.0,4.0,6.0,9.0,6.0,6.0,4.0,3.0,6.0,5.0,5.0,2.0,4.0,2.0,9.0,3.0,5.0,1.0,1.0,1.0,0.0,2.0,1.0,2.0,2.0,0.0,0.0,0.0,1.0,1.0,-0.0,0.0,-0.0,-0.0,0.0,0.0,0.0,0.0,0.0,0.0,0.0,1.0,0.0,0.0,-0.0,0.0,0.0,0.0,0.0,0.0,0.0,0.0,-0.0,0.0,0.0,-0.0,0.0,0.0,-0.0,0.0,0.0,-0.0,0.0,0.0,0.0,0.0,0.0,0.0,-0.0,-0.0,-0.0,-0.0,0.0,-0.0,0.0,0.0,0.0,0.0,0.0,0.0,-0.0,0.0,0.0,-0.0,-0.0,0.0,0.0,0.0,0.0,0.0,-0.0,-0.0,-0.0,0.0,0.0,0.0,0.0,0.0,0.0,0.0,-0.0,0.0,0.0,1.0,0.0,0.0,0.0,0.0,-0.0,0.0,0.0,0.0,-0.0,0.0,0.0,1.0,1.0,0.0,0.0,0.0,2.0,2.0,1.0,2.0,-0.0,1.0,1.0,1.0,5.0,3.0,9.0,2.0,4.0,2.0,5.0,5.0,6.0,3.0,4.0,6.0,6.0,9.0,6.0,4.0,5.0,6.0,4.0,6.0,7.0,4.0,3.0,5.0,6.0,7.0,6.0,9.0,4.0,5.0,2.0,1.0,7.0,6.0,5.0,4.0,5.0,1.0,3.0,5.0,6.0,6.0,3.0,3.0,1.0
-0.0,4.0,1.0,4.0,4.0,1.0,2.0,2.0,3.0,3.0,0.0,0.0,4.0,3.0,1.0,2.0,3.0,0.0,2.0,5.0,2.0,3.0,3.0,0.0,3.0,5.0,2.0,3.0,3.0,2.0,2.0,4.0,4.0,2.0,2.0,4.0,1.0,1.0,0.0,1.0,7.0,1.0,2.0,2.0,-0.0,1.0,2.0,1.0,0.0,1.0,1.0,0.0,0.0,2.0,1.0,0.0,2.0,2.0,0.0,0.0,-0.0,0.0,0.0,0.0,0.0,0.0,-0.0,0.0,0.0,0.0,0.0,0.0,-0.0,0.0,1.0,0.0,0.0,0.0,0.0,0.0,-0.0,0.0,0.0,0.0,0.0,0.0,0.0,0.0,0.0,0.0,0.0,0.0,0.0,0.0,0.0,0.0,-0.0,0.0,0.0,2.0,0.0,2.0,0.0,0.0,0.0,0.0,0.0,0.0,-0.0,0.0,0.0,0.0,-0.0,0.0,0.0,0.0,0.0,0.0,0.0,0.0,-0.0,0.0,0.0,0.0,0.0,0.0,1.0,0.0,0.0,0.0,0.0,0.0,0.0,0.0,-0.0,0.0,-0.0,0.0,0.0,0.0,-0.0,0.0,0.0,2.0,2.0,0.0,1.0,2.0,0.0,0.0,1.0,1.0,-0.0,1.0,2.0,1.0,-0.0,2.0,2.0,1.0,7.0,1.0,0.0,1.0,1.0,4.0,2.0,2.0,4.0,4.0,2.0,2.0,3.0,3.0,2.0,5.0,3.0,0.0,3.0,3.0,2.0,5.0,2.0,0.0,3.0,2.0,1.0,3.0,4.0,0.0,0.0,3.0,3.0,2.0,2.0,1.0,4.0,4.0,1.0,4.0,-0.0
2.0,4.0,3.0,5.0,1.0,0.0,0.0,1.0,2.0,3.0,0.0,1.0,9.0,0.0,2.0,2.0,2.0,2.0,3.0,1.0,3.0,1.0,1.0,2.0,3.0,1.0,4.0,6.0,2.0,1.0,1.0,1.0,3.0,2.0,1.0,3.0,1.0,4.0,2.0,2.0,2.0,1.0,1.0,3.0,-0.0,2.0,2.0,3.0,-0.0,2.0,3.0,3.0,3.0,1.0,3.0,1.0,0.0,1.0,2.0,2.0,-0.0,0.0,2.0,1.0,2.0,0.0,0.0,0.0,0.0,0.0,0.0,0.0,-0.0,-0.0,0.0,0.0,0.0,0.0,0.0,0.0,-0.0,0.0,0.0,0.0,0.0,-0.0,0.0,0.0,0.0,0.0,-0.0,0.0,1.0,0.0,0.0,0.0,-0.0,0.0,0.0,1.0,0.0,1.0,0.0,0.0,0.0,0.0,0.0,-0.0,1.0,0.0,0.0,0.0,-0.0,0.0,0.0,0.0,0.0,0.0,0.0,0.0,-0.0,0.0,0.0,0.0,0.0,0.0,0.0,0.0,0.0,0.0,0.0,0.0,0.0,0.0,0.0,0.0,2.0,1.0,2.0,0.0,-0.0,2.0,2.0,1.0,0.0,1.0,3.0,1.0,3.0,3.0,3.0,2.0,-0.0,3.0,2.0,2.0,-0.0,3.0,1.0,1.0,2.0,2.0,2.0,4.0,1.0,3.0,1.0,2.0,3.0,1.0,1.0,1.0,2.0,6.0,4.0,1.0,3.0,2.0,1.0,1.0,3.0,1.0,3.0,2.0,2.0,2.0,2.0,0.0,9.0,1.0,0.0,3.0,2.0,1.0,0.0,0.0,1.0,5.0,3.0,4.0,2.0
1.0,1.0,2.0,1.0,0.0,2.0,0.0,0.0,0.0,1.0,2.0,4.0,1.0,2.0,2.0,2.0,4.0,3.0,1.0,2.0,1.0,1.0,1.0,2.0,2.0,5.0,2.0,0.0,7.0,2.0,2.0,4.0,2.0,1.0,2.0,3.0,1.0,1.0,3.0,5.0,1.0,6.0,1.0,2.0,1.0,1.0,1.0,3.0,1.0,0.0,3.0,1.0,1.0,1.0,1.0,0.0,0.0,0.0,0.0,1.0,-0.0,0.0,-0.0,0.0,0.0,0.0,0.0,0.0,0.0,0.0,0.0,0.0,-0.0,0.0,0.0,0.0,0.0,0.0,0.0,0.0,-0.0,0.0,0.0,0.0,0.0,0.0,0.0,0.0,0.0,0.0,0.0,1.0,0.0,0.0,-0.0,-0.0,-0.0,0.0,0.0,0.0,0.0,0.0,0.0,0.0,0.0,0.0,0.0,0.0,-0.0,1.0,0.0,0.0,-0.0,0.0,0.0,0.0,0.0,0.0,0.0,0.0,-0.0,0.0,0.0,-0.0,0.0,0.0,0.0,0.0,-0.0,0.0,0.0,0.0,0.0,0.0,0.0,0.0,-0.0,0.0,0.0,0.0,-0.0,1.0,0.0,0.0,0.0,0.0,1.0,1.0,1.0,1.0,3.0,0.0,1.0,3.0,1.0,1.0,1.0,2.0,1.0,6.0,1.0,5.0,3.0,1.0,1.0,3.0,2.0,1.0,2.0,4.0,2.0,2.0,7.0,0.0,2.0,5.0,2.0,2.0,1.0,1.0,1.0,2.0,1.0,3.0,4.0,2.0,2.0,2.0,1.0,4.0,2.0,1.0,0.0,0.0,0.0,2.0,0.0,1.0,2.0,1.0,1.0
8.0,15.0,11.0,9.0,8.0,8.0,7.0,12.0,8.0,4.0,7.0,5.0,7.0,10.0,9.0,7.0,10.0,5.0,9.0,8.0,8.0,4.0,6.0,8.0,9.0,10.0,9.0,5.0,6.0,5.0,14.0,4.0,9.0,4.0,0.0,4.0,8.0,6.0,4.0,6.0,3.0,3.0,4.0,5.0,4.0,4.0,5.0,2.0,3.0,5.0,0.0,4.0,0.0,4.0,1.0,0.0,0.0,2.0,0.0,1.0,0.0,2.0,1.0,1.0,0.0,0.0,1.0,0.0,0.0,0.0,0.0,0.0,1.0,0.0,0.0,0.0,1.0,0.0,0.0,1.0,1.0,0.0,1.0,1.0,0.0,0.0,3.0,-0.0,1.0,1.0,0.0,1.0,1.0,2.0,1.0,3.0,3.0,1.0,1.0,1.0,0.0,1.0,1.0,1.0,3.0,3.0,1.0,2.0,1.0,1.0,0.0,1.0,1.0,0.0,3.0,0.0,0.0,1.0,1.0,0.0,1.0,1.0,0.0,0.0,1.0,0.0,0.0,0.0,1.0,0.0,0.0,0.0,0.0,0.0,1.0,0.0,-0.0,1.0,1.0,2.0,-0.0,1.0,0.0,2.0,0.0,0.0,1.0,4.0,0.0,4.0,0.0,5.0,3.0,2.0,5.0,4.0,4.0,5.0,4.0,3.0,3.0,6.0,4.0,6.0,8.0,4.0,0.0,4.0,9.0,4.0,14.0,5.0,6.0,5.0,9.0,10.0,9.0,8.0,6.0,4.0,8.0,8.0,9.0,5.0,10.0,7.0,9.0,10.0,7.0,5.0,7.0,4.0,8.0,12.0,7.0,8.0,8.0,9.0,11.0,15.0,8.0
3.0,2.0,7.0,4.0,1.0,4.0,3.0,1.0,2.0,2.0,2.0,0.0,2.0,1.0,6.0,1.0,1.0,3.0,1.0,2.0,3.0,1.0,2.0,2.0,4.0,3.0,2.0,1.0,6.0,7.0,0.0,4.0,3.0,2.0,3.0,1.0,4.0,1.0,3.0,1.0,1.0,3.0,1.0,3.0,3.0,3.0,2.0,1.0,3.0,3.0,1.0,1.0,0.0,3.0,2.0,1.0,0.0,1.0,2.0,1.0,0.0,0.0,0.0,0.0,1.0,0.0,0.0,0.0,0.0,0.0,0.0,0.0,-0.0,0.0,0.0,0.0,0.0,0.0,0.0,0.0,-0.0,0.0,0.0,0.0,0.0,0.0,0.0,0.0,0.0,0.0,0.0,0.0,0.0,0.0,0.0,0.0,-0.0,1.0,0.0,0.0,0.0,0.0,0.0,1.0,0.0,0.0,0.0,0.0,-0.0,0.0,0.0,0.0,-0.0,0.0,0.0,0.0,0.0,0.0,0.0,0.0,-0.0,0.0,0.0,0.0,0.0,0.0,0.0,0.0,0.0,0.0,0.0,0.0,0.0,0.0,0.0,0.0,1.0,0.0,0.0,0.0,-0.0,1.0,2.0,1.0,0.0,1.0,2.0,3.0,0.0,1.0,1.0,3.0,3.0,1.0,2.0,3.0,3.0,3.0,1.0,3.0,1.0,1.0,3.0,1.0,4.0,1.0,3.0,2.0,3.0,4.0,0.0,7.0,6.0,1.0,2.0,3.0,4.0,2.0,2.0,1.0,3.0,2.0,1.0,3.0,1.0,1.0,6.0,1.0,2.0,0.0,2.0,2.0,2.0,1.0,3.0,4.0,1.0,4.0,7.0,2.0,3.0
2557.0,2455.0,2565.0,2578.0,2603.0,2506.0,2551.0,2536.0,2543.0,2671.0,2646.0,2697.0,2560.0,2603.0,2569.0,2597.0,2643.0,2668.0,2615.0,2673.0,2687.0,2597.0,2599.0,2584.0,2662.0,2593.0,2614.0,2754.0,2621.0,2556.0,2709.0,2569.0,2603.0,2672.0,2567.0,2676.0,2719.0,2626.0,2704.0,2710.0,2654.0,2663.0,2739.0,2676.0,2734.0,2760.0,2729.0,2869.0,2907.0,2891.0,2935.0,2909.0,2849.0,3043.0,3132.0,3142.0,3187.0,3196.0,3180.0,3301.0,3370.0,3341.0,3285.0,3399.0,3299.0,3207.0,3262.0,3213.0,3188.0,3169.0,3192.0,2994.0,2941.0,2819.0,2911.0,2691.0,2769.0,2715.0,2667.0,2592.0,2390.0,2389.0,2591.0,2444.0,2376.0,2318.0,2301.0,2353.0,2281.0,2303.0,2294.0,2177.0,2152.0,2236.0,1990.0,1767.0,2074.0,1766.0,317.0,106.0,0.0,106.0,317.0,1766.0,2074.0,1767.0,1990.0,2236.0,2152.0,2177.0,2294.0,2303.0,2281.0,2353.0,2301.0,2318.0,2376.0,2444.0,2591.0,2389.0,2390.0,2592.0,2667.0,2715.0,2769.0,2691.0,2911.0,2819.0,2941.0,2994.0,3192.0,3169.0,3188.0,3213.0,3262.0,3207.0,3299.0,3399.0,3285.0,3341.0,3370.0,3301.0,3180.0,3196.0,3187.0,3142.0,3132.0,3043.0,2849.0,2909.0,2935.0,2891.0,2907.0,2869.0,2729.0,2760.0,2734.0,2676.0,2739.0,2663.0,2654.0,2710.0,2704.0,2626.0,2719.0,2676.0,2567.0,2672.0,2603.0,2569.0,2709.0,2556.0,2621.0,2754.0,2614.0,2593.0,2662.0,2584.0,2599.0,2597.0,2687.0,2673.0,2615.0,2668.0,2643.0,2597.0,2569.0,2603.0,2560.0,2697.0,2646.0,2671.0,2543.0,2536.0,2551.0,2506.0,2603.0,2578.0,2565.0,2455.0,2557.0
25713.0,25792.0,25484.0,25781.0,25745.0,25434.0,25176.0,25517.0,25421.0,25455.0,25381.0,25649.0,25871.0,25813.0,25517.0,25553.0,25417.0,25767.0,25145.0,25429.0,25575.0,25757.0,25731.0,25564.0,25559.0,25820.0,25645.0,25462.0,25436.0,25680.0,25181.0,25442.0,25548.0,25739.0,25788.0,26255.0,25859.0,25698.0,25717.0,25552.0,25269.0,25496.0,25025.0,25496.0,25750.0,25880.0,26040.0,26273.0,26163.0,25836.0,25813.0,25447.0,25530.0,25221.0,25081.0,25089.0,25485.0,25838.0,26029.0,26095.0,26118.0,26449.0,26356.0,26543.0,26085.0,25761.0,25288.0,25124.0,24620.0,24423.0,24245.0,24794.0,25659.0,27093.0,28192.0,29240.0,29723.0,28724.0,27414.0,25176.0,22701.0,20132.0,19264.0,19398.0,21293.0,24925.0,28982.0,33611.0,36935.0,37570.0,34537.0,27508.0,19653.0,12615.0,7122.0,3892.0,1756.0,573.0,154.0,69.0,0.0,69.0,154.0,573.0,1756.0,3892.0,7122.0,12615.0,19653.0,27508.0,34537.0,37570.0,36935.0,33611.0,28982.0,24925.0,21293.0,19398.0,19264.0,20132.0,22701.0,25176.0,27414.0,28724.0,29723.0,29240.0,28192.0,27093.0,25659.0,24794.0,24245.0,24423.0,24620.0,25124.0,25288.0,25761.0,26085.0,26543.0,26356.0,26449.0,26118.0,26095.0,26029.0,25838.0,25485.0,25089.0,25081.0,25221.0,25530.0,25447.0,25813.0,25836.0,26163.0,26273.0,26040.0,25880.0,25750.0,25496.0,25025.0,25496.0,25269.0,25552.0,25717.0,25698.0,25859.0,26255.0,25788.0,25739.0,25548.0,25442.0,25181.0,25680.0,25436.0,25462.0,25645.0,25820.0,25559.0,25564.0,25731.0,25757.0,25575.0,25429.0,25145.0,25767.0,25417.0,25553.0,25517.0,25813.0,25871.0,25649.0,25381.0,25455.0,25421.0,25517.0,25176.0,25434.0,25745.0,25781.0,25484.0,25792.0,25713.0
26991.0,26871.0,26495.0,26915.0,26828.0,26614.0,26761.0,26852.0,26721.0,26803.0,26961.0,26751.0,26737.0,26806.0,26886.0,26699.0,27075.0,26890.0,26878.0,26772.0,26785.0,26489.0,26833.0,26996.0,26881.0,26903.0,26924.0,26944.0,26989.0,26924.0,26625.0,26887.0,26859.0,26568.0,26839.0,26816.0,26600.0,27081.0,27074.0,26917.0,26937.0,26879.0,27171.0,27024.0,26748.0,26866.0,26788.0,26900.0,26900.0,26779.0,26779.0,26587.0,26722.0,26914.0,26816.0,27010.0,27220.0,27354.0,27607.0,27210.0,27265.0,27047.0,27060.0,26371.0,26677.0,26187.0,26200.0,26256.0,26073.0,26654.0,27457.0,28100.0,28455.0,28871.0,28968.0,28664.0,28279.0,26973.0,26249.0,24724.0,23719.0,23159.0,22694.0,23549.0,24882.0,27615.0,30932.0,34867.0,37591.0,38363.0,36401.0,31912.0,23679.0,13748.0,5756.0,1497.0,212.0,77.0,22.0,0.0,0.0,0.0,22.0,77.0,212.0,1497.0,5756.0,13748.0,23679.0,31912.0,36401.0,38363.0,37591.0,34867.0,30932.0,27615.0,24882.0,23549.0,22694.0,23159.0,23719.0,24724.0,26249.0,26973.0,28279.0,28664.0,28968.0,28871.0,28455.0,28100.0,27457.0,26654.0,26073.0,26256.0,26200.0,26187.0,26677.0,26371.0,27060.0,27047.0,27265.0,27210.0,27607.0,27354.0,27220.0,27010.0,26816.0,26914.0,26722.0,26587.0,26779.0,26779.0,26900.0,26900.0,26788.0,26866.0,26748.0,27024.0,27171.0,26879.0,26937.0,26917.0,27074.0,27081.0,26600.0,26816.0,26839.0,26568.0,26859.0,26887.0,26625.0,26924.0,26989.0,26944.0,26924.0,26903.0,26881.0,26996.0,26833.0,26489.0,26785.0,26772.0,26878.0,26890.0,27075.0,26699.0,26886.0,26806.0,26737.0,26751.0,26961.0,26803.0,26721.0,26852.0,26761.0,26614.0,26828.0,26915.0,26495.0,26871.0,26991.0
8.0,17.0,16.0,9.0,12.0,16.0,14.0,12.0,18.0,13.0,15.0,17.0,12.0,17.0,13.0,18.0,19.0,18.0,13.0,20.0,18.0,18.0,12.0,16.0,10.0,22.0,12.0,23.0,23.0,15.0,20.0,15.0,16.0,13.0,9.0,10.0,13.0,11.0,15.0,6.0,16.0,4.0,12.0,14.0,13.0,11.0,12.0,3.0,10.0,8.0,9.0,8.0,14.0,5.0,5.0,3.0,5.0,8.0,1.0,8.0,4.0,6.0,4.0,6.0,1.0,3.0,0.0,3.0,1.0,0.0,-0.0,0.0,-0.0,0.0,0.0,0.0,1.0,0.0,0.0,0.0,1.0,1.0,0.0,0.0,0.0,0.0,0.0,0.0,0.0,0.0,0.0,0.0,0.0,0.0,0.0,-0.0,-0.0,0.0,0.0,10.0,0.0,10.0,0.0,0.0,0.0,0.0,0.0,0.0,-0.0,0.0,0.0,0.0,-0.0,0.0,0.0,0.0,0.0,0.0,0.0,1.0,1.0,0.0,0.0,0.0,1.0,0.0,0.0,0.0,0.0,0.0,-0.0,0.0,1.0,3.0,0.0,3.0,1.0,6.0,4.0,6.0,4.0,8.0,1.0,8.0,5.0,3.0,5.0,5.0,14.0,8.0,9.0,8.0,10.0,3.0,12.0,11.0,13.0,14.0,12.0,4.0,16.0,6.0,15.0,11.0,13.0,10.0,9.0,13.0,16.0,15.0,20.0,15.0,23.0,23.0,12.0,22.0,10.0,16.0,12.0,18.0,18.0,20.0,13.0,18.0,19.0,18.0,13.0,17.0,12.0,17.0,15.0,13.0,18.0,12.0,14.0,16.0,12.0,9.0,16.0,17.0,8.0
8.0,7.0,13.0,10.0,8.0,11.0,7.0,5.0,6.0,5.0,4.0,9.0,3.0,6.0,6.0,6.0,9.0,5.0,10.0,8.0,9.0,9.0,9.0,15.0,10.0,14.0,10.0,8.0,12.0,16.0,11.0,13.0,12.0,9.0,7.0,17.0,15.0,6.0,9.0,6.0,6.0,15.0,14.0,16.0,8.0,6.0,4.0,9.0,12.0,10.0,11.0,5.0,2.0,1.0,2.0,2.0,4.0,3.0,2.0,1.0,0.0,2.0,3.0,0.0,0.0,0.0,0.0,1.0,0.0,1.0,0.0,0.0,1.0,0.0,0.0,0.0,0.0,1.0,0.0,0.0,-0.0,1.0,0.0,0.0,0.0,0.0,0.0,0.0,0.0,0.0,0.0,0.0,0.0,0.0,0.0,0.0,-0.0,1.0,0.0,0.0,0.0,0.0,0.0,1.0,0.0,0.0,0.0,-0.0,-0.0,0.0,0.0,0.0,-0.0,0.0,0.0,0.0,0.0,0.0,0.0,1.0,-0.0,0.0,0.0,1.0,0.0,0.0,0.0,0.0,1.0,0.0,0.0,1.0,0.0,1.0,0.0,0.0,-0.0,0.0,3.0,2.0,0.0,1.0,2.0,3.0,4.0,2.0,2.0,1.0,2.0,5.0,11.0,10.0,12.0,9.0,4.0,6.0,8.0,16.0,14.0,15.0,6.0,6.0,9.0,6.0,15.0,17.0,7.0,9.0,12.0,13.0,11.0,16.0,12.0,8.0,10.0,14.0,10.0,15.0,9.0,9.0,9.0,8.0,10.0,5.0,9.0,6.0,6.0,6.0,3.0,9.0,4.0,5.0,6.0,5.0,7.0,11.0,8.0,10.0,13.0,7.0,8.0
687.0,717.0,650.0,690.0,669.0,705.0,727.0,704.0,707.0,724.0,674.0,723.0,711.0,680.0,703.0,708.0,740.0,709.0,747.0,757.0,775.0,724.0,737.0,750.0,747.0,771.0,750.0,792.0,742.0,725.0,753.0,766.0,738.0,743.0,721.0,762.0,764.0,776.0,789.0,784.0,754.0,831.0,794.0,771.0,795.0,745.0,783.0,851.0,833.0,878.0,820.0,829.0,814.0,858.0,785.0,816.0,792.0,928.0,806.0,888.0,864.0,862.0,918.0,950.0,890.0,931.0,892.0,907.0,899.0,888.0,931.0,954.0,949.0,937.0,964.0,1028.0,988.0,999.0,1049.0,1081.0,1039.0,1065.0,1110.0,1043.0,1143.0,1072.0,1091.0,1119.0,1078.0,1106.0,1010.0,1095.0,1062.0,1058.0,1052.0,1050.0,995.0,833.0,405.0,48.0,0.0,48.0,405.0,833.0,995.0,1050.0,1052.0,1058.0,1062.0,1095.0,1010.0,1106.0,1078.0,1119.0,1091.0,1072.0,1143.0,1043.0,1110.0,1065.0,1039.0,1081.0,1049.0,999.0,988.0,1028.0,964.0,937.0,949.0,954.0,931.0,888.0,899.0,907.0,892.0,931.0,890.0,950.0,918.0,862.0,864.0,888.0,806.0,928.0,792.0,816.0,785.0,858.0,814.0,829.0,820.0,878.0,833.0,851.0,783.0,745.0,795.0,771.0,794.0,831.0,754.0,784.0,789.0,776.0,764.0,762.0,721.0,743.0,738.0,766.0,753.0,725.0,742.0,792.0,750.0,771.0,747.0,750.0,737.0,724.0,775.0,757.0,747.0,709.0,740.0,708.0,703.0,680.0,711.0,723.0,674.0,724.0,707.0,704.0,727.0,705.0,669.0,690.0,650.0,717.0,687.0
1381.0,1321.0,1398.0,1343.0,1389.0,1440.0,1444.0,1360.0,1426.0,1434.0,1394.0,1425.0,1421.0,1430.0,1447.0,1440.0,1435.0,1455.0,1403.0,1421.0,1447.0,1451.0,1489.0,1364.0,1499.0,1486.0,1433.0,1471.0,1512.0,1525.0,1459.0,1526.0,1576.0,1568.0,1457.0,1489.0,1593.0,1518.0,1507.0,1601.0,1571.0,1556.0,1606.0,1545.0,1630.0,1703.0,1564.0,1593.0,1611.0,1661.0,1679.0,1648.0,1730.0,1738.0,1721.0,1793.0,1747.0,1807.0,1749.0,1784.0,1945.0,1852.0,1818.0,1752.0,1899.0,1887.0,1938.0,1991.0,1938.0,2038.0,2016.0,2019.0,1987.0,1950.0,2036.0,2060.0,2114.0,2088.0,2150.0,2174.0,2127.0,2154.0,2215.0,2201.0,2054.0,2202.0,2211.0,2148.0,2147.0,2135.0,2279.0,2002.0,2215.0,2075.0,1934.0,2029.0,1814.0,1454.0,594.0,165.0,0.0,165.0,594.0,1454.0,1814.0,2029.0,1934.0,2075.0,2215.0,2002.0,2279.0,2135.0,2147.0,2148.0,2211.0,2202.0,2054.0,2201.0,2215.0,2154.0,2127.0,2174.0,2150.0,2088.0,2114.0,2060.0,2036.0,1950.0,1987.0,2019.0,2016.0,2038.0,1938.0,1991.0,1938.0,1887.0,1899.0,1752.0,1818.0,1852.0,1945.0,1784.0,1749.0,1807.0,1747.0,1793.0,1721.0,1738.0,1730.0,1648.0,1679.0,1661.0,1611.0,1593.0,1564.0,1703.0,1630.0,1545.0,1606.0,1556.0,1571.0,1601.0,1507.0,1518.0,1593.0,1489.0,1457.0,1568.0,1576.0,1526.0,1459.0,1525.0,1512.0,1471.0,1433.0,1486.0,1499.0,1364.0,1489.0,1451.0,1447.0,1421.0,1403.0,1455.0,1435.0,1440.0,1447.0,1430.0,1421.0,1425.0,1394.0,1434.0,1426.0,1360.0,1444.0,1440.0,1389.0,1343.0,1398.0,1321.0,1381.0
70444.0,70521.0,70445.0,70469.0,70996.0,70585.0,70500.0,70370.0,70576.0,70828.0,70770.0,70678.0,70150.0,71000.0,70809.0,70958.0,70809.0,70686.0,70610.0,70935.0,71186.0,70827.0,70751.0,71010.0,70960.0,70924.0,71192.0,71155.0,70780.0,71115.0,71247.0,70986.0,71218.0,71259.0,71360.0,70779.0,71519.0,71372.0,71158.0,71381.0,71547.0,71761.0,71305.0,71690.0,71753.0,71547.0,71573.0,71214.0,71872.0,72255.0,71770.0,71623.0,72006.0,72194.0,72302.0,72050.0,71620.0,72466.0,72041.0,72503.0,72536.0,72406.0,72477.0,72836.0,72473.0,72533.0,72974.0,73115.0,73099.0,73233.0,72986.0,73260.0,73311.0,73405.0,73779.0,73329.0,73916.0,74110.0,74170.0,74239.0,74431.0,74583.0,75219.0,74562.0,74275.0,74454.0,74490.0,74155.0,75056.0,74626.0,74914.0,75651.0,76276.0,81109.0,90290.0,85819.0,55463.0,21567.0,3762.0,507.0,0.0,507.0,3762.0,21567.0,55463.0,85819.0,90290.0,81109.0,76276.0,75651.0,74914.0,74626.0,75056.0,74155.0,74490.0,74454.0,74275.0,74562.0,75219.0,74583.0,74431.0,74239.0,74170.0,74110.0,73916.0,73329.0,73779.0,73405.0,73311.0,73260.0,72986.0,73233.0,73099.0,73115.0,72974.0,72533.0,72473.0,72836.0,72477.0,72406.0,72536.0,72503.0,72041.0,72466.0,71620.0,72050.0,72302.0,72194.0,72006.0,71623.0,71770.0,72255.0,71872.0,71214.0,71573.0,71547.0,71753.0,71690.0,71305.0,71761.0,71547.0,71381.0,71158.0,71372.0,71519.0,70779.0,71360.0,71259.0,71218.0,70986.0,71247.0,71115.0,70780.0,71155.0,71192.0,70924.0,70960.0,71010.0,70751.0,70827.0,71186.0,70935.0,70610.0,70686.0,70809.0,70958.0,70809.0,71000.0,70150.0,70678.0,70770.0,70828.0,70576.0,70370.0,70500.0,70585.0,70996.0,70469.0,70445.0,70521.0,70444.0
9.0,20.0,12.0,13.0,11.0,11.0,16.0,8.0,19.0,15.0,23.0,17.0,13.0,14.0,16.0,11.0,12.0,12.0,12.0,13.0,18.0,22.0,8.0,13.0,12.0,19.0,12.0,19.0,17.0,23.0,20.0,11.0,25.0,19.0,18.0,25.0,13.0,14.0,20.0,17.0,15.0,21.0,17.0,14.0,19.0,17.0,15.0,15.0,15.0,19.0,12.0,23.0,16.0,8.0,6.0,10.0,11.0,7.0,8.0,6.0,5.0,6.0,6.0,1.0,1.0,8.0,1.0,1.0,1.0,1.0,1.0,1.0,-0.0,0.0,0.0,0.0,0.0,1.0,1.0,0.0,1.0,0.0,1.0,0.0,1.0,1.0,0.0,0.0,0.0,0.0,0.0,0.0,0.0,0.0,0.0,0.0,1.0,3.0,20.0,11.0,0.0,11.0,20.0,3.0,1.0,0.0,0.0,0.0,-0.0,0.0,0.0,0.0,-0.0,0.0,0.0,1.0,1.0,0.0,1.0,0.0,1.0,0.0,1.0,1.0,0.0,0.0,0.0,0.0,0.0,1.0,1.0,1.0,1.0,1.0,1.0,8.0,1.0,1.0,6.0,6.0,5.0,6.0,8.0,7.0,11.0,10.0,6.0,8.0,16.0,23.0,12.0,19.0,15.0,15.0,15.0,17.0,19.0,14.0,17.0,21.0,15.0,17.0,20.0,14.0,13.0,25.0,18.0,19.0,25.0,11.0,20.0,23.0,17.0,19.0,12.0,19.0,12.0,13.0,8.0,22.0,18.0,13.0,12.0,12.0,12.0,11.0,16.0,14.0,13.0,17.0,23.0,15.0,19.0,8.0,16.0,11.0,11.0,13.0,12.0,20.0,9.0
