0,1,2,3,4,5,6,7,8,9,10,11,12,13,14,15,16,17,18,19,20,21,22,23,24,25,26,27,28,29,30,31,32,33,34,35,36,37,38,39,40,41,42,43,44,45,46,47,48,49,50,51,52,53,54,55,56,57,58,59,60,61,62,63,64,65,66,67,68,69,70,71,72,73,74
-1.6832386363636365,-1.7378373579545454,-1.4834872159090908,-2.2199041193181817,-2.414328835227273,-2.2918146306818183,-1.7697975852272727,-1.9056285511363635,-2.582120028409091,-3.1440873579545454,-2.4529474431818183,-2.9523259943181817,-2.492897727272727,-1.8057528409090908,-1.8204012784090908,-2.5408380681818183,-2.6447088068181817,-2.984286221590909,-2.5408380681818183,-2.713955965909091,-2.2944779829545454,-1.7458274147727273,-1.3236860795454546,-2.9243607954545454,-4.768732244318182,-5.228160511363637,-7.4240944602272725,-14.290216619318182,-25.568181818181817,-37.1923828125,-42.30601917613637,-35.24280894886363,-22.725053267045453,-13.453924005681818,-11.003639914772727,-10.534889914772727,-8.785067471590908,-5.674272017045454,-0.8868963068181818,3.2879083806818183,6.884765625,10.094105113636363,11.568270596590908,12.134232954545455,11.340553977272727,9.574751420454545,9.444247159090908,8.928888494318182,8.622602982954545,8.444158380681818,6.910067471590909,6.803533380681818,6.265536221590909,6.558504971590909,6.639737215909091,5.352006392045454,4.126864346590909,2.7485795454545454,2.0720880681818183,2.875088778409091,3.1480823863636362,2.844460227272727,3.4517045454545454,2.9230291193181817,2.3131214488636362,2.3370916193181817,1.5434126420454546,0.9734552556818182,1.3636363636363635,1.3569779829545454,1.1252663352272727,1.3423295454545454,1.0027521306818181,0.3742009943181818,0.09588068181818182
-4.8952414772727275,-4.656871448863637,-4.220081676136363,-2.9669744318181817,-3.1560724431818183,-3.6900745738636362,-2.639382102272727,-2.648703835227273,-3.086825284090909,-5.391956676136363,-6.370738636363637,-5.933948863636363,-6.2522194602272725,-4.891246448863637,-3.249289772727273,-3.9777166193181817,-4.7341086647727275,-4.855291193181818,-4.180131392045454,-5.278764204545454,-4.630237926136363,-3.5941938920454546,-2.2611860795454546,-2.6500355113636362,-2.3051313920454546,-3.7646484375,-9.554776278409092,-20.886008522727273,-32.16264204545455,-38.03000710227273,-40.71732954545455,-38.42817826704545,-32.55282315340909,-24.562766335227273,-15.233043323863637,-5.174893465909091,3.4636896306818183,12.072975852272727,18.935102982954547,24.38565340909091,26.81729403409091,27.243430397727273,25.750621448863637,24.248490767045453,22.579900568181817,20.487837357954547,18.587535511363637,16.98153409090909,15.459428267045455,13.158291903409092,10.941051136363637,9.1845703125,7.7903053977272725,7.071200284090909,5.720880681818182,4.491743607954546,1.8976384943181819,0.4860617897727273,-0.41015625,-2.494229403409091,-3.2239879261363638,-2.3211115056818183,-2.002840909090909,-2.450284090909091,-3.193359375,-2.9829545454545454,-1.9948508522727273,-1.1439098011363635,-1.5727095170454546,-2.237215909090909,-2.5714666193181817,-3.7420099431818183,-4.153497869318182,-4.622247869318182,-3.753995028409091
-3.5822088068181817,-3.840553977272727,-3.337180397727273,-4.066938920454546,-3.283913352272727,-2.3384232954545454,-1.1212713068181819,-2.3970170454545454,-2.634055397727273,-4.053622159090909,-4.27734375,-4.439808238636363,-4.519708806818182,-3.710049715909091,-2.6740056818181817,-1.1878551136363635,-0.6099076704545454,-1.2437855113636365,-1.4408735795454546,-0.22638494318181818,-0.8602627840909091,-1.3742897727272727,-2.5328480113636362,-3.6168323863636362,-3.3158735795454546,-2.998934659090909,-4.410511363636363,-9.092684659090908,-15.458096590909092,-24.260475852272727,-24.85440340909091,-17.173295454545453,-12.887961647727273,-11.513671875,-10.357776988636363,-7.196377840909091,-3.651455965909091,-0.6818181818181818,1.6299715909090908,3.6780894886363638,5.928622159090909,8.216441761363637,9.561434659090908,9.340376420454545,7.926136363636363,6.645063920454546,5.824751420454546,4.114879261363637,3.241299715909091,3.57421875,2.6580255681818183,3.251953125,4.5143821022727275,4.810014204545454,4.604936079545454,4.716796875,4.325284090909091,3.944424715909091,4.407848011363637,4.884588068181818,4.410511363636363,4.141512784090909,2.8125,1.7125355113636365,1.8084161931818181,0.6551846590909091,1.3689630681818181,1.9469105113636365,2.9137073863636362,1.6566051136363635,0.10120738636363637,-0.5912642045454546,-1.4595170454545454,-1.0999644886363635,-0.5353338068181818
0.4474431818181818,-0.3369140625,-1.1865234375,-1.4315518465909092,-1.8670099431818181,-1.8856534090909092,-2.7818714488636362,-2.9496626420454546,-3.820578835227273,-3.900479403409091,-3.8671875,-4.0456321022727275,-1.9202769886363635,-0.6511896306818182,-0.8868963068181818,-1.4155717329545454,-1.6859019886363635,-2.958984375,-2.580788352272727,-3.1254438920454546,-4.008345170454546,-2.7885298295454546,-3.1627308238636362,-2.787198153409091,-3.1946910511363638,-4.284002130681818,-4.8606178977272725,-9.2138671875,-21.554509943181817,-35.97389914772727,-43.86674360795455,-39.03142755681818,-27.054332386363637,-16.443536931818183,-8.924893465909092,-7.670454545454546,-6.514559659090909,-5.136274857954546,-2.7086292613636362,0.732421875,3.6554509943181817,5.379971590909091,5.782137784090909,5.822088068181818,5.989879261363637,6.016512784090909,6.188299005681818,6.358753551136363,6.8967507102272725,7.236328125,7.454723011363637,7.372159090909091,6.598455255681818,5.029740767045454,4.178799715909091,3.7566583806818183,4.286665482954546,4.969815340909091,4.2214133522727275,4.647549715909091,6.059126420454546,5.104314630681818,4.429154829545454,3.540926846590909,2.3197798295454546,1.9149502840909092,1.8350497159090908,1.6606001420454546,0.46875,0.6525213068181818,0.9601384943181818,1.8483664772727273,1.4581853693181819,-0.011985085227272728,-2.1759588068181817
-11.717418323863637,-10.815873579545455,-9.373668323863637,-8.200461647727273,-8.360262784090908,-8.180486505681818,-10.348455255681818,-12.947887073863637,-15.7177734375,-16.045365767045453,-18.229314630681817,-17.409002130681817,-16.463512073863637,-13.9892578125,-10.353781960227273,-9.328391335227273,-9.992897727272727,-11.022283380681818,-10.915749289772727,-11.228693181818182,-11.337890625,-9.850408380681818,-6.3134765625,-4.156161221590909,-1.4621803977272727,-1.4501953125,-4.6315696022727275,-13.745561079545455,-30.08389559659091,-49.01500355113637,-52.62650923295455,-46.36496803977273,-30.739080255681817,-13.379350142045455,-5.337357954545454,-2.619406960227273,-2.2318892045454546,-1.0746626420454546,-0.4873934659090909,0.4873934659090909,-0.6431995738636364,-1.8683416193181819,-3.3624822443181817,-4.644886363636363,-4.578302556818182,-5.381303267045454,-2.1959339488636362,0.6938032670454546,2.5847833806818183,5.145596590909091,6.539861505681818,8.173828125,6.539861505681818,7.5705788352272725,7.474698153409091,9.7412109375,10.938387784090908,12.112926136363637,15.587269176136363,16.894975142045453,16.793767755681817,14.657759232954545,13.360706676136363,10.233931107954545,6.370738636363637,2.3876953125,1.2544389204545454,2.0454545454545454,1.5993430397727273,1.9189453125,0.9028764204545454,1.8683416193181819,3.5648970170454546,2.7592329545454546,1.8670099431818181
-6.900745738636363,-5.643643465909091,-6.724964488636363,-8.02734375,-10.416370738636363,-8.583984375,-9.066051136363637,-9.462890625,-9.2578125,-7.401455965909091,-5.816761363636363,-2.4449573863636362,0.14914772727272727,-0.5406605113636364,0.7883522727272727,2.4982244318181817,3.7047230113636362,2.4609375,2.5727982954545454,2.197265625,0.3116122159090909,-1.1905184659090908,-2.940340909090909,-3.425071022727273,-1.7844460227272727,-0.09055397727272728,-1.6592684659090908,-6.157670454545454,-16.46484375,-23.68252840909091,-27.906605113636363,-25.680042613636363,-21.650390625,-14.776278409090908,-10.048828125,-8.275035511363637,-6.186967329545454,-6.498579545454546,-4.154829545454546,-3.0255681818181817,-1.3050426136363635,-2.0001775568181817,-1.5793678977272727,-0.5779474431818182,-0.498046875,0.8336292613636364,1.7764559659090908,2.341086647727273,3.0628551136363638,6.1257102272727275,9.889026988636363,12.501775568181818,15.897549715909092,18.188032670454547,20.001775568181817,17.199928977272727,15.101207386363637,13.892045454545455,12.970525568181818,8.149857954545455,6.474609375,4.210759943181818,1.845703125,1.5394176136363635,-1.0866477272727273,-3.6381392045454546,-6.2428977272727275,-8.288352272727273,-10.014204545454545,-10.216619318181818,-11.668146306818182,-15.561967329545455,-17.418323863636363,-17.86044034090909,-15.476740056818182
-13.507191051136363,-12.6708984375,-13.806818181818182,-12.106267755681818,-11.307262073863637,-11.3818359375,-11.232688210227273,-10.263227982954545,-10.015536221590908,-9.894353693181818,-11.857244318181818,-15.074573863636363,-18.00692471590909,-21.410688920454547,-24.281782670454547,-26.6015625,-27.108931107954547,-29.442027698863637,-27.665571732954547,-26.680131392045453,-24.409623579545453,-21.74227627840909,-17.887073863636363,-12.087624289772727,-9.983575994318182,-17.872425426136363,-32.60875355113637,-58.83611505681818,-111.58913352272727,-160.84517045454547,-177.06099076704547,-140.0896661931818,-71.7041015625,-6.655717329545454,38.97150213068182,59.68838778409091,65.91663707386364,63.02956321022727,56.8212890625,51.37473366477273,43.90003551136363,40.49627130681818,35.64098011363637,32.14000355113637,29.042524857954547,27.226118607954547,26.186079545454547,25.00088778409091,24.392311789772727,25.758611505681817,27.041015625,25.637428977272727,24.295099431818183,22.615855823863637,23.153852982954547,23.498757102272727,21.731622869318183,20.20419034090909,18.43838778409091,17.616743607954547,15.745738636363637,13.753551136363637,12.215465198863637,11.477716619318182,11.417791193181818,10.448330965909092,10.099431818181818,9.847745028409092,10.148703835227273,9.895685369318182,7.934126420454546,7.061878551136363,5.359996448863637,5.008433948863637,4.730113636363637
-4.0016867897727275,-3.518288352272727,-4.51171875,-3.6234907670454546,-2.662020596590909,-3.094815340909091,-2.6313920454545454,-3.0095880681818183,-5.807439630681818,-11.127485795454545,-14.250266335227273,-11.448419744318182,-8.501420454545455,-5.691583806818182,-4.4704367897727275,-3.5808771306818183,-2.9376775568181817,-3.5609019886363638,-2.4968927556818183,-1.5114524147727273,-0.09721235795454546,1.6885653409090908,3.5169566761363638,3.913796164772727,4.082919034090909,4.254705255681818,5.816761363636363,6.878107244318182,-12.444513494318182,-77.68998579545455,-133.32741477272728,-118.05708451704545,-47.93767755681818,28.70028409090909,80.8194247159091,101.0409268465909,107.05877130681819,105.2237215909091,98.37890625,90.04660866477273,78.93510298295455,67.30291193181819,58.62837357954545,52.34419389204545,47.25053267045455,43.62171519886363,39.95161576704545,35.22017045454545,29.845525568181817,24.504172585227273,20.161576704545453,16.49014559659091,14.6630859375,14.615145596590908,13.838778409090908,14.227627840909092,13.556463068181818,11.690784801136363,7.638494318181818,5.5837180397727275,7.0166015625,7.683771306818182,7.518643465909091,6.1936257102272725,4.925870028409091,4.3093039772727275,1.7471590909090908,-1.9322620738636365,-4.688831676136363,-7.627840909090909,-11.324573863636363,-15.729758522727273,-17.551491477272727,-19.401189630681817,-19.635564630681817
0.2157315340909091,-1.7658025568181819,-1.9309303977272727,-0.5819424715909091,0.37553267045454547,0.17311789772727273,-2.7778764204545454,-4.903231534090909,-5.162908380681818,-4.510387073863637,-3.2439630681818183,-2.229225852272727,-1.1825284090909092,-1.8323863636363635,-1.5514026988636365,-1.9815340909090908,-1.9522372159090908,-0.732421875,-0.16246448863636365,0.22904829545454544,0.10786576704545454,-0.8030007102272727,-3.5981889204545454,-5.834073153409091,-9.718572443181818,-13.342063210227273,-12.328657670454545,-12.274058948863637,-20.887340198863637,-33.81924715909091,-40.15802556818182,-38.50142045454545,-33.07350852272727,-27.343306107954547,-25.610795454545453,-26.060901988636363,-25.02352627840909,-24.928977272727273,-23.577325994318183,-20.98721590909091,-17.522194602272727,-14.952059659090908,-11.2939453125,-7.208362926136363,-3.679421164772727,-1.4408735795454546,0.8416193181818182,3.423739346590909,4.407848011363637,5.44921875,7.1657492897727275,9.216530539772727,11.267311789772727,11.269975142045455,11.515003551136363,11.3818359375,11.319247159090908,10.863813920454545,10.742631392045455,10.837180397727273,10.403053977272727,10.871803977272727,10.870472301136363,10.4296875,9.296431107954545,8.096590909090908,6.5744850852272725,5.048384232954546,4.3678977272727275,3.5582386363636362,1.5767045454545454,-1.11328125,-2.3304332386363638,-4.636896306818182,-6.806196732954546
-2.6273970170454546,-4.007013494318182,-4.3505859375,-3.7713068181818183,-3.9470880681818183,-2.7592329545454546,-3.3984375,-3.4437144886363638,-3.7406782670454546,-4.066938920454546,-4.345259232954546,-3.599520596590909,-3.2506214488636362,-2.6593572443181817,-3.515625,-3.5662286931818183,-3.3265269886363638,-4.16015625,-4.989790482954546,-5.712890625,-5.80078125,-6.033824573863637,-6.0498046875,-5.748845880681818,-5.2707741477272725,-1.1265980113636365,4.453125,3.2306463068181817,-12.563032670454545,-30.455433238636363,-37.49866832386363,-32.0361328125,-20.439897017045453,-11.795987215909092,-7.442737926136363,-5.454545454545454,-4.080255681818182,-2.8511186079545454,-1.7085404829545454,-1.8856534090909092,-2.7166193181818183,-2.6020951704545454,-2.222567471590909,-1.7990944602272727,-2.2478693181818183,-2.508877840909091,-1.6073330965909092,-0.9148615056818182,-0.09188565340909091,-0.8269708806818182,-0.6032492897727273,0.4461115056818182,1.0307173295454546,0.6645063920454546,0.6458629261363636,1.0533558238636365,0.25834517045454547,0.4221413352272727,-0.018643465909090908,0.3995028409090909,0.5419921875,0.5579723011363636,0.6884765625,2.8204900568181817,3.181374289772727,1.6459517045454546,1.0719992897727273,1.7231889204545454,1.5434126420454546,1.1465731534090908,-0.40482954545454547,-0.7097833806818182,-1.4914772727272727,-1.6446200284090908,-1.1825284090909092
-3.892489346590909,-3.176047585227273,-1.5713778409090908,-1.7751242897727273,-2.1599786931818183,-2.098721590909091,-2.4542791193181817,-1.2784090909090908,-1.9069602272727273,-3.2652698863636362,-4.736772017045454,-5.359996448863637,-3.5755504261363638,-2.2691761363636362,-2.0374644886363638,-1.40625,-0.4541015625,-1.23046875,-1.7311789772727273,-2.450284090909091,-1.8470348011363635,-3.6128373579545454,-6.756924715909091,-11.044921875,-19.920543323863637,-29.16104403409091,-34.64089133522727,-31.033380681818183,-30.556640625,-41.40447443181818,-47.33709161931818,-44.32350852272727,-36.41068892045455,-28.2568359375,-21.589133522727273,-18.28125,-16.942915482954547,-16.79110440340909,-16.075994318181817,-14.468661221590908,-13.019797585227273,-11.2939453125,-9.617365056818182,-7.469371448863637,-3.6567826704545454,-0.9148615056818182,2.7632279829545454,6.065784801136363,9.375,11.099520596590908,11.304598721590908,12.575017755681818,14.312855113636363,16.36629971590909,18.359818892045453,18.913796164772727,17.338423295454547,15.322265625,13.580433238636363,11.530983664772727,9.903675426136363,10.456321022727273,10.400390625,9.102006392045455,7.1071555397727275,5.670276988636363,4.454456676136363,3.8525390625,3.0335582386363638,1.3889382102272727,-1.2491122159090908,-2.8045099431818183,-4.024325284090909,-4.5436789772727275,-6.707652698863637
-5.9059836647727275,-5.0244140625,-4.007013494318182,-4.459783380681818,-5.282759232954546,-4.405184659090909,-5.164240056818182,-6.575816761363637,-7.041903409090909,-6.151012073863637,-5.403941761363637,-5.553089488636363,-4.766068892045454,-5.489169034090909,-6.421342329545454,-6.800870028409091,-8.1298828125,-8.211115056818182,-7.9274680397727275,-8.253728693181818,-9.717240767045455,-11.207386363636363,-11.529651988636363,-12.505770596590908,-11.493696732954545,-7.420099431818182,-3.102805397727273,-7.932794744318182,-24.108664772727273,-48.98703835227273,-64.11887428977273,-60.99209872159091,-45.9228515625,-26.81729403409091,-10.160688920454545,0.5126953125,5.268110795454546,7.958096590909091,9.064719460227273,9.1552734375,8.346946022727273,8.219105113636363,9.526811079545455,9.604048295454545,10.871803977272727,10.325816761363637,9.462890625,9.518821022727273,8.369584517045455,9.742542613636363,10.819868607954545,11.688121448863637,11.9384765625,10.715997869318182,9.8876953125,9.986239346590908,9.348366477272727,9.209872159090908,9.390980113636363,7.574573863636363,7.127130681818182,5.398615056818182,4.1281960227272725,3.153409090909091,3.0814985795454546,3.893821022727273,3.674094460227273,3.6767578125,3.7633167613636362,3.469016335227273,3.153409090909091,0.7670454545454546,-0.146484375,-0.6658380681818182,0.8149857954545454
-4.993785511363637,-4.1628196022727275,-4.3772194602272725,-4.102894176136363,-3.4064275568181817,-3.8325639204545454,-5.7688210227272725,-6.3401100852272725,-6.884765625,-6.065784801136363,-6.573153409090909,-6.498579545454546,-6.571821732954546,-6.194957386363637,-5.810102982954546,-5.6569602272727275,-5.389293323863637,-6.736949573863637,-6.282848011363637,-7.113813920454546,-6.910067471590909,-7.2243430397727275,-7.729048295454546,-8.651899857954545,-8.763760653409092,-6.461292613636363,-0.2823153409090909,2.3077947443181817,-5.4465553977272725,-27.46981534090909,-39.67729048295455,-36.76624644886363,-24.658647017045453,-12.015713778409092,-3.2466264204545454,1.2318004261363635,2.0121626420454546,2.632723721590909,2.0561079545454546,1.2637606534090908,-0.11186079545454546,-0.8655894886363636,-1.0147372159090908,-1.1745383522727273,-1.0759943181818181,-1.5806995738636365,0.2090731534090909,1.2477805397727273,1.7125355113636365,2.448952414772727,2.2611860795454546,2.1080433238636362,2.1919389204545454,1.9229403409090908,2.0654296875,1.6379616477272727,1.4754971590909092,0.7097833806818182,1.2837357954545454,0.7776988636363636,0.4314630681818182,0.9707919034090909,0.7843572443181818,1.6539417613636365,0.6458629261363636,0.3622159090909091,-0.12917258522727273,-1.0919744318181819,-2.1626420454545454,-1.6632634943181819,-1.5487393465909092,-1.4741654829545454,-1.2131569602272727,-2.0228160511363638,-0.7697088068181818
-3.8538707386363638,-3.233309659090909,-2.655362215909091,-1.3063742897727273,-0.6378728693181818,-1.2517755681818181,-3.0615234375,-5.467862215909091,-6.382723721590909,-7.2975852272727275,-6.601118607954546,-5.101651278409091,-3.3904474431818183,-1.8989701704545454,-0.8389559659090909,-0.17711292613636365,1.5327592329545454,1.4621803977272727,0.9827769886363636,0.08123224431818182,-1.8656782670454546,-3.5236150568181817,-3.034889914772727,-3.2612748579545454,-1.5980113636363635,-2.2332208806818183,-4.7873757102272725,-14.235617897727273,-40.89710582386363,-83.75310724431819,-104.96271306818181,-85.43634588068181,-39.41761363636363,4.941850142045454,28.99991122159091,42.32998934659091,51.25887784090909,56.72407670454545,59.86150568181818,60.263671875,57.88796164772727,52.41344105113637,46.58336292613637,41.96377840909091,37.08984375,34.65287642045455,32.50088778409091,31.070667613636363,29.3701171875,28.083718039772727,25.85848721590909,23.61727627840909,22.551935369318183,21.868785511363637,19.562322443181817,16.090642755681817,12.804066051136363,9.151278409090908,5.9619140625,2.2998046875,1.2837357954545454,0.6218927556818182,0.37153764204545453,-0.41548295454545453,-1.0466974431818181,-2.0427911931818183,-5.000443892045454,-7.149769176136363,-7.574573863636363,-9.597389914772727,-10.522904829545455,-11.276633522727273,-12.4365234375,-13.343394886363637,-13.483220880681818
-6.088423295454546,-7.1604225852272725,-7.127130681818182,-7.097833806818182,-7.0578835227272725,-6.707652698863637,-6.392045454545454,-4.710138494318182,-4.2507102272727275,-3.3984375,-2.5261896306818183,-2.1586470170454546,-2.5581498579545454,-3.879172585227273,-5.8473899147727275,-7.979403409090909,-10.139382102272727,-12.5390625,-13.820134943181818,-16.198508522727273,-19.093572443181817,-21.7236328125,-24.581409801136363,-26.807972301136363,-30.078568892045453,-35.54243607954545,-46.59135298295455,-68.57466264204545,-88.25150923295455,-108.93510298295455,-115.23259943181819,-79.7128018465909,-37.060546875,0.3888494318181818,27.728160511363637,43.70561079545455,49.65021306818182,49.34925426136363,46.49946732954545,42.81471946022727,36.6943359375,32.45561079545455,28.53915127840909,26.569602272727273,24.958274147727273,22.651811079545453,21.9287109375,21.3134765625,19.572975852272727,18.282581676136363,15.957475142045455,14.284889914772727,14.627130681818182,13.730912642045455,12.717507102272727,11.7041015625,10.303178267045455,9.632013494318182,7.595880681818182,6.161665482954546,5.479847301136363,3.9351029829545454,3.716708096590909,4.044300426136363,4.4384765625,4.971147017045454,4.096235795454546,2.783203125,1.6020063920454546,0.7244318181818182,-0.3622159090909091,0.5153586647727273,1.1785333806818181,0.7990056818181818,0.11585582386363637
-11.910511363636363,-12.315340909090908,-12.622958096590908,-10.256569602272727,-9.842418323863637,-9.7998046875,-11.4404296875,-13.393998579545455,-15.021306818181818,-15.679154829545455,-15.450106534090908,-15.810990767045455,-16.383611505681817,-16.5234375,-17.31844815340909,-17.341086647727273,-17.824485085227273,-16.151899857954547,-14.808238636363637,-14.980024857954545,-14.448686079545455,-13.837446732954545,-15.592595880681818,-16.302379261363637,-22.863547585227273,-34.28133877840909,-44.2822265625,-54.77982954545455,-76.79509943181819,-106.01740056818181,-109.14018110795455,-83.05397727272727,-47.55282315340909,-12.598987926136363,12.419211647727273,26.82528409090909,34.09623579545455,36.05379971590909,34.83931107954545,31.8603515625,27.477805397727273,22.63583096590909,20.569069602272727,20.234818892045453,20.217507102272727,21.819513494318183,22.472034801136363,23.482776988636363,22.703746448863637,22.2216796875,21.984641335227273,20.485174005681817,19.36922940340909,18.71670809659091,17.116033380681817,16.506125710227273,16.555397727272727,14.359463778409092,12.801402698863637,11.801313920454545,12.4658203125,13.178267045454545,12.702858664772727,12.455166903409092,12.106267755681818,11.897194602272727,10.462979403409092,9.715909090909092,7.559925426136363,7.838245738636363,6.2082741477272725,6.139026988636363,6.760919744318182,5.1735617897727275,3.643465909090909
-2.0707563920454546,-1.9802024147727273,-3.283913352272727,-2.486239346590909,-2.8990589488636362,-4.090909090909091,-4.9338600852272725,-7.7756569602272725,-10.323153409090908,-11.521661931818182,-10.869140625,-9.438920454545455,-7.972745028409091,-6.072443181818182,-4.486416903409091,-3.6394708806818183,-3.4144176136363638,-4.550337357954546,-4.590287642045454,-4.9485085227272725,-5.1975319602272725,-4.495738636363637,-5.1535866477272725,-8.714488636363637,-13.338068181818182,-15.880237926136363,-17.520862926136363,-18.381125710227273,-32.01748934659091,-53.60129616477273,-62.47025923295455,-53.14852627840909,-34.73011363636363,-16.038707386363637,-4.608931107954546,1.0813210227272727,4.282670454545454,4.550337357954546,4.824662642045454,5.106977982954546,6.088423295454546,8.626598011363637,11.2060546875,13.041104403409092,14.675071022727273,14.23828125,12.515092329545455,11.772017045454545,10.2978515625,10.087446732954545,10.600142045454545,11.391157670454545,14.958718039772727,16.9775390625,18.6328125,19.70614346590909,20.758167613636363,21.5185546875,22.294921875,22.948774857954547,23.317649147727273,23.637251420454547,23.308327414772727,22.900834517045453,22.091175426136363,19.113547585227273,15.926846590909092,12.357954545454545,9.717240767045455,6.3307883522727275,3.7513316761363638,1.3876065340909092,-0.6072443181818182,-3.3251953125,-6.771573153409091
-3.563565340909091,-3.8738458806818183,-3.511629971590909,-3.3478338068181817,-3.8605291193181817,-3.2239879261363638,-3.1041370738636362,-4.141512784090909,-8.044655539772727,-10.717329545454545,-11.728071732954545,-10.494939630681818,-8.348277698863637,-6.788884943181818,-4.703480113636363,-4.122869318181818,-3.3265269886363638,-2.5275213068181817,-1.4302201704545454,-1.7085404829545454,-2.0454545454545454,-3.75,-4.723455255681818,-6.819513494318182,-8.707830255681818,-11.991743607954545,-17.136008522727273,-20.901988636363637,-27.781427556818183,-46.32235440340909,-54.68394886363637,-47.548828125,-32.44229403409091,-19.780717329545453,-11.77734375,-8.1884765625,-8.227095170454545,-9.087357954545455,-9.2138671875,-9.227183948863637,-7.7903053977272725,-6.743607954545454,-5.591708096590909,-4.535688920454546,-2.0068359375,1.9415838068181819,5.418590198863637,6.898082386363637,7.750355113636363,8.992808948863637,10.480291193181818,12.051669034090908,14.051846590909092,16.068004261363637,16.6552734375,17.330433238636363,15.536665482954545,14.255593039772727,12.939897017045455,12.413884943181818,12.255415482954545,13.974609375,15.450106534090908,16.81241122159091,16.474165482954547,16.6845703125,16.851029829545453,15.537997159090908,15.564630681818182,14.577858664772727,13.846768465909092,11.869229403409092,9.920987215909092,7.665127840909091,4.427823153409091
-6.0964133522727275,-5.956587357954546,-6.294833096590909,-5.9006569602272725,-4.706143465909091,-4.678178267045454,-4.586292613636363,-4.301313920454546,-4.4264914772727275,-4.053622159090909,-4.257368607954546,-4.534357244318182,-5.530450994318182,-5.1828835227272725,-4.471768465909091,-5.459872159090909,-5.9912109375,-6.3893821022727275,-5.992542613636363,-6.119051846590909,-5.9033203125,-5.987215909090909,-4.9192116477272725,-4.166814630681818,1.8084161931818181,6.4040305397727275,6.942027698863637,0.12384588068181818,-17.551491477272727,-31.181196732954547,-33.73668323863637,-26.17276278409091,-15.7763671875,-8.293678977272727,-4.8952414772727275,-3.313210227272727,-2.8484552556818183,-3.4996448863636362,-4.0696022727272725,-3.981711647727273,-4.383877840909091,-4.913884943181818,-4.2653586647727275,-3.307883522727273,-3.474343039772727,-3.2759232954545454,-2.3517400568181817,-2.0201526988636362,-1.1931818181818181,-1.8936434659090908,-1.8576882102272727,-1.7964311079545454,-1.5087890625,-1.3889382102272727,-0.9215198863636364,-1.2344637784090908,-1.8963068181818181,-1.7737926136363635,-1.6645951704545454,-1.5567294034090908,-2.3077947443181817,-1.5607244318181819,-2.3237748579545454,-1.0653409090909092,-1.2584339488636365,-1.7338423295454546,-2.098721590909091,-1.5727095170454546,-1.4448686079545454,-1.5767045454545454,-1.8803267045454546,-2.243874289772727,-3.3558238636363638,-3.351828835227273,-3.2745916193181817
-4.013671875,-3.884499289772727,-3.166725852272727,-1.9429154829545454,-2.8324751420454546,-4.537020596590909,-4.712801846590909,-7.879527698863637,-8.337624289772727,-7.681107954545454,-7.039240056818182,-4.8952414772727275,-3.9124644886363638,-1.4208984375,0.3515625,1.5980113636363635,1.4142400568181819,1.2251420454545454,1.3156960227272727,1.2744140625,1.3662997159090908,0.7004616477272727,-0.1424893465909091,0.5113636363636364,0.9255149147727273,1.7018821022727273,2.317116477272727,-2.0747514204545454,-17.86044034090909,-47.26917613636363,-73.91867897727273,-67.99671519886364,-33.26526988636363,7.679776278409091,38.87562144886363,56.66148792613637,62.49289772727273,61.67258522727273,56.56693892045455,52.85688920454545,48.27725497159091,41.97176846590909,37.16708096590909,30.178444602272727,24.285777698863637,18.723366477272727,14.134410511363637,10.4296875,5.586381392045454,3.6541193181818183,3.3238636363636362,3.879172585227273,4.003018465909091,4.5530007102272725,3.563565340909091,2.2412109375,1.4794921875,2.6154119318181817,3.738014914772727,4.5703125,6.4040305397727275,7.970081676136363,7.779651988636363,6.9992897727272725,6.253551136363637,4.495738636363637,3.0308948863636362,1.3077059659090908,0.732421875,0.32759232954545453,-1.1665482954545454,-3.7886186079545454,-5.758167613636363,-6.832830255681818,-8.874289772727273
-10.528231534090908,-12.071644176136363,-12.468483664772727,-12.673561789772727,-12.475142045454545,-12.890625,-13.263494318181818,-13.774857954545455,-14.280894886363637,-15.612571022727273,-17.129350142045453,-20.38662997159091,-21.149680397727273,-21.876775568181817,-23.326970880681817,-27.5244140625,-29.880149147727273,-30.53133877840909,-30.741743607954547,-29.818892045454547,-27.951882102272727,-26.70809659090909,-25.566850142045453,-27.966530539772727,-35.91663707386363,-47.2705078125,-58.80814985795455,-74.326171875,-110.9512606534091,-164.91344105113637,-182.96431107954547,-161.22336647727272,-112.91814630681819,-56.42711292613637,-6.930042613636363,28.456587357954547,50.15092329545455,60.75905539772727,63.36647727272727,60.16912286931818,55.45099431818182,48.72602982954545,42.22611860795455,39.69992897727273,35.88201349431818,33.92444957386363,33.87784090909091,35.65163352272727,36.5625,37.08718039772727,37.18705610795455,35.47718394886363,35.57705965909091,34.4677734375,33.90047940340909,31.837713068181817,30.335582386363637,30.354225852272727,30.2490234375,28.910688920454547,27.435191761363637,26.661487926136363,25.071466619318183,23.867631392045453,21.615767045454547,20.730202414772727,20.07901278409091,19.241388494318183,19.124200994318183,17.644708806818183,16.432883522727273,15.423473011363637,14.753639914772727,13.401988636363637,12.106267755681818
1.4981356534090908,0.2889737215909091,-2.106711647727273,-3.5968572443181817,-7.157759232954546,-9.757191051136363,-10.103426846590908,-9.133966619318182,-7.799627130681818,-7.449396306818182,-7.6637961647727275,-7.587890625,-6.370738636363637,-5.3493430397727275,-3.1427556818181817,-0.7457386363636364,0.7364169034090909,0.9801136363636364,0.8056640625,-0.3196022727272727,-1.2424538352272727,0.8629261363636364,3.753995028409091,7.076526988636363,9.095348011363637,10.376420454545455,5.302734375,-13.920010653409092,-59.33549360795455,-117.47913707386364,-132.4871271306818,-97.6797762784091,-37.41344105113637,19.5556640625,61.66725852272727,86.69078480113636,96.6317471590909,99.65864701704545,96.08575994318181,90.3116122159091,81.24289772727273,72.67356178977273,64.0869140625,55.60813210227273,46.98419744318182,40.58682528409091,32.25053267045455,26.015625,20.601029829545453,15.64453125,11.524325284090908,6.847478693181818,2.9137073863636362,0.30229048295454547,0.35289417613636365,1.4248934659090908,4.197443181818182,8.402876420454545,13.011807528409092,17.491566051136363,23.366921164772727,28.77352627840909,32.47025923295455,34.56232244318182,35.56507457386363,35.09499289772727,33.71537642045455,32.40900213068182,27.529740767045453,22.691761363636363,18.282581676136363,13.505859375,9.284446022727273,6.258877840909091,3.3025568181818183
2.2252308238636362,2.8790838068181817,3.8512073863636362,3.4503728693181817,0.3156072443181818,-4.803355823863637,-9.538796164772727,-11.312588778409092,-9.987571022727273,-8.662553267045455,-6.776899857954546,-4.546342329545454,-2.9070490056818183,-1.4781605113636365,-0.03995028409090909,0.4221413352272727,0.7337535511363636,0.615234375,0.2010830965909091,-1.4701704545454546,-5.198863636363637,-13.073064630681818,-22.039240056818183,-29.097123579545453,-35.5810546875,-47.51819957386363,-63.60617897727273,-79.98979048295455,-92.44096235795455,-99.873046875,-102.94921875,-102.16086647727273,-98.2364169034091,-93.06418678977273,-86.4657315340909,-78.71404474431819,-70.3457919034091,-61.13858309659091,-52.75301846590909,-44.43004261363637,-35.99786931818182,-27.844016335227273,-19.916548295454547,-12.310014204545455,-5.348011363636363,1.5287642045454546,7.994051846590909,13.527166193181818,18.058860085227273,21.7529296875,25.244584517045453,28.5498046875,31.05868252840909,33.40110085227273,35.74085582386363,36.96999289772727,39.31107954545455,40.29252485795455,40.82120028409091,40.60413707386363,40.82120028409091,39.52015269886363,36.25754616477273,30.239701704545453,24.351029829545453,18.98837002840909,15.777698863636363,13.359375,12.027698863636363,10.657404119318182,9.974254261363637,8.685191761363637,7.183061079545454,5.9299538352272725,4.943181818181818
-0.5180220170454546,-0.7776988636363636,-0.9628018465909091,-1.3223544034090908,-1.9162819602272727,-1.3276811079545454,-1.5487393465909092,-1.3356711647727273,-1.4581853693181819,-1.1372514204545454,-0.9361683238636364,-0.9028764204545454,-0.8456143465909091,-0.6059126420454546,-0.5553089488636364,-0.7870205965909091,-0.8189808238636364,-1.0706676136363635,-1.3916015625,-1.3849431818181819,-1.5460759943181819,-1.6712535511363635,-1.7498224431818181,-1.6805752840909092,-1.2690873579545454,-1.3916015625,-0.6205610795454546,2.0281427556818183,8.695845170454545,18.22665127840909,26.784002130681817,24.65731534090909,10.448330965909092,-5.659623579545454,-17.022816051136363,-22.413441051136363,-23.5693359375,-21.619762073863637,-18.330522017045453,-14.874822443181818,-11.568270596590908,-8.940873579545455,-7.480024857954546,-5.776811079545454,-5.146928267045454,-4.927201704545454,-4.505060369318182,-3.9990234375,-4.224076704545454,-4.080255681818182,-3.9324396306818183,-3.915127840909091,-3.3451704545454546,-3.0082563920454546,-2.2318892045454546,-1.8217329545454546,-1.5354225852272727,-1.4794921875,-1.6592684659090908,-1.2810724431818181,-0.8030007102272727,-1.0213955965909092,-0.35289417613636365,0.0439453125,-0.8416193181818182,-0.7976740056818182,-0.9694602272727273,-0.6352095170454546,-0.7683771306818182,-0.35688920454545453,-0.06791548295454546,-0.22771661931818182,0.06258877840909091,0.6045809659090909,-0.04261363636363636
-9.156605113636363,-8.876953125,-8.602627840909092,-9.112659801136363,-8.795720880681818,-8.432173295454545,-8.689186789772727,-10.492276278409092,-11.136807528409092,-11.190074573863637,-11.712091619318182,-13.150301846590908,-12.862659801136363,-12.275390625,-12.646928267045455,-13.366033380681818,-14.741654829545455,-15.671164772727273,-17.048117897727273,-17.06942471590909,-17.575461647727273,-16.428888494318183,-14.532581676136363,-12.716175426136363,-9.315074573863637,-6.036487926136363,-7.32421875,-17.576793323863637,-39.26180752840909,-62.28915127840909,-67.46138139204545,-59.13174715909091,-43.51917613636363,-24.650656960227273,-10.482954545454545,-2.736594460227273,-0.5646306818181818,-0.7164417613636364,-1.1878551136363635,-3.776633522727273,-4.975142045454546,-3.445046164772727,-2.1400035511363638,0.31693892045454547,3.2000177556818183,5.722212357954546,8.360262784090908,10.887784090909092,13.513849431818182,15.476740056818182,16.928267045454547,18.250621448863637,18.560901988636363,19.5263671875,18.961736505681817,17.18661221590909,14.471324573863637,14.127752130681818,14.727006392045455,16.042702414772727,17.506214488636363,18.727361505681817,18.024236505681817,17.191938920454547,17.0654296875,16.214488636363637,16.16787997159091,15.475408380681818,14.757634943181818,13.296786221590908,12.314009232954545,11.315252130681818,9.690607244318182,9.1845703125,9.729225852272727
-3.6980646306818183,-3.0322265625,-3.415749289772727,-3.366477272727273,-3.299893465909091,-3.4730113636363638,-5.7395241477272725,-9.010120738636363,-11.269975142045455,-11.624200994318182,-10.008877840909092,-8.570667613636363,-7.1218039772727275,-5.599698153409091,-3.679421164772727,-1.7098721590909092,-1.3236860795454546,-0.2197265625,-0.6964666193181818,-0.03196022727272727,0.6818181818181818,1.0027521306818181,-0.8416193181818182,-4.117542613636363,-7.91015625,-13.6669921875,-21.149680397727273,-30.695134943181817,-54.40962357954545,-83.36558948863636,-90.24236505681819,-73.1143465909091,-49.27601207386363,-27.859996448863637,-13.199573863636363,-3.2865767045454546,0.6698330965909091,2.361061789772727,3.0908203125,3.7872869318181817,5.415926846590909,8.581321022727273,11.123490767045455,14.489968039772727,17.309126420454547,18.620827414772727,20.822088068181817,23.44149502840909,24.77450284090909,24.54678622159091,25.706676136363637,25.999644886363637,26.4990234375,27.568359375,29.687056107954547,30.568625710227273,29.973366477272727,29.612482244318183,27.222123579545453,24.82510653409091,21.477272727272727,18.655450994318183,15.062588778409092,10.813210227272727,6.4306640625,2.7086292613636362,-0.5899325284090909,-2.9603160511363638,-4.6169211647727275,-5.4345703125,-5.684925426136363,-4.106889204545454,-4.6848366477272725,-3.7060546875,-3.313210227272727
-2.2651811079545454,-3.2612748579545454,-4.2946555397727275,-3.5981889204545454,-3.006924715909091,-2.398348721590909,-2.333096590909091,-4.7341086647727275,-6.993963068181818,-9.307084517045455,-9.5654296875,-7.754350142045454,-6.408025568181818,-5.090997869318182,-5.386629971590909,-3.3411754261363638,-2.6819957386363638,-2.017489346590909,-2.3051313920454546,-1.6872336647727273,-1.8736683238636365,-1.259765625,-1.4408735795454546,-2.3930220170454546,-3.483664772727273,-3.908469460227273,-5.116299715909091,-8.5546875,-19.824662642045453,-37.56258877840909,-46.00807883522727,-39.70925071022727,-24.030095880681817,-5.760830965909091,7.020596590909091,15.743075284090908,19.607599431818183,19.900568181818183,19.216086647727273,18.286576704545453,16.623313210227273,15.984108664772727,15.166459517045455,14.745649857954545,13.686967329545455,12.423206676136363,10.696022727272727,10.284534801136363,9.968927556818182,9.859730113636363,9.277787642045455,10.978338068181818,12.882634943181818,13.685635653409092,14.713689630681818,17.31844815340909,18.556906960227273,20.487837357954547,21.417347301136363,21.328125,21.898082386363637,20.996537642045453,18.837890625,16.669921875,14.041193181818182,12.002397017045455,9.851740056818182,8.161843039772727,5.383966619318182,4.375887784090909,2.295809659090909,0.5379971590909091,-0.6032492897727273,-1.435546875,-3.117453835227273
-8.112571022727273,-8.504083806818182,-9.1845703125,-9.568093039772727,-9.763849431818182,-10.588156960227273,-10.478959517045455,-10.813210227272727,-10.727982954545455,-10.160688920454545,-10.995649857954545,-10.585493607954545,-10.753284801136363,-11.986416903409092,-12.315340909090908,-12.5244140625,-13.764204545454545,-16.111949573863637,-18.21200284090909,-19.533025568181817,-21.003196022727273,-21.037819602272727,-19.260031960227273,-16.976207386363637,-14.535245028409092,-9.324396306818182,-5.470525568181818,-8.429509943181818,-27.702858664772727,-63.02689985795455,-78.8232421875,-69.67595880681819,-47.14533025568182,-23.275035511363637,-2.8484552556818183,10.882457386363637,14.476651278409092,14.465997869318182,14.917436079545455,12.947887073863637,11.484375,10.689364346590908,9.889026988636363,9.813121448863637,10.144708806818182,11.172762784090908,12.170188210227273,14.463334517045455,16.86434659090909,18.872514204545453,19.774058948863637,20.802112926136363,20.44921875,20.236150568181817,21.02450284090909,20.843394886363637,19.63955965909091,18.2373046875,16.733842329545453,15.327592329545455,14.974698153409092,14.47265625,14.58984375,14.3408203125,14.473987926136363,13.834783380681818,13.039772727272727,12.103604403409092,11.163441051136363,11.115500710227273,10.401722301136363,10.537553267045455,10.355113636363637,10.224609375,9.259144176136363
-1.6765802556818181,-2.801846590909091,-2.900390625,-2.2691761363636362,-1.6153231534090908,-1.1638849431818181,-1.4368785511363635,-1.6273082386363635,-1.4195667613636365,-1.3543146306818181,-1.5620561079545454,-2.4968927556818183,-2.4329723011363638,-1.8070845170454546,-2.6886541193181817,-2.018821022727273,-2.976296164772727,-3.4929865056818183,-3.042879971590909,-2.141335227272727,-1.0160688920454546,0.24636008522727273,0.7697088068181818,1.7911044034090908,1.7365056818181819,2.8071732954545454,3.527610085227273,4.720791903409091,12.215465198863637,22.95010653409091,31.321022727272727,23.769087357954547,2.654030539772727,-14.874822443181818,-27.507102272727273,-31.149236505681817,-27.933238636363637,-22.373490767045453,-15.813654119318182,-9.725230823863637,-5.533114346590909,-2.419655539772727,-1.2970525568181819,-0.4794034090909091,-1.1558948863636365,-1.9016335227272727,-2.157315340909091,-1.7245205965909092,0.030628551136363636,1.5966796875,2.713955965909091,2.756569602272727,3.1147904829545454,3.540926846590909,3.2586115056818183,2.3810369318181817,1.2411221590909092,1.0653409090909092,2.082741477272727,1.6273082386363635,0.6991299715909091,0.5752840909090909,-0.18110795454545456,0.21439985795454544,0.2610085227272727,0.2157315340909091,0.42347301136363635,0.6578480113636364,1.0600142045454546,1.0986328125,0.7084517045454546,-0.04794034090909091,0.026633522727272728,0.11585582386363637,1.1772017045454546
3.820578835227273,0.9574751420454546,-10.256569602272727,-20.842063210227273,-24.319069602272727,-21.285511363636363,-15.515358664772727,-9.923650568181818,-6.270862926136363,-3.4410511363636362,-0.7776988636363636,0.6245561079545454,2.281161221590909,3.021573153409091,3.3318536931818183,4.639559659090909,4.959161931818182,3.6314808238636362,0.6352095170454546,-4.077592329545454,-11.016956676136363,-19.751420454545453,-31.032049005681817,-39.38165838068182,-42.93323863636363,-40.39506392045455,-39.57741477272727,-43.76020951704545,-48.74334161931818,-54.1845703125,-55.48961292613637,-54.87704190340909,-51.38006036931818,-46.31569602272727,-42.03302556818182,-38.00204190340909,-33.14541903409091,-28.192915482954547,-23.797052556818183,-18.682084517045453,-14.631125710227273,-11.248668323863637,-7.615855823863637,-3.401100852272727,0.3142755681818182,3.482333096590909,7.935458096590909,11.811967329545455,16.032049005681817,19.78604403409091,22.98739346590909,24.838423295454547,27.05166903409091,28.981267755681817,31.147904829545453,33.13742897727273,34.29465553977273,32.87508877840909,28.054421164772727,21.113725142045453,15.537997159090908,12.134232954545455,12.0849609375,13.766867897727273,15.616566051136363,16.728515625,17.5048828125,17.711292613636363,16.06534090909091,14.196999289772727,12.672230113636363,10.995649857954545,8.994140625,7.140447443181818,5.7981178977272725
-0.6112393465909091,-0.6192294034090909,-0.6764914772727273,-0.5965909090909091,-1.1332563920454546,-0.5286754261363636,-0.7137784090909091,-0.8189808238636364,-0.7537286931818182,-0.5433238636363636,-0.4767400568181818,-0.8043323863636364,-0.7643821022727273,-0.6631747159090909,-0.7137784090909091,-0.9135298295454546,-0.40482954545454547,0.3116122159090909,0.13716264204545456,-0.45543323863636365,-0.6471946022727273,-0.3995028409090909,0.1611328125,0.9841086647727273,2.6220703125,4.6315696022727275,9.725230823863637,6.101740056818182,-3.9976917613636362,-7.96875,-12.267400568181818,-11.851917613636363,-5.921963778409091,-1.8110795454545454,-0.47407670454545453,-0.5180220170454546,-0.9494850852272727,-1.4621803977272727,-2.414328835227273,-2.490234375,-3.7726384943181817,-4.8020241477272725,-5.398615056818182,-6.0378196022727275,-6.246892755681818,-6.189630681818182,-6.173650568181818,-6.422674005681818,-6.136363636363637,-5.936612215909091,-5.206853693181818,-3.7926136363636362,-3.3185369318181817,-2.536843039772727,-2.2718394886363638,-1.787109375,-1.9136186079545454,-1.4541903409090908,-1.4102450284090908,-1.9082919034090908,-1.4435369318181819,-1.4621803977272727,-1.1878551136363635,-0.7044566761363636,-1.0347123579545454,-0.8016690340909091,-1.1359197443181819,-1.2890625,-0.9787819602272727,-0.9335049715909091,-1.6139914772727273,-1.0120738636363635,-0.11186079545454546,0.7231001420454546,1.0813210227272727
-0.4647549715909091,-0.8056640625,-0.7017933238636364,-0.6618430397727273,-1.2624289772727273,-2.5328480113636362,-2.2798295454545454,-1.6419566761363635,-1.1292613636363635,-0.5007102272727273,-0.3182705965909091,-0.4833984375,-0.7577237215909091,-1.3702947443181819,-1.9442471590909092,-2.082741477272727,-2.16796875,-1.9482421875,-1.5394176136363635,-1.4821555397727273,-1.4768288352272727,-1.5633877840909092,-0.849609375,-0.6431995738636364,-0.34224076704545453,0.9108664772727273,4.096235795454546,5.752840909090909,-2.282492897727273,-15.921519886363637,-25.999644886363637,-16.960227272727273,-2.3291015625,6.891424005681818,8.639914772727273,7.469371448863637,5.064364346590909,3.0814985795454546,1.8696732954545454,0.27698863636363635,-1.9455788352272727,-3.8099254261363638,-5.8740234375,-7.296253551136363,-8.322975852272727,-8.747780539772727,-8.336292613636363,-7.436079545454546,-6.722301136363637,-6.001864346590909,-5.635653409090909,-4.6701882102272725,-3.7806285511363638,-3.2000177556818183,-2.178622159090909,-1.3862748579545454,-0.3289240056818182,-0.7337535511363636,-0.9055397727272727,-0.7497336647727273,-0.49272017045454547,-0.6977982954545454,-0.34224076704545453,-0.14382102272727273,-0.15181107954545456,0.7590553977272727,0.17844460227272727,-0.2716619318181818,-0.5806107954545454,-0.7390802556818182,-1.1039595170454546,-1.1332563920454546,-0.4128196022727273,0.42347301136363635,0.14914772727272727
-0.732421875,-0.9721235795454546,-1.2744140625,-0.6818181818181818,-0.48473011363636365,-0.12251420454545454,0.05726207386363636,-0.47807173295454547,-0.41015625,-1.2224786931818181,-1.5141157670454546,-1.1359197443181819,-0.9761186079545454,-0.7151100852272727,-0.9588068181818182,-0.7843572443181818,-0.8349609375,-0.8842329545454546,-0.7270951704545454,-0.2783203125,-0.8642578125,-0.29430042613636365,-1.1372514204545454,-1.4954723011363635,-1.2118252840909092,1.7671342329545454,10.823863636363637,11.067560369318182,-8.3349609375,-25.493607954545453,-29.247602982954547,-15.573952414772727,3.431729403409091,15.430131392045455,19.21475497159091,15.749733664772727,10.307173295454545,6.0031960227272725,2.223899147727273,-1.8443714488636365,-4.598277698863637,-7.049893465909091,-8.542702414772727,-9.687943892045455,-10.83984375,-10.525568181818182,-9.568093039772727,-9.0380859375,-8.385564630681818,-7.918146306818182,-7.1484375,-6.139026988636363,-4.932528409090909,-3.884499289772727,-3.072176846590909,-3.4210759943181817,-3.527610085227273,-2.9443359375,-2.025479403409091,-1.5607244318181819,-1.7098721590909092,-1.0600142045454546,-0.6392045454545454,-0.4567649147727273,-0.52734375,-0.4620916193181818,-0.1424893465909091,0.16779119318181818,-0.15980113636363635,0.05593039772727273,0.14515269886363635,0.038618607954545456,0.6631747159090909,0.7364169034090909,-0.234375
-1.5700461647727273,-1.201171875,-1.4422052556818181,-1.2571022727272727,-0.8575994318181818,-0.17045454545454544,0.5792791193181818,0.009321732954545454,-0.018643465909090908,0.10520241477272728,0.0,0.22238991477272727,0.5779474431818182,0.5832741477272727,0.1025390625,-0.4367897727272727,-1.1345880681818181,-1.4834872159090908,-1.4914772727272727,-1.5487393465909092,-1.8603515625,-1.7964311079545454,-1.5367542613636365,-1.1931818181818181,-0.4727450284090909,-0.3196022727272727,0.9827769886363636,4.249378551136363,4.307972301136363,-21.447975852272727,-43.77352627840909,-38.85298295454545,-19.778053977272727,-1.9442471590909092,12.379261363636363,19.762073863636363,20.2001953125,15.250355113636363,10.522904829545455,6.214932528409091,2.8617720170454546,1.3423295454545454,-0.17444957386363635,-1.5221058238636365,-2.590110085227273,-2.6154119318181817,-2.7086292613636362,-2.897727272727273,-3.101473721590909,-2.40234375,-2.538174715909091,-2.3077947443181817,-2.9216974431818183,-2.6140802556818183,-2.281161221590909,-1.9375887784090908,-1.8683416193181819,-1.5021306818181819,-1.5553977272727273,-1.4515269886363635,-1.2970525568181819,-0.9375,-1.1252663352272727,-0.37952769886363635,0.030628551136363636,-0.19176136363636365,0.2969637784090909,0.7670454545454546,1.0773259943181819,1.8150745738636365,1.7405007102272727,1.2504438920454546,0.43412642045454547,-0.5020419034090909,-1.3676313920454546
0.2996271306818182,1.1252663352272727,0.6605113636363636,0.17578125,-0.6645063920454546,-0.5206853693181818,-0.87890625,-1.2451171875,-1.6366299715909092,-2.670010653409091,-2.6420454545454546,-2.0308061079545454,-1.1079545454545454,-0.64453125,0.9068714488636364,1.3023792613636365,1.1159446022727273,0.5340021306818182,-0.4354580965909091,-1.1359197443181819,-1.4195667613636365,-0.5406605113636364,-0.7497336647727273,-0.5140269886363636,0.6658380681818182,3.161399147727273,8.725142045454545,10.889115767045455,0.2809836647727273,-13.595081676136363,-16.455522017045453,-7.286931818181818,4.1015625,8.2763671875,6.651722301136363,3.586203835227273,0.7923473011363636,-1.2437855113636365,-2.3051313920454546,-3.1400923295454546,-3.555575284090909,-4.330610795454546,-5.0949928977272725,-5.843394886363637,-5.791459517045454,-6.642400568181818,-6.661044034090909,-5.851384943181818,-5.940607244318182,-5.367986505681818,-4.4850852272727275,-3.9910333806818183,-3.176047585227273,-2.6753373579545454,-2.490234375,-1.5420809659090908,-1.3196910511363635,-0.7071200284090909,-0.7470703125,-1.1039595170454546,-1.7112038352272727,-2.0947265625,-2.0161576704545454,-1.7884410511363635,-1.0307173295454546,-0.2756569602272727,-0.4221413352272727,0.13449928977272727,0.3369140625,-0.18510298295454544,-0.3662109375,-0.263671875,0.2996271306818182,-0.10786576704545454,-0.035955255681818184
-2.969637784090909,-2.113370028409091,-1.2890625,0.030628551136363636,0.2596768465909091,0.07723721590909091,-0.1358309659090909,-0.36088423295454547,-0.25435014204545453,-0.35688920454545453,-0.9827769886363636,-1.7804509943181819,-2.2412109375,-1.4635120738636365,-1.3742897727272727,-1.4102450284090908,-1.4328835227272727,-1.5913529829545454,-0.9095348011363636,0.5406605113636364,0.7470703125,0.3196022727272727,-0.8123224431818182,-0.07457386363636363,0.6511896306818182,2.002840909090909,3.160067471590909,0.17844460227272727,-4.723455255681818,-5.5397727272727275,-7.0192649147727275,-5.708895596590909,-2.8631036931818183,-0.22105823863636365,1.3809481534090908,1.6339666193181819,1.3782848011363635,0.15846946022727273,-0.7177734375,-1.5514026988636365,-2.2425426136363638,-1.8124112215909092,-1.6832386363636365,-1.3343394886363635,-1.4195667613636365,-2.472922585227273,-2.4382990056818183,-3.630149147727273,-4.1015625,-4.1481711647727275,-3.438387784090909,-3.0095880681818183,-2.259854403409091,-1.5007990056818181,-1.5087890625,-1.2437855113636365,-0.38618607954545453,1.3077059659090908,2.1160333806818183,2.373046875,1.7085404829545454,1.318359375,0.16779119318181818,0.04527698863636364,-0.6525213068181818,-0.9947620738636364,-1.0333806818181819,-1.5380859375,-1.5340909090909092,-2.0893998579545454,-1.5074573863636365,-1.0973011363636365,-0.6032492897727273,-1.0813210227272727,-2.0015092329545454
-0.3928444602272727,-1.4022549715909092,-1.9602272727272727,-2.34375,-2.566139914772727,-3.2599431818181817,-3.512961647727273,-3.5009765625,-3.4996448863636362,-3.262606534090909,-2.809836647727273,-2.6207386363636362,-2.2904829545454546,-2.0601029829545454,-1.7564808238636365,-1.4462002840909092,-0.7430752840909091,-1.0000887784090908,-1.1652166193181819,-1.8523615056818181,-2.373046875,-3.036221590909091,-4.0163352272727275,-6.1376953125,-7.880859375,-7.231001420454546,-4.385209517045454,-3.724698153409091,-7.141779119318182,-11.857244318181818,-14.619140625,-13.816139914772727,-11.063565340909092,-7.7516867897727275,-4.2453835227272725,-0.7683771306818182,2.018821022727273,3.6487926136363638,4.214754971590909,4.077592329545454,3.2319779829545454,2.4742542613636362,1.8923117897727273,1.7098721590909092,1.7058771306818181,1.4541903409090908,1.4475319602272727,1.9655539772727273,1.7724609375,1.5447443181818181,0.39683948863636365,-1.0933061079545454,-1.3716264204545454,-1.9016335227272727,-1.7311789772727273,-1.4635120738636365,-1.1652166193181819,-0.673828125,-0.9161931818181818,-0.7990056818181818,-0.7497336647727273,-0.20774147727272727,0.48206676136363635,0.36487926136363635,0.9348366477272727,1.4515269886363635,1.8616832386363635,1.9202769886363635,1.7365056818181819,1.2757457386363635,0.22105823863636365,-0.1278409090909091,-0.1717862215909091,0.6671697443181818,0.8509410511363636
-3.132102272727273,-2.507546164772727,-2.3197798295454546,-1.962890625,-1.7578125,-1.1252663352272727,-1.1345880681818181,-1.6539417613636365,-2.141335227272727,-2.783203125,-2.648703835227273,-2.634055397727273,-2.749911221590909,-2.3797052556818183,-2.391690340909091,-1.8377130681818181,-2.165305397727273,-1.9908558238636365,-2.1732954545454546,-2.391690340909091,-2.362393465909091,-2.310458096590909,-1.4874822443181819,-1.6273082386363635,-2.3064630681818183,-4.879261363636363,-7.4560546875,-8.73046875,-9.883700284090908,-11.095525568181818,-11.396484375,-10.518909801136363,-8.506747159090908,-5.6716086647727275,-2.237215909090909,0.8056640625,2.961647727272727,5.037730823863637,6.629083806818182,7.448064630681818,7.657137784090909,7.3947975852272725,6.168323863636363,4.8899147727272725,3.45703125,3.0122514204545454,3.1986860795454546,2.9976029829545454,1.9828657670454546,1.1665482954545454,0.9827769886363636,0.8109907670454546,0.5419921875,0.2530184659090909,-0.21306818181818182,-0.5193536931818182,-1.6898970170454546,-1.2278053977272727,-1.3023792613636365,-2.040127840909091,-2.9017223011363638,-2.990944602272727,-2.419655539772727,-1.3063742897727273,-0.9161931818181818,-0.6964666193181818,-1.2664240056818181,-1.6459517045454546,-1.2437855113636365,-0.64453125,-0.7177734375,-0.4833984375,-1.3316761363636365,-1.1585582386363635,-0.9401633522727273
-0.9215198863636364,-0.8722478693181818,-0.3888494318181818,-0.5326704545454546,-1.34765625,-3.848544034090909,-7.623845880681818,-10.311168323863637,-10.506924715909092,-8.902254971590908,-6.816850142045454,-3.4437144886363638,-1.8270596590909092,-0.14115767045454544,0.7683771306818182,1.3303444602272727,1.9775390625,1.494140625,1.1359197443181819,0.2903053977272727,0.14115767045454544,-0.8509410511363636,-2.515536221590909,-5.028409090909091,-7.7610085227272725,-9.352361505681818,-8.5400390625,-8.484108664772727,-18.465021306818183,-35.85671164772727,-46.00541548295455,-41.66814630681818,-28.92666903409091,-15.946821732954545,-4.7341086647727275,3.329190340909091,7.097833806818182,8.3935546875,8.338955965909092,7.402787642045454,6.724964488636363,7.027254971590909,7.774325284090909,9.189897017045455,11.259321732954545,12.464488636363637,13.575106534090908,13.680308948863637,13.6083984375,13.306107954545455,13.314098011363637,13.412642045454545,14.029208096590908,14.2529296875,14.627130681818182,15.724431818181818,16.65127840909091,17.25985440340909,17.191938920454547,16.560724431818183,15.121182528409092,12.717507102272727,9.930308948863637,8.010031960227273,6.601118607954546,4.6262428977272725,3.329190340909091,1.4248934659090908,0.026633522727272728,-0.6192294034090909,-1.9535688920454546,-2.6127485795454546,-3.2133345170454546,-4.108220880681818,-3.9417613636363638
-2.604758522727273,-2.5874467329545454,-2.6886541193181817,-2.9163707386363638,-2.9723011363636362,-2.8910688920454546,-2.266512784090909,-2.2039240056818183,-2.7312677556818183,-3.8578657670454546,-4.453125,-4.803355823863637,-4.169477982954546,-3.833895596590909,-3.8605291193181817,-4.046963778409091,-3.7886186079545454,-3.5529119318181817,-4.560990767045454,-6.128373579545454,-5.589044744318182,-4.780717329545454,-4.234730113636363,-3.490323153409091,-0.5553089488636364,4.256036931818182,4.985795454545454,-3.7340198863636362,-25.538884943181817,-58.46324573863637,-75.0332919034091,-68.6572265625,-45.81764914772727,-20.896661931818183,-1.1692116477272727,10.621448863636363,15.6884765625,16.7431640625,16.269087357954547,14.82421875,12.544389204545455,10.534889914772727,9.027432528409092,8.088600852272727,7.294921875,6.708984375,6.566495028409091,6.151012073863637,6.483931107954546,6.033824573863637,6.437322443181818,6.8235085227272725,6.463955965909091,6.234907670454546,5.7981178977272725,5.064364346590909,5.176225142045454,5.426580255681818,4.897904829545454,4.716796875,4.668856534090909,4.562322443181818,4.3825461647727275,4.824662642045454,4.993785511363637,4.7727272727272725,4.194779829545454,4.003018465909091,3.9111328125,2.9496626420454546,2.492897727272727,1.9202769886363635,1.2331321022727273,1.2837357954545454,0.8402876420454546
-3.190696022727273,-1.5247691761363635,-1.9176136363636365,-3.5076349431818183,-6.147017045454546,-8.140536221590908,-8.658558238636363,-7.753018465909091,-5.406605113636363,-3.544921875,-2.406338778409091,0.3742009943181818,1.4874822443181819,2.136008522727273,2.185280539772727,2.6566938920454546,3.469016335227273,3.9710582386363638,4.209428267045454,4.776722301136363,3.8605291193181817,0.8669211647727273,-1.7098721590909092,-3.527610085227273,-9.951615767045455,-18.844549005681817,-32.22789417613637,-50.61168323863637,-71.08087713068181,-92.8311434659091,-105.11585582386364,-103.16761363636364,-88.40864701704545,-65.69025213068181,-39.90367542613637,-15.862926136363637,4.2746803977272725,20.615678267045453,33.79261363636363,43.42729048295455,48.56622869318182,51.94735440340909,53.14852627840909,53.83433948863637,53.5107421875,51.30415482954545,48.82856889204545,46.91361860795455,44.90145596590909,42.74147727272727,39.72523082386363,36.93670099431818,34.24538352272727,32.31045809659091,29.525923295454547,28.03311434659091,26.793323863636363,25.813210227272727,24.7412109375,22.289595170454547,21.44131747159091,19.8779296875,17.994939630681817,15.982776988636363,15.015980113636363,16.394264914772727,16.579367897727273,15.960138494318182,15.994762073863637,16.004083806818183,16.227805397727273,15.557972301136363,14.612482244318182,13.585759943181818,12.933238636363637
-1.8696732954545454,-2.487571022727273,-1.9815340909090908,-2.456942471590909,-2.4462890625,-2.8191583806818183,-3.161399147727273,-3.0335582386363638,-3.379794034090909,-3.0095880681818183,-1.611328125,-0.7044566761363636,-0.32359730113636365,-0.13316761363636365,-0.026633522727272728,-0.1611328125,-0.6458629261363636,-1.2784090909090908,-0.8669211647727273,-1.1518998579545454,-1.5127840909090908,-2.536843039772727,-3.212002840909091,-3.3638139204545454,-3.7553267045454546,-4.301313920454546,-6.063121448863637,-8.735795454545455,-10.761274857954545,-13.006480823863637,-13.702947443181818,-13.580433238636363,-12.397904829545455,-10.705344460227273,-8.714488636363637,-7.5705788352272725,-6.015181107954546,-4.680841619318182,-1.6659268465909092,0.18377130681818182,1.1292613636363635,2.596768465909091,4.374556107954546,6.2575461647727275,6.626420454545454,7.1337890625,6.7822265625,6.6330788352272725,5.609019886363637,5.7594992897727275,5.806107954545454,5.579723011363637,4.984463778409091,4.663529829545454,4.393199573863637,3.1427556818181817,2.2425426136363638,2.4995561079545454,3.1867009943181817,2.859108664772727,1.9722123579545454,1.3236860795454546,1.2584339488636365,0.7417436079545454,1.0014204545454546,1.0826526988636365,0.6232244318181818,0.22904829545454544,-1.0719992897727273,-0.7603870738636364,-0.2516867897727273,-0.5433238636363636,-1.9588955965909092,-2.904385653409091,-2.150656960227273
-6.922052556818182,-7.598544034090909,-7.433416193181818,-7.595880681818182,-7.6052024147727275,-7.747691761363637,-8.317649147727273,-8.203125,-8.040660511363637,-8.304332386363637,-9.007457386363637,-9.08203125,-9.600053267045455,-9.160600142045455,-8.866299715909092,-8.986150568181818,-8.309659090909092,-7.3561789772727275,-7.7197265625,-8.181818181818182,-9.481534090909092,-12.833362926136363,-18.787286931818183,-26.50301846590909,-34.81400923295455,-42.82004616477273,-50.48117897727273,-61.67524857954545,-80.72088068181819,-100.28053977272727,-111.63041548295455,-107.7725497159091,-92.82981178977273,-71.59357244318181,-48.515625,-26.1181640625,-7.1364524147727275,7.674449573863637,17.564808238636363,24.74520596590909,28.900035511363637,31.701882102272727,31.990855823863637,31.82705965909091,29.191672585227273,27.812056107954547,27.098277698863637,26.511008522727273,26.37784090909091,26.45907315340909,24.9755859375,23.482776988636363,22.605202414772727,21.232244318181817,19.81534090909091,17.53018465909091,16.733842329545453,15.5126953125,14.8388671875,14.742986505681818,13.910688920454545,13.18359375,12.982510653409092,12.002397017045455,11.409801136363637,9.999556107954545,10.408380681818182,10.139382102272727,9.107333096590908,8.722478693181818,8.718483664772727,6.7063210227272725,5.652965198863637,4.112215909090909,3.130770596590909
-14.288884943181818,-13.529829545454545,-13.627041903409092,-15.103870738636363,-17.020152698863637,-17.943004261363637,-18.671431107954547,-19.53036221590909,-20.208185369318183,-21.132368607954547,-21.538529829545453,-22.746360085227273,-24.368341619318183,-25.818536931818183,-24.830433238636363,-24.807794744318183,-22.537286931818183,-20.007102272727273,-16.238458806818183,-11.320578835227273,-7.469371448863637,-6.458629261363637,-11.159446022727273,-23.809037642045453,-35.25745738636363,-41.72008167613637,-47.43963068181818,-56.63884943181818,-73.93332741477273,-109.23872514204545,-140.8673650568182,-137.4822443181818,-93.93776633522727,-42.43519176136363,-2.0055042613636362,25.347123579545453,41.48037997159091,48.2958984375,50.28275923295455,49.3212890625,47.21857244318182,42.82137784090909,38.34694602272727,34.18146306818182,30.328924005681817,26.279296875,23.444158380681817,21.065784801136363,20.569069602272727,19.38387784090909,17.8564453125,16.452858664772727,16.118607954545453,15.170454545454545,13.488547585227273,13.873401988636363,13.561789772727273,12.861328125,12.126242897727273,11.272638494318182,10.215287642045455,9.341708096590908,9.710582386363637,9.4189453125,10.212624289772727,11.107510653409092,12.0703125,11.608220880681818,10.014204545454545,8.346946022727273,7.876864346590909,6.525213068181818,4.766068892045454,4.009676846590909,3.584872159090909
-8.075284090909092,-8.757102272727273,-6.443980823863637,-3.5542436079545454,-2.1693004261363638,0.029296875,1.0560191761363635,0.7151100852272727,1.0906427556818181,2.113370028409091,1.8563565340909092,1.3156960227272727,0.13316761363636365,0.7630504261363636,1.4448686079545454,1.0600142045454546,-3.474343039772727,-15.941495028409092,-31.8017578125,-45.38618607954545,-49.66752485795455,-50.74351917613637,-56.33522727272727,-78.23064630681819,-100.9716796875,-82.42542613636364,-23.606622869318183,40.20463423295455,83.94886363636364,109.29332386363636,116.79998224431819,114.84108664772727,105.18110795454545,93.27325994318181,79.7061434659091,67.14177911931819,53.95419034090909,40.77192826704545,27.80672940340909,16.121271306818183,6.806196732954546,-1.3423295454545454,-8.623934659090908,-13.693625710227273,-17.258522727272727,-16.598011363636363,-10.767933238636363,-0.9841086647727273,9.990234375,21.262872869318183,32.40767045454545,41.68279474431818,47.84712357954545,53.01136363636363,54.66663707386363,54.61337002840909,51.24689275568182,47.10404829545455,41.73473011363637,37.08185369318182,31.851029829545453,26.64151278409091,20.692915482954547,16.374289772727273,10.594815340909092,5.967240767045454,0.4647549715909091,-4.0602805397727275,-8.037997159090908,-10.504261363636363,-13.576438210227273,-15.446111505681818,-16.52743252840909,-18.13876065340909,-20.08700284090909
-2.4556107954545454,-2.222567471590909,-1.8869850852272727,-2.282492897727273,-2.697975852272727,-2.273171164772727,-2.801846590909091,-2.4955610795454546,-2.815163352272727,-2.8790838068181817,-2.3450816761363638,-2.9216974431818183,-2.853781960227273,-2.536843039772727,-3.176047585227273,-3.078835227272727,-2.8031782670454546,-3.014914772727273,-2.7325994318181817,-2.9523259943181817,-2.582120028409091,-2.6740056818181817,-3.6980646306818183,-4.422496448863637,-5.714222301136363,-6.582475142045454,-8.542702414772727,-11.014293323863637,-12.324662642045455,-19.724786931818183,-25.19930752840909,-21.623757102272727,-15.294300426136363,-10.629438920454545,-6.9846413352272725,-2.9376775568181817,0.19176136363636365,2.678000710227273,4.194779829545454,4.876598011363637,5.160245028409091,5.025745738636363,5.804776278409091,6.591796875,5.9352805397727275,5.491832386363637,4.849964488636363,4.056285511363637,3.7846235795454546,3.153409090909091,2.6420454545454546,2.868430397727273,3.145419034090909,2.5847833806818183,2.5474964488636362,2.5701349431818183,1.9881924715909092,1.8443714488636365,1.7524857954545454,1.5101207386363635,1.3023792613636365,1.5980113636363635,2.017489346590909,3.234641335227273,3.2293146306818183,2.8351384943181817,2.7033025568181817,2.551491477272727,2.3357599431818183,1.6499467329545454,1.4501953125,1.1891867897727273,0.64453125,0.3409090909090909,-0.13849431818181818
-1.0640092329545454,-1.2770774147727273,-1.8230646306818181,-2.4822443181818183,-2.668678977272727,-3.2612748579545454,-3.474343039772727,-3.4290660511363638,-3.1267755681818183,-2.420987215909091,-2.7925248579545454,-1.9908558238636365,-2.0561079545454546,-2.138671875,-2.2998046875,-2.8178267045454546,-2.5994318181818183,-2.809836647727273,-2.6513671875,-3.1627308238636362,-4.182794744318182,-4.241388494318182,-3.8591974431818183,-2.9576526988636362,-1.5514026988636365,-1.5846946022727273,-3.490323153409091,-7.550603693181818,-16.902965198863637,-33.25062144886363,-45.97079190340909,-45.75506036931818,-36.03515625,-23.786399147727273,-13.548473011363637,-5.992542613636363,-1.2291370738636365,0.7723721590909091,1.58203125,2.150656960227273,2.829811789772727,3.544921875,4.1281960227272725,4.3918678977272725,3.7886186079545454,3.4783380681818183,4.056285511363637,4.861949573863637,5.486505681818182,5.140269886363637,5.442560369318182,5.565074573863637,5.799449573863637,4.844637784090909,4.987127130681818,4.469105113636363,4.517045454545454,4.779385653409091,4.887251420454546,4.6022727272727275,4.738103693181818,4.314630681818182,3.6927379261363638,3.3678089488636362,3.3784623579545454,3.117453835227273,2.9070490056818183,2.5181995738636362,2.456942471590909,1.9096235795454546,1.4968039772727273,1.2571022727272727,1.0640092329545454,0.6125710227272727,0.5486505681818182
-4.061612215909091,-3.981711647727273,-4.1721413352272725,-3.5209517045454546,-4.2800071022727275,-3.8898259943181817,-2.9896129261363638,-2.4609375,-2.5355113636363638,-3.0708451704545454,-2.6526988636363638,-2.1666370738636362,-2.4329723011363638,-3.0162464488636362,-3.0681818181818183,-2.6819957386363638,-3.848544034090909,-3.7220348011363638,-3.6700994318181817,-4.088245738636363,-4.86328125,-4.1774680397727275,-3.768643465909091,-2.6433771306818183,5.711558948863637,21.682350852272727,30.270330255681817,24.220525568181817,-11.400479403409092,-39.53346946022727,-51.49591619318182,-46.62730823863637,-33.44904119318182,-21.182972301136363,-12.421875,-6.341441761363637,-2.6713423295454546,-0.8615944602272727,-0.46875,-0.011985085227272728,0.0732421875,1.0453657670454546,1.0706676136363635,1.4715021306818181,1.7644708806818181,2.136008522727273,1.3236860795454546,1.0813210227272727,0.6578480113636364,0.29829545454545453,0.52734375,0.5446555397727273,0.9121981534090909,0.9628018465909091,1.2251420454545454,2.040127840909091,2.4622691761363638,2.4263139204545454,2.2625177556818183,2.243874289772727,1.7857776988636365,1.5966796875,1.8030894886363635,1.8377130681818181,2.3863636363636362,2.5861150568181817,2.5688032670454546,2.121360085227273,2.6726740056818183,2.054776278409091,1.7990944602272727,2.170632102272727,2.4609375,2.2332208806818183,2.2492009943181817
-2.5435014204545454,-2.303799715909091,-2.3943536931818183,-2.6966441761363638,-2.8404651988636362,-2.559481534090909,-1.9056285511363635,-2.383700284090909,-2.3797052556818183,-2.427645596590909,-2.435635653409091,-2.8631036931818183,-2.7991832386363638,-3.401100852272727,-3.1853693181818183,-3.0335582386363638,-3.0615234375,-2.735262784090909,-3.329190340909091,-3.2159978693181817,-3.6687677556818183,-3.2080078125,-3.2000177556818183,-3.239968039772727,-3.708718039772727,-5.506480823863637,-9.167258522727273,-14.174360795454545,-20.017755681818183,-23.488103693181817,-23.494762073863637,-22.262961647727273,-19.711470170454547,-16.22647372159091,-13.235529119318182,-9.220525568181818,-4.527698863636363,-0.3249289772727273,3.599520596590909,6.614435369318182,7.212357954545454,7.830255681818182,8.036665482954545,7.149769176136363,6.4919211647727275,5.395951704545454,4.566317471590909,3.459694602272727,3.310546875,3.475674715909091,2.9816228693181817,3.168057528409091,3.343838778409091,3.767311789772727,3.461026278409091,2.9936079545454546,2.611416903409091,2.193270596590909,1.6139914772727273,1.6845703125,2.0640980113636362,2.229225852272727,2.3743785511363638,2.4382990056818183,2.7325994318181817,2.4103338068181817,2.3304332386363638,1.9069602272727273,0.849609375,0.41015625,-0.21040482954545456,0.17311789772727273,0.5486505681818182,0.9388316761363636,0.8509410511363636
-0.22904829545454544,-0.9295099431818182,-1.4981356534090908,-2.868430397727273,-3.193359375,-2.8511186079545454,-2.5648082386363638,-2.595436789772727,-2.3504083806818183,-2.3597301136363638,-1.9748757102272727,-1.4488636363636365,-1.2970525568181819,-1.4075816761363635,-1.6765802556818181,-1.4208984375,-1.1479048295454546,-0.8536044034090909,-1.0693359375,-0.9747869318181818,-0.7643821022727273,-0.7337535511363636,-0.9588068181818182,-0.5393288352272727,-1.1665482954545454,-0.8176491477272727,0.6671697443181818,5.228160511363637,12.999822443181818,19.30264559659091,24.284446022727273,22.91415127840909,9.798473011363637,-5.692915482954546,-17.484907670454547,-21.759588068181817,-21.691672585227273,-20.081676136363637,-16.217151988636363,-13.140980113636363,-10.637428977272727,-8.189808238636363,-6.073774857954546,-4.9778053977272725,-4.478426846590909,-4.04296875,-3.6860795454545454,-2.8258167613636362,-2.355735085227273,-2.632723721590909,-2.7765447443181817,-2.6859907670454546,-2.4396306818181817,-1.8443714488636365,-2.1040482954545454,-1.4621803977272727,-1.0653409090909092,-0.4794034090909091,-0.7231001420454546,-1.0160688920454546,-0.2090731534090909,-0.7763671875,-0.8855646306818182,-0.9188565340909091,-1.5873579545454546,-1.6352982954545454,-1.9655539772727273,-1.4675071022727273,-0.6591796875,-0.4647549715909091,-0.44877485795454547,-0.4647549715909091,-0.6938032670454546,-0.16246448863636365,-0.10653409090909091
1.40625,-1.1745383522727273,-5.947265625,-9.528142755681818,-11.171431107954545,-9.496182528409092,-6.478604403409091,-3.3451704545454546,-0.8429509943181818,1.6233132102272727,2.6819957386363638,3.0814985795454546,3.0828302556818183,2.16796875,2.201260653409091,1.6885653409090908,0.9201882102272727,-1.0999644886363635,-4.7873757102272725,-10.076793323863637,-17.579456676136363,-26.409801136363637,-32.93767755681818,-34.53036221590909,-33.16672585227273,-33.62748579545455,-41.05158025568182,-50.16024502840909,-58.59508167613637,-64.67151988636364,-67.294921875,-66.2295809659091,-62.41166548295455,-58.12100497159091,-52.40545099431818,-46.59534801136363,-41.18341619318182,-35.65296519886363,-30.821644176136363,-25.006214488636363,-19.458451704545453,-13.804154829545455,-7.7463600852272725,-2.339754971590909,2.683327414772727,5.8327414772727275,7.918146306818182,10.0634765625,11.167436079545455,11.886541193181818,12.352627840909092,12.7880859375,13.054421164772727,14.145063920454545,14.442027698863637,15.247691761363637,15.009321732954545,14.235617897727273,13.873401988636363,14.364790482954545,15.257013494318182,16.950905539772727,19.606267755681817,21.49325284090909,22.902166193181817,24.782492897727273,26.016956676136363,27.314009232954547,26.273970170454547,24.914328835227273,23.958185369318183,22.663796164772727,20.605024857954547,18.611505681818183,15.918856534090908
-1.2970525568181819,-1.2517755681818181,-0.8642578125,-0.6698330965909091,-1.2757457386363635,-1.8523615056818181,-2.4036754261363638,-1.7591441761363635,-1.7351740056818181,-1.7524857954545454,-1.4661754261363635,-1.5047940340909092,-1.8297230113636365,-1.8390447443181819,-1.7911044034090908,-1.3636363636363635,-0.99609375,-0.9481534090909091,-0.9201882102272727,-1.1785333806818181,-1.6099964488636365,-1.5647194602272727,-2.472922585227273,-3.8232421875,-4.1867897727272725,-5.575727982954546,-7.705078125,-8.556019176136363,-8.805042613636363,-9.348366477272727,-9.408291903409092,-9.401633522727273,-7.083185369318182,-4.928533380681818,-2.3424183238636362,0.4714133522727273,2.5035511363636362,4.4358132102272725,5.852716619318182,5.9765625,5.427911931818182,4.766068892045454,3.2439630681818183,2.3890269886363638,1.9708806818181819,1.0067471590909092,1.2491122159090908,1.4994673295454546,1.4408735795454546,1.3463245738636365,1.2171519886363635,0.4607599431818182,0.18377130681818182,0.4367897727272727,-0.1318359375,-0.4660866477272727,-0.08256392045454546,-0.05459872159090909,0.07057883522727272,0.15580610795454544,0.05992542613636364,0.21306818181818182,-0.17711292613636365,-0.4940518465909091,-1.1252663352272727,-1.1439098011363635,-0.7231001420454546,-0.6924715909090909,-0.20774147727272727,-0.2530184659090909,-0.40482954545454547,-0.051935369318181816,-0.3768643465909091,0.01065340909090909,-0.6791548295454546
-3.020241477272727,-2.428977272727273,-2.325106534090909,-2.666015625,-3.544921875,-3.952414772727273,-4.620916193181818,-4.722123579545454,-4.184126420454546,-3.7340198863636362,-3.0841619318181817,-1.6086647727272727,-0.4287997159090909,0.3249289772727273,1.0387073863636365,0.5513139204545454,0.10387073863636363,-1.2677556818181819,-2.458274147727273,-4.442471590909091,-4.735440340909091,-5.8034446022727275,-6.107066761363637,-8.512073863636363,-13.378018465909092,-20.763494318181817,-32.09605823863637,-43.60174005681818,-53.42418323863637,-58.86807528409091,-60.52201704545455,-59.27290482954545,-56.865234375,-53.14985795454545,-49.65021306818182,-45.63920454545455,-43.23153409090909,-41.56693892045455,-39.80113636363637,-38.26704545454545,-35.57972301136363,-31.118607954545453,-26.351207386363637,-21.253551136363637,-16.166548295454547,-12.421875,-9.641335227272727,-8.386896306818182,-5.728870738636363,-4.620916193181818,-4.0988991477272725,-2.487571022727273,-1.875,-0.11452414772727272,2.149325284090909,3.672762784090909,4.740767045454546,5.430575284090909,5.4811789772727275,5.395951704545454,4.429154829545454,4.575639204545454,5.734197443181818,7.228338068181818,8.717151988636363,10.653409090909092,13.140980113636363,16.414240056818183,19.455788352272727,22.268288352272727,24.417613636363637,24.926313920454547,24.782492897727273,24.819779829545453,23.898259943181817
-0.5526455965909091,-1.3103693181818181,-0.9628018465909091,-0.8442826704545454,-0.615234375,-0.3702059659090909,-0.43013139204545453,-0.7950106534090909,-0.7071200284090909,-0.5712890625,-0.3449041193181818,0.038618607954545456,-0.13316761363636365,-0.5366654829545454,-0.34623579545454547,-0.33824573863636365,-0.32093394886363635,-0.3142755681818182,0.33558238636363635,-0.05992542613636364,-0.22904829545454544,-0.439453125,-1.0759943181818181,-1.3143643465909092,-2.6087535511363638,-3.9177911931818183,-6.370738636363637,-8.357599431818182,-10.757279829545455,-12.459161931818182,-12.959872159090908,-12.513760653409092,-10.401722301136363,-7.683771306818182,-4.849964488636363,-1.6712535511363635,1.1851917613636365,3.2093394886363638,5.545099431818182,6.590465198863637,7.4240944602272725,8.209783380681818,7.5466086647727275,6.7063210227272725,5.515802556818182,4.4211647727272725,3.439719460227273,2.8364701704545454,1.7618075284090908,1.3250177556818181,1.1279296875,1.3942649147727273,1.4435369318181819,1.1905184659090908,1.3995916193181819,1.3010475852272727,1.0893110795454546,0.8935546875,0.6045809659090909,0.2157315340909091,0.5699573863636364,1.0054154829545454,0.6698330965909091,1.1865234375,1.2903941761363635,0.8549360795454546,0.14781605113636365,-0.7870205965909091,-1.3649680397727273,-1.5713778409090908,-1.5207741477272727,-0.8682528409090909,-0.4221413352272727,-0.28764204545454547,-0.017311789772727272
-7.3095703125,-7.5852272727272725,-8.148526278409092,-8.430841619318182,-7.911487926136363,-8.782404119318182,-8.4375,-9.697265625,-12.167524857954545,-13.910688920454545,-15.339577414772727,-15.870916193181818,-15.471413352272727,-15.149147727272727,-15.253018465909092,-15.343572443181818,-15.643199573863637,-15.848277698863637,-15.189098011363637,-15.781693892045455,-15.580610795454545,-15.187766335227273,-15.035955255681818,-17.44229403409091,-30.647194602272727,-47.93101917613637,-62.28648792613637,-74.01056463068181,-90.79767400568181,-108.5409268465909,-110.859375,-94.46111505681819,-67.8076171875,-38.38423295454545,-12.279385653409092,8.967507102272727,22.962091619318183,30.866921164772727,34.52370383522727,33.92711292613637,30.29296875,26.303267045454547,21.876775568181817,19.73544034090909,18.730024857954547,17.278497869318183,17.3876953125,17.77920809659091,17.2412109375,16.376953125,16.04403409090909,16.082652698863637,15.601917613636363,16.017400568181817,15.651189630681818,15.243696732954545,15.748401988636363,15.103870738636363,14.384765625,14.677734375,14.307528409090908,14.359463778409092,13.412642045454545,12.324662642045455,11.152787642045455,10.108753551136363,9.4921875,8.530717329545455,7.828924005681818,7.0871803977272725,6.830166903409091,7.310901988636363,7.882191051136363,7.747691761363637,8.0419921875
-4.240056818181818,-2.2105823863636362,-0.3142755681818182,0.2610085227272727,1.4382102272727273,1.8243963068181819,2.1306818181818183,1.1026278409090908,-0.45276988636363635,0.45276988636363635,2.5727982954545454,1.7604758522727273,-4.050958806818182,-20.646306818181817,-40.34712357954545,-49.87659801136363,-39.26047585227273,-16.443536931818183,11.329900568181818,35.12961647727273,46.65660511363637,47.68199573863637,41.74005681818182,25.094105113636363,8.84765625,8.895596590909092,27.389914772727273,48.10280539772727,64.11487926136364,73.76686789772727,75.24769176136364,71.92649147727273,65.49449573863636,59.86416903409091,54.60404829545455,49.60759943181818,45.76171875,43.48987926136363,40.00887784090909,36.55450994318182,31.707208806818183,27.214133522727273,23.45614346590909,19.39453125,14.208984375,9.838423295454545,6.674360795454546,3.5795454545454546,0.5832741477272727,-1.6459517045454546,-1.9549005681818181,-2.4183238636363638,-3.45703125,-4.370561079545454,-5.870028409090909,-7.2922585227272725,-9.225852272727273,-9.268465909090908,-11.537642045454545,-13.194247159090908,-14.888139204545455,-16.898970170454547,-19.450461647727273,-23.37890625,-28.532492897727273,-32.75923295454545,-34.31196732954545,-35.68093039772727,-36.48526278409091,-37.18838778409091,-39.85706676136363,-39.59073153409091,-39.14595170454545,-38.10990767045455,-36.50390625
-14.181019176136363,-13.774857954545455,-14.581853693181818,-15.407492897727273,-14.898792613636363,-13.605735085227273,-12.049005681818182,-12.030362215909092,-12.680220170454545,-13.942649147727273,-15.358220880681818,-15.475408380681818,-13.722922585227273,-12.162198153409092,-11.917169744318182,-12.452503551136363,-14.109108664772727,-19.004350142045453,-25.661399147727273,-32.51553622159091,-36.70099431818182,-38.77840909090909,-38.73712713068182,-37.31356534090909,-35.45587713068182,-33.15340909090909,-32.71262428977273,-33.89515269886363,-38.28302556818182,-49.22141335227273,-59.59916548295455,-58.66832386363637,-44.50461647727273,-25.304509943181817,-9.556107954545455,3.3851207386363638,15.41015625,23.208451704545453,26.012961647727273,26.368519176136363,24.674627130681817,23.894264914772727,21.5625,18.756658380681817,16.594016335227273,14.255593039772727,12.690873579545455,11.728071732954545,10.799893465909092,11.231356534090908,12.329989346590908,11.609552556818182,10.208629261363637,8.161843039772727,8.710493607954545,9.002130681818182,8.96484375,9.027432528409092,8.821022727272727,8.069957386363637,8.000710227272727,7.768998579545454,7.705078125,5.866033380681818,5.736860795454546,5.220170454545454,4.818004261363637,5.4931640625,5.403941761363637,4.928533380681818,4.21875,4.592950994318182,5.146928267045454,5.237482244318182,4.956498579545454
-11.272638494318182,-11.754705255681818,-12.463156960227273,-12.808061079545455,-12.5537109375,-12.696200284090908,-12.962535511363637,-13.467240767045455,-14.905450994318182,-15.660511363636363,-16.327681107954547,-17.150656960227273,-17.478249289772727,-16.598011363636363,-16.356977982954547,-16.298384232954547,-16.028053977272727,-15.743075284090908,-14.874822443181818,-15.506036931818182,-16.085316051136363,-15.295632102272727,-15.257013494318182,-20.916637073863637,-36.01251775568182,-58.48987926136363,-74.25825639204545,-80.78879616477273,-87.0263671875,-95.9073153409091,-96.8954190340909,-83.8370028409091,-63.04421164772727,-41.06356534090909,-21.72762784090909,-5.836736505681818,6.261541193181818,15.439453125,20.60635653409091,22.502663352272727,19.382546164772727,16.097301136363637,15.271661931818182,14.789595170454545,15.214399857954545,15.941495028409092,17.191938920454547,19.503728693181817,19.499733664772727,18.809925426136363,16.371626420454547,16.089311079545453,17.004172585227273,18.10946377840909,19.228071732954547,21.037819602272727,22.603870738636363,22.345525568181817,21.189630681818183,19.989790482954547,17.869762073863637,17.158647017045453,16.518110795454547,15.518022017045455,13.681640625,13.346058238636363,13.475230823863637,14.046519886363637,13.420632102272727,12.447176846590908,10.899769176136363,9.729225852272727,8.493430397727273,8.727805397727273,8.464133522727273
-2.1693004261363638,-2.414328835227273,-2.317116477272727,-2.5634765625,-2.816495028409091,-3.0415482954545454,-3.548916903409091,-3.6754261363636362,-3.980379971590909,-4.022993607954546,-3.9830433238636362,-4.009676846590909,-3.776633522727273,-3.955078125,-4.466441761363637,-4.707475142045454,-4.3798828125,-4.578302556818182,-5.079012784090909,-4.996448863636363,-5.210848721590909,-5.289417613636363,-4.559659090909091,-4.708806818181818,-3.046875,1.435546875,2.097389914772727,-5.863370028409091,-29.5166015625,-70.5069247159091,-88.71360085227273,-77.96031605113636,-50.94859730113637,-21.190962357954547,0.7097833806818182,12.210138494318182,16.141246448863637,17.687322443181817,16.635298295454547,16.0546875,14.141068892045455,13.117009943181818,12.151544744318182,11.605557528409092,10.783913352272727,9.646661931818182,9.091352982954545,8.718483664772727,8.721147017045455,7.842240767045454,7.377485795454546,6.613103693181818,6.5012428977272725,6.850142045454546,6.454634232954546,6.563831676136363,6.685014204545454,6.174982244318182,6.056463068181818,6.085759943181818,5.699573863636363,5.8740234375,5.775479403409091,5.252130681818182,5.284090909090909,4.8459694602272725,4.622247869318182,3.8618607954545454,3.768643465909091,4.04296875,3.5529119318181817,3.622159090909091,3.563565340909091,3.2865767045454546,3.6634410511363638
-2.8631036931818183,-2.9230291193181817,-2.765891335227273,-1.3982599431818181,-0.7750355113636364,-1.2863991477272727,-3.093483664772727,-6.221590909090909,-6.277521306818182,-3.674094460227273,-1.4981356534090908,-1.1385830965909092,-0.9801136363636364,-0.7670454545454546,0.28364701704545453,1.11328125,1.0746626420454546,1.2104936079545454,0.5419921875,-0.3542258522727273,-0.6232244318181818,-0.8868963068181818,-1.0999644886363635,-1.9868607954545454,-1.9309303977272727,-1.1332563920454546,-0.6325461647727273,0.6911399147727273,-8.490767045454545,-43.30477627840909,-71.982421875,-69.98091264204545,-44.20498934659091,-14.432705965909092,10.958362926136363,25.072798295454547,30.09854403409091,30.98544034090909,29.601828835227273,26.416459517045453,23.030007102272727,20.553089488636363,18.835227272727273,17.82315340909091,15.247691761363637,8.935546875,-1.4834872159090908,-11.941139914772727,-17.1533203125,-14.704367897727273,-7.682439630681818,1.5274325284090908,11.340553977272727,20.35067471590909,26.580255681818183,30.463423295454547,32.18394886363637,31.653941761363637,31.309037642045453,30.792347301136363,30.286310369318183,30.250355113636363,30.197088068181817,29.592507102272727,28.649680397727273,25.597478693181817,22.449396306818183,19.065607244318183,16.239790482954547,14.133078835227273,11.669477982954545,9.000799005681818,7.545276988636363,6.144353693181818,5.177556818181818
-0.7257634943181818,-0.7350852272727273,-0.9761186079545454,-1.0959694602272727,-0.8189808238636364,-0.6698330965909091,-0.30894886363636365,-0.3848544034090909,-0.8163174715909091,-0.9042080965909091,-0.7137784090909091,-0.7284268465909091,-0.6924715909090909,-0.2237215909090909,0.29296875,-0.03196022727272727,-0.46342329545454547,-1.0506924715909092,-1.3423295454545454,-1.1532315340909092,-0.8163174715909091,-0.9228515625,-1.0440340909090908,-1.5620561079545454,-2.765891335227273,-5.2175071022727275,-10.124733664772727,-16.354314630681817,-22.669122869318183,-25.966352982954547,-26.673473011363637,-24.3017578125,-19.499733664772727,-12.240767045454545,-3.80859375,4.443803267045454,11.375177556818182,16.815074573863637,19.763405539772727,21.202947443181817,20.1123046875,18.610174005681817,15.860262784090908,13.340731534090908,10.751953125,8.416193181818182,6.543856534090909,4.683504971590909,3.6527876420454546,2.684659090909091,1.7777876420454546,0.8855646306818182,0.3728693181818182,-0.19176136363636365,-0.3036221590909091,-0.3888494318181818,-0.5473188920454546,-0.9920987215909091,-1.0759943181818181,-0.7417436079545454,-0.4873934659090909,-0.37952769886363635,-0.17045454545454544,0.2010830965909091,0.41148792613636365,0.3289240056818182,-0.5007102272727273,-0.39417613636363635,-0.7457386363636364,-0.5792791193181818,-0.5739524147727273,-0.21173650568181818,-0.051935369318181816,-0.24769176136363635,-0.7124467329545454
-7.7170632102272725,-7.0871803977272725,-6.932705965909091,-6.161665482954546,-6.538529829545454,-6.822176846590909,-7.060546875,-7.860884232954546,-7.880859375,-7.721058238636363,-7.779651988636363,-7.9714133522727275,-9.031427556818182,-10.229936079545455,-9.853071732954545,-9.984907670454545,-9.931640625,-10.336470170454545,-10.837180397727273,-11.3818359375,-11.507013494318182,-12.184836647727273,-10.954367897727273,-11.6748046875,-14.535245028409092,-27.97452059659091,-51.1083984375,-78.03888494318181,-112.90083451704545,-142.37349076704547,-144.84907670454547,-121.11194957386364,-84.98224431818181,-45.04527698863637,-10.039506392045455,16.423561789772727,32.70330255681818,40.44167258522727,42.50577059659091,40.68936434659091,37.95809659090909,34.36390269886363,31.640625,28.59375,26.269975142045453,25.01553622159091,24.465553977272727,23.497425426136363,23.746448863636363,23.275035511363637,22.754350142045453,23.175159801136363,21.796875,21.116388494318183,20.864701704545453,21.1083984375,21.228249289772727,20.820756392045453,19.996448863636363,18.114790482954547,16.608664772727273,14.862837357954545,13.539151278409092,12.680220170454545,13.4033203125,13.171608664772727,12.376598011363637,11.2939453125,11.536310369318182,10.978338068181818,9.999556107954545,9.469549005681818,9.031427556818182,9.220525568181818,8.441495028409092
-4.698153409090909,-3.731356534090909,-3.7952769886363638,-3.622159090909091,-3.7193714488636362,-3.5089666193181817,-3.445046164772727,-5.465198863636363,-9.200550426136363,-12.404563210227273,-13.957297585227273,-12.746803977272727,-10.877130681818182,-8.565340909090908,-7.3388671875,-5.967240767045454,-3.7659801136363638,-1.81640625,0.08123224431818182,0.9095348011363636,1.2877308238636365,1.6792436079545454,0.4913884943181818,-2.0707563920454546,-6.308149857954546,-13.560458096590908,-30.95614346590909,-63.20667613636363,-102.82404119318181,-131.3272372159091,-132.041015625,-109.24671519886364,-78.8192471590909,-47.99493963068182,-22.03524502840909,-2.5062144886363638,9.211203835227273,16.916281960227273,20.706232244318183,21.863458806818183,21.096413352272727,20.21084872159091,17.016157670454547,14.641779119318182,14.127752130681818,12.726828835227273,12.616299715909092,11.834605823863637,13.712269176136363,15.860262784090908,19.835316051136363,24.376331676136363,30.696466619318183,37.24964488636363,43.99591619318182,49.22940340909091,52.51864346590909,54.54012784090909,54.86638849431818,53.19513494318182,51.15900213068182,47.02681107954545,42.4658203125,36.11772017045455,28.75887784090909,21.760919744318183,15.434126420454545,9.638671875,4.546342329545454,0.24769176136363635,-3.8525390625,-7.667791193181818,-11.847922585227273,-15.05859375,-18.414417613636363
-0.08655894886363637,0.3049538352272727,0.14515269886363635,0.04527698863636364,-0.22105823863636365,-0.15846946022727273,-0.6085759943181818,-0.6831498579545454,-0.76171875,-1.0586825284090908,-1.3090376420454546,-1.6246448863636365,-1.4901455965909092,-1.23046875,-1.1745383522727273,-1.2331321022727273,-0.8802379261363636,-1.0786576704545454,-1.1558948863636365,-1.1692116477272727,-1.0347123579545454,-1.7498224431818181,-1.787109375,-1.7578125,-1.7897727272727273,-1.4834872159090908,-1.5447443181818181,-1.6352982954545454,-3.373135653409091,-6.634410511363637,-9.678622159090908,-9.576083096590908,-9.141956676136363,-8.02734375,-6.9580078125,-5.687588778409091,-4.427823153409091,-3.193359375,-1.0280539772727273,0.17844460227272727,1.9109552556818181,4.1015625,5.732865767045454,7.4440696022727275,7.91015625,7.513316761363637,6.7409446022727275,5.8913352272727275,4.908558238636363,4.134854403409091,3.7486683238636362,2.917702414772727,2.253196022727273,1.7990944602272727,1.5926846590909092,0.791015625,0.8229758522727273,1.2331321022727273,1.171875,1.6060014204545454,1.2824041193181819,0.8908913352272727,1.0786576704545454,1.11328125,0.4474431818181818,0.146484375,-0.5979225852272727,-0.703125,-0.8935546875,-1.2917258522727273,-1.3982599431818181,-1.3370028409090908,-1.2690873579545454,-1.5287642045454546,-1.1052911931818181
-0.11851917613636363,-0.07856889204545454,0.007990056818181818,0.0,0.07856889204545454,-0.16645951704545456,0.0026633522727272725,0.27965198863636365,0.4913884943181818,0.7350852272727273,0.5007102272727273,0.2303799715909091,0.20374644886363635,-0.034623579545454544,-0.19708806818181818,-0.31294389204545453,-0.6032492897727273,-0.5965909090909091,-0.7044566761363636,-0.006658380681818182,-0.234375,-0.5486505681818182,-0.5606356534090909,-0.8243075284090909,-1.1412464488636365,-0.9601384943181818,-0.9734552556818182,-1.4914772727272727,-3.0122514204545454,-4.299982244318182,-4.8779296875,-4.708806818181818,-3.8618607954545454,-2.7698863636363638,-2.2199041193181817,-2.1226917613636362,-1.2264737215909092,-1.1159446022727273,-0.7111150568181818,-0.053267045454545456,0.5113636363636364,1.2344637784090908,1.7245205965909092,1.8177379261363635,2.0720880681818183,1.8789950284090908,2.3637251420454546,2.531516335227273,2.4076704545454546,2.6154119318181817,2.4755859375,2.4476207386363638,1.8430397727272727,1.4808238636363635,1.3210227272727273,1.0320490056818181,1.2424538352272727,0.6578480113636364,0.8562677556818182,0.7217684659090909,0.7896839488636364,0.791015625,0.5433238636363636,0.5526455965909091,0.32093394886363635,0.3595525568181818,0.35023082386363635,0.32093394886363635,0.23970170454545456,0.39417613636363635,0.3515625,0.3728693181818182,0.18110795454545456,0.2863103693181818,0.46342329545454547
-2.274502840909091,-1.787109375,-1.6859019886363635,-1.5926846590909092,-1.875,-1.9975142045454546,-1.3316761363636365,-1.6352982954545454,-2.1759588068181817,-2.713955965909091,-2.5861150568181817,-2.136008522727273,-1.8936434659090908,-2.8178267045454546,-2.2984730113636362,-2.5648082386363638,-2.841796875,-2.63671875,-3.2679332386363638,-2.5355113636363638,-2.258522727272727,-2.588778409090909,-2.3863636363636362,-1.3982599431818181,-0.9161931818181818,0.41015625,2.839133522727273,0.037286931818181816,-16.03604403409091,-25.408380681818183,-27.70419034090909,-22.587890625,-12.198153409090908,-1.4142400568181819,7.0578835227272725,10.512251420454545,10.917080965909092,10.600142045454545,7.289595170454546,3.877840909090909,2.492897727272727,0.4128196022727273,-0.9348366477272727,-1.6352982954545454,-3.124112215909091,-2.780539772727273,-2.7379261363636362,-2.170632102272727,-2.4396306818181817,-1.7950994318181819,-1.0626775568181819,-1.5261008522727273,-0.849609375,-1.1292613636363635,-2.9962713068181817,-4.093572443181818,-4.415838068181818,-4.823330965909091,-4.050958806818182,-3.9098011363636362,-4.439808238636363,-4.386541193181818,-3.8245738636363638,-3.3558238636363638,-2.5914417613636362,-3.8512073863636362,-2.8178267045454546,-3.1560724431818183,-2.911044034090909,-2.141335227272727,-0.9907670454545454,0.2530184659090909,1.0440340909090908,1.1692116477272727,1.2997159090909092
-0.5593039772727273,-0.4208096590909091,0.09321732954545454,0.41548295454545453,0.23703835227272727,-0.2849786931818182,-0.9454900568181818,-1.2384588068181819,-0.5619673295454546,-1.4408735795454546,-1.6033380681818181,-2.998934659090909,-3.6754261363636362,-3.204012784090909,-3.3025568181818183,-2.458274147727273,-2.801846590909091,-3.0894886363636362,-3.6274857954545454,-3.80859375,-3.174715909090909,-3.036221590909091,-2.7752130681818183,-1.6566051136363635,-0.9934303977272727,-0.09321732954545454,3.8751775568181817,8.829012784090908,18.755326704545453,36.87943892045455,38.52805397727273,8.690518465909092,-15.194424715909092,-21.48526278409091,-18.528941761363637,-13.138316761363637,-8.557350852272727,-5.081676136363637,-4.050958806818182,-4.682173295454546,-4.900568181818182,-5.497159090909091,-8.032670454545455,-9.771839488636363,-10.967684659090908,-11.210049715909092,-11.3671875,-10.858487215909092,-10.909090909090908,-10.000887784090908,-9.018110795454545,-8.541370738636363,-8.221768465909092,-7.32421875,-7.249644886363637,-7.1164772727272725,-5.630326704545454,-5.688920454545454,-5.542436079545454,-5.8860085227272725,-5.816761363636363,-4.786044034090909,-4.349254261363637,-2.4156605113636362,-1.5740411931818181,-1.0973011363636365,-1.0120738636363635,-2.5435014204545454,-2.1599786931818183,-1.9921875,0.29829545454545453,0.06392045454545454,1.4515269886363635,2.258522727272727,3.017578125
0.7590553977272727,1.2517755681818181,0.34623579545454547,-0.2716619318181818,0.4367897727272727,0.5593039772727273,-0.6898082386363636,0.6844815340909091,0.6232244318181818,0.7244318181818182,0.8416193181818182,-0.39417613636363635,-0.6898082386363636,-1.6539417613636365,-1.259765625,-1.58203125,-0.5646306818181818,0.43412642045454547,0.4794034090909091,0.8336292613636364,-0.25035511363636365,-0.09321732954545454,-0.1171875,0.4074928977272727,1.5314275568181819,1.7924360795454546,1.8403764204545454,3.7553267045454546,14.885475852272727,42.09428267045455,56.30593039772727,34.14417613636363,-14.043856534090908,-41.19406960227273,-31.550071022727273,-14.294211647727273,-2.9057173295454546,0.498046875,0.6498579545454546,-0.21306818181818182,-2.998934659090909,-4.7194602272727275,-6.842151988636363,-9.849076704545455,-12.728160511363637,-14.091796875,-14.597833806818182,-13.681640625,-12.512428977272727,-11.678799715909092,-11.817294034090908,-10.661399147727273,-9.636008522727273,-8.309659090909092,-6.930042613636363,-7.001953125,-6.938032670454546,-5.784801136363637,-5.603693181818182,-4.818004261363637,-4.000355113636363,-4.024325284090909,-4.325284090909091,-4.86328125,-5.561079545454546,-6.3547585227272725,-5.606356534090909,-4.050958806818182,-2.8870738636363638,-1.93359375,-0.6045809659090909,-0.6818181818181818,-0.7430752840909091,-0.05593039772727273,1.0227272727272727
-3.369140625,-2.87109375,-2.2638494318181817,-2.610085227272727,-1.8297230113636365,-1.5873579545454546,-1.2624289772727273,-0.6312144886363636,-0.09854403409090909,0.3116122159090909,2.229225852272727,4.1628196022727275,3.877840909090909,3.124112215909091,2.157315340909091,1.2544389204545454,1.0014204545454546,0.7643821022727273,0.5619673295454546,0.07191051136363637,0.3835227272727273,0.6471946022727273,2.6313920454545454,3.5529119318181817,5.164240056818182,6.0671164772727275,3.057528409090909,-4.287997159090909,-10.672052556818182,-14.171697443181818,-16.456853693181817,-15.998757102272727,-15.007990056818182,-13.820134943181818,-12.821377840909092,-10.696022727272727,-9.910333806818182,-8.064630681818182,-6.895419034090909,-5.201526988636363,-3.2093394886363638,-2.0587713068181817,-0.034623579545454544,1.2278053977272727,2.3677201704545454,2.178622159090909,2.9430042613636362,4.269353693181818,3.973721590909091,3.0522017045454546,2.3943536931818183,1.1052911931818181,-0.15980113636363635,-0.7057883522727273,-1.1292613636363635,-1.1265980113636365,-1.1825284090909092,-1.259765625,-1.6512784090909092,-1.4515269886363635,-1.728515625,-2.751242897727273,-2.245205965909091,-1.7471590909090908,-1.4808238636363635,0.10653409090909091,1.7684659090909092,3.4623579545454546,4.39453125,4.447798295454546,3.3771306818181817,2.647372159090909,4.3332741477272725,4.857954545454546,5.044389204545454
0.4421164772727273,0.9747869318181818,0.5353338068181818,-0.45276988636363635,-2.090731534090909,-3.342507102272727,-4.018998579545454,-3.459694602272727,-1.8430397727272727,-1.4728338068181819,-0.7430752840909091,-0.5912642045454546,-0.52734375,-1.875,-1.7444957386363635,-1.8190696022727273,-1.3210227272727273,-0.99609375,-0.8868963068181818,-1.2517755681818181,-1.5873579545454546,-1.9149502840909092,-2.6500355113636362,-1.9815340909090908,-0.7590553977272727,1.0067471590909092,5.441228693181818,15.825639204545455,-2.588778409090909,-44.50461647727273,-67.67311789772727,-59.04385653409091,-25.347123579545453,7.364169034090909,23.283025568181817,23.94620028409091,17.522194602272727,11.953125,8.802379261363637,6.2428977272727275,1.8483664772727273,-2.5914417613636362,-5.379971590909091,-6.658380681818182,-8.714488636363637,-10.181995738636363,-9.974254261363637,-9.177911931818182,-6.690340909090909,-4.293323863636363,-2.1306818181818183,-0.15447443181818182,0.13849431818181818,0.7776988636363636,0.034623579545454544,-0.3888494318181818,-0.7830255681818182,-0.3036221590909091,-0.10919744318181818,0.8229758522727273,0.41548295454545453,-0.41015625,-1.9442471590909092,-2.841796875,-2.3890269886363638,-1.2970525568181819,-0.35688920454545453,0.39417613636363635,1.0546875,0.8442826704545454,-0.07191051136363637,0.42347301136363635,0.37553267045454547,1.0520241477272727,1.1558948863636365
-3.5102982954545454,-5.087002840909091,-5.6569602272727275,-4.9831321022727275,-5.2175071022727275,-4.0749289772727275,-3.512961647727273,-4.013671875,-5.079012784090909,-5.1003196022727275,-2.831143465909091,-1.9469105113636365,-0.6205610795454546,-0.25834517045454547,-0.3702059659090909,-0.7697088068181818,-1.8403764204545454,-2.317116477272727,-2.578125,-2.375710227272727,-2.7192826704545454,-2.868430397727273,-2.51953125,-1.8190696022727273,-0.3009588068181818,2.546164772727273,8.879616477272727,15.940163352272727,-11.540305397727273,-43.41264204545455,-53.82368607954545,-42.73615056818182,-24.074041193181817,-10.530894886363637,0.050603693181818184,7.747691761363637,10.890447443181818,10.269886363636363,7.563920454545454,4.354580965909091,2.2718394886363638,-0.03196022727272727,-1.40625,-3.310546875,-4.295987215909091,-5.0417258522727275,-4.256036931818182,-3.680752840909091,-1.2650923295454546,-0.6365411931818182,-2.3890269886363638,-3.249289772727273,-4.152166193181818,-4.905894886363637,-6.352095170454546,-6.075106534090909,-5.582386363636363,-3.2306463068181817,-3.6381392045454546,-4.072265625,-4.652876420454546,-3.805930397727273,-1.1265980113636365,0.4367897727272727,1.1106178977272727,1.8377130681818181,1.6539417613636365,1.9442471590909092,0.8948863636363636,0.4953835227272727,0.9321732954545454,2.3011363636363638,4.490411931818182,3.3318536931818183,0.8922230113636364
-7.1218039772727275,-9.705255681818182,-12.022372159090908,-15.788352272727273,-15.013316761363637,-10.099431818181818,-2.751242897727273,4.184126420454546,7.5852272727272725,7.7610085227272725,6.045809659090909,3.307883522727273,0.3488991477272727,-4.109552556818182,-8.309659090909092,-9.590731534090908,-7.646484375,-5.9499289772727275,-5.257457386363637,-3.760653409090909,-4.554332386363637,-4.109552556818182,-3.6115056818181817,-4.287997159090909,-4.559659090909091,-4.482421875,-4.588955965909091,-0.36754261363636365,3.233309659090909,-70.70933948863636,-125.83540482954545,-103.84943181818181,-60.30894886363637,-11.100852272727273,23.432173295454547,39.70791903409091,41.07688210227273,32.06942471590909,18.824573863636363,6.5598366477272725,-1.201171875,-4.16015625,-6.498579545454546,-7.726384943181818,-9.478870738636363,-10.104758522727273,-9.862393465909092,-9.638671875,-8.669211647727273,-7.689098011363637,-6.5358664772727275,-5.8860085227272725,-6.6823508522727275,-7.611860795454546,-9.151278409090908,-13.034446022727273,-19.250710227272727,-24.516157670454547,-24.601384943181817,-21.956676136363637,-15.143821022727273,-10.381747159090908,-6.962002840909091,-4.916548295454546,-4.7141335227272725,-4.671519886363637,-5.2414772727272725,-5.638316761363637,-4.200106534090909,-3.864524147727273,-3.923117897727273,-4.181463068181818,-4.1628196022727275,-3.4783380681818183,-3.80859375
-0.3329190340909091,1.5793678977272727,2.05078125,1.8350497159090908,1.1319247159090908,-0.029296875,-0.6258877840909091,-0.7244318181818182,0.4580965909090909,1.8909801136363635,0.47407670454545453,1.2517755681818181,2.032137784090909,1.4169034090909092,1.2064985795454546,0.9348366477272727,-0.234375,-0.6338778409090909,0.6125710227272727,0.8096590909090909,-1.1692116477272727,-3.3771306818181817,-3.395774147727273,-2.0854048295454546,-0.8149857954545454,1.0733309659090908,4.229403409090909,3.2572798295454546,-5.236150568181818,-21.525213068181817,-26.851917613636363,-25.70401278409091,-19.47176846590909,-10.602805397727273,-1.6619318181818181,3.4810014204545454,7.454723011363637,8.866299715909092,7.939453125,6.3307883522727275,4.5676491477272725,4.088245738636363,1.8057528409090908,-0.09588068181818182,-1.0813210227272727,-0.07191051136363637,1.9549005681818181,3.5955255681818183,2.666015625,0.2823153409090909,-1.5181107954545454,-1.9309303977272727,-1.5767045454545454,-1.5420809659090908,-1.34765625,-0.322265625,0.6178977272727273,0.3009588068181818,0.3009588068181818,-0.23703835227272727,-0.8176491477272727,-3.0628551136363638,-1.9682173295454546,-3.2572798295454546,-3.190696022727273,-2.8790838068181817,-3.643465909090909,-3.7366832386363638,-4.080255681818182,-3.7446732954545454,-1.5154474431818181,-0.5060369318181818,-0.3302556818181818,0.15980113636363635,-0.4208096590909091
-2.178622159090909,-2.6287286931818183,-2.8125,-2.7698863636363638,-3.2066761363636362,-2.6713423295454546,-2.3197798295454546,-2.522194602272727,-3.0974786931818183,-2.9216974431818183,-3.5955255681818183,-4.833984375,-4.868607954545454,-4.178799715909091,-3.893821022727273,-3.5289417613636362,-3.4117542613636362,-2.8551136363636362,-1.5873579545454546,-2.1306818181818183,-1.787109375,-1.3290127840909092,0.25834517045454547,2.9723011363636362,8.634588068181818,7.372159090909091,-3.6567826704545454,-13.391335227272727,-19.66885653409091,-23.996803977272727,-25.277876420454547,-23.717151988636363,-20.569069602272727,-15.077237215909092,-8.655894886363637,-4.429154829545454,-1.2224786931818181,0.7350852272727273,2.3597301136363638,2.120028409090909,1.7365056818181819,1.083984375,1.3156960227272727,1.6619318181818181,1.4701704545454546,1.1558948863636365,1.5580610795454546,1.2544389204545454,1.2677556818181819,1.5740411931818181,1.0919744318181819,1.8510298295454546,2.109375,2.05078125,1.8776633522727273,1.5580610795454546,0.87890625,0.9987571022727273,0.8682528409090909,0.4181463068181818,0.7883522727272727,1.9122869318181819,1.8004261363636365,1.3236860795454546,1.0866477272727273,0.4900568181818182,0.11985085227272728,-0.23970170454545456,-0.5593039772727273,-0.4074928977272727,-0.8762428977272727,-0.9241832386363636,-0.18377130681818182,-0.07457386363636363,-0.33824573863636365
-2.7166193181818183,-1.8030894886363635,-1.8430397727272727,-3.270596590909091,-5.707563920454546,-10.882457386363637,-14.243607954545455,-14.597833806818182,-11.915838068181818,-8.924893465909092,-6.1843039772727275,-3.342507102272727,-0.9534801136363636,1.4435369318181819,2.3810369318181817,3.065518465909091,2.8497869318181817,2.128018465909091,2.0667613636363638,2.3863636363636362,1.4568536931818181,-0.18909801136363635,-1.6459517045454546,-4.887251420454546,-6.1257102272727275,-5.206853693181818,-6.043146306818182,-20.766157670454547,-49.18146306818182,-69.65198863636364,-72.6162997159091,-58.39133522727273,-39.80912642045455,-20.45987215909091,-5.356001420454546,3.6088423295454546,8.083274147727273,9.942294034090908,11.215376420454545,12.541725852272727,13.76953125,13.897372159090908,13.529829545454545,14.288884943181818,15.031960227272727,15.900213068181818,15.151811079545455,12.997159090909092,9.265802556818182,6.519886363636363,2.1439985795454546,0.3409090909090909,0.6392045454545454,3.3824573863636362,7.563920454545454,11.622869318181818,15.474076704545455,19.943181818181817,22.622514204545453,25.181995738636363,26.311257102272727,24.638671875,22.69442471590909,19.8046875,17.732599431818183,15.460759943181818,13.798828125,13.330078125,13.449928977272727,11.524325284090908,9.404296875,7.691761363636363,6.248224431818182,3.680752840909091,1.7098721590909092
-3.835227272727273,-3.0601917613636362,-1.8936434659090908,-2.0720880681818183,-2.6127485795454546,-3.9018110795454546,-4.1335227272727275,-4.122869318181818,-4.168146306818182,-4.061612215909091,-4.080255681818182,-4.857954545454546,-3.9710582386363638,-3.8512073863636362,-4.314630681818182,-4.935191761363637,-4.351917613636363,-4.005681818181818,-4.618252840909091,-4.634232954545454,-5.6569602272727275,-5.134943181818182,-4.738103693181818,-4.961825284090909,-2.8924005681818183,0.263671875,-4.474431818181818,-17.367720170454547,-45.56729403409091,-74.57386363636364,-82.48668323863636,-73.36203835227273,-50.96058238636363,-27.765447443181817,-9.454900568181818,3.219992897727273,11.657492897727273,15.953480113636363,17.900390625,18.968394886363637,18.305220170454547,17.809836647727273,15.751065340909092,14.584517045454545,12.893288352272727,11.577592329545455,9.787819602272727,9.076704545454545,7.976740056818182,7.470703125,8.016690340909092,7.9953835227272725,7.723721590909091,6.759588068181818,5.806107954545454,5.318714488636363,4.272017045454546,3.145419034090909,2.607421875,2.7166193181818183,1.6912286931818181,0.8815696022727273,0.0,0.27965198863636365,0.8362926136363636,2.069424715909091,1.9016335227272727,3.182705965909091,3.0894886363636362,3.3345170454545454,3.1427556818181817,2.5115411931818183,3.0122514204545454,2.0960582386363638,1.5101207386363635
-2.0640980113636362,-2.018821022727273,-2.3011363636363638,-2.186612215909091,-2.548828125,-2.1892755681818183,-2.5435014204545454,-3.0522017045454546,-3.7553267045454546,-5.688920454545454,-7.755681818181818,-7.470703125,-6.0964133522727275,-4.27734375,-3.219992897727273,-2.1759588068181817,-1.7498224431818181,-0.8442826704545454,-0.18909801136363635,0.46875,0.5646306818181818,0.6977982954545454,0.205078125,0.07191051136363637,-1.8723366477272727,-4.732776988636363,-9.382990056818182,-16.435546875,-29.573863636363637,-47.82315340909091,-59.970703125,-58.564453125,-47.79119318181818,-35.76882102272727,-23.71981534090909,-15.567294034090908,-10.389737215909092,-6.890092329545454,-5.121626420454546,-3.928444602272727,-3.1294389204545454,-1.2997159090909092,-0.10919744318181818,1.3050426136363635,2.2611860795454546,2.373046875,3.488991477272727,5.350674715909091,6.874112215909091,9.926313920454545,13.234197443181818,16.038707386363637,18.963068181818183,22.587890625,25.46963778409091,28.78018465909091,30.170454545454547,30.69247159090909,29.664417613636363,27.571022727272727,25.043501420454547,20.838068181818183,16.595348011363637,11.359197443181818,7.3801491477272725,4.112215909090909,0.9241832386363636,-1.6086647727272727,-2.692649147727273,-3.9976917613636362,-5.659623579545454,-6.346768465909091,-6.695667613636363,-6.922052556818182,-7.396129261363637
-2.9083806818181817,-3.5901988636363638,-4.106889204545454,-3.9630681818181817,-4.032315340909091,-4.5436789772727275,-5.052379261363637,-5.555752840909091,-5.965909090909091,-4.940518465909091,-4.298650568181818,-4.106889204545454,-4.242720170454546,-4.51171875,-4.311967329545454,-4.293323863636363,-3.965731534090909,-4.703480113636363,-4.703480113636363,-5.055042613636363,-5.028409090909091,-5.726207386363637,-5.459872159090909,-5.185546875,-4.722123579545454,-4.916548295454546,-8.834339488636363,-20.814098011363637,-45.92151988636363,-67.92613636363636,-71.52698863636364,-59.66175426136363,-38.83433948863637,-18.678089488636363,-2.080078125,9.734552556818182,15.668501420454545,18.52627840909091,18.989701704545453,18.33984375,16.898970170454547,15.253018465909092,13.838778409090908,12.336647727272727,11.444424715909092,11.231356534090908,10.400390625,9.915660511363637,9.601384943181818,9.034090909090908,8.626598011363637,8.73046875,8.578657670454545,7.9714133522727275,7.750355113636363,7.462713068181818,7.183061079545454,7.223011363636363,6.7063210227272725,6.109730113636363,5.6862571022727275,5.0710227272727275,4.879261363636363,3.8671875,3.369140625,3.1507457386363638,2.295809659090909,2.4689275568181817,1.9309303977272727,1.5553977272727273,1.1931818181818181,1.6060014204545454,1.2118252840909092,0.9774502840909091,1.0546875
-2.4369673295454546,-2.655362215909091,-2.0933948863636362,-0.9135298295454546,-0.8229758522727273,-1.4568536931818181,-2.4263139204545454,-2.588778409090909,-2.0348011363636362,-1.3583096590909092,-1.2224786931818181,-1.8936434659090908,-2.663352272727273,-3.955078125,-3.6088423295454546,-3.488991477272727,-2.6234019886363638,-1.8936434659090908,-2.873757102272727,-3.5369318181818183,-4.591619318181818,-3.9683948863636362,-2.2771661931818183,-0.9854403409090909,-0.439453125,-1.083984375,1.5713778409090908,7.3854758522727275,17.839133522727273,31.603338068181817,40.35777698863637,-1.9788707386363635,-34.90323153409091,-33.25727982954545,-13.758877840909092,3.6168323863636362,11.124822443181818,8.919566761363637,3.8299005681818183,0.5779474431818182,-1.3955965909090908,-0.99609375,-1.9469105113636365,-1.8350497159090908,-2.207919034090909,-2.428977272727273,-2.229225852272727,-1.552734375,-1.5607244318181819,-2.450284090909091,-2.431640625,-2.471590909090909,-2.51953125,-2.0587713068181817,-2.3384232954545454,-2.8657670454545454,-2.325106534090909,-1.1452414772727273,-0.7750355113636364,-0.7457386363636364,-0.6418678977272727,-1.5047940340909092,-2.333096590909091,-2.7166193181818183,-2.1040482954545454,-2.548828125,-2.170632102272727,-1.5474076704545454,-1.5367542613636365,-2.434303977272727,-2.8790838068181817,-3.731356534090909,-2.450284090909091,-2.1732954545454546,-1.6459517045454546
1.4621803977272727,1.1825284090909092,1.3343394886363635,1.2970525568181819,0.9721235795454546,0.4367897727272727,0.24769176136363635,0.21040482954545456,-0.22105823863636365,-0.7776988636363636,-1.4222301136363635,-1.8883167613636365,-1.5367542613636365,-1.3236860795454546,-0.849609375,-0.9721235795454546,-1.0466974431818181,-1.4302201704545454,-1.4009232954545454,-2.0348011363636362,-2.7698863636363638,-2.3091264204545454,-1.4408735795454546,-1.083984375,-0.17578125,0.34623579545454547,0.9321732954545454,2.844460227272727,3.3931107954545454,-18.76864346590909,-33.41175426136363,-25.680042613636363,-12.698863636363637,-0.8229758522727273,7.963423295454546,10.549538352272727,10.123401988636363,7.060546875,3.4783380681818183,-0.1358309659090909,-1.2331321022727273,-1.7072088068181819,-1.2730823863636365,-1.1612215909090908,-1.2224786931818181,-0.6258877840909091,-0.8256392045454546,-1.6832386363636365,-1.3742897727272727,-1.6965553977272727,-2.2212357954545454,-3.0255681818181817,-3.1773792613636362,-2.1732954545454546,-1.2970525568181819,-0.19176136363636365,0.19176136363636365,-0.25834517045454547,-0.4421164772727273,-0.44477982954545453,-1.8430397727272727,-1.8829900568181819,-2.373046875,-1.4781605113636365,-1.1905184659090908,-0.8416193181818182,-0.23970170454545456,-0.04527698863636364,-0.6338778409090909,-1.259765625,-1.8989701704545454,-2.253196022727273,-1.376953125,-1.3529829545454546,-0.7990056818181818
-5.574396306818182,-5.603693181818182,-5.092329545454546,-5.087002840909091,-5.830078125,-5.925958806818182,-5.225497159090909,-4.604936079545454,-1.34765625,-0.1171875,1.4248934659090908,1.5047940340909092,-0.3595525568181818,-1.7418323863636365,-2.7885298295454546,-3.69140625,-4.357244318181818,-3.8911576704545454,-3.835227272727273,-3.8032670454545454,-4.964488636363637,-6.5305397727272725,-6.240234375,-5.675603693181818,-5.497159090909091,-4.256036931818182,-2.2611860795454546,1.3316761363636365,3.2972301136363638,-48.56889204545455,-114.07670454545455,-106.28373579545455,-58.44992897727273,-9.087357954545455,19.245383522727273,26.244673295454547,21.306818181818183,10.842507102272727,2.7991832386363638,-0.6924715909090909,-3.9311079545454546,-6.485262784090909,-7.9714133522727275,-7.577237215909091,-5.9499289772727275,-4.706143465909091,-5.049715909090909,-5.2734375,-6.083096590909091,-7.201704545454546,-8.517400568181818,-8.051313920454545,-7.9714133522727275,-8.083274147727273,-8.898259943181818,-10.799893465909092,-10.669389204545455,-10.344460227272727,-9.457563920454545,-8.703835227272727,-7.7903053977272725,-6.059126420454546,-4.833984375,-3.7713068181818183,-4.692826704545454,-1.5047940340909092,-2.341086647727273,-2.471590909090909,-1.3689630681818181,-0.6605113636363636,-0.29829545454545453,-0.04261363636363636,-0.3036221590909091,-0.5087002840909091,-0.5886008522727273
-5.3639914772727275,-4.610262784090909,-4.407848011363637,-4.996448863636363,-3.3158735795454546,-3.4224076704545454,-3.592862215909091,-3.8458806818181817,-3.512961647727273,-4.357244318181818,-4.3625710227272725,-3.0814985795454546,-2.724609375,-2.7618963068181817,-2.375710227272727,-4.754083806818182,-5.957919034090909,-5.340021306818182,-3.7446732954545454,-3.1587357954545454,-3.3984375,-3.8139204545454546,-3.4916548295454546,-2.3570667613636362,-1.4009232954545454,1.2544389204545454,4.871271306818182,5.6809303977272725,-7.990056818181818,-30.83895596590909,-36.00319602272727,-19.767400568181817,2.5142045454545454,18.869850852272727,22.579900568181817,18.659446022727273,9.132634943181818,1.1665482954545454,-2.793856534090909,-5.691583806818182,-5.425248579545454,-5.409268465909091,-5.497159090909091,-6.405362215909091,-7.135120738636363,-8.765092329545455,-7.539950284090909,-6.437322443181818,-4.916548295454546,-4.282670454545454,-1.5980113636363635,-0.8176491477272727,-2.6819957386363638,-4.229403409090909,-4.4504616477272725,-4.378551136363637,-3.9497514204545454,-5.308061079545454,-3.321200284090909,-1.9815340909090908,-0.3995028409090909,-1.2943892045454546,-0.05593039772727273,1.3370028409090908,3.1720525568181817,2.7166193181818183,2.3277698863636362,2.6580255681818183,2.8551136363636362,2.6447088068181817,4.610262784090909,6.5625,5.675603693181818,4.295987215909091,4.090909090909091
-1.6779119318181819,-2.546164772727273,-2.7698863636363638,-3.0921519886363638,-2.7112926136363638,-2.783203125,-2.237215909090909,-2.303799715909091,-2.9962713068181817,-3.108132102272727,-2.458274147727273,-2.5914417613636362,-2.0055042613636362,-3.0015980113636362,-3.182705965909091,-4.530362215909091,-4.935191761363637,-4.381214488636363,-3.512961647727273,-3.45703125,-3.6754261363636362,-3.4357244318181817,-3.1720525568181817,-2.8577769886363638,-1.4914772727272727,0.7697088068181818,6.040482954545454,7.697088068181818,-9.329723011363637,-38.62393465909091,-50.55308948863637,-44.25692471590909,-27.429865056818183,-6.3254616477272725,6.469282670454546,10.866477272727273,9.145951704545455,6.5891335227272725,3.776633522727273,2.237215909090909,-0.050603693181818184,-0.2743252840909091,-1.4115767045454546,-2.128018465909091,-4.088245738636363,-3.635475852272727,-1.4754971590909092,0.11452414772727272,0.9721235795454546,2.3810369318181817,3.379794034090909,3.1427556818181817,3.379794034090909,2.490234375,1.0786576704545454,0.7164417613636364,-0.30894886363636365,-2.341086647727273,-3.6487926136363638,-3.5023082386363638,-2.4183238636363638,-2.0374644886363638,-0.966796875,-0.9561434659090909,0.13316761363636365,0.8442826704545454,1.0333806818181819,1.3849431818181819,2.538174715909091,1.9149502840909092,2.5701349431818183,2.266512784090909,2.34375,2.831143465909091,3.196022727272727
-7.2975852272727275,-7.188387784090909,-6.322798295454546,-6.6530539772727275,-7.236328125,-8.480113636363637,-9.020774147727273,-9.758522727272727,-9.489524147727273,-10.352450284090908,-10.480291193181818,-9.899680397727273,-9.601384943181818,-9.923650568181818,-9.990234375,-10.461647727272727,-11.108842329545455,-11.521661931818182,-10.986328125,-10.826526988636363,-10.094105113636363,-9.747869318181818,-9.739879261363637,-9.628018465909092,-10.357776988636363,-14.949396306818182,-25.632102272727273,-44.0625,-73.67897727272727,-101.3778409090909,-104.59250710227273,-84.92897727272727,-55.24325284090909,-26.35653409090909,-4.7434303977272725,9.894353693181818,18.757990056818183,22.888849431818183,24.881036931818183,25.504261363636363,25.797230113636363,25.509588068181817,24.609375,24.838423295454547,24.351029829545453,24.252485795454547,23.373579545454547,22.62784090909091,22.630504261363637,22.550603693181817,22.055220170454547,22.01260653409091,20.838068181818183,20.356001420454547,20.132279829545453,19.359907670454547,18.968394886363637,18.401100852272727,17.468927556818183,16.875,16.195845170454547,15.543323863636363,15.223721590909092,14.701704545454545,14.384765625,13.308771306818182,12.589666193181818,11.598899147727273,10.131392045454545,9.390980113636363,8.253728693181818,7.103160511363637,6.834161931818182,6.669034090909091,6.927379261363637
-2.032137784090909,-2.3890269886363638,-1.6379616477272727,-1.2544389204545454,-0.234375,-1.0040838068181819,-1.9868607954545454,-3.371803977272727,-4.828657670454546,-6.165660511363637,-7.169744318181818,-6.2136008522727275,-5.190873579545454,-4.493075284090909,-3.057528409090909,-2.1439985795454546,-0.3196022727272727,0.6898082386363636,1.171875,1.6486150568181819,0.4474431818181818,0.06392045454545454,0.17844460227272727,0.615234375,2.0374644886363638,3.395774147727273,3.1640625,-6.4719460227272725,-26.540305397727273,-47.10404829545455,-49.79137073863637,-32.03480113636363,-4.9538352272727275,18.80859375,36.53053977272727,45.02130681818182,46.47549715909091,43.70028409090909,38.30965909090909,32.71928267045455,26.479048295454547,20.278764204545453,14.896129261363637,10.501598011363637,5.824751420454546,0.9188565340909091,-5.015092329545454,-11.439098011363637,-18.488991477272727,-26.71875,-34.44513494318182,-39.88370028409091,-40.33114346590909,-34.47443181818182,-25.21395596590909,-13.705610795454545,-1.1798650568181819,8.669211647727273,16.382279829545453,20.51846590909091,22.204367897727273,22.308238636363637,21.410688920454547,20.100319602272727,17.94034090909091,17.527521306818183,16.574041193181817,16.262428977272727,15.356889204545455,14.158380681818182,13.268821022727273,11.907848011363637,10.757279829545455,9.100674715909092,6.791548295454546
0.005326704545454545,-0.8176491477272727,-1.171875,-1.3290127840909092,-1.8270596590909092,-2.1040482954545454,-3.45703125,-3.6541193181818183,-3.2173295454545454,-3.094815340909091,-2.6740056818181817,-2.266512784090909,-2.684659090909091,-3.1427556818181817,-2.956321022727273,-3.515625,-2.9376775568181817,-2.229225852272727,-2.2638494318181817,-2.9669744318181817,-3.1001420454545454,-3.1187855113636362,-3.1427556818181817,-3.086825284090909,-3.893821022727273,-5.5104758522727275,-9.841086647727273,-22.974076704545453,-37.16175426136363,-55.60813210227273,-68.349609375,-58.32208806818182,-33.22798295454545,-8.240411931818182,11.295276988636363,21.20028409090909,25.328480113636363,25.051491477272727,21.967329545454547,18.670099431818183,16.318359375,13.796164772727273,11.873224431818182,8.903586647727273,7.111150568181818,6.732954545454546,6.381392045454546,5.004438920454546,3.955078125,3.350497159090909,3.4623579545454546,3.488991477272727,3.6328125,4.370561079545454,4.546342329545454,4.061612215909091,3.7872869318181817,4.064275568181818,3.262606534090909,2.578125,1.9069602272727273,1.7471590909090908,2.1253551136363638,2.546164772727273,3.0894886363636362,3.395774147727273,3.57421875,3.204012784090909,2.8204900568181817,1.875,0.6764914772727273,0.38618607954545453,0.17045454545454544,0.25035511363636365,-0.01065340909090909
-2.9723011363636362,-2.705965909090909,-2.199928977272727,-1.5127840909090908,-0.4660866477272727,-0.6977982954545454,-1.0014204545454546,-2.7965198863636362,-5.057705965909091,-8.338955965909092,-9.865056818181818,-10.333806818181818,-9.0234375,-7.454723011363637,-5.0417258522727275,-2.4263139204545454,-1.7897727272727273,-1.2997159090909092,-0.3302556818181818,0.4607599431818182,1.2863991477272727,0.8709161931818182,0.6871448863636364,0.6125710227272727,-0.5912642045454546,-3.310546875,-8.690518465909092,-22.377485795454547,-46.38494318181818,-77.24254261363636,-95.48650568181819,-87.62428977272727,-64.59428267045455,-40.29918323863637,-21.722301136363637,-10.038174715909092,-3.885830965909091,-0.19176136363636365,2.2798295454545454,3.454367897727273,4.466441761363637,5.68359375,6.4479758522727275,7.0871803977272725,6.2109375,5.558416193181818,5.260120738636363,4.732776988636363,4.266690340909091,6.139026988636363,7.832919034090909,9.787819602272727,12.951882102272727,16.829723011363637,19.671519886363637,23.988813920454547,27.46182528409091,31.398259943181817,34.63423295454545,35.7421875,34.90056818181818,33.08416193181818,31.201171875,29.078480113636363,25.943714488636363,22.462713068181817,20.212180397727273,16.568714488636363,13.441938920454545,10.211292613636363,6.796875,4.586292613636363,1.8776633522727273,-0.14382102272727273,-2.6234019886363638
-9.0673828125,-9.769176136363637,-9.693270596590908,-9.141956676136363,-9.014115767045455,-9.4482421875,-7.7809836647727275,-10.075461647727273,-11.724076704545455,-14.427379261363637,-14.272904829545455,-11.987748579545455,-8.312322443181818,-4.579634232954546,-1.9762073863636365,0.6338778409090909,2.4822443181818183,3.6993963068181817,3.3917791193181817,0.4287997159090909,-3.768643465909091,-8.007368607954545,-9.835759943181818,-8.986150568181818,-7.642489346590909,-6.754261363636363,-8.647904829545455,-24.566761363636363,-69.50949928977273,-117.10759943181819,-118.7069424715909,-76.79243607954545,-21.17764559659091,22.77432528409091,52.26029829545455,69.20055042613636,75.81764914772727,76.79909446022727,75.25834517045455,71.99840198863636,67.7197265625,63.04421164772727,58.60307173295455,52.51198508522727,45.6005859375,40.79723011363637,36.93004261363637,37.51997514204545,39.79847301136363,45.13583096590909,50.34401633522727,56.25,60.70046164772727,63.5302734375,63.17072088068182,59.66574928977273,54.4921875,48.94575639204545,40.70667613636363,32.77654474431818,25.040838068181817,17.3291015625,9.428267045454545,1.6299715909090908,-4.856622869318182,-10.723987926136363,-16.492808948863637,-21.578480113636363,-26.123490767045453,-29.196999289772727,-30.522017045454547,-31.741832386363637,-32.26651278409091,-32.2412109375,-31.27041903409091
-5.322709517045454,-5.550426136363637,-6.2721946022727275,-5.342684659090909,-4.750088778409091,-4.810014204545454,-5.443892045454546,-6.1057350852272725,-7.943448153409091,-8.855646306818182,-10.60546875,-12.709517045454545,-12.569691051136363,-12.203480113636363,-12.457830255681818,-13.469904119318182,-14.207652698863637,-13.975941051136363,-12.640269886363637,-12.614968039772727,-12.94921875,-13.861416903409092,-14.058504971590908,-14.729669744318182,-16.3037109375,-18.073508522727273,-33.25062144886363,-65.5624112215909,-115.72531960227273,-166.25843394886363,-167.44362571022728,-125.92063210227273,-69.9502840909091,-20.165571732954547,15.500710227272727,35.45587713068182,43.58442826704545,44.43004261363637,41.46173650568182,36.76491477272727,32.59011008522727,28.140980113636363,26.273970170454547,25.152698863636363,25.08877840909091,25.731977982954547,25.413707386363637,25.3271484375,26.152787642045453,25.988991477272727,25.516246448863637,25.095436789772727,24.528142755681817,24.12997159090909,23.253728693181817,21.76358309659091,19.389204545454547,18.307883522727273,16.44620028409091,16.028053977272727,15.880237926136363,15.580610795454545,15.2783203125,14.270241477272727,13.025124289772727,10.789240056818182,10.044833096590908,9.111328125,9.288441051136363,9.164595170454545,8.358931107954545,7.864879261363637,7.960759943181818,7.421431107954546,6.326793323863637
-7.8635475852272725,-7.887517755681818,-7.0166015625,-6.302823153409091,-5.513139204545454,-5.250799005681818,-5.6130149147727275,-6.4426491477272725,-6.505237926136363,-7.205699573863637,-7.565252130681818,-7.201704545454546,-7.920809659090909,-8.611949573863637,-8.568004261363637,-8.883611505681818,-8.817027698863637,-7.5146484375,-7.320223721590909,-6.420010653409091,-6.907404119318182,-7.698419744318182,-8.273703835227273,-8.8916015625,-10.432350852272727,-16.251775568181817,-38.63192471590909,-64.7500887784091,-91.0000887784091,-133.55246803977272,-154.16548295454547,-131.4590731534091,-86.82794744318181,-42.37393465909091,-5.292080965909091,18.6474609375,32.87908380681818,40.03551136363637,40.81853693181818,38.31498579545455,34.99778053977273,31.66592684659091,28.84676846590909,27.291370738636363,25.927734375,24.962269176136363,24.076704545454547,24.445578835227273,23.669211647727273,24.15926846590909,23.52139559659091,22.799627130681817,22.95809659090909,22.850230823863637,22.097833806818183,20.26278409090909,18.976384943181817,18.375799005681817,17.540838068181817,17.09073153409091,17.608753551136363,17.009499289772727,15.787020596590908,14.841530539772727,12.056995738636363,10.827858664772727,10.119406960227273,8.698508522727273,7.361505681818182,7.352183948863637,7.647816051136363,7.9274680397727275,7.4267578125,6.627752130681818,6.151012073863637
-1.5567294034090908,-1.7325106534090908,-3.2293146306818183,-3.915127840909091,-4.017666903409091,-3.329190340909091,-2.9057173295454546,-2.287819602272727,-1.9149502840909092,-4.550337357954546,-9.592063210227273,-13.714932528409092,-13.308771306818182,-9.885031960227273,-5.755504261363637,-2.9683061079545454,-1.1226029829545454,-0.36088423295454547,0.03329190340909091,-0.1318359375,0.35023082386363635,0.4873934659090909,1.1092862215909092,1.1172762784090908,0.45942826704545453,-0.06924715909090909,-2.8617720170454546,-14.464666193181818,-49.91388494318182,-103.85209517045455,-128.5440340909091,-102.8759765625,-49.50905539772727,0.7204367897727273,36.99129971590909,57.57368607954545,64.07093394886364,61.41557173295455,55.14071377840909,46.86567826704545,37.12979403409091,28.821466619318183,20.613014914772727,13.971946022727273,7.940784801136363,3.5901988636363638,0.4607599431818182,-1.7804509943181819,-2.853781960227273,-3.1507457386363638,-3.219992897727273,-1.6246448863636365,1.0573508522727273,3.544921875,7.348188920454546,12.216796875,17.3876953125,21.630415482954547,25.22860440340909,29.251598011363637,31.936257102272727,33.71937144886363,35.42524857954545,35.70223721590909,35.13227982954545,32.98694957386363,30.402166193181817,26.933149857954547,24.185901988636363,20.5517578125,16.273082386363637,11.819957386363637,6.767578125,2.640713778409091,-1.0986328125
-6.962002840909091,-7.2216796875,-7.320223721590909,-7.494673295454546,-7.705078125,-7.530628551136363,-8.449485085227273,-8.7890625,-9.733220880681818,-9.493519176136363,-9.368341619318182,-8.010031960227273,-7.392134232954546,-8.135209517045455,-7.915482954545454,-8.256392045454545,-8.546697443181818,-9.237837357954545,-7.928799715909091,-6.787553267045454,-6.478604403409091,-6.834161931818182,-6.868785511363637,-6.001864346590909,-6.4306640625,-8.434836647727273,-19.939186789772727,-40.30584161931818,-66.06312144886364,-107.8231534090909,-135.27965198863637,-118.81480823863636,-77.11869673295455,-32.97762784090909,5.142933238636363,28.569779829545453,39.48020241477273,42.50843394886363,40.634765625,37.27761008522727,32.255859375,29.320845170454547,28.613725142045453,27.576349431818183,25.546875,24.263139204545453,22.625177556818183,21.44131747159091,20.390625,19.410511363636363,18.726029829545453,18.137428977272727,18.114790482954547,18.49698153409091,18.839222301136363,17.542169744318183,16.663263494318183,14.994673295454545,13.452592329545455,13.489879261363637,13.4619140625,12.672230113636363,13.210227272727273,12.893288352272727,11.814630681818182,9.747869318181818,9.169921875,9.365678267045455,7.261629971590909,6.1843039772727275,5.562411221590909,5.5544211647727275,5.192205255681818,4.590287642045454,4.503728693181818
1.0200639204545454,-0.5313387784090909,-2.238547585227273,-2.6713423295454546,-2.1186967329545454,-0.8615944602272727,-0.6099076704545454,-1.1985085227272727,-3.662109375,-7.402787642045454,-11.295276988636363,-12.4365234375,-10.6787109375,-7.923473011363637,-5.4079367897727275,-3.314541903409091,-1.7351740056818181,-0.7683771306818182,-1.2957208806818181,-2.032137784090909,-2.932350852272727,-3.050870028409091,-2.40234375,-1.7551491477272727,-2.736594460227273,-3.166725852272727,-4.164151278409091,-12.589666193181818,-43.97860440340909,-91.66859019886364,-106.09596946022727,-77.3916903409091,-27.379261363636363,16.725852272727273,46.84969815340909,61.86168323863637,66.26420454545455,64.21608664772727,58.87340198863637,53.8916015625,48.96306818181818,44.02920809659091,38.173828125,34.17613636363637,30.16512784090909,27.146218039772727,24.625355113636363,20.117631392045453,16.001420454545453,12.376598011363637,8.750443892045455,6.446644176136363,6.357421875,6.9167258522727275,8.750443892045455,10.586825284090908,13.957297585227273,18.278586647727273,21.795543323863637,25.50692471590909,27.98251065340909,29.480646306818183,30.071910511363637,30.205078125,28.475230823863637,26.044921875,22.80362215909091,19.730113636363637,17.492897727272727,14.2236328125,10.343128551136363,6.599786931818182,4.156161221590909,0.6352095170454546,-2.860440340909091
-1.3924632352941178,-0.9633501838235294,-0.6669347426470589,-0.15337775735294118,0.9840303308823529,1.9663373161764706,3.7310431985294117,-2.366153492647059,-13.729894301470589,-22.768841911764707,-25.84329044117647,-20.68704044117647,-13.042279411764707,-5.638786764705882,-0.15682444852941177,3.363970588235294,4.658203125,4.332490808823529,3.6190257352941178,2.971047794117647,0.15854779411764705,-5.2458639705882355,-16.590647977941178,-35.375114889705884,-62.155905330882355,-87.90441176470588,-103.7109375,-119.20209099264706,-143.35994944852942,-163.14395680147058,-172.92049632352942,-170.48885569852942,-159.6593520220588,-144.94715073529412,-128.24620863970588,-112.98598345588235,-97.998046875,-83.63913143382354,-69.28883272058823,-55.236672794117645,-42.15475643382353,-28.34731158088235,-13.976332720588236,0.26711856617647056,13.281824448529411,25.038488051470587,35.46817555147059,42.640739889705884,49.76505055147059,57.06341911764706,64.03952205882354,70.693359375,76.47001378676471,80.05629595588235,81.48667279411765,80.49402573529412,75.4877068014706,64.65130974264706,48.73104319852941,34.03262867647059,22.33628216911765,17.505744485294116,15.534237132352942,14.946576286764707,13.988396139705882,12.59765625,9.912683823529411,7.91015625,6.000689338235294,4.2463235294117645,2.8624770220588234,2.0352711397058822,1.7061121323529411,0.2309283088235294,-2.922794117647059
-3.8299005681818183,-4.237393465909091,-5.166903409090909,-5.125621448863637,-4.550337357954546,-4.27734375,-3.7513316761363638,-3.6927379261363638,-4.457120028409091,-5.7568359375,-6.983309659090909,-7.9514382102272725,-7.774325284090909,-7.227006392045454,-6.798206676136363,-6.622425426136363,-7.317560369318182,-8.160511363636363,-10.044833096590908,-11.307262073863637,-11.435102982954545,-10.665394176136363,-9.086026278409092,-8.464133522727273,-8.602627840909092,-9.421608664772727,-12.154208096590908,-21.272194602272727,-36.97798295454545,-54.07004616477273,-67.2256747159091,-65.83673650568181,-59.45134943181818,-46.84037642045455,-28.200905539772727,-9.119318181818182,5.80078125,14.481977982954545,17.415660511363637,18.257279829545453,16.869673295454547,14.643110795454545,14.423384232954545,14.873490767045455,15.181107954545455,15.677823153409092,15.976118607954545,15.735085227272727,15.7177734375,15.7177734375,14.8388671875,13.978604403409092,13.312766335227273,12.718838778409092,12.660245028409092,12.340642755681818,11.801313920454545,11.995738636363637,13.082386363636363,12.455166903409092,11.857244318181818,11.364524147727273,10.341796875,10.427024147727273,10.126065340909092,9.070046164772727,8.223100142045455,7.245649857954546,6.575816761363637,6.302823153409091,5.893998579545454,6.537198153409091,6.557173295454546,6.1057350852272725,5.521129261363637
-2.5914417613636362,-2.2172407670454546,-1.2664240056818181,-0.732421875,-0.9348366477272727,-1.9415838068181819,-2.302468039772727,-1.7444957386363635,-2.7778764204545454,-3.841885653409091,-5.3000710227272725,-9.458895596590908,-11.126154119318182,-10.585493607954545,-9.091352982954545,-5.980557528409091,-3.5795454545454546,-2.724609375,-1.1918501420454546,1.0400390625,1.9588955965909092,2.251864346590909,0.7231001420454546,-2.3011363636363638,-8.590642755681818,-18.206676136363637,-32.35174005681818,-49.15882457386363,-69.72523082386364,-91.72984730113636,-98.84632457386364,-85.1846590909091,-63.27991832386363,-48.16539417613637,-36.22025923295455,-24.336381392045453,-14.318181818181818,-6.194957386363637,-2.1906072443181817,-0.3875177556818182,-0.005326704545454545,-0.791015625,-1.1985085227272727,-1.4102450284090908,-0.48473011363636365,-0.02263849431818182,0.9521484375,3.446377840909091,5.912642045454546,10.493607954545455,16.295720880681817,23.725142045454547,32.33575994318182,40.6201171875,47.81782670454545,53.16184303977273,56.28196022727273,57.99582741477273,57.46715198863637,54.81045809659091,50.94193892045455,47.15198863636363,42.02237215909091,37.11381392045455,31.51278409090909,26.273970170454547,19.944513494318183,14.110440340909092,8.0126953125,2.450284090909091,-2.663352272727273,-6.687677556818182,-10.598810369318182,-12.8466796875,-15.491388494318182
-1.53955078125,-0.6591796875,0.1669921875,-0.205078125,-1.34326171875,-2.9296875,-3.32373046875,-4.35205078125,-4.63037109375,-4.66259765625,-3.83935546875,-4.3505859375,-4.458984375,-3.59912109375,-3.521484375,-3.609375,-3.39990234375,-2.771484375,-2.0302734375,-2.724609375,-2.31591796875,-2.40234375,-2.59716796875,-2.126953125,2.79931640625,11.15771484375,16.857421875,8.81396484375,-20.36865234375,-44.513671875,-50.1533203125,-41.8447265625,-28.14404296875,-17.39208984375,-10.37255859375,-5.74365234375,-3.64599609375,-2.21484375,-0.48486328125,0.62109375,0.47607421875,0.82763671875,1.23486328125,1.51611328125,2.60888671875,2.48583984375,2.69384765625,2.70849609375,1.6171875,0.8876953125,1.3095703125,0.81005859375,1.75927734375,2.19873046875,2.9912109375,2.8388671875,2.91357421875,3.67529296875,2.982421875,2.3349609375,1.90869140625,0.19482421875,0.0263671875,0.26953125,0.72802734375,0.7939453125,1.94970703125,2.1181640625,1.24951171875,1.07080078125,1.330078125,0.8203125,1.07666015625,0.78515625,0.3720703125
-5.911310369318182,-6.057794744318182,-5.072354403409091,-4.806019176136363,-5.0830078125,-5.134943181818182,-4.021661931818182,-3.6487926136363638,-5.096324573863637,-9.753196022727273,-14.519264914772727,-15.568625710227273,-14.033203125,-10.340465198863637,-5.743519176136363,-1.5460759943181819,1.3236860795454546,3.2666015625,4.272017045454546,4.383877840909091,3.1281072443181817,2.0893998579545454,1.2943892045454546,1.1505681818181819,-1.5727095170454546,-7.880859375,-13.651012073863637,-17.835138494318183,-34.96448863636363,-65.40793678977273,-71.74272017045455,-51.67036576704545,-23.818359375,-3.381125710227273,8.525390625,13.049094460227273,13.829456676136363,12.194158380681818,10.665394176136363,10.612127130681818,10.110085227272727,10.757279829545455,11.027610085227273,11.242009943181818,10.656072443181818,8.726473721590908,6.297496448863637,5.9033203125,6.7942116477272725,10.131392045454545,15.037286931818182,20.603693181818183,25.992986505681817,29.339488636363637,30.41415127840909,29.97469815340909,28.079723011363637,25.285866477272727,23.04598721590909,19.246715198863637,15.311612215909092,10.3857421875,4.5969460227272725,-1.494140625,-7.156427556818182,-11.255326704545455,-12.801402698863637,-13.833451704545455,-13.953302556818182,-13.350053267045455,-11.636186079545455,-9.697265625,-8.132546164772727,-6.1962890625,-4.7927024147727275
-6.073774857954546,-5.2907492897727275,-4.700816761363637,-4.991122159090909,-4.829989346590909,-5.213512073863637,-5.690252130681818,-6.758256392045454,-7.586558948863637,-7.655806107954546,-8.045987215909092,-8.212446732954545,-9.141956676136363,-10.915749289772727,-11.594904119318182,-12.692205255681818,-13.015802556818182,-13.212890625,-12.259410511363637,-12.041015625,-10.947709517045455,-10.156693892045455,-9.106001420454545,-8.203125,-7.931463068181818,-7.972745028409091,-3.8831676136363638,-6.4479758522727275,-32.64737215909091,-75.20241477272727,-90.8096590909091,-69.57075639204545,-36.23757102272727,-8.590642755681818,8.043323863636363,17.568803267045453,19.42782315340909,18.239968039772727,16.888316761363637,15.215731534090908,13.014470880681818,11.309925426136363,10.162020596590908,10.468306107954545,10.435014204545455,9.967595880681818,10.010209517045455,9.432262073863637,9.172585227272727,9.139293323863637,9.678622159090908,10.336470170454545,10.7373046875,10.191317471590908,10.509588068181818,10.658735795454545,10.392400568181818,10.628107244318182,10.927734375,10.851828835227273,10.359108664772727,10.011541193181818,9.517489346590908,9.456232244318182,8.582652698863637,7.354847301136363,6.318803267045454,5.1442649147727275,4.8046875,4.072265625,3.981711647727273,3.1946910511363638,3.189364346590909,2.705965909090909,1.0546875
-4.270685369318182,-4.4677734375,-5.650301846590909,-6.455965909090909,-6.5771484375,-7.039240056818182,-7.402787642045454,-7.437411221590909,-8.257723721590908,-7.328213778409091,-8.167169744318182,-9.143288352272727,-10.576171875,-12.236772017045455,-12.800071022727273,-13.134321732954545,-13.881392045454545,-13.840110085227273,-14.022549715909092,-14.569868607954545,-15.013316761363637,-15.611239346590908,-14.402077414772727,-13.9013671875,-14.187677556818182,-17.528852982954547,-35.49050071022727,-62.90704900568182,-96.5664950284091,-135.13050426136363,-140.35600142045453,-107.52485795454545,-62.92169744318182,-20.529119318181817,11.951793323863637,31.56338778409091,40.32848011363637,42.25807883522727,40.58149857954545,36.52920809659091,33.26926491477273,30.623224431818183,28.888050426136363,28.596413352272727,28.28213778409091,28.3154296875,29.23828125,29.63778409090909,28.567116477272727,27.8466796875,26.80264559659091,25.340465198863637,24.685280539772727,22.91015625,21.073774857954547,19.684836647727273,18.463689630681817,18.137428977272727,17.572798295454547,16.6259765625,15.478071732954545,14.352805397727273,13.343394886363637,12.547052556818182,11.515003551136363,10.637428977272727,9.871715198863637,9.675958806818182,9.865056818181818,9.928977272727273,10.131392045454545,8.871626420454545,8.032670454545455,7.213689630681818,5.132279829545454
-0.9588068181818182,-0.8456143465909091,-1.4968039772727273,-2.34375,-3.503639914772727,-4.7927024147727275,-5.8860085227272725,-8.673206676136363,-12.302024147727273,-12.340642755681818,-9.814453125,-5.6662819602272725,-3.716708096590909,-1.7351740056818181,0.025301846590909092,1.318359375,2.1985973011363638,2.933682528409091,3.269264914772727,3.2173295454545454,1.669921875,0.31693892045454547,-1.4808238636363635,-2.917702414772727,-4.951171875,-7.234996448863637,-11.427112926136363,-27.732155539772727,-62.52219460227273,-108.71271306818181,-127.94611150568181,-100.5069247159091,-52.29891690340909,-6.939364346590909,26.413796164772727,45.76571377840909,53.83167613636363,54.49485085227273,53.55601917613637,49.71546519886363,45.25568181818182,39.56809303977273,32.50221946022727,24.944957386363637,16.960227272727273,10.734641335227273,6.177645596590909,2.7552379261363638,0.29296875,0.5233487215909091,4.158824573863637,9.3896484375,17.03213778409091,24.922318892045453,32.58478338068182,39.86239346590909,45.40616122159091,49.01766690340909,51.20827414772727,50.92595880681818,48.07217684659091,44.03986150568182,39.46688565340909,33.984375,28.058416193181817,21.93936434659091,16.081321022727273,10.352450284090908,4.666193181818182,-0.4248046875,-5.128284801136363,-9.31640625,-12.893288352272727,-14.918767755681818,-16.785777698863637
-7.236328125,-7.140447443181818,-5.779474431818182,-4.4211647727272725,-3.7260298295454546,-3.694069602272727,-4.261363636363637,-5.166903409090909,-4.876598011363637,-5.670276988636363,-10.078125,-16.107954545454547,-20.07901278409091,-19.778053977272727,-16.44620028409091,-12.152876420454545,-8.626598011363637,-5.2707741477272725,-2.2478693181818183,2.0880681818181817,4.580965909090909,6.101740056818182,6.991299715909091,7.894176136363637,7.843572443181818,8.352272727272727,8.578657670454545,4.256036931818182,-19.82333096590909,-85.56818181818181,-152.70862926136363,-151.23579545454547,-84.67063210227273,-2.391690340909091,59.05717329545455,89.49662642045455,98.41352982954545,98.24041193181819,94.04296875,85.70667613636364,78.19069602272727,68.4854403409091,58.30078125,46.88299005681818,35.27077414772727,25.216619318181817,16.53409090909091,10.179332386363637,9.484197443181818,14.310191761363637,24.015447443181817,35.95791903409091,49.00035511363637,60.39683948863637,69.71324573863636,74.18767755681819,75.04527698863636,72.86931818181819,67.49467329545455,60.89754971590909,51.33877840909091,39.50550426136363,27.898615056818183,15.186434659090908,4.6315696022727275,-5.089666193181818,-12.12890625,-17.082741477272727,-21.28817471590909,-23.767755681818183,-25.58682528409091,-26.545632102272727,-26.345880681818183,-26.14346590909091,-25.855823863636363
-7.944779829545454,-7.5759055397727275,-8.119229403409092,-7.976740056818182,-8.040660511363637,-8.564009232954545,-8.032670454545455,-8.215110085227273,-7.914151278409091,-8.674538352272727,-9.098011363636363,-8.994140625,-9.604048295454545,-9.612038352272727,-9.332386363636363,-8.791725852272727,-8.90625,-9.584073153409092,-10.432350852272727,-11.580255681818182,-11.709428267045455,-12.71484375,-12.865323153409092,-12.107599431818182,-11.697443181818182,-13.175603693181818,-21.506569602272727,-43.94131747159091,-76.85502485795455,-141.10307173295453,-216.4639559659091,-213.5822088068182,-162.31667258522728,-75.93483664772727,-1.9429154829545454,38.61860795454545,55.69868607954545,60.06791548295455,56.32057883522727,50.38529829545455,45.31560724431818,40.52823153409091,36.65571732954545,33.15207741477273,30.231711647727273,29.2529296875,28.909357244318183,27.899946732954547,28.16495028409091,28.160955255681817,26.874556107954547,24.440252130681817,24.007457386363637,23.476118607954547,22.94344815340909,22.30557528409091,21.501242897727273,21.208274147727273,19.41983309659091,17.678000710227273,16.086647727272727,15.007990056818182,14.181019176136363,12.856001420454545,10.878462357954545,9.986239346590908,8.6865234375,8.762428977272727,8.221768465909092,7.083185369318182,6.7822265625,5.8620383522727275,4.16015625,1.8124112215909092,-0.42613636363636365
-0.5593039772727273,-0.4208096590909091,0.09321732954545454,0.41548295454545453,0.23703835227272727,-0.2849786931818182,-0.9454900568181818,-1.2384588068181819,-0.5619673295454546,-1.4408735795454546,-1.6033380681818181,-2.998934659090909,-3.6754261363636362,-3.204012784090909,-3.3025568181818183,-2.458274147727273,-2.801846590909091,-3.0894886363636362,-3.6274857954545454,-3.80859375,-3.174715909090909,-3.036221590909091,-2.7752130681818183,-1.6566051136363635,-0.9934303977272727,-0.09321732954545454,3.8751775568181817,8.829012784090908,18.755326704545453,36.87943892045455,38.52805397727273,8.690518465909092,-15.194424715909092,-21.48526278409091,-18.528941761363637,-13.138316761363637,-8.557350852272727,-5.081676136363637,-4.050958806818182,-4.682173295454546,-4.900568181818182,-5.497159090909091,-8.032670454545455,-9.771839488636363,-10.967684659090908,-11.210049715909092,-11.3671875,-10.858487215909092,-10.909090909090908,-10.000887784090908,-9.018110795454545,-8.541370738636363,-8.221768465909092,-7.32421875,-7.249644886363637,-7.1164772727272725,-5.630326704545454,-5.688920454545454,-5.542436079545454,-5.8860085227272725,-5.816761363636363,-4.786044034090909,-4.349254261363637,-2.4156605113636362,-1.5740411931818181,-1.0973011363636365,-1.0120738636363635,-2.5435014204545454,-2.1599786931818183,-1.9921875,0.29829545454545453,0.06392045454545454,1.4515269886363635,2.258522727272727,3.017578125
0.7590553977272727,1.2517755681818181,0.34623579545454547,-0.2716619318181818,0.4367897727272727,0.5593039772727273,-0.6898082386363636,0.6844815340909091,0.6232244318181818,0.7244318181818182,0.8416193181818182,-0.39417613636363635,-0.6898082386363636,-1.6539417613636365,-1.259765625,-1.58203125,-0.5646306818181818,0.43412642045454547,0.4794034090909091,0.8336292613636364,-0.25035511363636365,-0.09321732954545454,-0.1171875,0.4074928977272727,1.5314275568181819,1.7924360795454546,1.8403764204545454,3.7553267045454546,14.885475852272727,42.09428267045455,56.30593039772727,34.14417613636363,-14.043856534090908,-41.19406960227273,-31.550071022727273,-14.294211647727273,-2.9057173295454546,0.498046875,0.6498579545454546,-0.21306818181818182,-2.998934659090909,-4.7194602272727275,-6.842151988636363,-9.849076704545455,-12.728160511363637,-14.091796875,-14.597833806818182,-13.681640625,-12.512428977272727,-11.678799715909092,-11.817294034090908,-10.661399147727273,-9.636008522727273,-8.309659090909092,-6.930042613636363,-7.001953125,-6.938032670454546,-5.784801136363637,-5.603693181818182,-4.818004261363637,-4.000355113636363,-4.024325284090909,-4.325284090909091,-4.86328125,-5.561079545454546,-6.3547585227272725,-5.606356534090909,-4.050958806818182,-2.8870738636363638,-1.93359375,-0.6045809659090909,-0.6818181818181818,-0.7430752840909091,-0.05593039772727273,1.0227272727272727
-2.7166193181818183,-1.8030894886363635,-1.8430397727272727,-3.270596590909091,-5.707563920454546,-10.882457386363637,-14.243607954545455,-14.597833806818182,-11.915838068181818,-8.924893465909092,-6.1843039772727275,-3.342507102272727,-0.9534801136363636,1.4435369318181819,2.3810369318181817,3.065518465909091,2.8497869318181817,2.128018465909091,2.0667613636363638,2.3863636363636362,1.4568536931818181,-0.18909801136363635,-1.6459517045454546,-4.887251420454546,-6.1257102272727275,-5.206853693181818,-6.043146306818182,-20.766157670454547,-49.18146306818182,-69.65198863636364,-72.6162997159091,-58.39133522727273,-39.80912642045455,-20.45987215909091,-5.356001420454546,3.6088423295454546,8.083274147727273,9.942294034090908,11.215376420454545,12.541725852272727,13.76953125,13.897372159090908,13.529829545454545,14.288884943181818,15.031960227272727,15.900213068181818,15.151811079545455,12.997159090909092,9.265802556818182,6.519886363636363,2.1439985795454546,0.3409090909090909,0.6392045454545454,3.3824573863636362,7.563920454545454,11.622869318181818,15.474076704545455,19.943181818181817,22.622514204545453,25.181995738636363,26.311257102272727,24.638671875,22.69442471590909,19.8046875,17.732599431818183,15.460759943181818,13.798828125,13.330078125,13.449928977272727,11.524325284090908,9.404296875,7.691761363636363,6.248224431818182,3.680752840909091,1.7098721590909092
-1.8696732954545454,-2.487571022727273,-1.9815340909090908,-2.456942471590909,-2.4462890625,-2.8191583806818183,-3.161399147727273,-3.0335582386363638,-3.379794034090909,-3.0095880681818183,-1.611328125,-0.7044566761363636,-0.32359730113636365,-0.13316761363636365,-0.026633522727272728,-0.1611328125,-0.6458629261363636,-1.2784090909090908,-0.8669211647727273,-1.1518998579545454,-1.5127840909090908,-2.536843039772727,-3.212002840909091,-3.3638139204545454,-3.7553267045454546,-4.301313920454546,-6.063121448863637,-8.735795454545455,-10.761274857954545,-13.006480823863637,-13.702947443181818,-13.580433238636363,-12.397904829545455,-10.705344460227273,-8.714488636363637,-7.5705788352272725,-6.015181107954546,-4.680841619318182,-1.6659268465909092,0.18377130681818182,1.1292613636363635,2.596768465909091,4.374556107954546,6.2575461647727275,6.626420454545454,7.1337890625,6.7822265625,6.6330788352272725,5.609019886363637,5.7594992897727275,5.806107954545454,5.579723011363637,4.984463778409091,4.663529829545454,4.393199573863637,3.1427556818181817,2.2425426136363638,2.4995561079545454,3.1867009943181817,2.859108664772727,1.9722123579545454,1.3236860795454546,1.2584339488636365,0.7417436079545454,1.0014204545454546,1.0826526988636365,0.6232244318181818,0.22904829545454544,-1.0719992897727273,-0.7603870738636364,-0.2516867897727273,-0.5433238636363636,-1.9588955965909092,-2.904385653409091,-2.150656960227273
-6.922052556818182,-7.598544034090909,-7.433416193181818,-7.595880681818182,-7.6052024147727275,-7.747691761363637,-8.317649147727273,-8.203125,-8.040660511363637,-8.304332386363637,-9.007457386363637,-9.08203125,-9.600053267045455,-9.160600142045455,-8.866299715909092,-8.986150568181818,-8.309659090909092,-7.3561789772727275,-7.7197265625,-8.181818181818182,-9.481534090909092,-12.833362926136363,-18.787286931818183,-26.50301846590909,-34.81400923295455,-42.82004616477273,-50.48117897727273,-61.67524857954545,-80.72088068181819,-100.28053977272727,-111.63041548295455,-107.7725497159091,-92.82981178977273,-71.59357244318181,-48.515625,-26.1181640625,-7.1364524147727275,7.674449573863637,17.564808238636363,24.74520596590909,28.900035511363637,31.701882102272727,31.990855823863637,31.82705965909091,29.191672585227273,27.812056107954547,27.098277698863637,26.511008522727273,26.37784090909091,26.45907315340909,24.9755859375,23.482776988636363,22.605202414772727,21.232244318181817,19.81534090909091,17.53018465909091,16.733842329545453,15.5126953125,14.8388671875,14.742986505681818,13.910688920454545,13.18359375,12.982510653409092,12.002397017045455,11.409801136363637,9.999556107954545,10.408380681818182,10.139382102272727,9.107333096590908,8.722478693181818,8.718483664772727,6.7063210227272725,5.652965198863637,4.112215909090909,3.130770596590909
-3.190696022727273,-1.5247691761363635,-1.9176136363636365,-3.5076349431818183,-6.147017045454546,-8.140536221590908,-8.658558238636363,-7.753018465909091,-5.406605113636363,-3.544921875,-2.406338778409091,0.3742009943181818,1.4874822443181819,2.136008522727273,2.185280539772727,2.6566938920454546,3.469016335227273,3.9710582386363638,4.209428267045454,4.776722301136363,3.8605291193181817,0.8669211647727273,-1.7098721590909092,-3.527610085227273,-9.951615767045455,-18.844549005681817,-32.22789417613637,-50.61168323863637,-71.08087713068181,-92.8311434659091,-105.11585582386364,-103.16761363636364,-88.40864701704545,-65.69025213068181,-39.90367542613637,-15.862926136363637,4.2746803977272725,20.615678267045453,33.79261363636363,43.42729048295455,48.56622869318182,51.94735440340909,53.14852627840909,53.83433948863637,53.5107421875,51.30415482954545,48.82856889204545,46.91361860795455,44.90145596590909,42.74147727272727,39.72523082386363,36.93670099431818,34.24538352272727,32.31045809659091,29.525923295454547,28.03311434659091,26.793323863636363,25.813210227272727,24.7412109375,22.289595170454547,21.44131747159091,19.8779296875,17.994939630681817,15.982776988636363,15.015980113636363,16.394264914772727,16.579367897727273,15.960138494318182,15.994762073863637,16.004083806818183,16.227805397727273,15.557972301136363,14.612482244318182,13.585759943181818,12.933238636363637
-2.4369673295454546,-2.655362215909091,-2.0933948863636362,-0.9135298295454546,-0.8229758522727273,-1.4568536931818181,-2.4263139204545454,-2.588778409090909,-2.0348011363636362,-1.3583096590909092,-1.2224786931818181,-1.8936434659090908,-2.663352272727273,-3.955078125,-3.6088423295454546,-3.488991477272727,-2.6234019886363638,-1.8936434659090908,-2.873757102272727,-3.5369318181818183,-4.591619318181818,-3.9683948863636362,-2.2771661931818183,-0.9854403409090909,-0.439453125,-1.083984375,1.5713778409090908,7.3854758522727275,17.839133522727273,31.603338068181817,40.35777698863637,-1.9788707386363635,-34.90323153409091,-33.25727982954545,-13.758877840909092,3.6168323863636362,11.124822443181818,8.919566761363637,3.8299005681818183,0.5779474431818182,-1.3955965909090908,-0.99609375,-1.9469105113636365,-1.8350497159090908,-2.207919034090909,-2.428977272727273,-2.229225852272727,-1.552734375,-1.5607244318181819,-2.450284090909091,-2.431640625,-2.471590909090909,-2.51953125,-2.0587713068181817,-2.3384232954545454,-2.8657670454545454,-2.325106534090909,-1.1452414772727273,-0.7750355113636364,-0.7457386363636364,-0.6418678977272727,-1.5047940340909092,-2.333096590909091,-2.7166193181818183,-2.1040482954545454,-2.548828125,-2.170632102272727,-1.5474076704545454,-1.5367542613636365,-2.434303977272727,-2.8790838068181817,-3.731356534090909,-2.450284090909091,-2.1732954545454546,-1.6459517045454546
-1.6779119318181819,-2.546164772727273,-2.7698863636363638,-3.0921519886363638,-2.7112926136363638,-2.783203125,-2.237215909090909,-2.303799715909091,-2.9962713068181817,-3.108132102272727,-2.458274147727273,-2.5914417613636362,-2.0055042613636362,-3.0015980113636362,-3.182705965909091,-4.530362215909091,-4.935191761363637,-4.381214488636363,-3.512961647727273,-3.45703125,-3.6754261363636362,-3.4357244318181817,-3.1720525568181817,-2.8577769886363638,-1.4914772727272727,0.7697088068181818,6.040482954545454,7.697088068181818,-9.329723011363637,-38.62393465909091,-50.55308948863637,-44.25692471590909,-27.429865056818183,-6.3254616477272725,6.469282670454546,10.866477272727273,9.145951704545455,6.5891335227272725,3.776633522727273,2.237215909090909,-0.050603693181818184,-0.2743252840909091,-1.4115767045454546,-2.128018465909091,-4.088245738636363,-3.635475852272727,-1.4754971590909092,0.11452414772727272,0.9721235795454546,2.3810369318181817,3.379794034090909,3.1427556818181817,3.379794034090909,2.490234375,1.0786576704545454,0.7164417613636364,-0.30894886363636365,-2.341086647727273,-3.6487926136363638,-3.5023082386363638,-2.4183238636363638,-2.0374644886363638,-0.966796875,-0.9561434659090909,0.13316761363636365,0.8442826704545454,1.0333806818181819,1.3849431818181819,2.538174715909091,1.9149502840909092,2.5701349431818183,2.266512784090909,2.34375,2.831143465909091,3.196022727272727
-5.3639914772727275,-4.610262784090909,-4.407848011363637,-4.996448863636363,-3.3158735795454546,-3.4224076704545454,-3.592862215909091,-3.8458806818181817,-3.512961647727273,-4.357244318181818,-4.3625710227272725,-3.0814985795454546,-2.724609375,-2.7618963068181817,-2.375710227272727,-4.754083806818182,-5.957919034090909,-5.340021306818182,-3.7446732954545454,-3.1587357954545454,-3.3984375,-3.8139204545454546,-3.4916548295454546,-2.3570667613636362,-1.4009232954545454,1.2544389204545454,4.871271306818182,5.6809303977272725,-7.990056818181818,-30.83895596590909,-36.00319602272727,-19.767400568181817,2.5142045454545454,18.869850852272727,22.579900568181817,18.659446022727273,9.132634943181818,1.1665482954545454,-2.793856534090909,-5.691583806818182,-5.425248579545454,-5.409268465909091,-5.497159090909091,-6.405362215909091,-7.135120738636363,-8.765092329545455,-7.539950284090909,-6.437322443181818,-4.916548295454546,-4.282670454545454,-1.5980113636363635,-0.8176491477272727,-2.6819957386363638,-4.229403409090909,-4.4504616477272725,-4.378551136363637,-3.9497514204545454,-5.308061079545454,-3.321200284090909,-1.9815340909090908,-0.3995028409090909,-1.2943892045454546,-0.05593039772727273,1.3370028409090908,3.1720525568181817,2.7166193181818183,2.3277698863636362,2.6580255681818183,2.8551136363636362,2.6447088068181817,4.610262784090909,6.5625,5.675603693181818,4.295987215909091,4.090909090909091
1.4621803977272727,1.1825284090909092,1.3343394886363635,1.2970525568181819,0.9721235795454546,0.4367897727272727,0.24769176136363635,0.21040482954545456,-0.22105823863636365,-0.7776988636363636,-1.4222301136363635,-1.8883167613636365,-1.5367542613636365,-1.3236860795454546,-0.849609375,-0.9721235795454546,-1.0466974431818181,-1.4302201704545454,-1.4009232954545454,-2.0348011363636362,-2.7698863636363638,-2.3091264204545454,-1.4408735795454546,-1.083984375,-0.17578125,0.34623579545454547,0.9321732954545454,2.844460227272727,3.3931107954545454,-18.76864346590909,-33.41175426136363,-25.680042613636363,-12.698863636363637,-0.8229758522727273,7.963423295454546,10.549538352272727,10.123401988636363,7.060546875,3.4783380681818183,-0.1358309659090909,-1.2331321022727273,-1.7072088068181819,-1.2730823863636365,-1.1612215909090908,-1.2224786931818181,-0.6258877840909091,-0.8256392045454546,-1.6832386363636365,-1.3742897727272727,-1.6965553977272727,-2.2212357954545454,-3.0255681818181817,-3.1773792613636362,-2.1732954545454546,-1.2970525568181819,-0.19176136363636365,0.19176136363636365,-0.25834517045454547,-0.4421164772727273,-0.44477982954545453,-1.8430397727272727,-1.8829900568181819,-2.373046875,-1.4781605113636365,-1.1905184659090908,-0.8416193181818182,-0.23970170454545456,-0.04527698863636364,-0.6338778409090909,-1.259765625,-1.8989701704545454,-2.253196022727273,-1.376953125,-1.3529829545454546,-0.7990056818181818
-5.574396306818182,-5.603693181818182,-5.092329545454546,-5.087002840909091,-5.830078125,-5.925958806818182,-5.225497159090909,-4.604936079545454,-1.34765625,-0.1171875,1.4248934659090908,1.5047940340909092,-0.3595525568181818,-1.7418323863636365,-2.7885298295454546,-3.69140625,-4.357244318181818,-3.8911576704545454,-3.835227272727273,-3.8032670454545454,-4.964488636363637,-6.5305397727272725,-6.240234375,-5.675603693181818,-5.497159090909091,-4.256036931818182,-2.2611860795454546,1.3316761363636365,3.2972301136363638,-48.56889204545455,-114.07670454545455,-106.28373579545455,-58.44992897727273,-9.087357954545455,19.245383522727273,26.244673295454547,21.306818181818183,10.842507102272727,2.7991832386363638,-0.6924715909090909,-3.9311079545454546,-6.485262784090909,-7.9714133522727275,-7.577237215909091,-5.9499289772727275,-4.706143465909091,-5.049715909090909,-5.2734375,-6.083096590909091,-7.201704545454546,-8.517400568181818,-8.051313920454545,-7.9714133522727275,-8.083274147727273,-8.898259943181818,-10.799893465909092,-10.669389204545455,-10.344460227272727,-9.457563920454545,-8.703835227272727,-7.7903053977272725,-6.059126420454546,-4.833984375,-3.7713068181818183,-4.692826704545454,-1.5047940340909092,-2.341086647727273,-2.471590909090909,-1.3689630681818181,-0.6605113636363636,-0.29829545454545453,-0.04261363636363636,-0.3036221590909091,-0.5087002840909091,-0.5886008522727273
-2.9083806818181817,-3.5901988636363638,-4.106889204545454,-3.9630681818181817,-4.032315340909091,-4.5436789772727275,-5.052379261363637,-5.555752840909091,-5.965909090909091,-4.940518465909091,-4.298650568181818,-4.106889204545454,-4.242720170454546,-4.51171875,-4.311967329545454,-4.293323863636363,-3.965731534090909,-4.703480113636363,-4.703480113636363,-5.055042613636363,-5.028409090909091,-5.726207386363637,-5.459872159090909,-5.185546875,-4.722123579545454,-4.916548295454546,-8.834339488636363,-20.814098011363637,-45.92151988636363,-67.92613636363636,-71.52698863636364,-59.66175426136363,-38.83433948863637,-18.678089488636363,-2.080078125,9.734552556818182,15.668501420454545,18.52627840909091,18.989701704545453,18.33984375,16.898970170454547,15.253018465909092,13.838778409090908,12.336647727272727,11.444424715909092,11.231356534090908,10.400390625,9.915660511363637,9.601384943181818,9.034090909090908,8.626598011363637,8.73046875,8.578657670454545,7.9714133522727275,7.750355113636363,7.462713068181818,7.183061079545454,7.223011363636363,6.7063210227272725,6.109730113636363,5.6862571022727275,5.0710227272727275,4.879261363636363,3.8671875,3.369140625,3.1507457386363638,2.295809659090909,2.4689275568181817,1.9309303977272727,1.5553977272727273,1.1931818181818181,1.6060014204545454,1.2118252840909092,0.9774502840909091,1.0546875
0.005326704545454545,-0.8176491477272727,-1.171875,-1.3290127840909092,-1.8270596590909092,-2.1040482954545454,-3.45703125,-3.6541193181818183,-3.2173295454545454,-3.094815340909091,-2.6740056818181817,-2.266512784090909,-2.684659090909091,-3.1427556818181817,-2.956321022727273,-3.515625,-2.9376775568181817,-2.229225852272727,-2.2638494318181817,-2.9669744318181817,-3.1001420454545454,-3.1187855113636362,-3.1427556818181817,-3.086825284090909,-3.893821022727273,-5.5104758522727275,-9.841086647727273,-22.974076704545453,-37.16175426136363,-55.60813210227273,-68.349609375,-58.32208806818182,-33.22798295454545,-8.240411931818182,11.295276988636363,21.20028409090909,25.328480113636363,25.051491477272727,21.967329545454547,18.670099431818183,16.318359375,13.796164772727273,11.873224431818182,8.903586647727273,7.111150568181818,6.732954545454546,6.381392045454546,5.004438920454546,3.955078125,3.350497159090909,3.4623579545454546,3.488991477272727,3.6328125,4.370561079545454,4.546342329545454,4.061612215909091,3.7872869318181817,4.064275568181818,3.262606534090909,2.578125,1.9069602272727273,1.7471590909090908,2.1253551136363638,2.546164772727273,3.0894886363636362,3.395774147727273,3.57421875,3.204012784090909,2.8204900568181817,1.875,0.6764914772727273,0.38618607954545453,0.17045454545454544,0.25035511363636365,-0.01065340909090909
-7.2975852272727275,-7.188387784090909,-6.322798295454546,-6.6530539772727275,-7.236328125,-8.480113636363637,-9.020774147727273,-9.758522727272727,-9.489524147727273,-10.352450284090908,-10.480291193181818,-9.899680397727273,-9.601384943181818,-9.923650568181818,-9.990234375,-10.461647727272727,-11.108842329545455,-11.521661931818182,-10.986328125,-10.826526988636363,-10.094105113636363,-9.747869318181818,-9.739879261363637,-9.628018465909092,-10.357776988636363,-14.949396306818182,-25.632102272727273,-44.0625,-73.67897727272727,-101.3778409090909,-104.59250710227273,-84.92897727272727,-55.24325284090909,-26.35653409090909,-4.7434303977272725,9.894353693181818,18.757990056818183,22.888849431818183,24.881036931818183,25.504261363636363,25.797230113636363,25.509588068181817,24.609375,24.838423295454547,24.351029829545453,24.252485795454547,23.373579545454547,22.62784090909091,22.630504261363637,22.550603693181817,22.055220170454547,22.01260653409091,20.838068181818183,20.356001420454547,20.132279829545453,19.359907670454547,18.968394886363637,18.401100852272727,17.468927556818183,16.875,16.195845170454547,15.543323863636363,15.223721590909092,14.701704545454545,14.384765625,13.308771306818182,12.589666193181818,11.598899147727273,10.131392045454545,9.390980113636363,8.253728693181818,7.103160511363637,6.834161931818182,6.669034090909091,6.927379261363637
-2.0640980113636362,-2.018821022727273,-2.3011363636363638,-2.186612215909091,-2.548828125,-2.1892755681818183,-2.5435014204545454,-3.0522017045454546,-3.7553267045454546,-5.688920454545454,-7.755681818181818,-7.470703125,-6.0964133522727275,-4.27734375,-3.219992897727273,-2.1759588068181817,-1.7498224431818181,-0.8442826704545454,-0.18909801136363635,0.46875,0.5646306818181818,0.6977982954545454,0.205078125,0.07191051136363637,-1.8723366477272727,-4.732776988636363,-9.382990056818182,-16.435546875,-29.573863636363637,-47.82315340909091,-59.970703125,-58.564453125,-47.79119318181818,-35.76882102272727,-23.71981534090909,-15.567294034090908,-10.389737215909092,-6.890092329545454,-5.121626420454546,-3.928444602272727,-3.1294389204545454,-1.2997159090909092,-0.10919744318181818,1.3050426136363635,2.2611860795454546,2.373046875,3.488991477272727,5.350674715909091,6.874112215909091,9.926313920454545,13.234197443181818,16.038707386363637,18.963068181818183,22.587890625,25.46963778409091,28.78018465909091,30.170454545454547,30.69247159090909,29.664417613636363,27.571022727272727,25.043501420454547,20.838068181818183,16.595348011363637,11.359197443181818,7.3801491477272725,4.112215909090909,0.9241832386363636,-1.6086647727272727,-2.692649147727273,-3.9976917613636362,-5.659623579545454,-6.346768465909091,-6.695667613636363,-6.922052556818182,-7.396129261363637
0.4421164772727273,0.9747869318181818,0.5353338068181818,-0.45276988636363635,-2.090731534090909,-3.342507102272727,-4.018998579545454,-3.459694602272727,-1.8430397727272727,-1.4728338068181819,-0.7430752840909091,-0.5912642045454546,-0.52734375,-1.875,-1.7444957386363635,-1.8190696022727273,-1.3210227272727273,-0.99609375,-0.8868963068181818,-1.2517755681818181,-1.5873579545454546,-1.9149502840909092,-2.6500355113636362,-1.9815340909090908,-0.7590553977272727,1.0067471590909092,5.441228693181818,15.825639204545455,-2.588778409090909,-44.50461647727273,-67.67311789772727,-59.04385653409091,-25.347123579545453,7.364169034090909,23.283025568181817,23.94620028409091,17.522194602272727,11.953125,8.802379261363637,6.2428977272727275,1.8483664772727273,-2.5914417613636362,-5.379971590909091,-6.658380681818182,-8.714488636363637,-10.181995738636363,-9.974254261363637,-9.177911931818182,-6.690340909090909,-4.293323863636363,-2.1306818181818183,-0.15447443181818182,0.13849431818181818,0.7776988636363636,0.034623579545454544,-0.3888494318181818,-0.7830255681818182,-0.3036221590909091,-0.10919744318181818,0.8229758522727273,0.41548295454545453,-0.41015625,-1.9442471590909092,-2.841796875,-2.3890269886363638,-1.2970525568181819,-0.35688920454545453,0.39417613636363635,1.0546875,0.8442826704545454,-0.07191051136363637,0.42347301136363635,0.37553267045454547,1.0520241477272727,1.1558948863636365
-2.032137784090909,-2.3890269886363638,-1.6379616477272727,-1.2544389204545454,-0.234375,-1.0040838068181819,-1.9868607954545454,-3.371803977272727,-4.828657670454546,-6.165660511363637,-7.169744318181818,-6.2136008522727275,-5.190873579545454,-4.493075284090909,-3.057528409090909,-2.1439985795454546,-0.3196022727272727,0.6898082386363636,1.171875,1.6486150568181819,0.4474431818181818,0.06392045454545454,0.17844460227272727,0.615234375,2.0374644886363638,3.395774147727273,3.1640625,-6.4719460227272725,-26.540305397727273,-47.10404829545455,-49.79137073863637,-32.03480113636363,-4.9538352272727275,18.80859375,36.53053977272727,45.02130681818182,46.47549715909091,43.70028409090909,38.30965909090909,32.71928267045455,26.479048295454547,20.278764204545453,14.896129261363637,10.501598011363637,5.824751420454546,0.9188565340909091,-5.015092329545454,-11.439098011363637,-18.488991477272727,-26.71875,-34.44513494318182,-39.88370028409091,-40.33114346590909,-34.47443181818182,-25.21395596590909,-13.705610795454545,-1.1798650568181819,8.669211647727273,16.382279829545453,20.51846590909091,22.204367897727273,22.308238636363637,21.410688920454547,20.100319602272727,17.94034090909091,17.527521306818183,16.574041193181817,16.262428977272727,15.356889204545455,14.158380681818182,13.268821022727273,11.907848011363637,10.757279829545455,9.100674715909092,6.791548295454546
-2.9723011363636362,-2.705965909090909,-2.199928977272727,-1.5127840909090908,-0.4660866477272727,-0.6977982954545454,-1.0014204545454546,-2.7965198863636362,-5.057705965909091,-8.338955965909092,-9.865056818181818,-10.333806818181818,-9.0234375,-7.454723011363637,-5.0417258522727275,-2.4263139204545454,-1.7897727272727273,-1.2997159090909092,-0.3302556818181818,0.4607599431818182,1.2863991477272727,0.8709161931818182,0.6871448863636364,0.6125710227272727,-0.5912642045454546,-3.310546875,-8.690518465909092,-22.377485795454547,-46.38494318181818,-77.24254261363636,-95.48650568181819,-87.62428977272727,-64.59428267045455,-40.29918323863637,-21.722301136363637,-10.038174715909092,-3.885830965909091,-0.19176136363636365,2.2798295454545454,3.454367897727273,4.466441761363637,5.68359375,6.4479758522727275,7.0871803977272725,6.2109375,5.558416193181818,5.260120738636363,4.732776988636363,4.266690340909091,6.139026988636363,7.832919034090909,9.787819602272727,12.951882102272727,16.829723011363637,19.671519886363637,23.988813920454547,27.46182528409091,31.398259943181817,34.63423295454545,35.7421875,34.90056818181818,33.08416193181818,31.201171875,29.078480113636363,25.943714488636363,22.462713068181817,20.212180397727273,16.568714488636363,13.441938920454545,10.211292613636363,6.796875,4.586292613636363,1.8776633522727273,-0.14382102272727273,-2.6234019886363638
-0.5526455965909091,-1.3103693181818181,-0.9628018465909091,-0.8442826704545454,-0.615234375,-0.3702059659090909,-0.43013139204545453,-0.7950106534090909,-0.7071200284090909,-0.5712890625,-0.3449041193181818,0.038618607954545456,-0.13316761363636365,-0.5366654829545454,-0.34623579545454547,-0.33824573863636365,-0.32093394886363635,-0.3142755681818182,0.33558238636363635,-0.05992542613636364,-0.22904829545454544,-0.439453125,-1.0759943181818181,-1.3143643465909092,-2.6087535511363638,-3.9177911931818183,-6.370738636363637,-8.357599431818182,-10.757279829545455,-12.459161931818182,-12.959872159090908,-12.513760653409092,-10.401722301136363,-7.683771306818182,-4.849964488636363,-1.6712535511363635,1.1851917613636365,3.2093394886363638,5.545099431818182,6.590465198863637,7.4240944602272725,8.209783380681818,7.5466086647727275,6.7063210227272725,5.515802556818182,4.4211647727272725,3.439719460227273,2.8364701704545454,1.7618075284090908,1.3250177556818181,1.1279296875,1.3942649147727273,1.4435369318181819,1.1905184659090908,1.3995916193181819,1.3010475852272727,1.0893110795454546,0.8935546875,0.6045809659090909,0.2157315340909091,0.5699573863636364,1.0054154829545454,0.6698330965909091,1.1865234375,1.2903941761363635,0.8549360795454546,0.14781605113636365,-0.7870205965909091,-1.3649680397727273,-1.5713778409090908,-1.5207741477272727,-0.8682528409090909,-0.4221413352272727,-0.28764204545454547,-0.017311789772727272
-1.2970525568181819,-1.2517755681818181,-0.8642578125,-0.6698330965909091,-1.2757457386363635,-1.8523615056818181,-2.4036754261363638,-1.7591441761363635,-1.7351740056818181,-1.7524857954545454,-1.4661754261363635,-1.5047940340909092,-1.8297230113636365,-1.8390447443181819,-1.7911044034090908,-1.3636363636363635,-0.99609375,-0.9481534090909091,-0.9201882102272727,-1.1785333806818181,-1.6099964488636365,-1.5647194602272727,-2.472922585227273,-3.8232421875,-4.1867897727272725,-5.575727982954546,-7.705078125,-8.556019176136363,-8.805042613636363,-9.348366477272727,-9.408291903409092,-9.401633522727273,-7.083185369318182,-4.928533380681818,-2.3424183238636362,0.4714133522727273,2.5035511363636362,4.4358132102272725,5.852716619318182,5.9765625,5.427911931818182,4.766068892045454,3.2439630681818183,2.3890269886363638,1.9708806818181819,1.0067471590909092,1.2491122159090908,1.4994673295454546,1.4408735795454546,1.3463245738636365,1.2171519886363635,0.4607599431818182,0.18377130681818182,0.4367897727272727,-0.1318359375,-0.4660866477272727,-0.08256392045454546,-0.05459872159090909,0.07057883522727272,0.15580610795454544,0.05992542613636364,0.21306818181818182,-0.17711292613636365,-0.4940518465909091,-1.1252663352272727,-1.1439098011363635,-0.7231001420454546,-0.6924715909090909,-0.20774147727272727,-0.2530184659090909,-0.40482954545454547,-0.051935369318181816,-0.3768643465909091,0.01065340909090909,-0.6791548295454546
-2.5435014204545454,-2.303799715909091,-2.3943536931818183,-2.6966441761363638,-2.8404651988636362,-2.559481534090909,-1.9056285511363635,-2.383700284090909,-2.3797052556818183,-2.427645596590909,-2.435635653409091,-2.8631036931818183,-2.7991832386363638,-3.401100852272727,-3.1853693181818183,-3.0335582386363638,-3.0615234375,-2.735262784090909,-3.329190340909091,-3.2159978693181817,-3.6687677556818183,-3.2080078125,-3.2000177556818183,-3.239968039772727,-3.708718039772727,-5.506480823863637,-9.167258522727273,-14.174360795454545,-20.017755681818183,-23.488103693181817,-23.494762073863637,-22.262961647727273,-19.711470170454547,-16.22647372159091,-13.235529119318182,-9.220525568181818,-4.527698863636363,-0.3249289772727273,3.599520596590909,6.614435369318182,7.212357954545454,7.830255681818182,8.036665482954545,7.149769176136363,6.4919211647727275,5.395951704545454,4.566317471590909,3.459694602272727,3.310546875,3.475674715909091,2.9816228693181817,3.168057528409091,3.343838778409091,3.767311789772727,3.461026278409091,2.9936079545454546,2.611416903409091,2.193270596590909,1.6139914772727273,1.6845703125,2.0640980113636362,2.229225852272727,2.3743785511363638,2.4382990056818183,2.7325994318181817,2.4103338068181817,2.3304332386363638,1.9069602272727273,0.849609375,0.41015625,-0.21040482954545456,0.17311789772727273,0.5486505681818182,0.9388316761363636,0.8509410511363636
-1.0640092329545454,-1.2770774147727273,-1.8230646306818181,-2.4822443181818183,-2.668678977272727,-3.2612748579545454,-3.474343039772727,-3.4290660511363638,-3.1267755681818183,-2.420987215909091,-2.7925248579545454,-1.9908558238636365,-2.0561079545454546,-2.138671875,-2.2998046875,-2.8178267045454546,-2.5994318181818183,-2.809836647727273,-2.6513671875,-3.1627308238636362,-4.182794744318182,-4.241388494318182,-3.8591974431818183,-2.9576526988636362,-1.5514026988636365,-1.5846946022727273,-3.490323153409091,-7.550603693181818,-16.902965198863637,-33.25062144886363,-45.97079190340909,-45.75506036931818,-36.03515625,-23.786399147727273,-13.548473011363637,-5.992542613636363,-1.2291370738636365,0.7723721590909091,1.58203125,2.150656960227273,2.829811789772727,3.544921875,4.1281960227272725,4.3918678977272725,3.7886186079545454,3.4783380681818183,4.056285511363637,4.861949573863637,5.486505681818182,5.140269886363637,5.442560369318182,5.565074573863637,5.799449573863637,4.844637784090909,4.987127130681818,4.469105113636363,4.517045454545454,4.779385653409091,4.887251420454546,4.6022727272727275,4.738103693181818,4.314630681818182,3.6927379261363638,3.3678089488636362,3.3784623579545454,3.117453835227273,2.9070490056818183,2.5181995738636362,2.456942471590909,1.9096235795454546,1.4968039772727273,1.2571022727272727,1.0640092329545454,0.6125710227272727,0.5486505681818182
-2.4556107954545454,-2.222567471590909,-1.8869850852272727,-2.282492897727273,-2.697975852272727,-2.273171164772727,-2.801846590909091,-2.4955610795454546,-2.815163352272727,-2.8790838068181817,-2.3450816761363638,-2.9216974431818183,-2.853781960227273,-2.536843039772727,-3.176047585227273,-3.078835227272727,-2.8031782670454546,-3.014914772727273,-2.7325994318181817,-2.9523259943181817,-2.582120028409091,-2.6740056818181817,-3.6980646306818183,-4.422496448863637,-5.714222301136363,-6.582475142045454,-8.542702414772727,-11.014293323863637,-12.324662642045455,-19.724786931818183,-25.19930752840909,-21.623757102272727,-15.294300426136363,-10.629438920454545,-6.9846413352272725,-2.9376775568181817,0.19176136363636365,2.678000710227273,4.194779829545454,4.876598011363637,5.160245028409091,5.025745738636363,5.804776278409091,6.591796875,5.9352805397727275,5.491832386363637,4.849964488636363,4.056285511363637,3.7846235795454546,3.153409090909091,2.6420454545454546,2.868430397727273,3.145419034090909,2.5847833806818183,2.5474964488636362,2.5701349431818183,1.9881924715909092,1.8443714488636365,1.7524857954545454,1.5101207386363635,1.3023792613636365,1.5980113636363635,2.017489346590909,3.234641335227273,3.2293146306818183,2.8351384943181817,2.7033025568181817,2.551491477272727,2.3357599431818183,1.6499467329545454,1.4501953125,1.1891867897727273,0.64453125,0.3409090909090909,-0.13849431818181818
-4.061612215909091,-3.981711647727273,-4.1721413352272725,-3.5209517045454546,-4.2800071022727275,-3.8898259943181817,-2.9896129261363638,-2.4609375,-2.5355113636363638,-3.0708451704545454,-2.6526988636363638,-2.1666370738636362,-2.4329723011363638,-3.0162464488636362,-3.0681818181818183,-2.6819957386363638,-3.848544034090909,-3.7220348011363638,-3.6700994318181817,-4.088245738636363,-4.86328125,-4.1774680397727275,-3.768643465909091,-2.6433771306818183,5.711558948863637,21.682350852272727,30.270330255681817,24.220525568181817,-11.400479403409092,-39.53346946022727,-51.49591619318182,-46.62730823863637,-33.44904119318182,-21.182972301136363,-12.421875,-6.341441761363637,-2.6713423295454546,-0.8615944602272727,-0.46875,-0.011985085227272728,0.0732421875,1.0453657670454546,1.0706676136363635,1.4715021306818181,1.7644708806818181,2.136008522727273,1.3236860795454546,1.0813210227272727,0.6578480113636364,0.29829545454545453,0.52734375,0.5446555397727273,0.9121981534090909,0.9628018465909091,1.2251420454545454,2.040127840909091,2.4622691761363638,2.4263139204545454,2.2625177556818183,2.243874289772727,1.7857776988636365,1.5966796875,1.8030894886363635,1.8377130681818181,2.3863636363636362,2.5861150568181817,2.5688032670454546,2.121360085227273,2.6726740056818183,2.054776278409091,1.7990944602272727,2.170632102272727,2.4609375,2.2332208806818183,2.2492009943181817
-0.22904829545454544,-0.9295099431818182,-1.4981356534090908,-2.868430397727273,-3.193359375,-2.8511186079545454,-2.5648082386363638,-2.595436789772727,-2.3504083806818183,-2.3597301136363638,-1.9748757102272727,-1.4488636363636365,-1.2970525568181819,-1.4075816761363635,-1.6765802556818181,-1.4208984375,-1.1479048295454546,-0.8536044034090909,-1.0693359375,-0.9747869318181818,-0.7643821022727273,-0.7337535511363636,-0.9588068181818182,-0.5393288352272727,-1.1665482954545454,-0.8176491477272727,0.6671697443181818,5.228160511363637,12.999822443181818,19.30264559659091,24.284446022727273,22.91415127840909,9.798473011363637,-5.692915482954546,-17.484907670454547,-21.759588068181817,-21.691672585227273,-20.081676136363637,-16.217151988636363,-13.140980113636363,-10.637428977272727,-8.189808238636363,-6.073774857954546,-4.9778053977272725,-4.478426846590909,-4.04296875,-3.6860795454545454,-2.8258167613636362,-2.355735085227273,-2.632723721590909,-2.7765447443181817,-2.6859907670454546,-2.4396306818181817,-1.8443714488636365,-2.1040482954545454,-1.4621803977272727,-1.0653409090909092,-0.4794034090909091,-0.7231001420454546,-1.0160688920454546,-0.2090731534090909,-0.7763671875,-0.8855646306818182,-0.9188565340909091,-1.5873579545454546,-1.6352982954545454,-1.9655539772727273,-1.4675071022727273,-0.6591796875,-0.4647549715909091,-0.44877485795454547,-0.4647549715909091,-0.6938032670454546,-0.16246448863636365,-0.10653409090909091
-14.288884943181818,-13.529829545454545,-13.627041903409092,-15.103870738636363,-17.020152698863637,-17.943004261363637,-18.671431107954547,-19.53036221590909,-20.208185369318183,-21.132368607954547,-21.538529829545453,-22.746360085227273,-24.368341619318183,-25.818536931818183,-24.830433238636363,-24.807794744318183,-22.537286931818183,-20.007102272727273,-16.238458806818183,-11.320578835227273,-7.469371448863637,-6.458629261363637,-11.159446022727273,-23.809037642045453,-35.25745738636363,-41.72008167613637,-47.43963068181818,-56.63884943181818,-73.93332741477273,-109.23872514204545,-140.8673650568182,-137.4822443181818,-93.93776633522727,-42.43519176136363,-2.0055042613636362,25.347123579545453,41.48037997159091,48.2958984375,50.28275923295455,49.3212890625,47.21857244318182,42.82137784090909,38.34694602272727,34.18146306818182,30.328924005681817,26.279296875,23.444158380681817,21.065784801136363,20.569069602272727,19.38387784090909,17.8564453125,16.452858664772727,16.118607954545453,15.170454545454545,13.488547585227273,13.873401988636363,13.561789772727273,12.861328125,12.126242897727273,11.272638494318182,10.215287642045455,9.341708096590908,9.710582386363637,9.4189453125,10.212624289772727,11.107510653409092,12.0703125,11.608220880681818,10.014204545454545,8.346946022727273,7.876864346590909,6.525213068181818,4.766068892045454,4.009676846590909,3.584872159090909
-2.274502840909091,-1.787109375,-1.6859019886363635,-1.5926846590909092,-1.875,-1.9975142045454546,-1.3316761363636365,-1.6352982954545454,-2.1759588068181817,-2.713955965909091,-2.5861150568181817,-2.136008522727273,-1.8936434659090908,-2.8178267045454546,-2.2984730113636362,-2.5648082386363638,-2.841796875,-2.63671875,-3.2679332386363638,-2.5355113636363638,-2.258522727272727,-2.588778409090909,-2.3863636363636362,-1.3982599431818181,-0.9161931818181818,0.41015625,2.839133522727273,0.037286931818181816,-16.03604403409091,-25.408380681818183,-27.70419034090909,-22.587890625,-12.198153409090908,-1.4142400568181819,7.0578835227272725,10.512251420454545,10.917080965909092,10.600142045454545,7.289595170454546,3.877840909090909,2.492897727272727,0.4128196022727273,-0.9348366477272727,-1.6352982954545454,-3.124112215909091,-2.780539772727273,-2.7379261363636362,-2.170632102272727,-2.4396306818181817,-1.7950994318181819,-1.0626775568181819,-1.5261008522727273,-0.849609375,-1.1292613636363635,-2.9962713068181817,-4.093572443181818,-4.415838068181818,-4.823330965909091,-4.050958806818182,-3.9098011363636362,-4.439808238636363,-4.386541193181818,-3.8245738636363638,-3.3558238636363638,-2.5914417613636362,-3.8512073863636362,-2.8178267045454546,-3.1560724431818183,-2.911044034090909,-2.141335227272727,-0.9907670454545454,0.2530184659090909,1.0440340909090908,1.1692116477272727,1.2997159090909092
-11.272638494318182,-11.754705255681818,-12.463156960227273,-12.808061079545455,-12.5537109375,-12.696200284090908,-12.962535511363637,-13.467240767045455,-14.905450994318182,-15.660511363636363,-16.327681107954547,-17.150656960227273,-17.478249289772727,-16.598011363636363,-16.356977982954547,-16.298384232954547,-16.028053977272727,-15.743075284090908,-14.874822443181818,-15.506036931818182,-16.085316051136363,-15.295632102272727,-15.257013494318182,-20.916637073863637,-36.01251775568182,-58.48987926136363,-74.25825639204545,-80.78879616477273,-87.0263671875,-95.9073153409091,-96.8954190340909,-83.8370028409091,-63.04421164772727,-41.06356534090909,-21.72762784090909,-5.836736505681818,6.261541193181818,15.439453125,20.60635653409091,22.502663352272727,19.382546164772727,16.097301136363637,15.271661931818182,14.789595170454545,15.214399857954545,15.941495028409092,17.191938920454547,19.503728693181817,19.499733664772727,18.809925426136363,16.371626420454547,16.089311079545453,17.004172585227273,18.10946377840909,19.228071732954547,21.037819602272727,22.603870738636363,22.345525568181817,21.189630681818183,19.989790482954547,17.869762073863637,17.158647017045453,16.518110795454547,15.518022017045455,13.681640625,13.346058238636363,13.475230823863637,14.046519886363637,13.420632102272727,12.447176846590908,10.899769176136363,9.729225852272727,8.493430397727273,8.727805397727273,8.464133522727273
-14.181019176136363,-13.774857954545455,-14.581853693181818,-15.407492897727273,-14.898792613636363,-13.605735085227273,-12.049005681818182,-12.030362215909092,-12.680220170454545,-13.942649147727273,-15.358220880681818,-15.475408380681818,-13.722922585227273,-12.162198153409092,-11.917169744318182,-12.452503551136363,-14.109108664772727,-19.004350142045453,-25.661399147727273,-32.51553622159091,-36.70099431818182,-38.77840909090909,-38.73712713068182,-37.31356534090909,-35.45587713068182,-33.15340909090909,-32.71262428977273,-33.89515269886363,-38.28302556818182,-49.22141335227273,-59.59916548295455,-58.66832386363637,-44.50461647727273,-25.304509943181817,-9.556107954545455,3.3851207386363638,15.41015625,23.208451704545453,26.012961647727273,26.368519176136363,24.674627130681817,23.894264914772727,21.5625,18.756658380681817,16.594016335227273,14.255593039772727,12.690873579545455,11.728071732954545,10.799893465909092,11.231356534090908,12.329989346590908,11.609552556818182,10.208629261363637,8.161843039772727,8.710493607954545,9.002130681818182,8.96484375,9.027432528409092,8.821022727272727,8.069957386363637,8.000710227272727,7.768998579545454,7.705078125,5.866033380681818,5.736860795454546,5.220170454545454,4.818004261363637,5.4931640625,5.403941761363637,4.928533380681818,4.21875,4.592950994318182,5.146928267045454,5.237482244318182,4.956498579545454
-7.3095703125,-7.5852272727272725,-8.148526278409092,-8.430841619318182,-7.911487926136363,-8.782404119318182,-8.4375,-9.697265625,-12.167524857954545,-13.910688920454545,-15.339577414772727,-15.870916193181818,-15.471413352272727,-15.149147727272727,-15.253018465909092,-15.343572443181818,-15.643199573863637,-15.848277698863637,-15.189098011363637,-15.781693892045455,-15.580610795454545,-15.187766335227273,-15.035955255681818,-17.44229403409091,-30.647194602272727,-47.93101917613637,-62.28648792613637,-74.01056463068181,-90.79767400568181,-108.5409268465909,-110.859375,-94.46111505681819,-67.8076171875,-38.38423295454545,-12.279385653409092,8.967507102272727,22.962091619318183,30.866921164772727,34.52370383522727,33.92711292613637,30.29296875,26.303267045454547,21.876775568181817,19.73544034090909,18.730024857954547,17.278497869318183,17.3876953125,17.77920809659091,17.2412109375,16.376953125,16.04403409090909,16.082652698863637,15.601917613636363,16.017400568181817,15.651189630681818,15.243696732954545,15.748401988636363,15.103870738636363,14.384765625,14.677734375,14.307528409090908,14.359463778409092,13.412642045454545,12.324662642045455,11.152787642045455,10.108753551136363,9.4921875,8.530717329545455,7.828924005681818,7.0871803977272725,6.830166903409091,7.310901988636363,7.882191051136363,7.747691761363637,8.0419921875
-3.020241477272727,-2.428977272727273,-2.325106534090909,-2.666015625,-3.544921875,-3.952414772727273,-4.620916193181818,-4.722123579545454,-4.184126420454546,-3.7340198863636362,-3.0841619318181817,-1.6086647727272727,-0.4287997159090909,0.3249289772727273,1.0387073863636365,0.5513139204545454,0.10387073863636363,-1.2677556818181819,-2.458274147727273,-4.442471590909091,-4.735440340909091,-5.8034446022727275,-6.107066761363637,-8.512073863636363,-13.378018465909092,-20.763494318181817,-32.09605823863637,-43.60174005681818,-53.42418323863637,-58.86807528409091,-60.52201704545455,-59.27290482954545,-56.865234375,-53.14985795454545,-49.65021306818182,-45.63920454545455,-43.23153409090909,-41.56693892045455,-39.80113636363637,-38.26704545454545,-35.57972301136363,-31.118607954545453,-26.351207386363637,-21.253551136363637,-16.166548295454547,-12.421875,-9.641335227272727,-8.386896306818182,-5.728870738636363,-4.620916193181818,-4.0988991477272725,-2.487571022727273,-1.875,-0.11452414772727272,2.149325284090909,3.672762784090909,4.740767045454546,5.430575284090909,5.4811789772727275,5.395951704545454,4.429154829545454,4.575639204545454,5.734197443181818,7.228338068181818,8.717151988636363,10.653409090909092,13.140980113636363,16.414240056818183,19.455788352272727,22.268288352272727,24.417613636363637,24.926313920454547,24.782492897727273,24.819779829545453,23.898259943181817
1.40625,-1.1745383522727273,-5.947265625,-9.528142755681818,-11.171431107954545,-9.496182528409092,-6.478604403409091,-3.3451704545454546,-0.8429509943181818,1.6233132102272727,2.6819957386363638,3.0814985795454546,3.0828302556818183,2.16796875,2.201260653409091,1.6885653409090908,0.9201882102272727,-1.0999644886363635,-4.7873757102272725,-10.076793323863637,-17.579456676136363,-26.409801136363637,-32.93767755681818,-34.53036221590909,-33.16672585227273,-33.62748579545455,-41.05158025568182,-50.16024502840909,-58.59508167613637,-64.67151988636364,-67.294921875,-66.2295809659091,-62.41166548295455,-58.12100497159091,-52.40545099431818,-46.59534801136363,-41.18341619318182,-35.65296519886363,-30.821644176136363,-25.006214488636363,-19.458451704545453,-13.804154829545455,-7.7463600852272725,-2.339754971590909,2.683327414772727,5.8327414772727275,7.918146306818182,10.0634765625,11.167436079545455,11.886541193181818,12.352627840909092,12.7880859375,13.054421164772727,14.145063920454545,14.442027698863637,15.247691761363637,15.009321732954545,14.235617897727273,13.873401988636363,14.364790482954545,15.257013494318182,16.950905539772727,19.606267755681817,21.49325284090909,22.902166193181817,24.782492897727273,26.016956676136363,27.314009232954547,26.273970170454547,24.914328835227273,23.958185369318183,22.663796164772727,20.605024857954547,18.611505681818183,15.918856534090908
-8.075284090909092,-8.757102272727273,-6.443980823863637,-3.5542436079545454,-2.1693004261363638,0.029296875,1.0560191761363635,0.7151100852272727,1.0906427556818181,2.113370028409091,1.8563565340909092,1.3156960227272727,0.13316761363636365,0.7630504261363636,1.4448686079545454,1.0600142045454546,-3.474343039772727,-15.941495028409092,-31.8017578125,-45.38618607954545,-49.66752485795455,-50.74351917613637,-56.33522727272727,-78.23064630681819,-100.9716796875,-82.42542613636364,-23.606622869318183,40.20463423295455,83.94886363636364,109.29332386363636,116.79998224431819,114.84108664772727,105.18110795454545,93.27325994318181,79.7061434659091,67.14177911931819,53.95419034090909,40.77192826704545,27.80672940340909,16.121271306818183,6.806196732954546,-1.3423295454545454,-8.623934659090908,-13.693625710227273,-17.258522727272727,-16.598011363636363,-10.767933238636363,-0.9841086647727273,9.990234375,21.262872869318183,32.40767045454545,41.68279474431818,47.84712357954545,53.01136363636363,54.66663707386363,54.61337002840909,51.24689275568182,47.10404829545455,41.73473011363637,37.08185369318182,31.851029829545453,26.64151278409091,20.692915482954547,16.374289772727273,10.594815340909092,5.967240767045454,0.4647549715909091,-4.0602805397727275,-8.037997159090908,-10.504261363636363,-13.576438210227273,-15.446111505681818,-16.52743252840909,-18.13876065340909,-20.08700284090909
-4.240056818181818,-2.2105823863636362,-0.3142755681818182,0.2610085227272727,1.4382102272727273,1.8243963068181819,2.1306818181818183,1.1026278409090908,-0.45276988636363635,0.45276988636363635,2.5727982954545454,1.7604758522727273,-4.050958806818182,-20.646306818181817,-40.34712357954545,-49.87659801136363,-39.26047585227273,-16.443536931818183,11.329900568181818,35.12961647727273,46.65660511363637,47.68199573863637,41.74005681818182,25.094105113636363,8.84765625,8.895596590909092,27.389914772727273,48.10280539772727,64.11487926136364,73.76686789772727,75.24769176136364,71.92649147727273,65.49449573863636,59.86416903409091,54.60404829545455,49.60759943181818,45.76171875,43.48987926136363,40.00887784090909,36.55450994318182,31.707208806818183,27.214133522727273,23.45614346590909,19.39453125,14.208984375,9.838423295454545,6.674360795454546,3.5795454545454546,0.5832741477272727,-1.6459517045454546,-1.9549005681818181,-2.4183238636363638,-3.45703125,-4.370561079545454,-5.870028409090909,-7.2922585227272725,-9.225852272727273,-9.268465909090908,-11.537642045454545,-13.194247159090908,-14.888139204545455,-16.898970170454547,-19.450461647727273,-23.37890625,-28.532492897727273,-32.75923295454545,-34.31196732954545,-35.68093039772727,-36.48526278409091,-37.18838778409091,-39.85706676136363,-39.59073153409091,-39.14595170454545,-38.10990767045455,-36.50390625
-0.6112393465909091,-0.6192294034090909,-0.6764914772727273,-0.5965909090909091,-1.1332563920454546,-0.5286754261363636,-0.7137784090909091,-0.8189808238636364,-0.7537286931818182,-0.5433238636363636,-0.4767400568181818,-0.8043323863636364,-0.7643821022727273,-0.6631747159090909,-0.7137784090909091,-0.9135298295454546,-0.40482954545454547,0.3116122159090909,0.13716264204545456,-0.45543323863636365,-0.6471946022727273,-0.3995028409090909,0.1611328125,0.9841086647727273,2.6220703125,4.6315696022727275,9.725230823863637,6.101740056818182,-3.9976917613636362,-7.96875,-12.267400568181818,-11.851917613636363,-5.921963778409091,-1.8110795454545454,-0.47407670454545453,-0.5180220170454546,-0.9494850852272727,-1.4621803977272727,-2.414328835227273,-2.490234375,-3.7726384943181817,-4.8020241477272725,-5.398615056818182,-6.0378196022727275,-6.246892755681818,-6.189630681818182,-6.173650568181818,-6.422674005681818,-6.136363636363637,-5.936612215909091,-5.206853693181818,-3.7926136363636362,-3.3185369318181817,-2.536843039772727,-2.2718394886363638,-1.787109375,-1.9136186079545454,-1.4541903409090908,-1.4102450284090908,-1.9082919034090908,-1.4435369318181819,-1.4621803977272727,-1.1878551136363635,-0.7044566761363636,-1.0347123579545454,-0.8016690340909091,-1.1359197443181819,-1.2890625,-0.9787819602272727,-0.9335049715909091,-1.6139914772727273,-1.0120738636363635,-0.11186079545454546,0.7231001420454546,1.0813210227272727
-0.4647549715909091,-0.8056640625,-0.7017933238636364,-0.6618430397727273,-1.2624289772727273,-2.5328480113636362,-2.2798295454545454,-1.6419566761363635,-1.1292613636363635,-0.5007102272727273,-0.3182705965909091,-0.4833984375,-0.7577237215909091,-1.3702947443181819,-1.9442471590909092,-2.082741477272727,-2.16796875,-1.9482421875,-1.5394176136363635,-1.4821555397727273,-1.4768288352272727,-1.5633877840909092,-0.849609375,-0.6431995738636364,-0.34224076704545453,0.9108664772727273,4.096235795454546,5.752840909090909,-2.282492897727273,-15.921519886363637,-25.999644886363637,-16.960227272727273,-2.3291015625,6.891424005681818,8.639914772727273,7.469371448863637,5.064364346590909,3.0814985795454546,1.8696732954545454,0.27698863636363635,-1.9455788352272727,-3.8099254261363638,-5.8740234375,-7.296253551136363,-8.322975852272727,-8.747780539772727,-8.336292613636363,-7.436079545454546,-6.722301136363637,-6.001864346590909,-5.635653409090909,-4.6701882102272725,-3.7806285511363638,-3.2000177556818183,-2.178622159090909,-1.3862748579545454,-0.3289240056818182,-0.7337535511363636,-0.9055397727272727,-0.7497336647727273,-0.49272017045454547,-0.6977982954545454,-0.34224076704545453,-0.14382102272727273,-0.15181107954545456,0.7590553977272727,0.17844460227272727,-0.2716619318181818,-0.5806107954545454,-0.7390802556818182,-1.1039595170454546,-1.1332563920454546,-0.4128196022727273,0.42347301136363635,0.14914772727272727
-0.732421875,-0.9721235795454546,-1.2744140625,-0.6818181818181818,-0.48473011363636365,-0.12251420454545454,0.05726207386363636,-0.47807173295454547,-0.41015625,-1.2224786931818181,-1.5141157670454546,-1.1359197443181819,-0.9761186079545454,-0.7151100852272727,-0.9588068181818182,-0.7843572443181818,-0.8349609375,-0.8842329545454546,-0.7270951704545454,-0.2783203125,-0.8642578125,-0.29430042613636365,-1.1372514204545454,-1.4954723011363635,-1.2118252840909092,1.7671342329545454,10.823863636363637,11.067560369318182,-8.3349609375,-25.493607954545453,-29.247602982954547,-15.573952414772727,3.431729403409091,15.430131392045455,19.21475497159091,15.749733664772727,10.307173295454545,6.0031960227272725,2.223899147727273,-1.8443714488636365,-4.598277698863637,-7.049893465909091,-8.542702414772727,-9.687943892045455,-10.83984375,-10.525568181818182,-9.568093039772727,-9.0380859375,-8.385564630681818,-7.918146306818182,-7.1484375,-6.139026988636363,-4.932528409090909,-3.884499289772727,-3.072176846590909,-3.4210759943181817,-3.527610085227273,-2.9443359375,-2.025479403409091,-1.5607244318181819,-1.7098721590909092,-1.0600142045454546,-0.6392045454545454,-0.4567649147727273,-0.52734375,-0.4620916193181818,-0.1424893465909091,0.16779119318181818,-0.15980113636363635,0.05593039772727273,0.14515269886363635,0.038618607954545456,0.6631747159090909,0.7364169034090909,-0.234375
-0.3329190340909091,1.5793678977272727,2.05078125,1.8350497159090908,1.1319247159090908,-0.029296875,-0.6258877840909091,-0.7244318181818182,0.4580965909090909,1.8909801136363635,0.47407670454545453,1.2517755681818181,2.032137784090909,1.4169034090909092,1.2064985795454546,0.9348366477272727,-0.234375,-0.6338778409090909,0.6125710227272727,0.8096590909090909,-1.1692116477272727,-3.3771306818181817,-3.395774147727273,-2.0854048295454546,-0.8149857954545454,1.0733309659090908,4.229403409090909,3.2572798295454546,-5.236150568181818,-21.525213068181817,-26.851917613636363,-25.70401278409091,-19.47176846590909,-10.602805397727273,-1.6619318181818181,3.4810014204545454,7.454723011363637,8.866299715909092,7.939453125,6.3307883522727275,4.5676491477272725,4.088245738636363,1.8057528409090908,-0.09588068181818182,-1.0813210227272727,-0.07191051136363637,1.9549005681818181,3.5955255681818183,2.666015625,0.2823153409090909,-1.5181107954545454,-1.9309303977272727,-1.5767045454545454,-1.5420809659090908,-1.34765625,-0.322265625,0.6178977272727273,0.3009588068181818,0.3009588068181818,-0.23703835227272727,-0.8176491477272727,-3.0628551136363638,-1.9682173295454546,-3.2572798295454546,-3.190696022727273,-2.8790838068181817,-3.643465909090909,-3.7366832386363638,-4.080255681818182,-3.7446732954545454,-1.5154474431818181,-0.5060369318181818,-0.3302556818181818,0.15980113636363635,-0.4208096590909091
-1.5700461647727273,-1.201171875,-1.4422052556818181,-1.2571022727272727,-0.8575994318181818,-0.17045454545454544,0.5792791193181818,0.009321732954545454,-0.018643465909090908,0.10520241477272728,0.0,0.22238991477272727,0.5779474431818182,0.5832741477272727,0.1025390625,-0.4367897727272727,-1.1345880681818181,-1.4834872159090908,-1.4914772727272727,-1.5487393465909092,-1.8603515625,-1.7964311079545454,-1.5367542613636365,-1.1931818181818181,-0.4727450284090909,-0.3196022727272727,0.9827769886363636,4.249378551136363,4.307972301136363,-21.447975852272727,-43.77352627840909,-38.85298295454545,-19.778053977272727,-1.9442471590909092,12.379261363636363,19.762073863636363,20.2001953125,15.250355113636363,10.522904829545455,6.214932528409091,2.8617720170454546,1.3423295454545454,-0.17444957386363635,-1.5221058238636365,-2.590110085227273,-2.6154119318181817,-2.7086292613636362,-2.897727272727273,-3.101473721590909,-2.40234375,-2.538174715909091,-2.3077947443181817,-2.9216974431818183,-2.6140802556818183,-2.281161221590909,-1.9375887784090908,-1.8683416193181819,-1.5021306818181819,-1.5553977272727273,-1.4515269886363635,-1.2970525568181819,-0.9375,-1.1252663352272727,-0.37952769886363635,0.030628551136363636,-0.19176136363636365,0.2969637784090909,0.7670454545454546,1.0773259943181819,1.8150745738636365,1.7405007102272727,1.2504438920454546,0.43412642045454547,-0.5020419034090909,-1.3676313920454546
0.2996271306818182,1.1252663352272727,0.6605113636363636,0.17578125,-0.6645063920454546,-0.5206853693181818,-0.87890625,-1.2451171875,-1.6366299715909092,-2.670010653409091,-2.6420454545454546,-2.0308061079545454,-1.1079545454545454,-0.64453125,0.9068714488636364,1.3023792613636365,1.1159446022727273,0.5340021306818182,-0.4354580965909091,-1.1359197443181819,-1.4195667613636365,-0.5406605113636364,-0.7497336647727273,-0.5140269886363636,0.6658380681818182,3.161399147727273,8.725142045454545,10.889115767045455,0.2809836647727273,-13.595081676136363,-16.455522017045453,-7.286931818181818,4.1015625,8.2763671875,6.651722301136363,3.586203835227273,0.7923473011363636,-1.2437855113636365,-2.3051313920454546,-3.1400923295454546,-3.555575284090909,-4.330610795454546,-5.0949928977272725,-5.843394886363637,-5.791459517045454,-6.642400568181818,-6.661044034090909,-5.851384943181818,-5.940607244318182,-5.367986505681818,-4.4850852272727275,-3.9910333806818183,-3.176047585227273,-2.6753373579545454,-2.490234375,-1.5420809659090908,-1.3196910511363635,-0.7071200284090909,-0.7470703125,-1.1039595170454546,-1.7112038352272727,-2.0947265625,-2.0161576704545454,-1.7884410511363635,-1.0307173295454546,-0.2756569602272727,-0.4221413352272727,0.13449928977272727,0.3369140625,-0.18510298295454544,-0.3662109375,-0.263671875,0.2996271306818182,-0.10786576704545454,-0.035955255681818184
-2.969637784090909,-2.113370028409091,-1.2890625,0.030628551136363636,0.2596768465909091,0.07723721590909091,-0.1358309659090909,-0.36088423295454547,-0.25435014204545453,-0.35688920454545453,-0.9827769886363636,-1.7804509943181819,-2.2412109375,-1.4635120738636365,-1.3742897727272727,-1.4102450284090908,-1.4328835227272727,-1.5913529829545454,-0.9095348011363636,0.5406605113636364,0.7470703125,0.3196022727272727,-0.8123224431818182,-0.07457386363636363,0.6511896306818182,2.002840909090909,3.160067471590909,0.17844460227272727,-4.723455255681818,-5.5397727272727275,-7.0192649147727275,-5.708895596590909,-2.8631036931818183,-0.22105823863636365,1.3809481534090908,1.6339666193181819,1.3782848011363635,0.15846946022727273,-0.7177734375,-1.5514026988636365,-2.2425426136363638,-1.8124112215909092,-1.6832386363636365,-1.3343394886363635,-1.4195667613636365,-2.472922585227273,-2.4382990056818183,-3.630149147727273,-4.1015625,-4.1481711647727275,-3.438387784090909,-3.0095880681818183,-2.259854403409091,-1.5007990056818181,-1.5087890625,-1.2437855113636365,-0.38618607954545453,1.3077059659090908,2.1160333806818183,2.373046875,1.7085404829545454,1.318359375,0.16779119318181818,0.04527698863636364,-0.6525213068181818,-0.9947620738636364,-1.0333806818181819,-1.5380859375,-1.5340909090909092,-2.0893998579545454,-1.5074573863636365,-1.0973011363636365,-0.6032492897727273,-1.0813210227272727,-2.0015092329545454
-11.910511363636363,-12.315340909090908,-12.622958096590908,-10.256569602272727,-9.842418323863637,-9.7998046875,-11.4404296875,-13.393998579545455,-15.021306818181818,-15.679154829545455,-15.450106534090908,-15.810990767045455,-16.383611505681817,-16.5234375,-17.31844815340909,-17.341086647727273,-17.824485085227273,-16.151899857954547,-14.808238636363637,-14.980024857954545,-14.448686079545455,-13.837446732954545,-15.592595880681818,-16.302379261363637,-22.863547585227273,-34.28133877840909,-44.2822265625,-54.77982954545455,-76.79509943181819,-106.01740056818181,-109.14018110795455,-83.05397727272727,-47.55282315340909,-12.598987926136363,12.419211647727273,26.82528409090909,34.09623579545455,36.05379971590909,34.83931107954545,31.8603515625,27.477805397727273,22.63583096590909,20.569069602272727,20.234818892045453,20.217507102272727,21.819513494318183,22.472034801136363,23.482776988636363,22.703746448863637,22.2216796875,21.984641335227273,20.485174005681817,19.36922940340909,18.71670809659091,17.116033380681817,16.506125710227273,16.555397727272727,14.359463778409092,12.801402698863637,11.801313920454545,12.4658203125,13.178267045454545,12.702858664772727,12.455166903409092,12.106267755681818,11.897194602272727,10.462979403409092,9.715909090909092,7.559925426136363,7.838245738636363,6.2082741477272725,6.139026988636363,6.760919744318182,5.1735617897727275,3.643465909090909
-6.088423295454546,-7.1604225852272725,-7.127130681818182,-7.097833806818182,-7.0578835227272725,-6.707652698863637,-6.392045454545454,-4.710138494318182,-4.2507102272727275,-3.3984375,-2.5261896306818183,-2.1586470170454546,-2.5581498579545454,-3.879172585227273,-5.8473899147727275,-7.979403409090909,-10.139382102272727,-12.5390625,-13.820134943181818,-16.198508522727273,-19.093572443181817,-21.7236328125,-24.581409801136363,-26.807972301136363,-30.078568892045453,-35.54243607954545,-46.59135298295455,-68.57466264204545,-88.25150923295455,-108.93510298295455,-115.23259943181819,-79.7128018465909,-37.060546875,0.3888494318181818,27.728160511363637,43.70561079545455,49.65021306818182,49.34925426136363,46.49946732954545,42.81471946022727,36.6943359375,32.45561079545455,28.53915127840909,26.569602272727273,24.958274147727273,22.651811079545453,21.9287109375,21.3134765625,19.572975852272727,18.282581676136363,15.957475142045455,14.284889914772727,14.627130681818182,13.730912642045455,12.717507102272727,11.7041015625,10.303178267045455,9.632013494318182,7.595880681818182,6.161665482954546,5.479847301136363,3.9351029829545454,3.716708096590909,4.044300426136363,4.4384765625,4.971147017045454,4.096235795454546,2.783203125,1.6020063920454546,0.7244318181818182,-0.3622159090909091,0.5153586647727273,1.1785333806818181,0.7990056818181818,0.11585582386363637
-5.9059836647727275,-5.0244140625,-4.007013494318182,-4.459783380681818,-5.282759232954546,-4.405184659090909,-5.164240056818182,-6.575816761363637,-7.041903409090909,-6.151012073863637,-5.403941761363637,-5.553089488636363,-4.766068892045454,-5.489169034090909,-6.421342329545454,-6.800870028409091,-8.1298828125,-8.211115056818182,-7.9274680397727275,-8.253728693181818,-9.717240767045455,-11.207386363636363,-11.529651988636363,-12.505770596590908,-11.493696732954545,-7.420099431818182,-3.102805397727273,-7.932794744318182,-24.108664772727273,-48.98703835227273,-64.11887428977273,-60.99209872159091,-45.9228515625,-26.81729403409091,-10.160688920454545,0.5126953125,5.268110795454546,7.958096590909091,9.064719460227273,9.1552734375,8.346946022727273,8.219105113636363,9.526811079545455,9.604048295454545,10.871803977272727,10.325816761363637,9.462890625,9.518821022727273,8.369584517045455,9.742542613636363,10.819868607954545,11.688121448863637,11.9384765625,10.715997869318182,9.8876953125,9.986239346590908,9.348366477272727,9.209872159090908,9.390980113636363,7.574573863636363,7.127130681818182,5.398615056818182,4.1281960227272725,3.153409090909091,3.0814985795454546,3.893821022727273,3.674094460227273,3.6767578125,3.7633167613636362,3.469016335227273,3.153409090909091,0.7670454545454546,-0.146484375,-0.6658380681818182,0.8149857954545454
-4.993785511363637,-4.1628196022727275,-4.3772194602272725,-4.102894176136363,-3.4064275568181817,-3.8325639204545454,-5.7688210227272725,-6.3401100852272725,-6.884765625,-6.065784801136363,-6.573153409090909,-6.498579545454546,-6.571821732954546,-6.194957386363637,-5.810102982954546,-5.6569602272727275,-5.389293323863637,-6.736949573863637,-6.282848011363637,-7.113813920454546,-6.910067471590909,-7.2243430397727275,-7.729048295454546,-8.651899857954545,-8.763760653409092,-6.461292613636363,-0.2823153409090909,2.3077947443181817,-5.4465553977272725,-27.46981534090909,-39.67729048295455,-36.76624644886363,-24.658647017045453,-12.015713778409092,-3.2466264204545454,1.2318004261363635,2.0121626420454546,2.632723721590909,2.0561079545454546,1.2637606534090908,-0.11186079545454546,-0.8655894886363636,-1.0147372159090908,-1.1745383522727273,-1.0759943181818181,-1.5806995738636365,0.2090731534090909,1.2477805397727273,1.7125355113636365,2.448952414772727,2.2611860795454546,2.1080433238636362,2.1919389204545454,1.9229403409090908,2.0654296875,1.6379616477272727,1.4754971590909092,0.7097833806818182,1.2837357954545454,0.7776988636363636,0.4314630681818182,0.9707919034090909,0.7843572443181818,1.6539417613636365,0.6458629261363636,0.3622159090909091,-0.12917258522727273,-1.0919744318181819,-2.1626420454545454,-1.6632634943181819,-1.5487393465909092,-1.4741654829545454,-1.2131569602272727,-2.0228160511363638,-0.7697088068181818
-6.0964133522727275,-5.956587357954546,-6.294833096590909,-5.9006569602272725,-4.706143465909091,-4.678178267045454,-4.586292613636363,-4.301313920454546,-4.4264914772727275,-4.053622159090909,-4.257368607954546,-4.534357244318182,-5.530450994318182,-5.1828835227272725,-4.471768465909091,-5.459872159090909,-5.9912109375,-6.3893821022727275,-5.992542613636363,-6.119051846590909,-5.9033203125,-5.987215909090909,-4.9192116477272725,-4.166814630681818,1.8084161931818181,6.4040305397727275,6.942027698863637,0.12384588068181818,-17.551491477272727,-31.181196732954547,-33.73668323863637,-26.17276278409091,-15.7763671875,-8.293678977272727,-4.8952414772727275,-3.313210227272727,-2.8484552556818183,-3.4996448863636362,-4.0696022727272725,-3.981711647727273,-4.383877840909091,-4.913884943181818,-4.2653586647727275,-3.307883522727273,-3.474343039772727,-3.2759232954545454,-2.3517400568181817,-2.0201526988636362,-1.1931818181818181,-1.8936434659090908,-1.8576882102272727,-1.7964311079545454,-1.5087890625,-1.3889382102272727,-0.9215198863636364,-1.2344637784090908,-1.8963068181818181,-1.7737926136363635,-1.6645951704545454,-1.5567294034090908,-2.3077947443181817,-1.5607244318181819,-2.3237748579545454,-1.0653409090909092,-1.2584339488636365,-1.7338423295454546,-2.098721590909091,-1.5727095170454546,-1.4448686079545454,-1.5767045454545454,-1.8803267045454546,-2.243874289772727,-3.3558238636363638,-3.351828835227273,-3.2745916193181817
-13.507191051136363,-12.6708984375,-13.806818181818182,-12.106267755681818,-11.307262073863637,-11.3818359375,-11.232688210227273,-10.263227982954545,-10.015536221590908,-9.894353693181818,-11.857244318181818,-15.074573863636363,-18.00692471590909,-21.410688920454547,-24.281782670454547,-26.6015625,-27.108931107954547,-29.442027698863637,-27.665571732954547,-26.680131392045453,-24.409623579545453,-21.74227627840909,-17.887073863636363,-12.087624289772727,-9.983575994318182,-17.872425426136363,-32.60875355113637,-58.83611505681818,-111.58913352272727,-160.84517045454547,-177.06099076704547,-140.0896661931818,-71.7041015625,-6.655717329545454,38.97150213068182,59.68838778409091,65.91663707386364,63.02956321022727,56.8212890625,51.37473366477273,43.90003551136363,40.49627130681818,35.64098011363637,32.14000355113637,29.042524857954547,27.226118607954547,26.186079545454547,25.00088778409091,24.392311789772727,25.758611505681817,27.041015625,25.637428977272727,24.295099431818183,22.615855823863637,23.153852982954547,23.498757102272727,21.731622869318183,20.20419034090909,18.43838778409091,17.616743607954547,15.745738636363637,13.753551136363637,12.215465198863637,11.477716619318182,11.417791193181818,10.448330965909092,10.099431818181818,9.847745028409092,10.148703835227273,9.895685369318182,7.934126420454546,7.061878551136363,5.359996448863637,5.008433948863637,4.730113636363637
-11.717418323863637,-10.815873579545455,-9.373668323863637,-8.200461647727273,-8.360262784090908,-8.180486505681818,-10.348455255681818,-12.947887073863637,-15.7177734375,-16.045365767045453,-18.229314630681817,-17.409002130681817,-16.463512073863637,-13.9892578125,-10.353781960227273,-9.328391335227273,-9.992897727272727,-11.022283380681818,-10.915749289772727,-11.228693181818182,-11.337890625,-9.850408380681818,-6.3134765625,-4.156161221590909,-1.4621803977272727,-1.4501953125,-4.6315696022727275,-13.745561079545455,-30.08389559659091,-49.01500355113637,-52.62650923295455,-46.36496803977273,-30.739080255681817,-13.379350142045455,-5.337357954545454,-2.619406960227273,-2.2318892045454546,-1.0746626420454546,-0.4873934659090909,0.4873934659090909,-0.6431995738636364,-1.8683416193181819,-3.3624822443181817,-4.644886363636363,-4.578302556818182,-5.381303267045454,-2.1959339488636362,0.6938032670454546,2.5847833806818183,5.145596590909091,6.539861505681818,8.173828125,6.539861505681818,7.5705788352272725,7.474698153409091,9.7412109375,10.938387784090908,12.112926136363637,15.587269176136363,16.894975142045453,16.793767755681817,14.657759232954545,13.360706676136363,10.233931107954545,6.370738636363637,2.3876953125,1.2544389204545454,2.0454545454545454,1.5993430397727273,1.9189453125,0.9028764204545454,1.8683416193181819,3.5648970170454546,2.7592329545454546,1.8670099431818181
-3.5102982954545454,-5.087002840909091,-5.6569602272727275,-4.9831321022727275,-5.2175071022727275,-4.0749289772727275,-3.512961647727273,-4.013671875,-5.079012784090909,-5.1003196022727275,-2.831143465909091,-1.9469105113636365,-0.6205610795454546,-0.25834517045454547,-0.3702059659090909,-0.7697088068181818,-1.8403764204545454,-2.317116477272727,-2.578125,-2.375710227272727,-2.7192826704545454,-2.868430397727273,-2.51953125,-1.8190696022727273,-0.3009588068181818,2.546164772727273,8.879616477272727,15.940163352272727,-11.540305397727273,-43.41264204545455,-53.82368607954545,-42.73615056818182,-24.074041193181817,-10.530894886363637,0.050603693181818184,7.747691761363637,10.890447443181818,10.269886363636363,7.563920454545454,4.354580965909091,2.2718394886363638,-0.03196022727272727,-1.40625,-3.310546875,-4.295987215909091,-5.0417258522727275,-4.256036931818182,-3.680752840909091,-1.2650923295454546,-0.6365411931818182,-2.3890269886363638,-3.249289772727273,-4.152166193181818,-4.905894886363637,-6.352095170454546,-6.075106534090909,-5.582386363636363,-3.2306463068181817,-3.6381392045454546,-4.072265625,-4.652876420454546,-3.805930397727273,-1.1265980113636365,0.4367897727272727,1.1106178977272727,1.8377130681818181,1.6539417613636365,1.9442471590909092,0.8948863636363636,0.4953835227272727,0.9321732954545454,2.3011363636363638,4.490411931818182,3.3318536931818183,0.8922230113636364
-2.6273970170454546,-4.007013494318182,-4.3505859375,-3.7713068181818183,-3.9470880681818183,-2.7592329545454546,-3.3984375,-3.4437144886363638,-3.7406782670454546,-4.066938920454546,-4.345259232954546,-3.599520596590909,-3.2506214488636362,-2.6593572443181817,-3.515625,-3.5662286931818183,-3.3265269886363638,-4.16015625,-4.989790482954546,-5.712890625,-5.80078125,-6.033824573863637,-6.0498046875,-5.748845880681818,-5.2707741477272725,-1.1265980113636365,4.453125,3.2306463068181817,-12.563032670454545,-30.455433238636363,-37.49866832386363,-32.0361328125,-20.439897017045453,-11.795987215909092,-7.442737926136363,-5.454545454545454,-4.080255681818182,-2.8511186079545454,-1.7085404829545454,-1.8856534090909092,-2.7166193181818183,-2.6020951704545454,-2.222567471590909,-1.7990944602272727,-2.2478693181818183,-2.508877840909091,-1.6073330965909092,-0.9148615056818182,-0.09188565340909091,-0.8269708806818182,-0.6032492897727273,0.4461115056818182,1.0307173295454546,0.6645063920454546,0.6458629261363636,1.0533558238636365,0.25834517045454547,0.4221413352272727,-0.018643465909090908,0.3995028409090909,0.5419921875,0.5579723011363636,0.6884765625,2.8204900568181817,3.181374289772727,1.6459517045454546,1.0719992897727273,1.7231889204545454,1.5434126420454546,1.1465731534090908,-0.40482954545454547,-0.7097833806818182,-1.4914772727272727,-1.6446200284090908,-1.1825284090909092
-4.013671875,-3.884499289772727,-3.166725852272727,-1.9429154829545454,-2.8324751420454546,-4.537020596590909,-4.712801846590909,-7.879527698863637,-8.337624289772727,-7.681107954545454,-7.039240056818182,-4.8952414772727275,-3.9124644886363638,-1.4208984375,0.3515625,1.5980113636363635,1.4142400568181819,1.2251420454545454,1.3156960227272727,1.2744140625,1.3662997159090908,0.7004616477272727,-0.1424893465909091,0.5113636363636364,0.9255149147727273,1.7018821022727273,2.317116477272727,-2.0747514204545454,-17.86044034090909,-47.26917613636363,-73.91867897727273,-67.99671519886364,-33.26526988636363,7.679776278409091,38.87562144886363,56.66148792613637,62.49289772727273,61.67258522727273,56.56693892045455,52.85688920454545,48.27725497159091,41.97176846590909,37.16708096590909,30.178444602272727,24.285777698863637,18.723366477272727,14.134410511363637,10.4296875,5.586381392045454,3.6541193181818183,3.3238636363636362,3.879172585227273,4.003018465909091,4.5530007102272725,3.563565340909091,2.2412109375,1.4794921875,2.6154119318181817,3.738014914772727,4.5703125,6.4040305397727275,7.970081676136363,7.779651988636363,6.9992897727272725,6.253551136363637,4.495738636363637,3.0308948863636362,1.3077059659090908,0.732421875,0.32759232954545453,-1.1665482954545454,-3.7886186079545454,-5.758167613636363,-6.832830255681818,-8.874289772727273
-3.8538707386363638,-3.233309659090909,-2.655362215909091,-1.3063742897727273,-0.6378728693181818,-1.2517755681818181,-3.0615234375,-5.467862215909091,-6.382723721590909,-7.2975852272727275,-6.601118607954546,-5.101651278409091,-3.3904474431818183,-1.8989701704545454,-0.8389559659090909,-0.17711292613636365,1.5327592329545454,1.4621803977272727,0.9827769886363636,0.08123224431818182,-1.8656782670454546,-3.5236150568181817,-3.034889914772727,-3.2612748579545454,-1.5980113636363635,-2.2332208806818183,-4.7873757102272725,-14.235617897727273,-40.89710582386363,-83.75310724431819,-104.96271306818181,-85.43634588068181,-39.41761363636363,4.941850142045454,28.99991122159091,42.32998934659091,51.25887784090909,56.72407670454545,59.86150568181818,60.263671875,57.88796164772727,52.41344105113637,46.58336292613637,41.96377840909091,37.08984375,34.65287642045455,32.50088778409091,31.070667613636363,29.3701171875,28.083718039772727,25.85848721590909,23.61727627840909,22.551935369318183,21.868785511363637,19.562322443181817,16.090642755681817,12.804066051136363,9.151278409090908,5.9619140625,2.2998046875,1.2837357954545454,0.6218927556818182,0.37153764204545453,-0.41548295454545453,-1.0466974431818181,-2.0427911931818183,-5.000443892045454,-7.149769176136363,-7.574573863636363,-9.597389914772727,-10.522904829545455,-11.276633522727273,-12.4365234375,-13.343394886363637,-13.483220880681818
-2.0707563920454546,-1.9802024147727273,-3.283913352272727,-2.486239346590909,-2.8990589488636362,-4.090909090909091,-4.9338600852272725,-7.7756569602272725,-10.323153409090908,-11.521661931818182,-10.869140625,-9.438920454545455,-7.972745028409091,-6.072443181818182,-4.486416903409091,-3.6394708806818183,-3.4144176136363638,-4.550337357954546,-4.590287642045454,-4.9485085227272725,-5.1975319602272725,-4.495738636363637,-5.1535866477272725,-8.714488636363637,-13.338068181818182,-15.880237926136363,-17.520862926136363,-18.381125710227273,-32.01748934659091,-53.60129616477273,-62.47025923295455,-53.14852627840909,-34.73011363636363,-16.038707386363637,-4.608931107954546,1.0813210227272727,4.282670454545454,4.550337357954546,4.824662642045454,5.106977982954546,6.088423295454546,8.626598011363637,11.2060546875,13.041104403409092,14.675071022727273,14.23828125,12.515092329545455,11.772017045454545,10.2978515625,10.087446732954545,10.600142045454545,11.391157670454545,14.958718039772727,16.9775390625,18.6328125,19.70614346590909,20.758167613636363,21.5185546875,22.294921875,22.948774857954547,23.317649147727273,23.637251420454547,23.308327414772727,22.900834517045453,22.091175426136363,19.113547585227273,15.926846590909092,12.357954545454545,9.717240767045455,6.3307883522727275,3.7513316761363638,1.3876065340909092,-0.6072443181818182,-3.3251953125,-6.771573153409091
-3.892489346590909,-3.176047585227273,-1.5713778409090908,-1.7751242897727273,-2.1599786931818183,-2.098721590909091,-2.4542791193181817,-1.2784090909090908,-1.9069602272727273,-3.2652698863636362,-4.736772017045454,-5.359996448863637,-3.5755504261363638,-2.2691761363636362,-2.0374644886363638,-1.40625,-0.4541015625,-1.23046875,-1.7311789772727273,-2.450284090909091,-1.8470348011363635,-3.6128373579545454,-6.756924715909091,-11.044921875,-19.920543323863637,-29.16104403409091,-34.64089133522727,-31.033380681818183,-30.556640625,-41.40447443181818,-47.33709161931818,-44.32350852272727,-36.41068892045455,-28.2568359375,-21.589133522727273,-18.28125,-16.942915482954547,-16.79110440340909,-16.075994318181817,-14.468661221590908,-13.019797585227273,-11.2939453125,-9.617365056818182,-7.469371448863637,-3.6567826704545454,-0.9148615056818182,2.7632279829545454,6.065784801136363,9.375,11.099520596590908,11.304598721590908,12.575017755681818,14.312855113636363,16.36629971590909,18.359818892045453,18.913796164772727,17.338423295454547,15.322265625,13.580433238636363,11.530983664772727,9.903675426136363,10.456321022727273,10.400390625,9.102006392045455,7.1071555397727275,5.670276988636363,4.454456676136363,3.8525390625,3.0335582386363638,1.3889382102272727,-1.2491122159090908,-2.8045099431818183,-4.024325284090909,-4.5436789772727275,-6.707652698863637
0.2157315340909091,-1.7658025568181819,-1.9309303977272727,-0.5819424715909091,0.37553267045454547,0.17311789772727273,-2.7778764204545454,-4.903231534090909,-5.162908380681818,-4.510387073863637,-3.2439630681818183,-2.229225852272727,-1.1825284090909092,-1.8323863636363635,-1.5514026988636365,-1.9815340909090908,-1.9522372159090908,-0.732421875,-0.16246448863636365,0.22904829545454544,0.10786576704545454,-0.8030007102272727,-3.5981889204545454,-5.834073153409091,-9.718572443181818,-13.342063210227273,-12.328657670454545,-12.274058948863637,-20.887340198863637,-33.81924715909091,-40.15802556818182,-38.50142045454545,-33.07350852272727,-27.343306107954547,-25.610795454545453,-26.060901988636363,-25.02352627840909,-24.928977272727273,-23.577325994318183,-20.98721590909091,-17.522194602272727,-14.952059659090908,-11.2939453125,-7.208362926136363,-3.679421164772727,-1.4408735795454546,0.8416193181818182,3.423739346590909,4.407848011363637,5.44921875,7.1657492897727275,9.216530539772727,11.267311789772727,11.269975142045455,11.515003551136363,11.3818359375,11.319247159090908,10.863813920454545,10.742631392045455,10.837180397727273,10.403053977272727,10.871803977272727,10.870472301136363,10.4296875,9.296431107954545,8.096590909090908,6.5744850852272725,5.048384232954546,4.3678977272727275,3.5582386363636362,1.5767045454545454,-1.11328125,-2.3304332386363638,-4.636896306818182,-6.806196732954546
-4.0016867897727275,-3.518288352272727,-4.51171875,-3.6234907670454546,-2.662020596590909,-3.094815340909091,-2.6313920454545454,-3.0095880681818183,-5.807439630681818,-11.127485795454545,-14.250266335227273,-11.448419744318182,-8.501420454545455,-5.691583806818182,-4.4704367897727275,-3.5808771306818183,-2.9376775568181817,-3.5609019886363638,-2.4968927556818183,-1.5114524147727273,-0.09721235795454546,1.6885653409090908,3.5169566761363638,3.913796164772727,4.082919034090909,4.254705255681818,5.816761363636363,6.878107244318182,-12.444513494318182,-77.68998579545455,-133.32741477272728,-118.05708451704545,-47.93767755681818,28.70028409090909,80.8194247159091,101.0409268465909,107.05877130681819,105.2237215909091,98.37890625,90.04660866477273,78.93510298295455,67.30291193181819,58.62837357954545,52.34419389204545,47.25053267045455,43.62171519886363,39.95161576704545,35.22017045454545,29.845525568181817,24.504172585227273,20.161576704545453,16.49014559659091,14.6630859375,14.615145596590908,13.838778409090908,14.227627840909092,13.556463068181818,11.690784801136363,7.638494318181818,5.5837180397727275,7.0166015625,7.683771306818182,7.518643465909091,6.1936257102272725,4.925870028409091,4.3093039772727275,1.7471590909090908,-1.9322620738636365,-4.688831676136363,-7.627840909090909,-11.324573863636363,-15.729758522727273,-17.551491477272727,-19.401189630681817,-19.635564630681817
-6.900745738636363,-5.643643465909091,-6.724964488636363,-8.02734375,-10.416370738636363,-8.583984375,-9.066051136363637,-9.462890625,-9.2578125,-7.401455965909091,-5.816761363636363,-2.4449573863636362,0.14914772727272727,-0.5406605113636364,0.7883522727272727,2.4982244318181817,3.7047230113636362,2.4609375,2.5727982954545454,2.197265625,0.3116122159090909,-1.1905184659090908,-2.940340909090909,-3.425071022727273,-1.7844460227272727,-0.09055397727272728,-1.6592684659090908,-6.157670454545454,-16.46484375,-23.68252840909091,-27.906605113636363,-25.680042613636363,-21.650390625,-14.776278409090908,-10.048828125,-8.275035511363637,-6.186967329545454,-6.498579545454546,-4.154829545454546,-3.0255681818181817,-1.3050426136363635,-2.0001775568181817,-1.5793678977272727,-0.5779474431818182,-0.498046875,0.8336292613636364,1.7764559659090908,2.341086647727273,3.0628551136363638,6.1257102272727275,9.889026988636363,12.501775568181818,15.897549715909092,18.188032670454547,20.001775568181817,17.199928977272727,15.101207386363637,13.892045454545455,12.970525568181818,8.149857954545455,6.474609375,4.210759943181818,1.845703125,1.5394176136363635,-1.0866477272727273,-3.6381392045454546,-6.2428977272727275,-8.288352272727273,-10.014204545454545,-10.216619318181818,-11.668146306818182,-15.561967329545455,-17.418323863636363,-17.86044034090909,-15.476740056818182
-3.563565340909091,-3.8738458806818183,-3.511629971590909,-3.3478338068181817,-3.8605291193181817,-3.2239879261363638,-3.1041370738636362,-4.141512784090909,-8.044655539772727,-10.717329545454545,-11.728071732954545,-10.494939630681818,-8.348277698863637,-6.788884943181818,-4.703480113636363,-4.122869318181818,-3.3265269886363638,-2.5275213068181817,-1.4302201704545454,-1.7085404829545454,-2.0454545454545454,-3.75,-4.723455255681818,-6.819513494318182,-8.707830255681818,-11.991743607954545,-17.136008522727273,-20.901988636363637,-27.781427556818183,-46.32235440340909,-54.68394886363637,-47.548828125,-32.44229403409091,-19.780717329545453,-11.77734375,-8.1884765625,-8.227095170454545,-9.087357954545455,-9.2138671875,-9.227183948863637,-7.7903053977272725,-6.743607954545454,-5.591708096590909,-4.535688920454546,-2.0068359375,1.9415838068181819,5.418590198863637,6.898082386363637,7.750355113636363,8.992808948863637,10.480291193181818,12.051669034090908,14.051846590909092,16.068004261363637,16.6552734375,17.330433238636363,15.536665482954545,14.255593039772727,12.939897017045455,12.413884943181818,12.255415482954545,13.974609375,15.450106534090908,16.81241122159091,16.474165482954547,16.6845703125,16.851029829545453,15.537997159090908,15.564630681818182,14.577858664772727,13.846768465909092,11.869229403409092,9.920987215909092,7.665127840909091,4.427823153409091
-10.528231534090908,-12.071644176136363,-12.468483664772727,-12.673561789772727,-12.475142045454545,-12.890625,-13.263494318181818,-13.774857954545455,-14.280894886363637,-15.612571022727273,-17.129350142045453,-20.38662997159091,-21.149680397727273,-21.876775568181817,-23.326970880681817,-27.5244140625,-29.880149147727273,-30.53133877840909,-30.741743607954547,-29.818892045454547,-27.951882102272727,-26.70809659090909,-25.566850142045453,-27.966530539772727,-35.91663707386363,-47.2705078125,-58.80814985795455,-74.326171875,-110.9512606534091,-164.91344105113637,-182.96431107954547,-161.22336647727272,-112.91814630681819,-56.42711292613637,-6.930042613636363,28.456587357954547,50.15092329545455,60.75905539772727,63.36647727272727,60.16912286931818,55.45099431818182,48.72602982954545,42.22611860795455,39.69992897727273,35.88201349431818,33.92444957386363,33.87784090909091,35.65163352272727,36.5625,37.08718039772727,37.18705610795455,35.47718394886363,35.57705965909091,34.4677734375,33.90047940340909,31.837713068181817,30.335582386363637,30.354225852272727,30.2490234375,28.910688920454547,27.435191761363637,26.661487926136363,25.071466619318183,23.867631392045453,21.615767045454547,20.730202414772727,20.07901278409091,19.241388494318183,19.124200994318183,17.644708806818183,16.432883522727273,15.423473011363637,14.753639914772727,13.401988636363637,12.106267755681818
-7.1218039772727275,-9.705255681818182,-12.022372159090908,-15.788352272727273,-15.013316761363637,-10.099431818181818,-2.751242897727273,4.184126420454546,7.5852272727272725,7.7610085227272725,6.045809659090909,3.307883522727273,0.3488991477272727,-4.109552556818182,-8.309659090909092,-9.590731534090908,-7.646484375,-5.9499289772727275,-5.257457386363637,-3.760653409090909,-4.554332386363637,-4.109552556818182,-3.6115056818181817,-4.287997159090909,-4.559659090909091,-4.482421875,-4.588955965909091,-0.36754261363636365,3.233309659090909,-70.70933948863636,-125.83540482954545,-103.84943181818181,-60.30894886363637,-11.100852272727273,23.432173295454547,39.70791903409091,41.07688210227273,32.06942471590909,18.824573863636363,6.5598366477272725,-1.201171875,-4.16015625,-6.498579545454546,-7.726384943181818,-9.478870738636363,-10.104758522727273,-9.862393465909092,-9.638671875,-8.669211647727273,-7.689098011363637,-6.5358664772727275,-5.8860085227272725,-6.6823508522727275,-7.611860795454546,-9.151278409090908,-13.034446022727273,-19.250710227272727,-24.516157670454547,-24.601384943181817,-21.956676136363637,-15.143821022727273,-10.381747159090908,-6.962002840909091,-4.916548295454546,-4.7141335227272725,-4.671519886363637,-5.2414772727272725,-5.638316761363637,-4.200106534090909,-3.864524147727273,-3.923117897727273,-4.181463068181818,-4.1628196022727275,-3.4783380681818183,-3.80859375
-9.156605113636363,-8.876953125,-8.602627840909092,-9.112659801136363,-8.795720880681818,-8.432173295454545,-8.689186789772727,-10.492276278409092,-11.136807528409092,-11.190074573863637,-11.712091619318182,-13.150301846590908,-12.862659801136363,-12.275390625,-12.646928267045455,-13.366033380681818,-14.741654829545455,-15.671164772727273,-17.048117897727273,-17.06942471590909,-17.575461647727273,-16.428888494318183,-14.532581676136363,-12.716175426136363,-9.315074573863637,-6.036487926136363,-7.32421875,-17.576793323863637,-39.26180752840909,-62.28915127840909,-67.46138139204545,-59.13174715909091,-43.51917613636363,-24.650656960227273,-10.482954545454545,-2.736594460227273,-0.5646306818181818,-0.7164417613636364,-1.1878551136363635,-3.776633522727273,-4.975142045454546,-3.445046164772727,-2.1400035511363638,0.31693892045454547,3.2000177556818183,5.722212357954546,8.360262784090908,10.887784090909092,13.513849431818182,15.476740056818182,16.928267045454547,18.250621448863637,18.560901988636363,19.5263671875,18.961736505681817,17.18661221590909,14.471324573863637,14.127752130681818,14.727006392045455,16.042702414772727,17.506214488636363,18.727361505681817,18.024236505681817,17.191938920454547,17.0654296875,16.214488636363637,16.16787997159091,15.475408380681818,14.757634943181818,13.296786221590908,12.314009232954545,11.315252130681818,9.690607244318182,9.1845703125,9.729225852272727
-8.112571022727273,-8.504083806818182,-9.1845703125,-9.568093039772727,-9.763849431818182,-10.588156960227273,-10.478959517045455,-10.813210227272727,-10.727982954545455,-10.160688920454545,-10.995649857954545,-10.585493607954545,-10.753284801136363,-11.986416903409092,-12.315340909090908,-12.5244140625,-13.764204545454545,-16.111949573863637,-18.21200284090909,-19.533025568181817,-21.003196022727273,-21.037819602272727,-19.260031960227273,-16.976207386363637,-14.535245028409092,-9.324396306818182,-5.470525568181818,-8.429509943181818,-27.702858664772727,-63.02689985795455,-78.8232421875,-69.67595880681819,-47.14533025568182,-23.275035511363637,-2.8484552556818183,10.882457386363637,14.476651278409092,14.465997869318182,14.917436079545455,12.947887073863637,11.484375,10.689364346590908,9.889026988636363,9.813121448863637,10.144708806818182,11.172762784090908,12.170188210227273,14.463334517045455,16.86434659090909,18.872514204545453,19.774058948863637,20.802112926136363,20.44921875,20.236150568181817,21.02450284090909,20.843394886363637,19.63955965909091,18.2373046875,16.733842329545453,15.327592329545455,14.974698153409092,14.47265625,14.58984375,14.3408203125,14.473987926136363,13.834783380681818,13.039772727272727,12.103604403409092,11.163441051136363,11.115500710227273,10.401722301136363,10.537553267045455,10.355113636363637,10.224609375,9.259144176136363
-1.6765802556818181,-2.801846590909091,-2.900390625,-2.2691761363636362,-1.6153231534090908,-1.1638849431818181,-1.4368785511363635,-1.6273082386363635,-1.4195667613636365,-1.3543146306818181,-1.5620561079545454,-2.4968927556818183,-2.4329723011363638,-1.8070845170454546,-2.6886541193181817,-2.018821022727273,-2.976296164772727,-3.4929865056818183,-3.042879971590909,-2.141335227272727,-1.0160688920454546,0.24636008522727273,0.7697088068181818,1.7911044034090908,1.7365056818181819,2.8071732954545454,3.527610085227273,4.720791903409091,12.215465198863637,22.95010653409091,31.321022727272727,23.769087357954547,2.654030539772727,-14.874822443181818,-27.507102272727273,-31.149236505681817,-27.933238636363637,-22.373490767045453,-15.813654119318182,-9.725230823863637,-5.533114346590909,-2.419655539772727,-1.2970525568181819,-0.4794034090909091,-1.1558948863636365,-1.9016335227272727,-2.157315340909091,-1.7245205965909092,0.030628551136363636,1.5966796875,2.713955965909091,2.756569602272727,3.1147904829545454,3.540926846590909,3.2586115056818183,2.3810369318181817,1.2411221590909092,1.0653409090909092,2.082741477272727,1.6273082386363635,0.6991299715909091,0.5752840909090909,-0.18110795454545456,0.21439985795454544,0.2610085227272727,0.2157315340909091,0.42347301136363635,0.6578480113636364,1.0600142045454546,1.0986328125,0.7084517045454546,-0.04794034090909091,0.026633522727272728,0.11585582386363637,1.1772017045454546
-0.5180220170454546,-0.7776988636363636,-0.9628018465909091,-1.3223544034090908,-1.9162819602272727,-1.3276811079545454,-1.5487393465909092,-1.3356711647727273,-1.4581853693181819,-1.1372514204545454,-0.9361683238636364,-0.9028764204545454,-0.8456143465909091,-0.6059126420454546,-0.5553089488636364,-0.7870205965909091,-0.8189808238636364,-1.0706676136363635,-1.3916015625,-1.3849431818181819,-1.5460759943181819,-1.6712535511363635,-1.7498224431818181,-1.6805752840909092,-1.2690873579545454,-1.3916015625,-0.6205610795454546,2.0281427556818183,8.695845170454545,18.22665127840909,26.784002130681817,24.65731534090909,10.448330965909092,-5.659623579545454,-17.022816051136363,-22.413441051136363,-23.5693359375,-21.619762073863637,-18.330522017045453,-14.874822443181818,-11.568270596590908,-8.940873579545455,-7.480024857954546,-5.776811079545454,-5.146928267045454,-4.927201704545454,-4.505060369318182,-3.9990234375,-4.224076704545454,-4.080255681818182,-3.9324396306818183,-3.915127840909091,-3.3451704545454546,-3.0082563920454546,-2.2318892045454546,-1.8217329545454546,-1.5354225852272727,-1.4794921875,-1.6592684659090908,-1.2810724431818181,-0.8030007102272727,-1.0213955965909092,-0.35289417613636365,0.0439453125,-0.8416193181818182,-0.7976740056818182,-0.9694602272727273,-0.6352095170454546,-0.7683771306818182,-0.35688920454545453,-0.06791548295454546,-0.22771661931818182,0.06258877840909091,0.6045809659090909,-0.04261363636363636
1.4981356534090908,0.2889737215909091,-2.106711647727273,-3.5968572443181817,-7.157759232954546,-9.757191051136363,-10.103426846590908,-9.133966619318182,-7.799627130681818,-7.449396306818182,-7.6637961647727275,-7.587890625,-6.370738636363637,-5.3493430397727275,-3.1427556818181817,-0.7457386363636364,0.7364169034090909,0.9801136363636364,0.8056640625,-0.3196022727272727,-1.2424538352272727,0.8629261363636364,3.753995028409091,7.076526988636363,9.095348011363637,10.376420454545455,5.302734375,-13.920010653409092,-59.33549360795455,-117.47913707386364,-132.4871271306818,-97.6797762784091,-37.41344105113637,19.5556640625,61.66725852272727,86.69078480113636,96.6317471590909,99.65864701704545,96.08575994318181,90.3116122159091,81.24289772727273,72.67356178977273,64.0869140625,55.60813210227273,46.98419744318182,40.58682528409091,32.25053267045455,26.015625,20.601029829545453,15.64453125,11.524325284090908,6.847478693181818,2.9137073863636362,0.30229048295454547,0.35289417613636365,1.4248934659090908,4.197443181818182,8.402876420454545,13.011807528409092,17.491566051136363,23.366921164772727,28.77352627840909,32.47025923295455,34.56232244318182,35.56507457386363,35.09499289772727,33.71537642045455,32.40900213068182,27.529740767045453,22.691761363636363,18.282581676136363,13.505859375,9.284446022727273,6.258877840909091,3.3025568181818183
-2.2651811079545454,-3.2612748579545454,-4.2946555397727275,-3.5981889204545454,-3.006924715909091,-2.398348721590909,-2.333096590909091,-4.7341086647727275,-6.993963068181818,-9.307084517045455,-9.5654296875,-7.754350142045454,-6.408025568181818,-5.090997869318182,-5.386629971590909,-3.3411754261363638,-2.6819957386363638,-2.017489346590909,-2.3051313920454546,-1.6872336647727273,-1.8736683238636365,-1.259765625,-1.4408735795454546,-2.3930220170454546,-3.483664772727273,-3.908469460227273,-5.116299715909091,-8.5546875,-19.824662642045453,-37.56258877840909,-46.00807883522727,-39.70925071022727,-24.030095880681817,-5.760830965909091,7.020596590909091,15.743075284090908,19.607599431818183,19.900568181818183,19.216086647727273,18.286576704545453,16.623313210227273,15.984108664772727,15.166459517045455,14.745649857954545,13.686967329545455,12.423206676136363,10.696022727272727,10.284534801136363,9.968927556818182,9.859730113636363,9.277787642045455,10.978338068181818,12.882634943181818,13.685635653409092,14.713689630681818,17.31844815340909,18.556906960227273,20.487837357954547,21.417347301136363,21.328125,21.898082386363637,20.996537642045453,18.837890625,16.669921875,14.041193181818182,12.002397017045455,9.851740056818182,8.161843039772727,5.383966619318182,4.375887784090909,2.295809659090909,0.5379971590909091,-0.6032492897727273,-1.435546875,-3.117453835227273
-3.6980646306818183,-3.0322265625,-3.415749289772727,-3.366477272727273,-3.299893465909091,-3.4730113636363638,-5.7395241477272725,-9.010120738636363,-11.269975142045455,-11.624200994318182,-10.008877840909092,-8.570667613636363,-7.1218039772727275,-5.599698153409091,-3.679421164772727,-1.7098721590909092,-1.3236860795454546,-0.2197265625,-0.6964666193181818,-0.03196022727272727,0.6818181818181818,1.0027521306818181,-0.8416193181818182,-4.117542613636363,-7.91015625,-13.6669921875,-21.149680397727273,-30.695134943181817,-54.40962357954545,-83.36558948863636,-90.24236505681819,-73.1143465909091,-49.27601207386363,-27.859996448863637,-13.199573863636363,-3.2865767045454546,0.6698330965909091,2.361061789772727,3.0908203125,3.7872869318181817,5.415926846590909,8.581321022727273,11.123490767045455,14.489968039772727,17.309126420454547,18.620827414772727,20.822088068181817,23.44149502840909,24.77450284090909,24.54678622159091,25.706676136363637,25.999644886363637,26.4990234375,27.568359375,29.687056107954547,30.568625710227273,29.973366477272727,29.612482244318183,27.222123579545453,24.82510653409091,21.477272727272727,18.655450994318183,15.062588778409092,10.813210227272727,6.4306640625,2.7086292613636362,-0.5899325284090909,-2.9603160511363638,-4.6169211647727275,-5.4345703125,-5.684925426136363,-4.106889204545454,-4.6848366477272725,-3.7060546875,-3.313210227272727
3.820578835227273,0.9574751420454546,-10.256569602272727,-20.842063210227273,-24.319069602272727,-21.285511363636363,-15.515358664772727,-9.923650568181818,-6.270862926136363,-3.4410511363636362,-0.7776988636363636,0.6245561079545454,2.281161221590909,3.021573153409091,3.3318536931818183,4.639559659090909,4.959161931818182,3.6314808238636362,0.6352095170454546,-4.077592329545454,-11.016956676136363,-19.751420454545453,-31.032049005681817,-39.38165838068182,-42.93323863636363,-40.39506392045455,-39.57741477272727,-43.76020951704545,-48.74334161931818,-54.1845703125,-55.48961292613637,-54.87704190340909,-51.38006036931818,-46.31569602272727,-42.03302556818182,-38.00204190340909,-33.14541903409091,-28.192915482954547,-23.797052556818183,-18.682084517045453,-14.631125710227273,-11.248668323863637,-7.615855823863637,-3.401100852272727,0.3142755681818182,3.482333096590909,7.935458096590909,11.811967329545455,16.032049005681817,19.78604403409091,22.98739346590909,24.838423295454547,27.05166903409091,28.981267755681817,31.147904829545453,33.13742897727273,34.29465553977273,32.87508877840909,28.054421164772727,21.113725142045453,15.537997159090908,12.134232954545455,12.0849609375,13.766867897727273,15.616566051136363,16.728515625,17.5048828125,17.711292613636363,16.06534090909091,14.196999289772727,12.672230113636363,10.995649857954545,8.994140625,7.140447443181818,5.7981178977272725
2.2252308238636362,2.8790838068181817,3.8512073863636362,3.4503728693181817,0.3156072443181818,-4.803355823863637,-9.538796164772727,-11.312588778409092,-9.987571022727273,-8.662553267045455,-6.776899857954546,-4.546342329545454,-2.9070490056818183,-1.4781605113636365,-0.03995028409090909,0.4221413352272727,0.7337535511363636,0.615234375,0.2010830965909091,-1.4701704545454546,-5.198863636363637,-13.073064630681818,-22.039240056818183,-29.097123579545453,-35.5810546875,-47.51819957386363,-63.60617897727273,-79.98979048295455,-92.44096235795455,-99.873046875,-102.94921875,-102.16086647727273,-98.2364169034091,-93.06418678977273,-86.4657315340909,-78.71404474431819,-70.3457919034091,-61.13858309659091,-52.75301846590909,-44.43004261363637,-35.99786931818182,-27.844016335227273,-19.916548295454547,-12.310014204545455,-5.348011363636363,1.5287642045454546,7.994051846590909,13.527166193181818,18.058860085227273,21.7529296875,25.244584517045453,28.5498046875,31.05868252840909,33.40110085227273,35.74085582386363,36.96999289772727,39.31107954545455,40.29252485795455,40.82120028409091,40.60413707386363,40.82120028409091,39.52015269886363,36.25754616477273,30.239701704545453,24.351029829545453,18.98837002840909,15.777698863636363,13.359375,12.027698863636363,10.657404119318182,9.974254261363637,8.685191761363637,7.183061079545454,5.9299538352272725,4.943181818181818
-0.08655894886363637,0.3049538352272727,0.14515269886363635,0.04527698863636364,-0.22105823863636365,-0.15846946022727273,-0.6085759943181818,-0.6831498579545454,-0.76171875,-1.0586825284090908,-1.3090376420454546,-1.6246448863636365,-1.4901455965909092,-1.23046875,-1.1745383522727273,-1.2331321022727273,-0.8802379261363636,-1.0786576704545454,-1.1558948863636365,-1.1692116477272727,-1.0347123579545454,-1.7498224431818181,-1.787109375,-1.7578125,-1.7897727272727273,-1.4834872159090908,-1.5447443181818181,-1.6352982954545454,-3.373135653409091,-6.634410511363637,-9.678622159090908,-9.576083096590908,-9.141956676136363,-8.02734375,-6.9580078125,-5.687588778409091,-4.427823153409091,-3.193359375,-1.0280539772727273,0.17844460227272727,1.9109552556818181,4.1015625,5.732865767045454,7.4440696022727275,7.91015625,7.513316761363637,6.7409446022727275,5.8913352272727275,4.908558238636363,4.134854403409091,3.7486683238636362,2.917702414772727,2.253196022727273,1.7990944602272727,1.5926846590909092,0.791015625,0.8229758522727273,1.2331321022727273,1.171875,1.6060014204545454,1.2824041193181819,0.8908913352272727,1.0786576704545454,1.11328125,0.4474431818181818,0.146484375,-0.5979225852272727,-0.703125,-0.8935546875,-1.2917258522727273,-1.3982599431818181,-1.3370028409090908,-1.2690873579545454,-1.5287642045454546,-1.1052911931818181
-2.178622159090909,-2.6287286931818183,-2.8125,-2.7698863636363638,-3.2066761363636362,-2.6713423295454546,-2.3197798295454546,-2.522194602272727,-3.0974786931818183,-2.9216974431818183,-3.5955255681818183,-4.833984375,-4.868607954545454,-4.178799715909091,-3.893821022727273,-3.5289417613636362,-3.4117542613636362,-2.8551136363636362,-1.5873579545454546,-2.1306818181818183,-1.787109375,-1.3290127840909092,0.25834517045454547,2.9723011363636362,8.634588068181818,7.372159090909091,-3.6567826704545454,-13.391335227272727,-19.66885653409091,-23.996803977272727,-25.277876420454547,-23.717151988636363,-20.569069602272727,-15.077237215909092,-8.655894886363637,-4.429154829545454,-1.2224786931818181,0.7350852272727273,2.3597301136363638,2.120028409090909,1.7365056818181819,1.083984375,1.3156960227272727,1.6619318181818181,1.4701704545454546,1.1558948863636365,1.5580610795454546,1.2544389204545454,1.2677556818181819,1.5740411931818181,1.0919744318181819,1.8510298295454546,2.109375,2.05078125,1.8776633522727273,1.5580610795454546,0.87890625,0.9987571022727273,0.8682528409090909,0.4181463068181818,0.7883522727272727,1.9122869318181819,1.8004261363636365,1.3236860795454546,1.0866477272727273,0.4900568181818182,0.11985085227272728,-0.23970170454545456,-0.5593039772727273,-0.4074928977272727,-0.8762428977272727,-0.9241832386363636,-0.18377130681818182,-0.07457386363636363,-0.33824573863636365
-1.6832386363636365,-1.7378373579545454,-1.4834872159090908,-2.2199041193181817,-2.414328835227273,-2.2918146306818183,-1.7697975852272727,-1.9056285511363635,-2.582120028409091,-3.1440873579545454,-2.4529474431818183,-2.9523259943181817,-2.492897727272727,-1.8057528409090908,-1.8204012784090908,-2.5408380681818183,-2.6447088068181817,-2.984286221590909,-2.5408380681818183,-2.713955965909091,-2.2944779829545454,-1.7458274147727273,-1.3236860795454546,-2.9243607954545454,-4.768732244318182,-5.228160511363637,-7.4240944602272725,-14.290216619318182,-25.568181818181817,-37.1923828125,-42.30601917613637,-35.24280894886363,-22.725053267045453,-13.453924005681818,-11.003639914772727,-10.534889914772727,-8.785067471590908,-5.674272017045454,-0.8868963068181818,3.2879083806818183,6.884765625,10.094105113636363,11.568270596590908,12.134232954545455,11.340553977272727,9.574751420454545,9.444247159090908,8.928888494318182,8.622602982954545,8.444158380681818,6.910067471590909,6.803533380681818,6.265536221590909,6.558504971590909,6.639737215909091,5.352006392045454,4.126864346590909,2.7485795454545454,2.0720880681818183,2.875088778409091,3.1480823863636362,2.844460227272727,3.4517045454545454,2.9230291193181817,2.3131214488636362,2.3370916193181817,1.5434126420454546,0.9734552556818182,1.3636363636363635,1.3569779829545454,1.1252663352272727,1.3423295454545454,1.0027521306818181,0.3742009943181818,0.09588068181818182
0.4474431818181818,-0.3369140625,-1.1865234375,-1.4315518465909092,-1.8670099431818181,-1.8856534090909092,-2.7818714488636362,-2.9496626420454546,-3.820578835227273,-3.900479403409091,-3.8671875,-4.0456321022727275,-1.9202769886363635,-0.6511896306818182,-0.8868963068181818,-1.4155717329545454,-1.6859019886363635,-2.958984375,-2.580788352272727,-3.1254438920454546,-4.008345170454546,-2.7885298295454546,-3.1627308238636362,-2.787198153409091,-3.1946910511363638,-4.284002130681818,-4.8606178977272725,-9.2138671875,-21.554509943181817,-35.97389914772727,-43.86674360795455,-39.03142755681818,-27.054332386363637,-16.443536931818183,-8.924893465909092,-7.670454545454546,-6.514559659090909,-5.136274857954546,-2.7086292613636362,0.732421875,3.6554509943181817,5.379971590909091,5.782137784090909,5.822088068181818,5.989879261363637,6.016512784090909,6.188299005681818,6.358753551136363,6.8967507102272725,7.236328125,7.454723011363637,7.372159090909091,6.598455255681818,5.029740767045454,4.178799715909091,3.7566583806818183,4.286665482954546,4.969815340909091,4.2214133522727275,4.647549715909091,6.059126420454546,5.104314630681818,4.429154829545454,3.540926846590909,2.3197798295454546,1.9149502840909092,1.8350497159090908,1.6606001420454546,0.46875,0.6525213068181818,0.9601384943181818,1.8483664772727273,1.4581853693181819,-0.011985085227272728,-2.1759588068181817
-3.5822088068181817,-3.840553977272727,-3.337180397727273,-4.066938920454546,-3.283913352272727,-2.3384232954545454,-1.1212713068181819,-2.3970170454545454,-2.634055397727273,-4.053622159090909,-4.27734375,-4.439808238636363,-4.519708806818182,-3.710049715909091,-2.6740056818181817,-1.1878551136363635,-0.6099076704545454,-1.2437855113636365,-1.4408735795454546,-0.22638494318181818,-0.8602627840909091,-1.3742897727272727,-2.5328480113636362,-3.6168323863636362,-3.3158735795454546,-2.998934659090909,-4.410511363636363,-9.092684659090908,-15.458096590909092,-24.260475852272727,-24.85440340909091,-17.173295454545453,-12.887961647727273,-11.513671875,-10.357776988636363,-7.196377840909091,-3.651455965909091,-0.6818181818181818,1.6299715909090908,3.6780894886363638,5.928622159090909,8.216441761363637,9.561434659090908,9.340376420454545,7.926136363636363,6.645063920454546,5.824751420454546,4.114879261363637,3.241299715909091,3.57421875,2.6580255681818183,3.251953125,4.5143821022727275,4.810014204545454,4.604936079545454,4.716796875,4.325284090909091,3.944424715909091,4.407848011363637,4.884588068181818,4.410511363636363,4.141512784090909,2.8125,1.7125355113636365,1.8084161931818181,0.6551846590909091,1.3689630681818181,1.9469105113636365,2.9137073863636362,1.6566051136363635,0.10120738636363637,-0.5912642045454546,-1.4595170454545454,-1.0999644886363635,-0.5353338068181818
-4.8952414772727275,-4.656871448863637,-4.220081676136363,-2.9669744318181817,-3.1560724431818183,-3.6900745738636362,-2.639382102272727,-2.648703835227273,-3.086825284090909,-5.391956676136363,-6.370738636363637,-5.933948863636363,-6.2522194602272725,-4.891246448863637,-3.249289772727273,-3.9777166193181817,-4.7341086647727275,-4.855291193181818,-4.180131392045454,-5.278764204545454,-4.630237926136363,-3.5941938920454546,-2.2611860795454546,-2.6500355113636362,-2.3051313920454546,-3.7646484375,-9.554776278409092,-20.886008522727273,-32.16264204545455,-38.03000710227273,-40.71732954545455,-38.42817826704545,-32.55282315340909,-24.562766335227273,-15.233043323863637,-5.174893465909091,3.4636896306818183,12.072975852272727,18.935102982954547,24.38565340909091,26.81729403409091,27.243430397727273,25.750621448863637,24.248490767045453,22.579900568181817,20.487837357954547,18.587535511363637,16.98153409090909,15.459428267045455,13.158291903409092,10.941051136363637,9.1845703125,7.7903053977272725,7.071200284090909,5.720880681818182,4.491743607954546,1.8976384943181819,0.4860617897727273,-0.41015625,-2.494229403409091,-3.2239879261363638,-2.3211115056818183,-2.002840909090909,-2.450284090909091,-3.193359375,-2.9829545454545454,-1.9948508522727273,-1.1439098011363635,-1.5727095170454546,-2.237215909090909,-2.5714666193181817,-3.7420099431818183,-4.153497869318182,-4.622247869318182,-3.753995028409091
-0.11851917613636363,-0.07856889204545454,0.007990056818181818,0.0,0.07856889204545454,-0.16645951704545456,0.0026633522727272725,0.27965198863636365,0.4913884943181818,0.7350852272727273,0.5007102272727273,0.2303799715909091,0.20374644886363635,-0.034623579545454544,-0.19708806818181818,-0.31294389204545453,-0.6032492897727273,-0.5965909090909091,-0.7044566761363636,-0.006658380681818182,-0.234375,-0.5486505681818182,-0.5606356534090909,-0.8243075284090909,-1.1412464488636365,-0.9601384943181818,-0.9734552556818182,-1.4914772727272727,-3.0122514204545454,-4.299982244318182,-4.8779296875,-4.708806818181818,-3.8618607954545454,-2.7698863636363638,-2.2199041193181817,-2.1226917613636362,-1.2264737215909092,-1.1159446022727273,-0.7111150568181818,-0.053267045454545456,0.5113636363636364,1.2344637784090908,1.7245205965909092,1.8177379261363635,2.0720880681818183,1.8789950284090908,2.3637251420454546,2.531516335227273,2.4076704545454546,2.6154119318181817,2.4755859375,2.4476207386363638,1.8430397727272727,1.4808238636363635,1.3210227272727273,1.0320490056818181,1.2424538352272727,0.6578480113636364,0.8562677556818182,0.7217684659090909,0.7896839488636364,0.791015625,0.5433238636363636,0.5526455965909091,0.32093394886363635,0.3595525568181818,0.35023082386363635,0.32093394886363635,0.23970170454545456,0.39417613636363635,0.3515625,0.3728693181818182,0.18110795454545456,0.2863103693181818,0.46342329545454547
-3.8299005681818183,-4.237393465909091,-5.166903409090909,-5.125621448863637,-4.550337357954546,-4.27734375,-3.7513316761363638,-3.6927379261363638,-4.457120028409091,-5.7568359375,-6.983309659090909,-7.9514382102272725,-7.774325284090909,-7.227006392045454,-6.798206676136363,-6.622425426136363,-7.317560369318182,-8.160511363636363,-10.044833096590908,-11.307262073863637,-11.435102982954545,-10.665394176136363,-9.086026278409092,-8.464133522727273,-8.602627840909092,-9.421608664772727,-12.154208096590908,-21.272194602272727,-36.97798295454545,-54.07004616477273,-67.2256747159091,-65.83673650568181,-59.45134943181818,-46.84037642045455,-28.200905539772727,-9.119318181818182,5.80078125,14.481977982954545,17.415660511363637,18.257279829545453,16.869673295454547,14.643110795454545,14.423384232954545,14.873490767045455,15.181107954545455,15.677823153409092,15.976118607954545,15.735085227272727,15.7177734375,15.7177734375,14.8388671875,13.978604403409092,13.312766335227273,12.718838778409092,12.660245028409092,12.340642755681818,11.801313920454545,11.995738636363637,13.082386363636363,12.455166903409092,11.857244318181818,11.364524147727273,10.341796875,10.427024147727273,10.126065340909092,9.070046164772727,8.223100142045455,7.245649857954546,6.575816761363637,6.302823153409091,5.893998579545454,6.537198153409091,6.557173295454546,6.1057350852272725,5.521129261363637
-6.962002840909091,-7.2216796875,-7.320223721590909,-7.494673295454546,-7.705078125,-7.530628551136363,-8.449485085227273,-8.7890625,-9.733220880681818,-9.493519176136363,-9.368341619318182,-8.010031960227273,-7.392134232954546,-8.135209517045455,-7.915482954545454,-8.256392045454545,-8.546697443181818,-9.237837357954545,-7.928799715909091,-6.787553267045454,-6.478604403409091,-6.834161931818182,-6.868785511363637,-6.001864346590909,-6.4306640625,-8.434836647727273,-19.939186789772727,-40.30584161931818,-66.06312144886364,-107.8231534090909,-135.27965198863637,-118.81480823863636,-77.11869673295455,-32.97762784090909,5.142933238636363,28.569779829545453,39.48020241477273,42.50843394886363,40.634765625,37.27761008522727,32.255859375,29.320845170454547,28.613725142045453,27.576349431818183,25.546875,24.263139204545453,22.625177556818183,21.44131747159091,20.390625,19.410511363636363,18.726029829545453,18.137428977272727,18.114790482954547,18.49698153409091,18.839222301136363,17.542169744318183,16.663263494318183,14.994673295454545,13.452592329545455,13.489879261363637,13.4619140625,12.672230113636363,13.210227272727273,12.893288352272727,11.814630681818182,9.747869318181818,9.169921875,9.365678267045455,7.261629971590909,6.1843039772727275,5.562411221590909,5.5544211647727275,5.192205255681818,4.590287642045454,4.503728693181818
-4.270685369318182,-4.4677734375,-5.650301846590909,-6.455965909090909,-6.5771484375,-7.039240056818182,-7.402787642045454,-7.437411221590909,-8.257723721590908,-7.328213778409091,-8.167169744318182,-9.143288352272727,-10.576171875,-12.236772017045455,-12.800071022727273,-13.134321732954545,-13.881392045454545,-13.840110085227273,-14.022549715909092,-14.569868607954545,-15.013316761363637,-15.611239346590908,-14.402077414772727,-13.9013671875,-14.187677556818182,-17.528852982954547,-35.49050071022727,-62.90704900568182,-96.5664950284091,-135.13050426136363,-140.35600142045453,-107.52485795454545,-62.92169744318182,-20.529119318181817,11.951793323863637,31.56338778409091,40.32848011363637,42.25807883522727,40.58149857954545,36.52920809659091,33.26926491477273,30.623224431818183,28.888050426136363,28.596413352272727,28.28213778409091,28.3154296875,29.23828125,29.63778409090909,28.567116477272727,27.8466796875,26.80264559659091,25.340465198863637,24.685280539772727,22.91015625,21.073774857954547,19.684836647727273,18.463689630681817,18.137428977272727,17.572798295454547,16.6259765625,15.478071732954545,14.352805397727273,13.343394886363637,12.547052556818182,11.515003551136363,10.637428977272727,9.871715198863637,9.675958806818182,9.865056818181818,9.928977272727273,10.131392045454545,8.871626420454545,8.032670454545455,7.213689630681818,5.132279829545454
-7.8635475852272725,-7.887517755681818,-7.0166015625,-6.302823153409091,-5.513139204545454,-5.250799005681818,-5.6130149147727275,-6.4426491477272725,-6.505237926136363,-7.205699573863637,-7.565252130681818,-7.201704545454546,-7.920809659090909,-8.611949573863637,-8.568004261363637,-8.883611505681818,-8.817027698863637,-7.5146484375,-7.320223721590909,-6.420010653409091,-6.907404119318182,-7.698419744318182,-8.273703835227273,-8.8916015625,-10.432350852272727,-16.251775568181817,-38.63192471590909,-64.7500887784091,-91.0000887784091,-133.55246803977272,-154.16548295454547,-131.4590731534091,-86.82794744318181,-42.37393465909091,-5.292080965909091,18.6474609375,32.87908380681818,40.03551136363637,40.81853693181818,38.31498579545455,34.99778053977273,31.66592684659091,28.84676846590909,27.291370738636363,25.927734375,24.962269176136363,24.076704545454547,24.445578835227273,23.669211647727273,24.15926846590909,23.52139559659091,22.799627130681817,22.95809659090909,22.850230823863637,22.097833806818183,20.26278409090909,18.976384943181817,18.375799005681817,17.540838068181817,17.09073153409091,17.608753551136363,17.009499289772727,15.787020596590908,14.841530539772727,12.056995738636363,10.827858664772727,10.119406960227273,8.698508522727273,7.361505681818182,7.352183948863637,7.647816051136363,7.9274680397727275,7.4267578125,6.627752130681818,6.151012073863637
-5.322709517045454,-5.550426136363637,-6.2721946022727275,-5.342684659090909,-4.750088778409091,-4.810014204545454,-5.443892045454546,-6.1057350852272725,-7.943448153409091,-8.855646306818182,-10.60546875,-12.709517045454545,-12.569691051136363,-12.203480113636363,-12.457830255681818,-13.469904119318182,-14.207652698863637,-13.975941051136363,-12.640269886363637,-12.614968039772727,-12.94921875,-13.861416903409092,-14.058504971590908,-14.729669744318182,-16.3037109375,-18.073508522727273,-33.25062144886363,-65.5624112215909,-115.72531960227273,-166.25843394886363,-167.44362571022728,-125.92063210227273,-69.9502840909091,-20.165571732954547,15.500710227272727,35.45587713068182,43.58442826704545,44.43004261363637,41.46173650568182,36.76491477272727,32.59011008522727,28.140980113636363,26.273970170454547,25.152698863636363,25.08877840909091,25.731977982954547,25.413707386363637,25.3271484375,26.152787642045453,25.988991477272727,25.516246448863637,25.095436789772727,24.528142755681817,24.12997159090909,23.253728693181817,21.76358309659091,19.389204545454547,18.307883522727273,16.44620028409091,16.028053977272727,15.880237926136363,15.580610795454545,15.2783203125,14.270241477272727,13.025124289772727,10.789240056818182,10.044833096590908,9.111328125,9.288441051136363,9.164595170454545,8.358931107954545,7.864879261363637,7.960759943181818,7.421431107954546,6.326793323863637
-3.835227272727273,-3.0601917613636362,-1.8936434659090908,-2.0720880681818183,-2.6127485795454546,-3.9018110795454546,-4.1335227272727275,-4.122869318181818,-4.168146306818182,-4.061612215909091,-4.080255681818182,-4.857954545454546,-3.9710582386363638,-3.8512073863636362,-4.314630681818182,-4.935191761363637,-4.351917613636363,-4.005681818181818,-4.618252840909091,-4.634232954545454,-5.6569602272727275,-5.134943181818182,-4.738103693181818,-4.961825284090909,-2.8924005681818183,0.263671875,-4.474431818181818,-17.367720170454547,-45.56729403409091,-74.57386363636364,-82.48668323863636,-73.36203835227273,-50.96058238636363,-27.765447443181817,-9.454900568181818,3.219992897727273,11.657492897727273,15.953480113636363,17.900390625,18.968394886363637,18.305220170454547,17.809836647727273,15.751065340909092,14.584517045454545,12.893288352272727,11.577592329545455,9.787819602272727,9.076704545454545,7.976740056818182,7.470703125,8.016690340909092,7.9953835227272725,7.723721590909091,6.759588068181818,5.806107954545454,5.318714488636363,4.272017045454546,3.145419034090909,2.607421875,2.7166193181818183,1.6912286931818181,0.8815696022727273,0.0,0.27965198863636365,0.8362926136363636,2.069424715909091,1.9016335227272727,3.182705965909091,3.0894886363636362,3.3345170454545454,3.1427556818181817,2.5115411931818183,3.0122514204545454,2.0960582386363638,1.5101207386363635
-7.944779829545454,-7.5759055397727275,-8.119229403409092,-7.976740056818182,-8.040660511363637,-8.564009232954545,-8.032670454545455,-8.215110085227273,-7.914151278409091,-8.674538352272727,-9.098011363636363,-8.994140625,-9.604048295454545,-9.612038352272727,-9.332386363636363,-8.791725852272727,-8.90625,-9.584073153409092,-10.432350852272727,-11.580255681818182,-11.709428267045455,-12.71484375,-12.865323153409092,-12.107599431818182,-11.697443181818182,-13.175603693181818,-21.506569602272727,-43.94131747159091,-76.85502485795455,-141.10307173295453,-216.4639559659091,-213.5822088068182,-162.31667258522728,-75.93483664772727,-1.9429154829545454,38.61860795454545,55.69868607954545,60.06791548295455,56.32057883522727,50.38529829545455,45.31560724431818,40.52823153409091,36.65571732954545,33.15207741477273,30.231711647727273,29.2529296875,28.909357244318183,27.899946732954547,28.16495028409091,28.160955255681817,26.874556107954547,24.440252130681817,24.007457386363637,23.476118607954547,22.94344815340909,22.30557528409091,21.501242897727273,21.208274147727273,19.41983309659091,17.678000710227273,16.086647727272727,15.007990056818182,14.181019176136363,12.856001420454545,10.878462357954545,9.986239346590908,8.6865234375,8.762428977272727,8.221768465909092,7.083185369318182,6.7822265625,5.8620383522727275,4.16015625,1.8124112215909092,-0.42613636363636365
-6.073774857954546,-5.2907492897727275,-4.700816761363637,-4.991122159090909,-4.829989346590909,-5.213512073863637,-5.690252130681818,-6.758256392045454,-7.586558948863637,-7.655806107954546,-8.045987215909092,-8.212446732954545,-9.141956676136363,-10.915749289772727,-11.594904119318182,-12.692205255681818,-13.015802556818182,-13.212890625,-12.259410511363637,-12.041015625,-10.947709517045455,-10.156693892045455,-9.106001420454545,-8.203125,-7.931463068181818,-7.972745028409091,-3.8831676136363638,-6.4479758522727275,-32.64737215909091,-75.20241477272727,-90.8096590909091,-69.57075639204545,-36.23757102272727,-8.590642755681818,8.043323863636363,17.568803267045453,19.42782315340909,18.239968039772727,16.888316761363637,15.215731534090908,13.014470880681818,11.309925426136363,10.162020596590908,10.468306107954545,10.435014204545455,9.967595880681818,10.010209517045455,9.432262073863637,9.172585227272727,9.139293323863637,9.678622159090908,10.336470170454545,10.7373046875,10.191317471590908,10.509588068181818,10.658735795454545,10.392400568181818,10.628107244318182,10.927734375,10.851828835227273,10.359108664772727,10.011541193181818,9.517489346590908,9.456232244318182,8.582652698863637,7.354847301136363,6.318803267045454,5.1442649147727275,4.8046875,4.072265625,3.981711647727273,3.1946910511363638,3.189364346590909,2.705965909090909,1.0546875
-1.53955078125,-0.6591796875,0.1669921875,-0.205078125,-1.34326171875,-2.9296875,-3.32373046875,-4.35205078125,-4.63037109375,-4.66259765625,-3.83935546875,-4.3505859375,-4.458984375,-3.59912109375,-3.521484375,-3.609375,-3.39990234375,-2.771484375,-2.0302734375,-2.724609375,-2.31591796875,-2.40234375,-2.59716796875,-2.126953125,2.79931640625,11.15771484375,16.857421875,8.81396484375,-20.36865234375,-44.513671875,-50.1533203125,-41.8447265625,-28.14404296875,-17.39208984375,-10.37255859375,-5.74365234375,-3.64599609375,-2.21484375,-0.48486328125,0.62109375,0.47607421875,0.82763671875,1.23486328125,1.51611328125,2.60888671875,2.48583984375,2.69384765625,2.70849609375,1.6171875,0.8876953125,1.3095703125,0.81005859375,1.75927734375,2.19873046875,2.9912109375,2.8388671875,2.91357421875,3.67529296875,2.982421875,2.3349609375,1.90869140625,0.19482421875,0.0263671875,0.26953125,0.72802734375,0.7939453125,1.94970703125,2.1181640625,1.24951171875,1.07080078125,1.330078125,0.8203125,1.07666015625,0.78515625,0.3720703125
-2.5914417613636362,-2.2172407670454546,-1.2664240056818181,-0.732421875,-0.9348366477272727,-1.9415838068181819,-2.302468039772727,-1.7444957386363635,-2.7778764204545454,-3.841885653409091,-5.3000710227272725,-9.458895596590908,-11.126154119318182,-10.585493607954545,-9.091352982954545,-5.980557528409091,-3.5795454545454546,-2.724609375,-1.1918501420454546,1.0400390625,1.9588955965909092,2.251864346590909,0.7231001420454546,-2.3011363636363638,-8.590642755681818,-18.206676136363637,-32.35174005681818,-49.15882457386363,-69.72523082386364,-91.72984730113636,-98.84632457386364,-85.1846590909091,-63.27991832386363,-48.16539417613637,-36.22025923295455,-24.336381392045453,-14.318181818181818,-6.194957386363637,-2.1906072443181817,-0.3875177556818182,-0.005326704545454545,-0.791015625,-1.1985085227272727,-1.4102450284090908,-0.48473011363636365,-0.02263849431818182,0.9521484375,3.446377840909091,5.912642045454546,10.493607954545455,16.295720880681817,23.725142045454547,32.33575994318182,40.6201171875,47.81782670454545,53.16184303977273,56.28196022727273,57.99582741477273,57.46715198863637,54.81045809659091,50.94193892045455,47.15198863636363,42.02237215909091,37.11381392045455,31.51278409090909,26.273970170454547,19.944513494318183,14.110440340909092,8.0126953125,2.450284090909091,-2.663352272727273,-6.687677556818182,-10.598810369318182,-12.8466796875,-15.491388494318182
1.0200639204545454,-0.5313387784090909,-2.238547585227273,-2.6713423295454546,-2.1186967329545454,-0.8615944602272727,-0.6099076704545454,-1.1985085227272727,-3.662109375,-7.402787642045454,-11.295276988636363,-12.4365234375,-10.6787109375,-7.923473011363637,-5.4079367897727275,-3.314541903409091,-1.7351740056818181,-0.7683771306818182,-1.2957208806818181,-2.032137784090909,-2.932350852272727,-3.050870028409091,-2.40234375,-1.7551491477272727,-2.736594460227273,-3.166725852272727,-4.164151278409091,-12.589666193181818,-43.97860440340909,-91.66859019886364,-106.09596946022727,-77.3916903409091,-27.379261363636363,16.725852272727273,46.84969815340909,61.86168323863637,66.26420454545455,64.21608664772727,58.87340198863637,53.8916015625,48.96306818181818,44.02920809659091,38.173828125,34.17613636363637,30.16512784090909,27.146218039772727,24.625355113636363,20.117631392045453,16.001420454545453,12.376598011363637,8.750443892045455,6.446644176136363,6.357421875,6.9167258522727275,8.750443892045455,10.586825284090908,13.957297585227273,18.278586647727273,21.795543323863637,25.50692471590909,27.98251065340909,29.480646306818183,30.071910511363637,30.205078125,28.475230823863637,26.044921875,22.80362215909091,19.730113636363637,17.492897727272727,14.2236328125,10.343128551136363,6.599786931818182,4.156161221590909,0.6352095170454546,-2.860440340909091
-0.9588068181818182,-0.8456143465909091,-1.4968039772727273,-2.34375,-3.503639914772727,-4.7927024147727275,-5.8860085227272725,-8.673206676136363,-12.302024147727273,-12.340642755681818,-9.814453125,-5.6662819602272725,-3.716708096590909,-1.7351740056818181,0.025301846590909092,1.318359375,2.1985973011363638,2.933682528409091,3.269264914772727,3.2173295454545454,1.669921875,0.31693892045454547,-1.4808238636363635,-2.917702414772727,-4.951171875,-7.234996448863637,-11.427112926136363,-27.732155539772727,-62.52219460227273,-108.71271306818181,-127.94611150568181,-100.5069247159091,-52.29891690340909,-6.939364346590909,26.413796164772727,45.76571377840909,53.83167613636363,54.49485085227273,53.55601917613637,49.71546519886363,45.25568181818182,39.56809303977273,32.50221946022727,24.944957386363637,16.960227272727273,10.734641335227273,6.177645596590909,2.7552379261363638,0.29296875,0.5233487215909091,4.158824573863637,9.3896484375,17.03213778409091,24.922318892045453,32.58478338068182,39.86239346590909,45.40616122159091,49.01766690340909,51.20827414772727,50.92595880681818,48.07217684659091,44.03986150568182,39.46688565340909,33.984375,28.058416193181817,21.93936434659091,16.081321022727273,10.352450284090908,4.666193181818182,-0.4248046875,-5.128284801136363,-9.31640625,-12.893288352272727,-14.918767755681818,-16.785777698863637
-1.5567294034090908,-1.7325106534090908,-3.2293146306818183,-3.915127840909091,-4.017666903409091,-3.329190340909091,-2.9057173295454546,-2.287819602272727,-1.9149502840909092,-4.550337357954546,-9.592063210227273,-13.714932528409092,-13.308771306818182,-9.885031960227273,-5.755504261363637,-2.9683061079545454,-1.1226029829545454,-0.36088423295454547,0.03329190340909091,-0.1318359375,0.35023082386363635,0.4873934659090909,1.1092862215909092,1.1172762784090908,0.45942826704545453,-0.06924715909090909,-2.8617720170454546,-14.464666193181818,-49.91388494318182,-103.85209517045455,-128.5440340909091,-102.8759765625,-49.50905539772727,0.7204367897727273,36.99129971590909,57.57368607954545,64.07093394886364,61.41557173295455,55.14071377840909,46.86567826704545,37.12979403409091,28.821466619318183,20.613014914772727,13.971946022727273,7.940784801136363,3.5901988636363638,0.4607599431818182,-1.7804509943181819,-2.853781960227273,-3.1507457386363638,-3.219992897727273,-1.6246448863636365,1.0573508522727273,3.544921875,7.348188920454546,12.216796875,17.3876953125,21.630415482954547,25.22860440340909,29.251598011363637,31.936257102272727,33.71937144886363,35.42524857954545,35.70223721590909,35.13227982954545,32.98694957386363,30.402166193181817,26.933149857954547,24.185901988636363,20.5517578125,16.273082386363637,11.819957386363637,6.767578125,2.640713778409091,-1.0986328125
-9.0673828125,-9.769176136363637,-9.693270596590908,-9.141956676136363,-9.014115767045455,-9.4482421875,-7.7809836647727275,-10.075461647727273,-11.724076704545455,-14.427379261363637,-14.272904829545455,-11.987748579545455,-8.312322443181818,-4.579634232954546,-1.9762073863636365,0.6338778409090909,2.4822443181818183,3.6993963068181817,3.3917791193181817,0.4287997159090909,-3.768643465909091,-8.007368607954545,-9.835759943181818,-8.986150568181818,-7.642489346590909,-6.754261363636363,-8.647904829545455,-24.566761363636363,-69.50949928977273,-117.10759943181819,-118.7069424715909,-76.79243607954545,-21.17764559659091,22.77432528409091,52.26029829545455,69.20055042613636,75.81764914772727,76.79909446022727,75.25834517045455,71.99840198863636,67.7197265625,63.04421164772727,58.60307173295455,52.51198508522727,45.6005859375,40.79723011363637,36.93004261363637,37.51997514204545,39.79847301136363,45.13583096590909,50.34401633522727,56.25,60.70046164772727,63.5302734375,63.17072088068182,59.66574928977273,54.4921875,48.94575639204545,40.70667613636363,32.77654474431818,25.040838068181817,17.3291015625,9.428267045454545,1.6299715909090908,-4.856622869318182,-10.723987926136363,-16.492808948863637,-21.578480113636363,-26.123490767045453,-29.196999289772727,-30.522017045454547,-31.741832386363637,-32.26651278409091,-32.2412109375,-31.27041903409091
-7.236328125,-7.140447443181818,-5.779474431818182,-4.4211647727272725,-3.7260298295454546,-3.694069602272727,-4.261363636363637,-5.166903409090909,-4.876598011363637,-5.670276988636363,-10.078125,-16.107954545454547,-20.07901278409091,-19.778053977272727,-16.44620028409091,-12.152876420454545,-8.626598011363637,-5.2707741477272725,-2.2478693181818183,2.0880681818181817,4.580965909090909,6.101740056818182,6.991299715909091,7.894176136363637,7.843572443181818,8.352272727272727,8.578657670454545,4.256036931818182,-19.82333096590909,-85.56818181818181,-152.70862926136363,-151.23579545454547,-84.67063210227273,-2.391690340909091,59.05717329545455,89.49662642045455,98.41352982954545,98.24041193181819,94.04296875,85.70667613636364,78.19069602272727,68.4854403409091,58.30078125,46.88299005681818,35.27077414772727,25.216619318181817,16.53409090909091,10.179332386363637,9.484197443181818,14.310191761363637,24.015447443181817,35.95791903409091,49.00035511363637,60.39683948863637,69.71324573863636,74.18767755681819,75.04527698863636,72.86931818181819,67.49467329545455,60.89754971590909,51.33877840909091,39.50550426136363,27.898615056818183,15.186434659090908,4.6315696022727275,-5.089666193181818,-12.12890625,-17.082741477272727,-21.28817471590909,-23.767755681818183,-25.58682528409091,-26.545632102272727,-26.345880681818183,-26.14346590909091,-25.855823863636363
-5.911310369318182,-6.057794744318182,-5.072354403409091,-4.806019176136363,-5.0830078125,-5.134943181818182,-4.021661931818182,-3.6487926136363638,-5.096324573863637,-9.753196022727273,-14.519264914772727,-15.568625710227273,-14.033203125,-10.340465198863637,-5.743519176136363,-1.5460759943181819,1.3236860795454546,3.2666015625,4.272017045454546,4.383877840909091,3.1281072443181817,2.0893998579545454,1.2943892045454546,1.1505681818181819,-1.5727095170454546,-7.880859375,-13.651012073863637,-17.835138494318183,-34.96448863636363,-65.40793678977273,-71.74272017045455,-51.67036576704545,-23.818359375,-3.381125710227273,8.525390625,13.049094460227273,13.829456676136363,12.194158380681818,10.665394176136363,10.612127130681818,10.110085227272727,10.757279829545455,11.027610085227273,11.242009943181818,10.656072443181818,8.726473721590908,6.297496448863637,5.9033203125,6.7942116477272725,10.131392045454545,15.037286931818182,20.603693181818183,25.992986505681817,29.339488636363637,30.41415127840909,29.97469815340909,28.079723011363637,25.285866477272727,23.04598721590909,19.246715198863637,15.311612215909092,10.3857421875,4.5969460227272725,-1.494140625,-7.156427556818182,-11.255326704545455,-12.801402698863637,-13.833451704545455,-13.953302556818182,-13.350053267045455,-11.636186079545455,-9.697265625,-8.132546164772727,-6.1962890625,-4.7927024147727275
-3.369140625,-2.87109375,-2.2638494318181817,-2.610085227272727,-1.8297230113636365,-1.5873579545454546,-1.2624289772727273,-0.6312144886363636,-0.09854403409090909,0.3116122159090909,2.229225852272727,4.1628196022727275,3.877840909090909,3.124112215909091,2.157315340909091,1.2544389204545454,1.0014204545454546,0.7643821022727273,0.5619673295454546,0.07191051136363637,0.3835227272727273,0.6471946022727273,2.6313920454545454,3.5529119318181817,5.164240056818182,6.0671164772727275,3.057528409090909,-4.287997159090909,-10.672052556818182,-14.171697443181818,-16.456853693181817,-15.998757102272727,-15.007990056818182,-13.820134943181818,-12.821377840909092,-10.696022727272727,-9.910333806818182,-8.064630681818182,-6.895419034090909,-5.201526988636363,-3.2093394886363638,-2.0587713068181817,-0.034623579545454544,1.2278053977272727,2.3677201704545454,2.178622159090909,2.9430042613636362,4.269353693181818,3.973721590909091,3.0522017045454546,2.3943536931818183,1.1052911931818181,-0.15980113636363635,-0.7057883522727273,-1.1292613636363635,-1.1265980113636365,-1.1825284090909092,-1.259765625,-1.6512784090909092,-1.4515269886363635,-1.728515625,-2.751242897727273,-2.245205965909091,-1.7471590909090908,-1.4808238636363635,0.10653409090909091,1.7684659090909092,3.4623579545454546,4.39453125,4.447798295454546,3.3771306818181817,2.647372159090909,4.3332741477272725,4.857954545454546,5.044389204545454
-1.3924632352941178,-0.9633501838235294,-0.6669347426470589,-0.15337775735294118,0.9840303308823529,1.9663373161764706,3.7310431985294117,-2.366153492647059,-13.729894301470589,-22.768841911764707,-25.84329044117647,-20.68704044117647,-13.042279411764707,-5.638786764705882,-0.15682444852941177,3.363970588235294,4.658203125,4.332490808823529,3.6190257352941178,2.971047794117647,0.15854779411764705,-5.2458639705882355,-16.590647977941178,-35.375114889705884,-62.155905330882355,-87.90441176470588,-103.7109375,-119.20209099264706,-143.35994944852942,-163.14395680147058,-172.92049632352942,-170.48885569852942,-159.6593520220588,-144.94715073529412,-128.24620863970588,-112.98598345588235,-97.998046875,-83.63913143382354,-69.28883272058823,-55.236672794117645,-42.15475643382353,-28.34731158088235,-13.976332720588236,0.26711856617647056,13.281824448529411,25.038488051470587,35.46817555147059,42.640739889705884,49.76505055147059,57.06341911764706,64.03952205882354,70.693359375,76.47001378676471,80.05629595588235,81.48667279411765,80.49402573529412,75.4877068014706,64.65130974264706,48.73104319852941,34.03262867647059,22.33628216911765,17.505744485294116,15.534237132352942,14.946576286764707,13.988396139705882,12.59765625,9.912683823529411,7.91015625,6.000689338235294,4.2463235294117645,2.8624770220588234,2.0352711397058822,1.7061121323529411,0.2309283088235294,-2.922794117647059
-0.7257634943181818,-0.7350852272727273,-0.9761186079545454,-1.0959694602272727,-0.8189808238636364,-0.6698330965909091,-0.30894886363636365,-0.3848544034090909,-0.8163174715909091,-0.9042080965909091,-0.7137784090909091,-0.7284268465909091,-0.6924715909090909,-0.2237215909090909,0.29296875,-0.03196022727272727,-0.46342329545454547,-1.0506924715909092,-1.3423295454545454,-1.1532315340909092,-0.8163174715909091,-0.9228515625,-1.0440340909090908,-1.5620561079545454,-2.765891335227273,-5.2175071022727275,-10.124733664772727,-16.354314630681817,-22.669122869318183,-25.966352982954547,-26.673473011363637,-24.3017578125,-19.499733664772727,-12.240767045454545,-3.80859375,4.443803267045454,11.375177556818182,16.815074573863637,19.763405539772727,21.202947443181817,20.1123046875,18.610174005681817,15.860262784090908,13.340731534090908,10.751953125,8.416193181818182,6.543856534090909,4.683504971590909,3.6527876420454546,2.684659090909091,1.7777876420454546,0.8855646306818182,0.3728693181818182,-0.19176136363636365,-0.3036221590909091,-0.3888494318181818,-0.5473188920454546,-0.9920987215909091,-1.0759943181818181,-0.7417436079545454,-0.4873934659090909,-0.37952769886363635,-0.17045454545454544,0.2010830965909091,0.41148792613636365,0.3289240056818182,-0.5007102272727273,-0.39417613636363635,-0.7457386363636364,-0.5792791193181818,-0.5739524147727273,-0.21173650568181818,-0.051935369318181816,-0.24769176136363635,-0.7124467329545454
-2.1693004261363638,-2.414328835227273,-2.317116477272727,-2.5634765625,-2.816495028409091,-3.0415482954545454,-3.548916903409091,-3.6754261363636362,-3.980379971590909,-4.022993607954546,-3.9830433238636362,-4.009676846590909,-3.776633522727273,-3.955078125,-4.466441761363637,-4.707475142045454,-4.3798828125,-4.578302556818182,-5.079012784090909,-4.996448863636363,-5.210848721590909,-5.289417613636363,-4.559659090909091,-4.708806818181818,-3.046875,1.435546875,2.097389914772727,-5.863370028409091,-29.5166015625,-70.5069247159091,-88.71360085227273,-77.96031605113636,-50.94859730113637,-21.190962357954547,0.7097833806818182,12.210138494318182,16.141246448863637,17.687322443181817,16.635298295454547,16.0546875,14.141068892045455,13.117009943181818,12.151544744318182,11.605557528409092,10.783913352272727,9.646661931818182,9.091352982954545,8.718483664772727,8.721147017045455,7.842240767045454,7.377485795454546,6.613103693181818,6.5012428977272725,6.850142045454546,6.454634232954546,6.563831676136363,6.685014204545454,6.174982244318182,6.056463068181818,6.085759943181818,5.699573863636363,5.8740234375,5.775479403409091,5.252130681818182,5.284090909090909,4.8459694602272725,4.622247869318182,3.8618607954545454,3.768643465909091,4.04296875,3.5529119318181817,3.622159090909091,3.563565340909091,3.2865767045454546,3.6634410511363638
-7.7170632102272725,-7.0871803977272725,-6.932705965909091,-6.161665482954546,-6.538529829545454,-6.822176846590909,-7.060546875,-7.860884232954546,-7.880859375,-7.721058238636363,-7.779651988636363,-7.9714133522727275,-9.031427556818182,-10.229936079545455,-9.853071732954545,-9.984907670454545,-9.931640625,-10.336470170454545,-10.837180397727273,-11.3818359375,-11.507013494318182,-12.184836647727273,-10.954367897727273,-11.6748046875,-14.535245028409092,-27.97452059659091,-51.1083984375,-78.03888494318181,-112.90083451704545,-142.37349076704547,-144.84907670454547,-121.11194957386364,-84.98224431818181,-45.04527698863637,-10.039506392045455,16.423561789772727,32.70330255681818,40.44167258522727,42.50577059659091,40.68936434659091,37.95809659090909,34.36390269886363,31.640625,28.59375,26.269975142045453,25.01553622159091,24.465553977272727,23.497425426136363,23.746448863636363,23.275035511363637,22.754350142045453,23.175159801136363,21.796875,21.116388494318183,20.864701704545453,21.1083984375,21.228249289772727,20.820756392045453,19.996448863636363,18.114790482954547,16.608664772727273,14.862837357954545,13.539151278409092,12.680220170454545,13.4033203125,13.171608664772727,12.376598011363637,11.2939453125,11.536310369318182,10.978338068181818,9.999556107954545,9.469549005681818,9.031427556818182,9.220525568181818,8.441495028409092
-2.8631036931818183,-2.9230291193181817,-2.765891335227273,-1.3982599431818181,-0.7750355113636364,-1.2863991477272727,-3.093483664772727,-6.221590909090909,-6.277521306818182,-3.674094460227273,-1.4981356534090908,-1.1385830965909092,-0.9801136363636364,-0.7670454545454546,0.28364701704545453,1.11328125,1.0746626420454546,1.2104936079545454,0.5419921875,-0.3542258522727273,-0.6232244318181818,-0.8868963068181818,-1.0999644886363635,-1.9868607954545454,-1.9309303977272727,-1.1332563920454546,-0.6325461647727273,0.6911399147727273,-8.490767045454545,-43.30477627840909,-71.982421875,-69.98091264204545,-44.20498934659091,-14.432705965909092,10.958362926136363,25.072798295454547,30.09854403409091,30.98544034090909,29.601828835227273,26.416459517045453,23.030007102272727,20.553089488636363,18.835227272727273,17.82315340909091,15.247691761363637,8.935546875,-1.4834872159090908,-11.941139914772727,-17.1533203125,-14.704367897727273,-7.682439630681818,1.5274325284090908,11.340553977272727,20.35067471590909,26.580255681818183,30.463423295454547,32.18394886363637,31.653941761363637,31.309037642045453,30.792347301136363,30.286310369318183,30.250355113636363,30.197088068181817,29.592507102272727,28.649680397727273,25.597478693181817,22.449396306818183,19.065607244318183,16.239790482954547,14.133078835227273,11.669477982954545,9.000799005681818,7.545276988636363,6.144353693181818,5.177556818181818
-4.698153409090909,-3.731356534090909,-3.7952769886363638,-3.622159090909091,-3.7193714488636362,-3.5089666193181817,-3.445046164772727,-5.465198863636363,-9.200550426136363,-12.404563210227273,-13.957297585227273,-12.746803977272727,-10.877130681818182,-8.565340909090908,-7.3388671875,-5.967240767045454,-3.7659801136363638,-1.81640625,0.08123224431818182,0.9095348011363636,1.2877308238636365,1.6792436079545454,0.4913884943181818,-2.0707563920454546,-6.308149857954546,-13.560458096590908,-30.95614346590909,-63.20667613636363,-102.82404119318181,-131.3272372159091,-132.041015625,-109.24671519886364,-78.8192471590909,-47.99493963068182,-22.03524502840909,-2.5062144886363638,9.211203835227273,16.916281960227273,20.706232244318183,21.863458806818183,21.096413352272727,20.21084872159091,17.016157670454547,14.641779119318182,14.127752130681818,12.726828835227273,12.616299715909092,11.834605823863637,13.712269176136363,15.860262784090908,19.835316051136363,24.376331676136363,30.696466619318183,37.24964488636363,43.99591619318182,49.22940340909091,52.51864346590909,54.54012784090909,54.86638849431818,53.19513494318182,51.15900213068182,47.02681107954545,42.4658203125,36.11772017045455,28.75887784090909,21.760919744318183,15.434126420454545,9.638671875,4.546342329545454,0.24769176136363635,-3.8525390625,-7.667791193181818,-11.847922585227273,-15.05859375,-18.414417613636363
-0.3928444602272727,-1.4022549715909092,-1.9602272727272727,-2.34375,-2.566139914772727,-3.2599431818181817,-3.512961647727273,-3.5009765625,-3.4996448863636362,-3.262606534090909,-2.809836647727273,-2.6207386363636362,-2.2904829545454546,-2.0601029829545454,-1.7564808238636365,-1.4462002840909092,-0.7430752840909091,-1.0000887784090908,-1.1652166193181819,-1.8523615056818181,-2.373046875,-3.036221590909091,-4.0163352272727275,-6.1376953125,-7.880859375,-7.231001420454546,-4.385209517045454,-3.724698153409091,-7.141779119318182,-11.857244318181818,-14.619140625,-13.816139914772727,-11.063565340909092,-7.7516867897727275,-4.2453835227272725,-0.7683771306818182,2.018821022727273,3.6487926136363638,4.214754971590909,4.077592329545454,3.2319779829545454,2.4742542613636362,1.8923117897727273,1.7098721590909092,1.7058771306818181,1.4541903409090908,1.4475319602272727,1.9655539772727273,1.7724609375,1.5447443181818181,0.39683948863636365,-1.0933061079545454,-1.3716264204545454,-1.9016335227272727,-1.7311789772727273,-1.4635120738636365,-1.1652166193181819,-0.673828125,-0.9161931818181818,-0.7990056818181818,-0.7497336647727273,-0.20774147727272727,0.48206676136363635,0.36487926136363635,0.9348366477272727,1.4515269886363635,1.8616832386363635,1.9202769886363635,1.7365056818181819,1.2757457386363635,0.22105823863636365,-0.1278409090909091,-0.1717862215909091,0.6671697443181818,0.8509410511363636
-3.132102272727273,-2.507546164772727,-2.3197798295454546,-1.962890625,-1.7578125,-1.1252663352272727,-1.1345880681818181,-1.6539417613636365,-2.141335227272727,-2.783203125,-2.648703835227273,-2.634055397727273,-2.749911221590909,-2.3797052556818183,-2.391690340909091,-1.8377130681818181,-2.165305397727273,-1.9908558238636365,-2.1732954545454546,-2.391690340909091,-2.362393465909091,-2.310458096590909,-1.4874822443181819,-1.6273082386363635,-2.3064630681818183,-4.879261363636363,-7.4560546875,-8.73046875,-9.883700284090908,-11.095525568181818,-11.396484375,-10.518909801136363,-8.506747159090908,-5.6716086647727275,-2.237215909090909,0.8056640625,2.961647727272727,5.037730823863637,6.629083806818182,7.448064630681818,7.657137784090909,7.3947975852272725,6.168323863636363,4.8899147727272725,3.45703125,3.0122514204545454,3.1986860795454546,2.9976029829545454,1.9828657670454546,1.1665482954545454,0.9827769886363636,0.8109907670454546,0.5419921875,0.2530184659090909,-0.21306818181818182,-0.5193536931818182,-1.6898970170454546,-1.2278053977272727,-1.3023792613636365,-2.040127840909091,-2.9017223011363638,-2.990944602272727,-2.419655539772727,-1.3063742897727273,-0.9161931818181818,-0.6964666193181818,-1.2664240056818181,-1.6459517045454546,-1.2437855113636365,-0.64453125,-0.7177734375,-0.4833984375,-1.3316761363636365,-1.1585582386363635,-0.9401633522727273
-2.604758522727273,-2.5874467329545454,-2.6886541193181817,-2.9163707386363638,-2.9723011363636362,-2.8910688920454546,-2.266512784090909,-2.2039240056818183,-2.7312677556818183,-3.8578657670454546,-4.453125,-4.803355823863637,-4.169477982954546,-3.833895596590909,-3.8605291193181817,-4.046963778409091,-3.7886186079545454,-3.5529119318181817,-4.560990767045454,-6.128373579545454,-5.589044744318182,-4.780717329545454,-4.234730113636363,-3.490323153409091,-0.5553089488636364,4.256036931818182,4.985795454545454,-3.7340198863636362,-25.538884943181817,-58.46324573863637,-75.0332919034091,-68.6572265625,-45.81764914772727,-20.896661931818183,-1.1692116477272727,10.621448863636363,15.6884765625,16.7431640625,16.269087357954547,14.82421875,12.544389204545455,10.534889914772727,9.027432528409092,8.088600852272727,7.294921875,6.708984375,6.566495028409091,6.151012073863637,6.483931107954546,6.033824573863637,6.437322443181818,6.8235085227272725,6.463955965909091,6.234907670454546,5.7981178977272725,5.064364346590909,5.176225142045454,5.426580255681818,4.897904829545454,4.716796875,4.668856534090909,4.562322443181818,4.3825461647727275,4.824662642045454,4.993785511363637,4.7727272727272725,4.194779829545454,4.003018465909091,3.9111328125,2.9496626420454546,2.492897727272727,1.9202769886363635,1.2331321022727273,1.2837357954545454,0.8402876420454546
-0.9215198863636364,-0.8722478693181818,-0.3888494318181818,-0.5326704545454546,-1.34765625,-3.848544034090909,-7.623845880681818,-10.311168323863637,-10.506924715909092,-8.902254971590908,-6.816850142045454,-3.4437144886363638,-1.8270596590909092,-0.14115767045454544,0.7683771306818182,1.3303444602272727,1.9775390625,1.494140625,1.1359197443181819,0.2903053977272727,0.14115767045454544,-0.8509410511363636,-2.515536221590909,-5.028409090909091,-7.7610085227272725,-9.352361505681818,-8.5400390625,-8.484108664772727,-18.465021306818183,-35.85671164772727,-46.00541548295455,-41.66814630681818,-28.92666903409091,-15.946821732954545,-4.7341086647727275,3.329190340909091,7.097833806818182,8.3935546875,8.338955965909092,7.402787642045454,6.724964488636363,7.027254971590909,7.774325284090909,9.189897017045455,11.259321732954545,12.464488636363637,13.575106534090908,13.680308948863637,13.6083984375,13.306107954545455,13.314098011363637,13.412642045454545,14.029208096590908,14.2529296875,14.627130681818182,15.724431818181818,16.65127840909091,17.25985440340909,17.191938920454547,16.560724431818183,15.121182528409092,12.717507102272727,9.930308948863637,8.010031960227273,6.601118607954546,4.6262428977272725,3.329190340909091,1.4248934659090908,0.026633522727272728,-0.6192294034090909,-1.9535688920454546,-2.6127485795454546,-3.2133345170454546,-4.108220880681818,-3.9417613636363638
